Delta,Time,CORE0_ENERGY (J),CORE0_FREQ (MHZ),CORE0_PSTATE,CORE0_VOLT (V),CORE10_ENERGY (J),CORE10_FREQ (MHZ),CORE10_PSTATE,CORE10_VOLT (V),CORE11_ENERGY (J),CORE11_FREQ (MHZ),CORE11_PSTATE,CORE11_VOLT (V),CORE12_ENERGY (J),CORE12_FREQ (MHZ),CORE12_PSTATE,CORE12_VOLT (V),CORE13_ENERGY (J),CORE13_FREQ (MHZ),CORE13_PSTATE,CORE13_VOLT (V),CORE14_ENERGY (J),CORE14_FREQ (MHZ),CORE14_PSTATE,CORE14_VOLT (V),CORE15_ENERGY (J),CORE15_FREQ (MHZ),CORE15_PSTATE,CORE15_VOLT (V),CORE1_ENERGY (J),CORE1_FREQ (MHZ),CORE1_PSTATE,CORE1_VOLT (V),CORE2_ENERGY (J),CORE2_FREQ (MHZ),CORE2_PSTATE,CORE2_VOLT (V),CORE3_ENERGY (J),CORE3_FREQ (MHZ),CORE3_PSTATE,CORE3_VOLT (V),CORE4_ENERGY (J),CORE4_FREQ (MHZ),CORE4_PSTATE,CORE4_VOLT (V),CORE5_ENERGY (J),CORE5_FREQ (MHZ),CORE5_PSTATE,CORE5_VOLT (V),CORE6_ENERGY (J),CORE6_FREQ (MHZ),CORE6_PSTATE,CORE6_VOLT (V),CORE7_ENERGY (J),CORE7_FREQ (MHZ),CORE7_PSTATE,CORE7_VOLT (V),CORE8_ENERGY (J),CORE8_FREQ (MHZ),CORE8_PSTATE,CORE8_VOLT (V),CORE9_ENERGY (J),CORE9_FREQ (MHZ),CORE9_PSTATE,CORE9_VOLT (V),CPU_ENERGY (J),CPU_FREQUENCY_0,CPU_FREQUENCY_1,CPU_FREQUENCY_10,CPU_FREQUENCY_11,CPU_FREQUENCY_12,CPU_FREQUENCY_13,CPU_FREQUENCY_14,CPU_FREQUENCY_15,CPU_FREQUENCY_16,CPU_FREQUENCY_17,CPU_FREQUENCY_18,CPU_FREQUENCY_19,CPU_FREQUENCY_2,CPU_FREQUENCY_20,CPU_FREQUENCY_21,CPU_FREQUENCY_22,CPU_FREQUENCY_23,CPU_FREQUENCY_24,CPU_FREQUENCY_25,CPU_FREQUENCY_26,CPU_FREQUENCY_27,CPU_FREQUENCY_28,CPU_FREQUENCY_29,CPU_FREQUENCY_3,CPU_FREQUENCY_30,CPU_FREQUENCY_31,CPU_FREQUENCY_4,CPU_FREQUENCY_5,CPU_FREQUENCY_6,CPU_FREQUENCY_7,CPU_FREQUENCY_8,CPU_FREQUENCY_9,CPU_USAGE_0,CPU_USAGE_1,CPU_USAGE_10,CPU_USAGE_11,CPU_USAGE_12,CPU_USAGE_13,CPU_USAGE_14,CPU_USAGE_15,CPU_USAGE_16,CPU_USAGE_17,CPU_USAGE_18,CPU_USAGE_19,CPU_USAGE_2,CPU_USAGE_20,CPU_USAGE_21,CPU_USAGE_22,CPU_USAGE_23,CPU_USAGE_24,CPU_USAGE_25,CPU_USAGE_26,CPU_USAGE_27,CPU_USAGE_28,CPU_USAGE_29,CPU_USAGE_3,CPU_USAGE_30,CPU_USAGE_31,CPU_USAGE_4,CPU_USAGE_5,CPU_USAGE_6,CPU_USAGE_7,CPU_USAGE_8,CPU_USAGE_9,GPU0_MEMORY_TOTAL,GPU0_MEMORY_USED,GPU0_POWER (mWatts),GPU0_TEMPERATURE,GPU0_USAGE,GPU1_MEMORY_TOTAL,GPU1_MEMORY_USED,GPU1_POWER (mWatts),GPU1_TEMPERATURE,GPU1_USAGE,TOTAL_MEMORY,TOTAL_SWAP,USED_MEMORY,USED_SWAP
0,1790686216192,444638.7141418457,3050,0,0.28125,91775.82881164551,48800,2,0.93125,93301.93482971191,48800,2,0.93125,95962.20825195313,48800,2,0.93125,98938.13635253906,48800,2,0.93125,90531.56579589844,48800,2,0.93125,88407.49031066895,48800,2,0.93125,140810.0806427002,3050,2,0.28125,145815.1417541504,3050,2,0.28125,146129.4337310791,3050,2,0.28125,357896.2761077881,3050,2,0.28125,141582.7472076416,3050,2,0.28125,135730.0761871338,3050,2,0.28125,135797.16618347168,3050,2,0.28125,94609.77336120605,48800,2,0.93125,96760.88673400879,48800,2,0.93125,8084738.75491333,2524,4398,400,2532,400,400,400,400,400,400,400,400,400,400,400,400,400,400,400,400,400,400,400,2426,400,5048,2483,3128,400,400,400,5055,6.896551609039307,0,0,0,0,6.6666669845581055,0,3.4482758045196533,0,0,0,3.4482758045196533,0,0,3.4482758045196533,0,0,0,0,6.6666669845581055,3.4482758045196533,0,0,3.5714287757873535,0,0,0,3.4482758045196533,3.4482758045196533,0,0,0,20475,15889,36623,60,0,20475,13174,34085,61,0,66718990336,8589930496,23063281664,524288
199,1790686216193,444638.76513671875,3050,0,0.26875000000000004,91775.82919311523,16133.333333333334,2,0.3999999999999999,93301.93521118164,16133.333333333334,2,0.3999999999999999,95962.20863342285,16133.333333333334,2,0.3999999999999999,98938.13671875,16133.333333333334,2,0.3999999999999999,90531.56686401367,16133.333333333334,2,0.3999999999999999,88407.49067687988,16133.333333333334,2,0.3999999999999999,140810.0904083252,3050,2,0.26875000000000004,145815.14390563965,3050,2,0.26875000000000004,146129.43446350098,3050,2,0.26875000000000004,357896.276473999,3050,2,0.26875000000000004,141582.7500152588,3050,2,0.26875000000000004,135730.07656860352,3050,2,0.26875000000000004,135797.1667327881,3050,2,0.26875000000000004,94609.89056396484,16133.333333333334,2,0.3999999999999999,96760.92001342773,16133.333333333334,0,0.3999999999999999,8084740.523880005,2524,4398,400,2532,400,400,400,400,400,400,400,400,400,400,400,400,400,400,400,400,400,400,400,2426,400,5048,2483,3128,400,400,400,5055,6.896551609039307,0,0,0,0,6.6666669845581055,0,3.4482758045196533,0,0,0,3.4482758045196533,0,0,3.4482758045196533,0,0,0,0,6.6666669845581055,3.4482758045196533,0,0,3.5714287757873535,0,0,0,3.4482758045196533,3.4482758045196533,0,0,0,20475,15889,36623,60,0,20475,13174,34085,61,0,66718990336,8589930496,23071281152,524288
199,1790686216393,444639.54722595215,3050,0,0.22499999999999987,91776.20610046387,16133.333333333334,0,0.40625,93302.37854003906,16133.333333333334,0,0.40625,95962.64891052246,16133.333333333334,0,0.40625,98938.58323669434,16133.333333333334,0,0.40625,90532.01211547852,16133.333333333334,0,0.40625,88408.16969299316,16133.333333333334,0,0.40625,140810.84098815918,3050,2,0.22499999999999987,145815.9034423828,3050,0,0.22499999999999987,146130.15353393555,3050,0,0.22499999999999987,357896.949508667,3050,0,0.22499999999999987,141583.42393493652,3050,0,0.22499999999999987,135731.07763671875,3050,0,0.22499999999999987,135798.16595458984,3050,0,0.22499999999999987,94610.32542419434,16133.333333333334,2,0.40625,96761.53392028809,16133.333333333334,0,0.40625,8084766.139282227,2524,4398,400,2532,400,400,400,400,400,400,400,400,400,400,400,400,400,400,400,400,400,400,400,2426,400,5048,2483,3128,400,400,400,5055,62.5,62.5,44,60.000003814697266,57.69230651855469,41.666664123535156,44,60.000003814697266,64,33.333335876464844,42.30769348144531,44,64,58.33333206176758,41.666664123535156,52,44,60.000003814697266,60.000003814697266,41.666664123535156,40,44,60.000003814697266,52,60.000003814697266,36,58.33333206176758,58.33333206176758,54.16666793823242,73.07691955566406,42.30769348144531,50,20475,15889,39722,60,86,20475,13174,34165,61,0,66718990336,8589930496,23101681664,524288
199,1790686216593,444640.05281066895,3050,0,0.25,91776.43737792969,16133.333333333334,0,0.39375000000000004,93302.56286621094,16133.333333333334,0,0.39375000000000004,95962.82414245605,16133.333333333334,0,0.39375000000000004,98939.60052490234,16133.333333333334,0,0.39375000000000004,90532.3123626709,16133.333333333334,0,0.39375000000000004,88408.43212890625,16133.333333333334,0,0.39375000000000004,140811.13842773438,3050,0,0.25,145816.48887634277,3050,0,0.25,146130.88749694824,3050,0,0.25,357897.1771697998,3050,0,0.25,141583.69723510742,3050,0,0.25,135731.34785461426,3050,0,0.25,135798.42892456055,3050,0,0.25,94610.3777923584,16133.333333333334,2,0.39375000000000004,96761.63807678223,16133.333333333334,2,0.39375000000000004,8084785.899963379,2524,4398,400,2532,400,400,400,400,400,400,400,400,400,400,400,400,400,400,400,400,400,400,400,2426,400,5048,2483,3128,400,400,400,5055,62.5,62.5,44,60.000003814697266,57.69230651855469,41.666664123535156,44,60.000003814697266,64,33.333335876464844,42.30769348144531,44,64,58.33333206176758,41.666664123535156,52,44,60.000003814697266,60.000003814697266,41.666664123535156,40,44,60.000003814697266,52,60.000003814697266,36,58.33333206176758,58.33333206176758,54.16666793823242,73.07691955566406,42.30769348144531,50,20475,15889,50276,65,91,20475,13174,34162,60,0,66718990336,8589930496,23102205952,524288
199,1790686216793,444641.1762390137,3050,0,0.19999999999999996,91776.60368347168,48800,2,0.93125,93302.72479248047,48800,2,0.93125,95962.98738098145,48800,2,0.93125,98939.76405334473,48800,2,0.93125,90532.62594604492,48800,2,0.93125,88408.48078918457,48800,2,0.93125,140811.65376281738,3050,0,0.19999999999999996,145817.14595031738,3050,2,0.19999999999999996,146131.1669769287,3050,0,0.19999999999999996,357897.5321960449,3050,2,0.19999999999999996,141583.97639465332,3050,2,0.19999999999999996,135731.84999084473,3050,2,0.19999999999999996,135798.6961364746,3050,2,0.19999999999999996,94610.60005187988,48800,2,0.93125,96761.80308532715,48800,2,0.93125,8084805.974578857,2524,4398,400,2532,400,400,400,400,400,400,400,400,400,400,400,400,400,400,400,400,400,400,400,2426,400,5048,2483,3128,400,400,400,5055,36.585365295410156,52.499996185302734,41.02564239501953,0,0,40,47.5,12.5,51.28205490112305,9.756096839904785,51.28205490112305,50,17.5,2.4390242099761963,50,30.76923179626465,50,5,5,45,51.28205490112305,50,42.5,19.51219367980957,0,27.5,40,0,9.756096839904785,0,25,35.897438049316406,20475,15889,59372,67,91,20475,13174,34220,60,0,66718990336,8589930496,23119998976,524288
199,1790686216993,444642.0476837158,3050,0,0.25,91776.64631652832,16133.333333333334,0,0.40625,93302.87808227539,16133.333333333334,0,0.40625,95963.14283752441,16133.333333333334,0,0.40625,98939.92002868652,16133.333333333334,0,0.40625,90532.83729553223,16133.333333333334,0,0.40625,88408.51666259766,16133.333333333334,0,0.40625,140812.7176513672,3050,0,0.25,145817.48417663574,3050,0,0.25,146131.92208862305,3050,0,0.25,357897.8950805664,3050,0,0.25,141584.3316040039,3050,0,0.25,135732.25299072266,3050,0,0.25,135799.0078125,3050,0,0.25,94610.85249328613,16133.333333333334,0,0.40625,96761.98509216309,16133.333333333334,0,0.40625,8084826.5651397705,2524,4398,400,2532,400,400,400,400,400,400,400,400,400,400,400,400,400,400,400,400,400,400,400,2426,400,5048,2483,3128,400,400,400,5055,31.57894515991211,66.66667175292969,10,0,0,0,50,10,47.619049072265625,0,47.619049072265625,45,0,15.789472579956055,50,0,47.36842346191406,50,50,0,47.619049072265625,50,50,15.789472579956055,0,0,45,5,42.105262756347656,5,42.105262756347656,33.333335876464844,20475,15889,66605,67,91,20475,13174,34198,60,0,66718990336,8589930496,23140089856,524288
199,1790686217193,444643.2212982178,3050,0,0.23750000000000004,91776.82020568848,16133.333333333334,0,0.3812500000000001,93303.05699157715,16133.333333333334,0,0.3812500000000001,95963.32214355469,16133.333333333334,0,0.3812500000000001,98940.23254394531,16133.333333333334,0,0.3812500000000001,90533.36097717285,16133.333333333334,0,0.3812500000000001,88408.74287414551,16133.333333333334,0,0.3812500000000001,140813.0631866455,3050,0,0.23750000000000004,145817.8652496338,3050,0,0.23750000000000004,146132.2059020996,3050,0,0.23750000000000004,357898.2413482666,3050,0,0.23750000000000004,141584.62757873535,3050,0,0.23750000000000004,135732.52606201172,3050,0,0.23750000000000004,135799.24494934082,3050,0,0.23750000000000004,94611.05799865723,16133.333333333334,0,0.3812500000000001,96762.16148376465,16133.333333333334,0,0.3812500000000001,8084846.433685303,2524,4398,400,2532,400,400,400,400,400,400,400,400,400,400,400,400,400,400,400,400,400,400,400,2426,400,5048,2483,3128,400,400,400,5055,31.57894515991211,66.66667175292969,10,0,0,0,50,10,47.619049072265625,0,47.619049072265625,45,0,15.789472579956055,50,0,47.36842346191406,50,50,0,47.619049072265625,50,50,15.789472579956055,0,0,45,5,42.105262756347656,5,42.105262756347656,33.333335876464844,20475,15889,104907,67,90,20475,13174,34184,60,0,66718990336,8589930496,23154073600,524288
199,1790686217393,444643.7890777588,3050,0,0.25,91777.25039672852,48800,2,0.3999999999999999,93303.22523498535,48800,2,0.3999999999999999,95963.48886108398,48800,2,0.3999999999999999,98940.83586120605,48800,2,0.3999999999999999,90533.68225097656,48800,2,0.3999999999999999,88409.03625488281,48800,2,0.3999999999999999,140813.31909179688,3050,2,0.25,145818.10591125488,3050,0,0.25,146132.4454498291,3050,2,0.25,357898.5487213135,3050,0,0.25,141584.86897277832,3050,2,0.25,135732.78967285156,3050,0,0.25,135799.5008239746,3050,2,0.25,94611.24826049805,48800,2,0.3999999999999999,96762.32926940918,48800,2,0.3999999999999999,8084865.572982788,2524,4398,400,2532,400,400,400,400,400,400,400,400,400,400,400,400,400,400,400,400,400,400,400,2426,400,5048,2483,3128,400,400,400,5055,32.5,51.28205490112305,52.499996185302734,0,0,27.5,42.5,37.5,48.71794891357422,0,48.71794891357422,0,2.5,12.195121765136719,50,0,2.4390242099761963,50,50,0,50,50,48.71794891357422,48.71794891357422,5,0,50,7.317072868347168,47.5,46.153846740722656,0,0,20475,15889,125174,68,91,20475,13174,34183,60,0,66718990336,8589930496,23162290176,524288
199,1790686217593,444644.94898986816,3050,0,0.2437499999999999,91777.67074584961,16133.333333333334,0,0.39375000000000004,93303.39672851563,16133.333333333334,0,0.39375000000000004,95963.65802001953,16133.333333333334,0,0.39375000000000004,98941.00761413574,16133.333333333334,0,0.39375000000000004,90534.00704956055,16133.333333333334,0,0.39375000000000004,88409.2223815918,16133.333333333334,0,0.39375000000000004,140813.59884643555,3050,0,0.2437499999999999,145818.38583374023,3050,0,0.2437499999999999,146132.7066040039,3050,0,0.2437499999999999,357898.8728942871,3050,0,0.2437499999999999,141585.13876342773,3050,0,0.2437499999999999,135733.10401916504,3050,0,0.2437499999999999,135799.85479736328,3050,0,0.2437499999999999,94611.51161193848,16133.333333333334,0,0.39375000000000004,96762.49850463867,16133.333333333334,0,0.39375000000000004,8084885.121002197,2524,4398,400,2532,400,400,400,400,400,400,400,400,400,400,400,400,400,400,400,400,400,400,400,2426,400,5048,2483,3128,400,400,400,5055,32.5,51.28205490112305,52.499996185302734,0,0,27.5,42.5,37.5,48.71794891357422,0,48.71794891357422,0,2.5,12.195121765136719,50,0,2.4390242099761963,50,50,0,50,50,48.71794891357422,48.71794891357422,5,0,50,7.317072868347168,47.5,46.153846740722656,0,0,20475,15889,127457,68,89,20475,13174,34183,60,0,66718990336,8589930496,23162535936,524288
199,1790686217793,444645.9985046387,3050,2,0.30000000000000004,91777.88778686523,16133.333333333334,2,0.39375000000000004,93303.57452392578,16133.333333333334,2,0.39375000000000004,95963.83560180664,16133.333333333334,2,0.39375000000000004,98941.4528503418,16133.333333333334,2,0.39375000000000004,90534.22523498535,16133.333333333334,2,0.39375000000000004,88409.44897460938,16133.333333333334,2,0.39375000000000004,140813.8685913086,3050,2,0.30000000000000004,145818.66357421875,3050,0,0.30000000000000004,146132.96714782715,3050,2,0.30000000000000004,357899.20417785645,3050,0,0.30000000000000004,141585.40437316895,3050,0,0.30000000000000004,135733.3660583496,3050,0,0.30000000000000004,135800.1960144043,3050,2,0.30000000000000004,94611.78219604492,16133.333333333334,0,0.39375000000000004,96762.79904174805,16133.333333333334,2,0.39375000000000004,8084904.602767944,2524,4398,400,2532,400,400,400,400,400,400,400,400,400,400,400,400,400,400,400,400,400,400,400,2426,400,5048,2483,3128,400,400,400,5055,47.5,52.499996185302734,46.34146499633789,0,0,10,42.5,15.000000953674316,52.499996185302734,0,52.499996185302734,0,0,10.256410598754883,51.219512939453125,52.499996185302734,0,29.268291473388672,50,25,52.499996185302734,51.28205490112305,51.219512939453125,51.219512939453125,0,2.5,52.499996185302734,0,17.5,52.499996185302734,27.5,5,20475,15889,127704,68,91,20475,13174,34183,60,0,66718990336,8589930496,23162535936,524288
199,1790686217993,444646.7958831787,3050,0,0.1812499999999999,91778.04402160645,16133.333333333334,0,0.40625,93303.73011779785,16133.333333333334,0,0.40625,95963.99285888672,16133.333333333334,0,0.40625,98941.6587677002,16133.333333333334,0,0.40625,90534.46655273438,16133.333333333334,0,0.40625,88409.53384399414,16133.333333333334,0,0.40625,140814.65673828125,3050,2,0.1812499999999999,145818.93171691895,3050,0,0.1812499999999999,146133.42402648926,3050,0,0.1812499999999999,357899.5707092285,3050,0,0.1812499999999999,141585.66775512695,3050,0,0.1812499999999999,135733.71836853027,3050,0,0.1812499999999999,135800.52180480957,3050,0,0.1812499999999999,94612.07249450684,16133.333333333334,0,0.40625,96763.1644897461,16133.333333333334,0,0.40625,8084924.498764038,2524,4398,400,2532,400,400,400,400,400,400,400,400,400,400,400,400,400,400,400,400,400,400,400,2426,400,5048,2483,3128,400,400,400,5055,30.000001907348633,60.000003814697266,45,0,0,4.761904716491699,28.571430206298828,20,47.619049072265625,0,47.619049072265625,0,0,10,47.36842346191406,9.523809432983398,0,0,47.619049072265625,0,45,47.619049072265625,47.619049072265625,55,45,0,38.095237731933594,0,20,45,52.38095474243164,15.000000953674316,20475,15889,127594,68,91,20475,13174,34183,60,0,66718990336,8589930496,23159656448,524288
199,1790686218193,444647.30741882324,3050,0,0.23750000000000004,91778.31842041016,16133.333333333334,0,0.39375000000000004,93303.91680908203,16133.333333333334,0,0.39375000000000004,95964.17810058594,16133.333333333334,0,0.39375000000000004,98941.95678710938,16133.333333333334,0,0.39375000000000004,90534.7162475586,16133.333333333334,0,0.39375000000000004,88409.75770568848,16133.333333333334,2,0.39375000000000004,140814.9175415039,3050,0,0.23750000000000004,145819.21618652344,3050,0,0.23750000000000004,146133.79266357422,3050,0,0.23750000000000004,357899.9144744873,3050,0,0.23750000000000004,141585.9490966797,3050,0,0.23750000000000004,135734.04067993164,3050,0,0.23750000000000004,135800.87551879883,3050,0,0.23750000000000004,94612.3790435791,16133.333333333334,0,0.39375000000000004,96764.00646972656,16133.333333333334,0,0.39375000000000004,8084944.082504272,2524,4398,400,2532,400,400,400,400,400,400,400,400,400,400,400,400,400,400,400,400,400,400,400,2426,400,5048,2483,3128,400,400,400,5055,30.000001907348633,60.000003814697266,45,0,0,4.761904716491699,28.571430206298828,20,47.619049072265625,0,47.619049072265625,0,0,10,47.36842346191406,9.523809432983398,0,0,47.619049072265625,0,45,47.619049072265625,47.619049072265625,55,45,0,38.095237731933594,0,20,45,52.38095474243164,15.000000953674316,20475,15889,127755,68,91,20475,13174,34183,60,0,66718990336,8589930496,23161712640,524288
199,1790686218393,444648.0624847412,3050,2,0.21875,91778.48657226563,16133.333333333334,0,0.625,93304.08380126953,16133.333333333334,2,0.625,95964.34208679199,16133.333333333334,2,0.625,98942.11613464355,16133.333333333334,0,0.625,90534.93797302246,16133.333333333334,2,0.625,88409.7615814209,16133.333333333334,2,0.625,140815.19018554688,3050,2,0.21875,145819.48280334473,3050,0,0.21875,146134.04302978516,3050,2,0.21875,357901.22605895996,3050,0,0.21875,141586.21089172363,3050,0,0.21875,135734.3900756836,3050,0,0.21875,135801.20292663574,3050,2,0.21875,94612.60227966309,16133.333333333334,2,0.625,96764.46092224121,16133.333333333334,2,0.625,8084963.974777222,2524,4398,400,2532,400,400,400,400,400,400,400,400,400,400,400,400,400,400,400,400,400,400,400,2426,400,5048,2483,3128,400,400,400,5055,20,50,53.84615707397461,0,0,5,0,22.5,51.28205490112305,0,51.28205490112305,50,0,10,50,12.820513725280762,0,0,51.28205490112305,0,51.28205490112305,50,51.28205490112305,2.5,50,0,64.10256958007813,0,51.28205490112305,50,38.46154022216797,35,20475,15889,127883,69,91,20475,13174,34050,60,0,66718990336,8589930496,23161712640,524288
199,1790686218593,444648.4234313965,3050,0,0.21875,91778.65023803711,16133.333333333334,0,0.40625,93304.2507019043,16133.333333333334,0,0.40625,95964.50900268555,16133.333333333334,0,0.40625,98942.27796936035,16133.333333333334,0,0.40625,90535.10328674316,16133.333333333334,0,0.40625,88409.79086303711,16133.333333333334,2,0.40625,140815.5676422119,3050,0,0.21875,145819.79104614258,3050,0,0.21875,146134.6933746338,3050,0,0.21875,357903.05001831055,3050,0,0.21875,141586.51568603516,3050,0,0.21875,135734.83422851563,3050,0,0.21875,135801.55014038086,3050,0,0.21875,94612.83763122559,16133.333333333334,0,0.40625,96764.58000183105,16133.333333333334,0,0.40625,8084984.316497803,2524,4398,400,2532,400,400,400,400,400,400,400,400,400,400,400,400,400,400,400,400,400,400,400,2426,400,5048,2483,3128,400,400,400,5055,10.526315689086914,50,50,0,0,0,0,0,50,40,50,50,0,0,50,50,0,0,15.000000953674316,0,50,50,50,20,35,0,90.47618865966797,0,50,50,50,15.000000953674316,20475,15889,128142,68,92,20475,13174,34050,60,0,66718990336,8589930496,23196012544,524288
199,1790686218793,444648.7763519287,3050,0,0.22499999999999987,91778.81483459473,16133.333333333334,2,0.925,93304.41822814941,16133.333333333334,2,0.925,95964.67581176758,16133.333333333334,2,0.925,98942.44104003906,16133.333333333334,2,0.925,90535.32656860352,16133.333333333334,2,0.925,88409.99012756348,16133.333333333334,2,0.925,140815.84957885742,3050,2,0.22499999999999987,145820.08779907227,3050,0,0.22499999999999987,146134.96725463867,3050,2,0.22499999999999987,357905.2052154541,3050,0,0.22499999999999987,141586.80995178223,3050,0,0.22499999999999987,135735.2019958496,3050,2,0.22499999999999987,135801.9101715088,3050,2,0.22499999999999987,94613.06709289551,48800,2,0.925,96764.74240112305,16133.333333333334,2,0.925,8085004.749801636,2524,4398,400,2532,400,400,400,400,400,400,400,400,400,400,400,400,400,400,400,400,400,400,400,2426,400,5048,2483,3128,400,400,400,5055,14.285715103149414,0,50,0,0,0,50,45,50,50,50,50,4.761904716491699,0,50,52.38095474243164,0,0,0,0,52.38095474243164,50,50,0,0,0,100,0,9.523809432983398,50,50,52.6315803527832,20475,15889,128283,69,92,20475,13174,34050,60,0,66718990336,8589930496,23212175360,524288
199,1790686218993,444649.11891174316,3050,0,0.23124999999999996,91778.97120666504,16133.333333333334,0,0.40625,93304.57817077637,16133.333333333334,0,0.40625,95964.83436584473,16133.333333333334,0,0.40625,98942.59663391113,16133.333333333334,0,0.40625,90535.53910827637,16133.333333333334,0,0.40625,88410.18942260742,16133.333333333334,0,0.40625,140816.12055969238,3050,0,0.23124999999999996,145820.36561584473,3050,0,0.23124999999999996,146135.22703552246,3050,0,0.23124999999999996,357907.35736083984,3050,0,0.23124999999999996,141587.10028076172,3050,0,0.23124999999999996,135735.54399108887,3050,0,0.23124999999999996,135802.2445678711,3050,0,0.23124999999999996,94613.28974914551,16133.333333333334,0,0.40625,96764.89642333984,16133.333333333334,0,0.40625,8085024.979324341,2524,4398,400,2532,400,400,400,400,400,400,400,400,400,400,400,400,400,400,400,400,400,400,400,2426,400,5048,2483,3128,400,400,400,5055,14.285715103149414,0,50,0,0,0,50,45,50,50,50,50,4.761904716491699,0,50,52.38095474243164,0,0,0,0,52.38095474243164,50,50,0,0,0,100,0,9.523809432983398,50,50,52.6315803527832,20475,15889,128467,69,92,20475,13174,34050,60,0,66718990336,8589930496,23209230336,524288
199,1790686219193,444649.4937133789,3050,2,0.21875,91779.14038085938,48800,2,0.93125,93304.7497253418,48800,2,0.93125,95965.0057220459,48800,2,0.93125,98942.7643737793,48800,2,0.93125,90535.76977539063,48800,2,0.93125,88410.35778808594,48800,2,0.93125,140816.4093017578,3050,2,0.21875,145820.67456054688,3050,2,0.21875,146135.5055999756,3050,2,0.21875,357909.5153198242,3050,0,0.21875,141587.4027709961,3050,2,0.21875,135735.91290283203,3050,2,0.21875,135802.60481262207,3050,2,0.21875,94613.52798461914,48800,2,0.93125,96765.06256103516,48800,2,0.93125,8085045.622787476,2524,4398,400,2532,400,400,400,400,400,400,400,400,400,400,400,400,400,400,400,400,400,400,400,2426,400,5048,2483,3128,400,400,400,5055,10.256410598754883,0,50,0,0,0,50,50,50,51.219512939453125,50,51.219512939453125,0,0,51.219512939453125,2.5641026496887207,46.153846740722656,0,0,0,50,50,50,0,0,0,100,0,45,5,50,50,20475,15889,128590,69,92,20475,13174,34050,60,0,66718990336,8589930496,23209226240,524288
199,1790686219394,444649.82513427734,3050,2,0.22499999999999987,91779.29621887207,48800,2,0.925,93304.90357971191,48800,2,0.925,95965.15914916992,48800,2,0.925,98942.9156036377,48800,2,0.925,90535.97463989258,48800,2,0.925,88410.51029968262,48800,2,0.925,140816.6766052246,3050,2,0.22499999999999987,145820.96014404297,3050,2,0.22499999999999987,146135.7579650879,3050,2,0.22499999999999987,357911.6522369385,3050,0,0.22499999999999987,141587.68746948242,3050,2,0.22499999999999987,135736.24942016602,3050,2,0.22499999999999987,135802.9289855957,3050,2,0.22499999999999987,94613.74230957031,48800,2,0.925,96765.21034240723,48800,2,0.925,8085065.72605896,2524,4398,400,2532,400,400,400,400,400,400,400,400,400,400,400,400,400,400,400,400,400,400,400,2426,400,5048,2483,3128,400,400,400,5055,10,0,45,0,0,0,45,45,45,45,45,45,0,0,47.36842346191406,0,45,0,0,0,45,50,45,0,0,0,100,0,45,0,47.619049072265625,47.619049072265625,20475,15889,128556,69,88,20475,13174,33996,60,0,66718990336,8589930496,23208833024,524288
199,1790686219594,444650.35148620605,3050,0,0.22499999999999987,91779.46745300293,16133.333333333334,0,0.3999999999999999,93305.07865905762,16133.333333333334,0,0.3999999999999999,95965.32727050781,16133.333333333334,0,0.3999999999999999,98943.08581542969,16133.333333333334,0,0.3999999999999999,90536.2038269043,16133.333333333334,0,0.3999999999999999,88410.67813110352,16133.333333333334,0,0.3999999999999999,140816.98472595215,3050,0,0.22499999999999987,145821.3193359375,3050,0,0.22499999999999987,146136.04232788086,3050,0,0.22499999999999987,357913.7960205078,3050,0,0.22499999999999987,141587.99696350098,3050,0,0.22499999999999987,135736.55879211426,3050,0,0.22499999999999987,135803.2928314209,3050,0,0.22499999999999987,94613.99284362793,16133.333333333334,0,0.3999999999999999,96765.38703918457,16133.333333333334,0,0.3999999999999999,8085086.331756592,2524,4398,400,2532,400,400,400,400,400,400,400,400,400,400,400,400,400,400,400,400,400,400,400,2426,400,5048,2483,3128,400,400,400,5055,10,0,45,0,0,0,45,45,45,45,45,45,0,0,47.36842346191406,0,45,0,0,0,45,50,45,0,0,0,100,0,45,0,47.619049072265625,47.619049072265625,20475,15889,128530,69,92,20475,13174,33996,60,0,66718990336,8589930496,23216553984,524288
199,1790686219794,444650.7596130371,3050,2,0.21875,91779.62579345703,48800,2,0.56875,93305.23760986328,48800,2,0.56875,95965.48420715332,48800,2,0.56875,98943.24317932129,48800,2,0.56875,90536.41540527344,48800,2,0.56875,88410.83430480957,48800,2,0.56875,140817.2640838623,3050,2,0.21875,145821.6143798828,3050,2,0.21875,146136.30723571777,3050,2,0.21875,357915.95935058594,3050,0,0.21875,141588.28694152832,3050,2,0.21875,135736.93412780762,3050,2,0.21875,135803.6398010254,3050,2,0.21875,94614.20986938477,48800,2,0.60625,96765.54109191895,48800,2,0.60625,8085106.735794067,2524,4398,400,2532,400,400,400,400,400,400,400,400,400,400,400,400,400,400,400,400,400,400,400,2426,400,5048,2483,3128,400,400,400,5055,19.51219367980957,0,52.499996185302734,0,0,0,52.499996185302734,52.499996185302734,50,51.28205490112305,51.219512939453125,51.28205490112305,7.500000476837158,0,50,0,51.219512939453125,0,0,2.4390242099761963,50,50,52.499996185302734,0,0,0,100,0,45,0,50,50,20475,15889,128441,68,92,20475,13174,33996,60,0,66718990336,8589930496,23216553984,524288
199,1790686219994,444651.1272583008,3050,0,0.22499999999999987,91779.78929138184,16133.333333333334,0,0.3999999999999999,93305.4017791748,16133.333333333334,0,0.3999999999999999,95965.64877319336,16133.333333333334,0,0.3999999999999999,98943.40907287598,16133.333333333334,0,0.3999999999999999,90536.63485717773,16133.333333333334,0,0.3999999999999999,88410.99600219727,16133.333333333334,0,0.3999999999999999,140817.5468597412,3050,0,0.22499999999999987,145821.91091918945,3050,0,0.22499999999999987,146136.57876586914,3050,0,0.22499999999999987,357918.1213378906,3050,0,0.22499999999999987,141588.57633972168,3050,0,0.22499999999999987,135737.3151397705,3050,0,0.22499999999999987,135803.99310302734,3050,0,0.22499999999999987,94614.43353271484,16133.333333333334,0,0.3999999999999999,96765.70138549805,16133.333333333334,0,0.3999999999999999,8085127.025039673,2524,4398,400,2532,400,400,400,400,400,400,400,400,400,400,400,400,400,400,400,400,400,400,400,2426,400,5048,2483,3128,400,400,400,5055,19.51219367980957,0,52.499996185302734,0,0,0,52.499996185302734,52.499996185302734,50,51.28205490112305,51.219512939453125,51.28205490112305,7.500000476837158,0,50,0,51.219512939453125,0,0,2.4390242099761963,50,50,52.499996185302734,0,0,0,100,0,45,0,50,50,20475,15889,128462,69,92,20475,13174,33996,60,0,66718990336,8589930496,23211581440,524288
199,1790686220194,444651.48344421387,3050,2,0.21875,91779.95390319824,48800,2,0.925,93305.56477355957,48800,2,0.925,95965.81547546387,48800,2,0.925,98943.5735168457,48800,2,0.925,90536.8578338623,48800,2,0.925,88411.15895080566,48800,2,0.925,140817.8298034668,3050,2,0.21875,145822.2087249756,3050,2,0.21875,146136.85563659668,3050,2,0.21875,357920.30308532715,3050,0,0.21875,141588.8638458252,3050,2,0.21875,135737.70434570313,3050,2,0.21875,135804.3494720459,3050,2,0.21875,94614.66111755371,48800,2,0.925,96765.86459350586,48800,2,0.925,8085147.524261475,2524,4398,400,2532,400,400,400,400,400,400,400,400,400,400,400,400,400,400,400,400,400,400,400,2426,400,5048,2483,3128,400,400,400,5055,12.5,0,50,0,0,0,50,17.5,52.499996185302734,50,51.28205490112305,50,0,2.5,50,0,0,0,0,0,51.28205490112305,50,50,0,0,32.5,100,0,51.219512939453125,50,51.28205490112305,51.28205490112305,20475,15889,128471,69,92,20475,13174,33996,59,0,66718990336,8589930496,23204098048,524288
199,1790686220394,444651.8333129883,3050,0,0.23124999999999996,91780.1134185791,16133.333333333334,0,0.40625,93305.72192382813,16133.333333333334,0,0.40625,95965.97189331055,16133.333333333334,0,0.40625,98943.73237609863,16133.333333333334,0,0.40625,90537.07064819336,16133.333333333334,0,0.40625,88411.3140411377,16133.333333333334,0,0.40625,140818.10650634766,3050,0,0.23124999999999996,145822.4933166504,3050,0,0.23124999999999996,146137.1157836914,3050,0,0.23124999999999996,357922.45892333984,3050,0,0.23124999999999996,141589.1464996338,3050,0,0.23124999999999996,135738.07402038574,3050,0,0.23124999999999996,135804.68551635742,3050,0,0.23124999999999996,94614.87896728516,16133.333333333334,0,0.40625,96766.02053833008,16133.333333333334,0,0.40625,8085167.70300293,2524,4398,400,2532,400,400,400,400,400,400,400,400,400,400,400,400,400,400,400,400,400,400,400,2426,400,5048,2483,3128,400,400,400,5055,12.5,0,50,0,0,0,50,17.5,52.499996185302734,50,51.28205490112305,50,0,2.5,50,0,0,0,0,0,51.28205490112305,50,50,0,0,32.5,100,0,51.219512939453125,50,51.28205490112305,51.28205490112305,20475,15889,128504,69,92,20475,13174,33930,59,0,66718990336,8589930496,23213645824,524288
199,1790686220594,444652.2388153076,3050,2,0.21875,91780.28820800781,48800,2,0.575,93305.89472961426,48800,2,0.575,95966.14707946777,48800,2,0.575,98943.94541931152,48800,2,0.575,90537.28234863281,48800,2,0.575,88411.48532104492,48800,2,0.575,140818.40689086914,3050,2,0.21875,145822.79879760742,3050,0,0.21875,146137.39714050293,3050,2,0.21875,357924.6435394287,3050,0,0.21875,141589.4621734619,3050,0,0.21875,135738.4728088379,3050,0,0.21875,135805.05334472656,3050,2,0.21875,94615.11508178711,48800,2,0.575,96766.19035339355,48800,2,0.575,8085188.541183472,2524,4398,400,2532,400,400,400,400,400,400,400,400,400,400,400,400,400,400,400,400,400,400,400,2426,400,5048,2483,3128,400,400,400,5055,12.820513725280762,0,50,0,0,5.128205299377441,50,0,50,50,50,50,0,0,51.219512939453125,0,0,0,0,0,50,50,50,0,0,50,100,2.5,50,50,50,50,20475,15889,128907,69,92,20475,13174,33930,59,0,66718990336,8589930496,23216594944,524288
199,1790686220794,444652.573135376,3050,0,0.23124999999999996,91780.44822692871,16133.333333333334,0,0.40625,93306.05171203613,16133.333333333334,0,0.40625,95966.30795288086,16133.333333333334,0,0.40625,98944.10330200195,16133.333333333334,0,0.40625,90537.44691467285,16133.333333333334,0,0.40625,88411.64511108398,16133.333333333334,0,0.40625,140818.67903137207,3050,0,0.23124999999999996,145823.0895690918,3050,0,0.23124999999999996,146137.65229797363,3050,0,0.23124999999999996,357926.799911499,3050,0,0.23124999999999996,141589.74417114258,3050,0,0.23124999999999996,135738.84567260742,3050,0,0.23124999999999996,135805.3972015381,3050,0,0.23124999999999996,94615.33157348633,16133.333333333334,0,0.40625,96766.3440246582,16133.333333333334,0,0.40625,8085208.789047241,2524,4398,400,2532,400,400,400,400,400,400,400,400,400,400,400,400,400,400,400,400,400,400,400,2426,400,5048,2483,3128,400,400,400,5055,12.820513725280762,0,50,0,0,5.128205299377441,50,0,50,50,50,50,0,0,51.219512939453125,0,0,0,0,0,50,50,50,0,0,50,100,2.5,50,50,50,50,20475,15889,128889,69,92,20475,13174,33930,59,0,66718990336,8589930496,23202996224,524288
199,1790686220994,444652.8850250244,3050,0,0.21875,91780.62295532227,16133.333333333334,0,0.3999999999999999,93306.22611999512,16133.333333333334,0,0.3999999999999999,95966.49166870117,16133.333333333334,0,0.3999999999999999,98944.27502441406,16133.333333333334,0,0.3999999999999999,90537.6197052002,16133.333333333334,0,0.3999999999999999,88411.83976745605,16133.333333333334,0,0.3999999999999999,140818.96643066406,3050,0,0.21875,145823.39880371094,3050,0,0.21875,146137.94570922852,3050,0,0.21875,357928.9515686035,3050,0,0.21875,141590.033203125,3050,0,0.21875,135739.24925231934,3050,0,0.21875,135805.76806640625,3050,0,0.21875,94615.59226989746,16133.333333333334,0,0.3999999999999999,96766.52180480957,16133.333333333334,0,0.3999999999999999,8085229.302825928,2524,4398,400,2532,400,400,400,400,400,400,400,400,400,400,400,400,400,400,400,400,400,400,400,2426,400,5048,2483,3128,400,400,400,5055,10.526315689086914,0,47.619049072265625,0,0,0,47.619049072265625,0,45,47.619049072265625,45,47.619049072265625,0,0,47.36842346191406,0,0,0,0,0,47.619049072265625,50,45,0,0,47.36842346191406,100,5,47.36842346191406,47.36842346191406,47.619049072265625,47.619049072265625,20475,15889,128998,69,92,20475,13174,33930,59,0,66718990336,8589930496,23205564416,524288
199,1790686221194,444653.1956176758,3050,0,0.21875,91780.77453613281,48800,2,0.925,93306.37615966797,48800,2,0.925,95966.64422607422,48800,2,0.925,98944.42347717285,48800,2,0.925,90537.77046203613,48800,2,0.925,88411.9892578125,48800,2,0.925,140819.2290802002,3050,2,0.21875,145823.67265319824,3050,0,0.21875,146138.2048187256,3050,2,0.21875,357931.1188354492,3050,0,0.21875,141590.30836486816,3050,2,0.21875,135739.62078857422,3050,0,0.21875,135806.10258483887,3050,2,0.21875,94615.79928588867,48800,2,0.925,96766.6976928711,48800,2,0.925,8085249.53843689,2524,4398,400,2532,400,400,400,400,400,400,400,400,400,400,400,400,400,400,400,400,400,400,400,2426,400,5048,2483,3128,400,400,400,5055,4.878048419952393,0,48.71794891357422,0,0,0,48.71794891357422,2.5,50,50,50,50,0,0,50,0,38.46154022216797,0,0,0,50,48.71794891357422,50,0,0,50,100,0,50,12.195121765136719,52.499996185302734,51.28205490112305,20475,15889,128937,69,90,20475,13174,33930,59,0,66718990336,8589930496,23223099392,524288
199,1790686221394,444653.5554046631,3050,0,0.22499999999999987,91780.9487915039,16133.333333333334,0,0.3999999999999999,93306.5484161377,16133.333333333334,0,0.3999999999999999,95966.81809997559,16133.333333333334,0,0.3999999999999999,98944.59848022461,16133.333333333334,0,0.3999999999999999,90537.94192504883,16133.333333333334,0,0.3999999999999999,88412.13098144531,16133.333333333334,0,0.3999999999999999,140819.51872253418,3050,0,0.22499999999999987,145823.97653198242,3050,0,0.22499999999999987,146138.49588012695,3050,0,0.22499999999999987,357933.27711486816,3050,0,0.22499999999999987,141590.59449768066,3050,0,0.22499999999999987,135740.0175933838,3050,0,0.22499999999999987,135806.46850585938,3050,0,0.22499999999999987,94616.03779602051,16133.333333333334,0,0.3999999999999999,96766.86978149414,16133.333333333334,0,0.3999999999999999,8085270.018493652,2524,4398,400,2532,400,400,400,400,400,400,400,400,400,400,400,400,400,400,400,400,400,400,400,2426,400,5048,2483,3128,400,400,400,5055,4.878048419952393,0,48.71794891357422,0,0,0,48.71794891357422,2.5,50,50,50,50,0,0,50,0,38.46154022216797,0,0,0,50,48.71794891357422,50,0,0,50,100,0,50,12.195121765136719,52.499996185302734,51.28205490112305,20475,15889,128957,69,92,20475,13174,33916,59,0,66718990336,8589930496,23223095296,524288
199,1790686221594,444653.91163635254,3050,0,0.21875,91781.10665893555,16133.333333333334,2,0.40625,93306.7027130127,16133.333333333334,2,0.40625,95966.97570800781,16133.333333333334,2,0.40625,98944.77723693848,16133.333333333334,0,0.40625,90538.09580993652,16133.333333333334,2,0.40625,88412.28555297852,16133.333333333334,2,0.40625,140819.80128479004,3050,2,0.21875,145824.25634765625,3050,2,0.21875,146138.76641845703,3050,0,0.21875,357935.4549713135,3050,0,0.21875,141590.8731689453,3050,2,0.21875,135740.38247680664,3050,0,0.21875,135806.80363464355,3050,0,0.21875,94616.24496459961,16133.333333333334,0,0.40625,96767.02317810059,16133.333333333334,2,0.40625,8085290.265014648,2524,4398,400,2532,400,400,400,400,400,400,400,400,400,400,400,400,400,400,400,400,400,400,400,2426,400,5048,2483,3128,400,400,400,5055,10.256410598754883,0,52.499996185302734,0,0,0,51.28205490112305,27.5,50,51.28205490112305,17.5,51.28205490112305,32.5,0,50,0,50,30.000001907348633,0,0,50,50,50,0,0,19.51219367980957,100,0,50,0,22.5,50,20475,15889,128895,69,92,20475,13174,33916,59,0,66718990336,8589930496,23239352320,524288
199,1790686221794,444654.2800140381,3050,0,0.22499999999999987,91781.27742004395,16133.333333333334,0,0.3999999999999999,93306.86846923828,16133.333333333334,0,0.3999999999999999,95967.14352416992,16133.333333333334,0,0.3999999999999999,98944.99642944336,16133.333333333334,0,0.3999999999999999,90538.27075195313,16133.333333333334,0,0.3999999999999999,88412.45686340332,16133.333333333334,0,0.3999999999999999,140820.1013031006,3050,0,0.22499999999999987,145824.5400390625,3050,0,0.22499999999999987,146139.04347229004,3050,0,0.22499999999999987,357937.6204071045,3050,0,0.22499999999999987,141591.18003845215,3050,0,0.22499999999999987,135740.75523376465,3050,0,0.22499999999999987,135807.15467834473,3050,0,0.22499999999999987,94616.47290039063,16133.333333333334,0,0.3999999999999999,96767.1934967041,16133.333333333334,0,0.3999999999999999,8085310.858428955,2524,4398,400,2532,400,400,400,400,400,400,400,400,400,400,400,400,400,400,400,400,400,400,400,2426,400,5048,2483,3128,400,400,400,5055,10.256410598754883,0,52.499996185302734,0,0,0,51.28205490112305,27.5,50,51.28205490112305,17.5,51.28205490112305,32.5,0,50,0,50,30.000001907348633,0,0,50,50,50,0,0,19.51219367980957,100,0,50,0,22.5,50,20475,15889,128813,69,92,20475,13174,33916,59,0,66718990336,8589930496,23239581696,524288
199,1790686221994,444654.64472961426,3050,0,0.21875,91781.44123840332,48800,2,0.925,93307.03002929688,48800,2,0.925,95967.30604553223,48800,2,0.925,98945.15509033203,48800,2,0.925,90538.43293762207,48800,2,0.925,88412.61686706543,48800,2,0.925,140820.38529968262,3050,2,0.21875,145824.82369995117,3050,0,0.21875,146139.31967163086,3050,2,0.21875,357939.786819458,3050,0,0.21875,141591.5405883789,3050,2,0.21875,135741.1346130371,3050,0,0.21875,135807.50288391113,3050,0,0.21875,94616.69079589844,48800,2,0.925,96767.35534667969,48800,2,0.925,8085331.218399048,2524,4398,400,2532,400,400,400,400,400,400,400,400,400,400,400,400,400,400,400,400,400,400,400,2426,400,5048,2483,3128,400,400,400,5055,14.634145736694336,0,50,0,2.4390242099761963,12.195121765136719,51.219512939453125,51.28205490112305,51.219512939453125,50,0,50,50,0,50,0,24.390243530273438,51.219512939453125,0,0,50,51.219512939453125,52.499996185302734,2.4390242099761963,2.5,0,100,0,51.219512939453125,27.5,0,50,20475,15889,128788,70,92,20475,13174,33916,59,0,66718990336,8589930496,23236780032,524288
199,1790686222194,444654.99603271484,3050,0,0.23124999999999996,91781.6001586914,16133.333333333334,0,0.40625,93307.18661499023,16133.333333333334,0,0.40625,95967.46617126465,16133.333333333334,0,0.40625,98945.30877685547,16133.333333333334,0,0.40625,90538.58898925781,16133.333333333334,0,0.40625,88412.77256774902,16133.333333333334,0,0.40625,140820.66619873047,3050,0,0.23124999999999996,145825.09651184082,3050,0,0.23124999999999996,146139.58959960938,3050,0,0.23124999999999996,357941.9526824951,3050,0,0.23124999999999996,141591.89707946777,3050,0,0.23124999999999996,135741.50813293457,3050,0,0.23124999999999996,135807.83940124512,3050,0,0.23124999999999996,94616.9005279541,16133.333333333334,0,0.40625,96767.5096282959,16133.333333333334,0,0.40625,8085351.453201294,2524,4398,400,2532,400,400,400,400,400,400,400,400,400,400,400,400,400,400,400,400,400,400,400,2426,400,5048,2483,3128,400,400,400,5055,14.634145736694336,0,50,0,2.4390242099761963,12.195121765136719,51.219512939453125,51.28205490112305,51.219512939453125,50,0,50,50,0,50,0,24.390243530273438,51.219512939453125,0,0,50,51.219512939453125,52.499996185302734,2.4390242099761963,2.5,0,100,0,51.219512939453125,27.5,0,50,20475,15889,128768,70,91,20475,13174,33916,59,0,66718990336,8589930496,23234793472,524288
199,1790686222394,444655.35635375977,3050,0,0.2124999999999999,91781.77304077148,48800,2,0.54375,93307.35508728027,48800,2,0.54375,95967.63621520996,48800,2,0.54375,98945.47576904297,48800,2,0.54375,90538.75688171387,48800,2,0.54375,88412.94236755371,48800,2,0.54375,140820.96128845215,3050,2,0.2124999999999999,145825.39031982422,3050,2,0.2124999999999999,146139.87873840332,3050,2,0.2124999999999999,357944.1196746826,3050,0,0.2124999999999999,141592.26777648926,3050,2,0.2124999999999999,135741.90380859375,3050,0,0.2124999999999999,135808.1999053955,3050,0,0.2124999999999999,94617.12934875488,48800,2,0.54375,96767.67880249023,48800,2,0.54375,8085372.011413574,2524,4398,400,2532,400,400,400,400,400,400,400,400,400,400,400,400,400,400,400,400,400,400,400,2426,400,5048,2483,3128,400,400,400,5055,10.256410598754883,0,50,0,0,0,50,51.219512939453125,51.28205490112305,50,0,51.219512939453125,50,0,51.219512939453125,0,0,50,0,0,51.28205490112305,50,50,0,0,0,100,0,50,50,0,51.28205490112305,20475,15889,128780,70,92,20475,13174,33890,59,0,66718990336,8589930496,23235022848,524288
199,1790686222594,444655.6951599121,3050,0,0.21875,91781.92474365234,16133.333333333334,0,0.925,93307.50538635254,16133.333333333334,0,0.925,95967.78872680664,16133.333333333334,0,0.925,98945.62284851074,16133.333333333334,0,0.925,90538.90487670898,16133.333333333334,0,0.925,88413.09298706055,16133.333333333334,0,0.925,140821.23739624023,3050,0,0.21875,145825.6534423828,3050,0,0.21875,146140.14617919922,3050,0,0.21875,357946.28396606445,3050,0,0.21875,141592.61166381836,3050,0,0.21875,135742.26358032227,3050,0,0.21875,135808.52661132813,3050,0,0.21875,94617.32768249512,16133.333333333334,0,0.925,96767.82781982422,16133.333333333334,0,0.925,8085392.114578247,2524,4398,400,2532,400,400,400,400,400,400,400,400,400,400,400,400,400,400,400,400,400,400,400,2426,400,5048,2483,3128,400,400,400,5055,10,0,45,0,4.761904716491699,0,45,45,45,47.619049072265625,0,45,47.619049072265625,0,45,0,0,47.36842346191406,0,0,47.619049072265625,45,45,0,0,0,100,0,47.36842346191406,47.36842346191406,0,47.619049072265625,20475,15889,128885,70,90,20475,13174,33890,59,0,66718990336,8589930496,23235022848,524288
199,1790686222794,444656.1357421875,3050,0,0.21875,91782.10939025879,16133.333333333334,0,0.3999999999999999,93307.68133544922,16133.333333333334,0,0.3999999999999999,95967.9652709961,16133.333333333334,0,0.3999999999999999,98945.79612731934,16133.333333333334,0,0.3999999999999999,90539.08323669434,16133.333333333334,0,0.3999999999999999,88413.26945495605,16133.333333333334,0,0.3999999999999999,140821.5567626953,3050,0,0.21875,145825.98080444336,3050,0,0.21875,146140.44914245605,3050,0,0.21875,357948.4622955322,3050,0,0.21875,141593.01066589355,3050,0,0.21875,135742.66188049316,3050,0,0.21875,135808.90301513672,3050,0,0.21875,94617.56495666504,16133.333333333334,0,0.3999999999999999,96768.00387573242,16133.333333333334,0,0.3999999999999999,8085412.869171143,2524,4398,400,2532,400,400,400,400,400,400,400,400,400,400,400,400,400,400,400,400,400,400,400,2426,400,5048,2483,3128,400,400,400,5055,10,0,45,0,4.761904716491699,0,45,45,45,47.619049072265625,0,45,47.619049072265625,0,45,0,0,47.36842346191406,0,0,47.619049072265625,45,45,0,0,0,100,0,47.36842346191406,47.36842346191406,0,47.619049072265625,20475,15889,128930,70,91,20475,13174,33890,59,0,66718990336,8589930496,23237599232,524288
199,1790686222995,444656.4876861572,3050,2,0.21875,91782.26594543457,48800,2,0.93125,93307.83586120605,48800,2,0.93125,95968.12075805664,48800,2,0.93125,98945.94682312012,48800,2,0.93125,90539.23568725586,48800,2,0.93125,88413.42555236816,48800,2,0.93125,140821.83572387695,3050,2,0.21875,145826.26319885254,3050,2,0.21875,146140.7173461914,3050,0,0.21875,357950.6440887451,3050,0,0.21875,141593.3609161377,3050,2,0.21875,135743.0274963379,3050,2,0.21875,135809.24571228027,3050,2,0.21875,94617.77296447754,48800,2,0.93125,96768.15682983398,48800,2,0.93125,8085433.169876099,2524,4398,400,2532,400,400,400,400,400,400,400,400,400,400,400,400,400,400,400,400,400,400,400,2426,400,5048,2483,3128,400,400,400,5055,20,0,50,0,0,0,51.28205490112305,50,50,51.28205490112305,0,50,51.28205490112305,82.5,51.28205490112305,0,0,50,0,0,50,51.28205490112305,50,0,0,0,17.5,0,50,51.219512939453125,0,50,20475,15889,128881,70,92,20475,13174,33890,59,0,66718990336,8589930496,23235055616,524288
199,1790686223195,444656.8494567871,3050,0,0.22499999999999987,91782.43046569824,16133.333333333334,0,0.3999999999999999,93307.9979095459,16133.333333333334,0,0.3999999999999999,95968.28369140625,16133.333333333334,0,0.3999999999999999,98946.1050415039,16133.333333333334,0,0.3999999999999999,90539.39852905273,16133.333333333334,0,0.3999999999999999,88413.5890045166,16133.333333333334,0,0.3999999999999999,140822.20629882813,3050,0,0.22499999999999987,145826.5489654541,3050,0,0.22499999999999987,146140.994140625,3050,0,0.22499999999999987,357952.823928833,3050,0,0.22499999999999987,141593.7325439453,3050,0,0.22499999999999987,135743.40481567383,3050,0,0.22499999999999987,135809.6037750244,3050,0,0.22499999999999987,94617.9923248291,16133.333333333334,0,0.3999999999999999,96768.31800842285,16133.333333333334,0,0.3999999999999999,8085453.43888855,2524,4398,400,2532,400,400,400,400,400,400,400,400,400,400,400,400,400,400,400,400,400,400,400,2426,400,5048,2483,3128,400,400,400,5055,20,0,50,0,0,0,51.28205490112305,50,50,51.28205490112305,0,50,51.28205490112305,82.5,51.28205490112305,0,0,50,0,0,50,51.28205490112305,50,0,0,0,17.5,0,50,51.219512939453125,0,50,20475,15889,128880,70,92,20475,13174,33890,59,0,66718990336,8589930496,23226376192,524288
199,1790686223395,444657.2041015625,3050,2,0.2124999999999999,91782.59410095215,48800,2,0.925,93308.16030883789,48800,2,0.925,95968.44506835938,48800,2,0.925,98946.2635345459,48800,2,0.925,90539.56156921387,48800,2,0.925,88413.75180053711,48800,2,0.925,140822.57431030273,3050,2,0.2124999999999999,145826.83499145508,3050,2,0.2124999999999999,146141.2724761963,3050,2,0.2124999999999999,357955.0119781494,3050,0,0.2124999999999999,141594.099609375,3050,2,0.2124999999999999,135743.781539917,3050,2,0.2124999999999999,135809.96186828613,3050,2,0.2124999999999999,94618.20950317383,48800,2,0.925,96768.47883605957,48800,2,0.925,8085473.92427063,2524,4398,400,2532,400,400,400,400,400,400,400,400,400,400,400,400,400,400,400,400,400,400,400,2426,400,5048,2483,3128,400,400,400,5055,12.5,0,52.499996185302734,0,0,0,51.219512939453125,51.28205490112305,50,50,0,51.28205490112305,50,100,50,0,0,50,0,0,50,51.219512939453125,51.28205490112305,0,0,0,0,0,51.219512939453125,50,0,50,20475,15889,128912,70,92,20475,13174,33852,59,0,66718990336,8589930496,23235407872,524288
199,1790686223595,444657.63624572754,3050,0,0.22499999999999987,91782.75457763672,16133.333333333334,0,0.40625,93308.31986999512,16133.333333333334,0,0.40625,95968.60380554199,16133.333333333334,0,0.40625,98946.41889953613,16133.333333333334,0,0.40625,90539.72050476074,16133.333333333334,0,0.40625,88413.88934326172,16133.333333333334,0,0.40625,140822.94096374512,3050,0,0.22499999999999987,145827.11029052734,3050,0,0.22499999999999987,146141.54621887207,3050,0,0.22499999999999987,357957.0736236572,3050,0,0.22499999999999987,141594.4073486328,3050,0,0.22499999999999987,135744.0776977539,3050,2,0.22499999999999987,135810.3892364502,3050,0,0.22499999999999987,94618.42288208008,16133.333333333334,0,0.40625,96768.61196899414,16133.333333333334,0,0.40625,8085494.15788269,2524,4398,400,2532,400,400,400,400,400,400,400,400,400,400,400,400,400,400,400,400,400,400,400,2426,400,5048,2483,3128,400,400,400,5055,19.047618865966797,0,47.619049072265625,0,0,0,47.36842346191406,42.85714340209961,50,50,0,50,50,90,40,4.761904716491699,0,50,0,0,50,47.36842346191406,47.619049072265625,0,0,0,20,15.000000953674316,40,50,0,42.105262756347656,20475,15889,128917,70,92,20475,13174,33852,59,0,66718990336,8589930496,23235403776,524288
199,1790686223795,444659.4139251709,3050,0,0.22499999999999987,91782.9507598877,16133.333333333334,0,0.38749999999999996,93308.51416015625,16133.333333333334,0,0.38749999999999996,95968.85131835938,16133.333333333334,0,0.38749999999999996,98946.59126281738,16133.333333333334,0,0.38749999999999996,90539.8988494873,16133.333333333334,0,0.38749999999999996,88414.13732910156,16133.333333333334,0,0.38749999999999996,140823.32954406738,3050,0,0.22499999999999987,145827.43272399902,3050,0,0.22499999999999987,146141.8239593506,3050,0,0.22499999999999987,357957.41677856445,3050,0,0.22499999999999987,141594.78398132324,3050,0,0.22499999999999987,135744.39053344727,3050,0,0.22499999999999987,135810.75437927246,3050,0,0.22499999999999987,94618.66728210449,16133.333333333334,0,0.38749999999999996,96768.8190612793,16133.333333333334,0,0.38749999999999996,8085514.400970459,2524,4398,400,2532,400,400,400,400,400,400,400,400,400,400,400,400,400,400,400,400,400,400,400,2426,400,5048,2483,3128,400,400,400,5055,19.047618865966797,0,47.619049072265625,0,0,0,47.36842346191406,42.85714340209961,50,50,0,50,50,90,40,4.761904716491699,0,50,0,0,50,47.36842346191406,47.619049072265625,0,0,0,20,15.000000953674316,40,50,0,42.105262756347656,20475,15889,128938,70,90,20475,13174,33852,59,0,66718990336,8589930496,23247769600,524288
199,1790686223995,444659.8638153076,3050,2,0.22499999999999987,91783.11163330078,48800,2,0.93125,93308.67247009277,48800,2,0.93125,95969.0085144043,48800,2,0.93125,98946.92002868652,48800,2,0.93125,90540.05534362793,48800,2,0.93125,88414.29946899414,48800,2,0.93125,140823.6764831543,3050,2,0.22499999999999987,145828.0709991455,3050,2,0.22499999999999987,146142.08085632324,3050,2,0.22499999999999987,357958.6041870117,3050,0,0.22499999999999987,141595.12435913086,3050,2,0.22499999999999987,135744.6729736328,3050,2,0.22499999999999987,135811.08573913574,3050,2,0.22499999999999987,94618.87828063965,48800,2,0.93125,96769.08647155762,48800,2,0.93125,8085534.369369507,2524,4398,400,2532,400,400,400,400,400,400,400,400,400,400,400,400,400,400,400,400,400,400,400,2426,400,5048,2483,3128,400,400,400,5055,48.71794891357422,0,50,4.878048419952393,0,7.500000476837158,48.780487060546875,35,50,48.780487060546875,10,48.780487060546875,47.5,0,50,0,0,50,15.384615898132324,0,50,50,50,0,0,2.5,62.5,0,41.02564239501953,50,0,41.46341323852539,20475,15889,128844,70,91,20475,13174,33852,59,0,66718990336,8589930496,23232278528,524288
199,1790686224195,444660.2095031738,3050,0,0.22499999999999987,91783.27763366699,16133.333333333334,0,0.3999999999999999,93308.83660888672,16133.333333333334,0,0.3999999999999999,95969.17431640625,16133.333333333334,0,0.3999999999999999,98947.08067321777,16133.333333333334,0,0.3999999999999999,90540.22108459473,16133.333333333334,0,0.3999999999999999,88414.46209716797,16133.333333333334,0,0.3999999999999999,140824.0509185791,3050,0,0.22499999999999987,145828.3684539795,3050,0,0.22499999999999987,146142.3635559082,3050,0,0.22499999999999987,357960.74548339844,3050,0,0.22499999999999987,141595.4951019287,3050,0,0.22499999999999987,135744.97566223145,3050,0,0.22499999999999987,135811.455368042,3050,0,0.22499999999999987,94619.10154724121,16133.333333333334,0,0.3999999999999999,96769.24893188477,16133.333333333334,0,0.3999999999999999,8085554.618118286,2524,4398,400,2532,400,400,400,400,400,400,400,400,400,400,400,400,400,400,400,400,400,400,400,2426,400,5048,2483,3128,400,400,400,5055,48.71794891357422,0,50,4.878048419952393,0,7.500000476837158,48.780487060546875,35,50,48.780487060546875,10,48.780487060546875,47.5,0,50,0,0,50,15.384615898132324,0,50,50,50,0,0,2.5,62.5,0,41.02564239501953,50,0,41.46341323852539,20475,15889,128711,70,90,20475,13174,33852,58,0,66718990336,8589930496,23233036288,524288
199,1790686224395,444660.5642089844,3050,2,0.21875,91783.44694519043,48800,2,0.925,93309.00160217285,48800,2,0.925,95969.34063720703,48800,2,0.925,98947.24197387695,48800,2,0.925,90540.38868713379,48800,2,0.925,88414.62553405762,48800,2,0.925,140824.4261932373,3050,2,0.21875,145828.6609802246,3050,2,0.21875,146142.64428710938,3050,2,0.21875,357962.9641265869,3050,0,0.21875,141595.85398864746,3050,2,0.21875,135745.27543640137,3050,2,0.21875,135811.82078552246,3050,2,0.21875,94619.32484436035,48800,2,0.925,96769.41401672363,48800,2,0.925,8085575.200408936,2524,4398,400,2532,400,400,400,400,400,400,400,400,400,400,400,400,400,400,400,400,400,400,400,2426,400,5048,2483,3128,400,400,400,5055,12.5,0,51.219512939453125,0,0,0,51.28205490112305,51.28205490112305,50,51.28205490112305,50,51.28205490112305,0,0,50,0,0,50,50,0,50,50,51.28205490112305,0,0,0,100,0,50,51.28205490112305,0,0,20475,15889,128625,70,91,20475,13174,33839,58,0,66718990336,8589930496,23233036288,524288
199,1790686224595,444660.9274902344,3050,0,0.22499999999999987,91783.60412597656,16133.333333333334,0,0.40625,93309.1551361084,16133.333333333334,0,0.40625,95969.49578857422,16133.333333333334,0,0.40625,98947.39208984375,16133.333333333334,0,0.40625,90540.54345703125,16133.333333333334,0,0.40625,88414.77897644043,16133.333333333334,0,0.40625,140824.79223632813,3050,0,0.22499999999999987,145828.95051574707,3050,0,0.22499999999999987,146142.91186523438,3050,0,0.22499999999999987,357965.17027282715,3050,0,0.22499999999999987,141596.20553588867,3050,0,0.22499999999999987,135745.5555419922,3050,0,0.22499999999999987,135812.1794281006,3050,0,0.22499999999999987,94619.53282165527,16133.333333333334,0,0.40625,96769.5668182373,16133.333333333334,0,0.40625,8085595.449630737,2524,4398,400,2532,400,400,400,400,400,400,400,400,400,400,400,400,400,400,400,400,400,400,400,2426,400,5048,2483,3128,400,400,400,5055,12.5,0,51.219512939453125,0,0,0,51.28205490112305,51.28205490112305,50,51.28205490112305,50,51.28205490112305,0,0,50,0,0,50,50,0,50,50,51.28205490112305,0,0,0,100,0,50,51.28205490112305,0,0,20475,15889,128619,71,92,20475,13174,33839,58,0,66718990336,8589930496,23233036288,524288
199,1790686224795,444661.3363800049,3050,0,0.22499999999999987,91783.7875366211,16133.333333333334,0,0.3999999999999999,93309.3321685791,16133.333333333334,0,0.3999999999999999,95969.67567443848,16133.333333333334,0,0.3999999999999999,98947.56523132324,16133.333333333334,0,0.3999999999999999,90540.72079467773,16133.333333333334,0,0.3999999999999999,88414.95588684082,16133.333333333334,0,0.3999999999999999,140825.19143676758,3050,0,0.22499999999999987,145829.26791381836,3050,0,0.22499999999999987,146143.20707702637,3050,0,0.22499999999999987,357967.38204956055,3050,0,0.22499999999999987,141596.5933227539,3050,0,0.22499999999999987,135745.85064697266,3050,0,0.22499999999999987,135812.56442260742,3050,0,0.22499999999999987,94619.80961608887,16133.333333333334,0,0.3999999999999999,96769.74174499512,16133.333333333334,0,0.3999999999999999,8085616.299667358,2524,4398,400,2532,400,400,400,400,400,400,400,400,400,400,400,400,400,400,400,400,400,400,400,2426,400,5048,2483,3128,400,400,400,5055,17.5,0,50,0,0,0,50,50,51.28205490112305,50,51.28205490112305,50,0,0,50,41.02564239501953,2.4390242099761963,50,50,0,51.28205490112305,50,50,0,0,0,100,0,10,50,5,0,20475,15889,128905,71,90,20475,13174,33839,58,0,66718990336,8589930496,23228043264,524288
199,1790686224995,444661.6664123535,3050,0,0.2124999999999999,91783.9408416748,48800,2,0.40625,93309.48310852051,48800,2,0.40625,95969.83000183105,48800,2,0.40625,98947.7133026123,48800,2,0.55625,90540.87133789063,48800,2,0.55625,88415.08853149414,48800,2,0.55625,140825.57975769043,3050,2,0.2124999999999999,145829.57649230957,3050,2,0.2124999999999999,146143.46905517578,3050,2,0.2124999999999999,357969.59771728516,3050,0,0.2124999999999999,141596.94163513184,3050,2,0.2124999999999999,135746.11137390137,3050,2,0.2124999999999999,135812.90048217773,3050,2,0.2124999999999999,94620.01469421387,48800,2,0.40625,96769.89305114746,48800,2,0.40625,8085636.46925354,2524,4398,400,2532,400,400,400,400,400,400,400,400,400,400,400,400,400,400,400,400,400,400,400,2426,400,5048,2483,3128,400,400,400,5055,0,23.809524536132813,45,0,0,0,10,42.85714340209961,38.095237731933594,45,47.619049072265625,45,0,0,47.36842346191406,47.619049072265625,36.842105865478516,50,47.619049072265625,0,45,47.619049072265625,47.619049072265625,0,35,0,100,0,0,10,0,0,20475,15889,128951,71,91,20475,13174,33839,58,0,66718990336,8589930496,23214456832,524288
199,1790686225195,444662.0040283203,3050,0,0.22499999999999987,91784.11581420898,16133.333333333334,0,0.3999999999999999,93309.65296936035,16133.333333333334,0,0.3999999999999999,95970.00430297852,16133.333333333334,0,0.3999999999999999,98947.8857421875,16133.333333333334,0,0.3999999999999999,90541.04403686523,16133.333333333334,0,0.3999999999999999,88415.25941467285,16133.333333333334,0,0.3999999999999999,140825.96376037598,3050,0,0.22499999999999987,145829.98498535156,3050,0,0.22499999999999987,146143.7667541504,3050,0,0.22499999999999987,357971.83447265625,3050,0,0.22499999999999987,141597.33644104004,3050,0,0.22499999999999987,135746.45376586914,3050,0,0.22499999999999987,135813.2716064453,3050,0,0.22499999999999987,94620.24942016602,16133.333333333334,0,0.3999999999999999,96770.0678100586,16133.333333333334,0,0.3999999999999999,8085657.113739014,2524,4398,400,2532,400,400,400,400,400,400,400,400,400,400,400,400,400,400,400,400,400,400,400,2426,400,5048,2483,3128,400,400,400,5055,33.333335876464844,0,55,0,0,0,0,52.6315803527832,10.526315689086914,55,55,55,0,0,52.38095474243164,52.38095474243164,25,50,55,0,55,55,52.6315803527832,0,55,0,100,0,28.571430206298828,25,0,0,20475,15889,128885,71,91,20475,13174,33839,58,0,66718990336,8589930496,23231225856,524288
199,1790686225395,444662.41958618164,3050,2,0.2124999999999999,91784.27751159668,48800,2,0.575,93309.80859375,48800,2,0.575,95970.16520690918,48800,2,0.575,98948.04483032227,48800,2,0.93125,90541.2026977539,16133.333333333334,2,0.93125,88415.41696166992,16133.333333333334,0,0.93125,140826.3250732422,3050,2,0.2124999999999999,145830.36598205566,3050,0,0.2124999999999999,146144.04289245605,3050,2,0.2124999999999999,357974.05073547363,3050,0,0.2124999999999999,141597.69677734375,3050,0,0.2124999999999999,135746.73136901855,3050,0,0.2124999999999999,135813.62167358398,3050,0,0.2124999999999999,94620.46484375,48800,2,0.575,96770.22805786133,48800,2,0.575,8085677.513168335,2524,4398,400,2532,400,400,400,400,400,400,400,400,400,400,400,400,400,400,400,400,400,400,400,2426,400,5048,2483,3128,400,400,400,5055,45,0,47.36842346191406,0,0,0,0,47.619049072265625,14.285715103149414,50,45,50,5,0,50,21.052631378173828,0,50,47.36842346191406,4.761904716491699,47.619049072265625,47.36842346191406,47.619049072265625,0,47.36842346191406,0,100,0,26.3157901763916,50,0,0,20475,15889,128881,71,91,20475,13174,33816,58,0,66718990336,8589930496,23231225856,524288
199,1790686225595,444662.85343933105,3050,0,0.22499999999999987,91784.4383392334,16133.333333333334,0,0.40625,93309.96394348145,16133.333333333334,0,0.40625,95970.32652282715,16133.333333333334,0,0.40625,98948.20266723633,16133.333333333334,0,0.40625,90541.36083984375,16133.333333333334,0,0.40625,88415.57325744629,16133.333333333334,0,0.40625,140826.6859588623,3050,0,0.22499999999999987,145830.7326812744,3050,0,0.22499999999999987,146144.31591796875,3050,0,0.22499999999999987,357976.26820373535,3050,0,0.22499999999999987,141598.04364013672,3050,0,0.22499999999999987,135747.0104827881,3050,0,0.22499999999999987,135813.96989440918,3050,0,0.22499999999999987,94620.67932128906,16133.333333333334,0,0.40625,96770.38507080078,16133.333333333334,0,0.40625,8085697.855941772,2524,4398,400,2532,400,400,400,400,400,400,400,400,400,400,400,400,400,400,400,400,400,400,400,2426,400,5048,2483,3128,400,400,400,5055,45,0,47.36842346191406,0,0,0,0,47.619049072265625,14.285715103149414,50,45,50,5,0,50,21.052631378173828,0,50,47.36842346191406,4.761904716491699,47.619049072265625,47.36842346191406,47.619049072265625,0,47.36842346191406,0,100,0,26.3157901763916,50,0,0,20475,15889,128931,71,92,20475,13174,33816,58,0,66718990336,8589930496,23231221760,524288
199,1790686225795,444663.2277984619,3050,2,0.21875,91784.60789489746,48800,2,0.6,93310.12789916992,48800,2,0.6,95970.49507141113,48800,2,0.6,98948.3868560791,48800,2,0.6,90541.52757263184,16133.333333333334,2,0.575,88415.73971557617,16133.333333333334,2,0.575,140827.06727600098,3050,2,0.21875,145831.13038635254,3050,0,0.21875,146144.6004333496,3050,2,0.21875,357978.4913787842,3050,0,0.21875,141598.41355895996,3050,2,0.21875,135747.3063812256,3050,2,0.21875,135814.34176635742,3050,0,0.21875,94620.9058227539,48800,2,0.6,96770.55059814453,48800,2,0.6,8085718.474487305,2524,4398,400,2532,400,400,400,400,400,400,400,400,400,400,400,400,400,400,400,400,400,400,400,2426,400,5048,2483,3128,400,400,400,5055,51.28205490112305,0,51.219512939453125,0,0,0,0,51.28205490112305,10.256410598754883,50,51.28205490112305,50,0,0,50,0,0,50,50,0,51.28205490112305,50,51.28205490112305,0,51.219512939453125,2.4390242099761963,100,0,50,50,0,0,20475,15889,128955,71,92,20475,13174,33816,58,0,66718990336,8589930496,23231479808,524288
199,1790686225995,444663.5750732422,3050,0,0.2124999999999999,91784.76541137695,16133.333333333334,0,0.40625,93310.28004455566,16133.333333333334,0,0.40625,95970.65878295898,16133.333333333334,0,0.40625,98948.5938873291,16133.333333333334,0,0.40625,90541.68118286133,16133.333333333334,0,0.40625,88415.90365600586,16133.333333333334,0,0.40625,140827.42930603027,3050,0,0.2124999999999999,145831.49026489258,3050,0,0.2124999999999999,146144.86531066895,3050,0,0.2124999999999999,357980.7135925293,3050,0,0.2124999999999999,141598.7508544922,3050,0,0.2124999999999999,135747.5789489746,3050,0,0.2124999999999999,135814.67971801758,3050,0,0.2124999999999999,94621.11357116699,16133.333333333334,0,0.40625,96770.70573425293,16133.333333333334,0,0.40625,8085738.898223877,2524,4398,400,2532,400,400,400,400,400,400,400,400,400,400,400,400,400,400,400,400,400,400,400,2426,400,5048,2483,3128,400,400,400,5055,51.28205490112305,0,51.219512939453125,0,0,0,0,51.28205490112305,10.256410598754883,50,51.28205490112305,50,0,0,50,0,0,50,50,0,51.28205490112305,50,51.28205490112305,0,51.219512939453125,2.4390242099761963,100,0,50,50,0,0,20475,15889,128967,71,90,20475,13174,33816,58,0,66718990336,8589930496,23219564544,524288
199,1790686226195,444663.94638061523,3050,0,0.22499999999999987,91784.94229125977,16133.333333333334,0,0.3999999999999999,93310.45327758789,16133.333333333334,0,0.3999999999999999,95970.8337097168,16133.333333333334,0,0.3999999999999999,98948.76878356934,16133.333333333334,0,0.3999999999999999,90541.85494995117,16133.333333333334,0,0.3999999999999999,88416.0768737793,16133.333333333334,0,0.3999999999999999,140827.81311035156,3050,0,0.22499999999999987,145831.7991027832,3050,0,0.22499999999999987,146145.15928649902,3050,0,0.22499999999999987,357982.9380340576,3050,0,0.22499999999999987,141599.13011169434,3050,0,0.22499999999999987,135747.8850402832,3050,0,0.22499999999999987,135815.0573272705,3050,0,0.22499999999999987,94621.35070800781,16133.333333333334,0,0.3999999999999999,96770.88478088379,16133.333333333334,0,0.3999999999999999,8085759.522201538,2524,4398,400,2532,400,400,400,400,400,400,400,400,400,400,400,400,400,400,400,400,400,400,400,2426,400,5048,2483,3128,400,400,400,5055,51.219512939453125,0,50,0,0,9.756096839904785,0,50,12.195121765136719,50,51.219512939453125,50,0,0,50,0,0,50,51.219512939453125,0,50,51.219512939453125,50,0,50,0,100,0,51.219512939453125,50,0,5,20475,15889,129075,71,92,20475,13174,33816,58,0,66718990336,8589930496,23217655808,524288
199,1790686226395,444664.2950897217,3050,0,0.2124999999999999,91785.09780883789,48800,2,0.6,93310.60293579102,48800,2,0.6,95970.98638916016,48800,2,0.6,98948.91780090332,48800,2,0.6,90542.00688171387,48800,2,0.6,88416.22856140137,48800,2,0.6,140828.152053833,3050,2,0.2124999999999999,145832.0705871582,3050,0,0.2124999999999999,146145.42742919922,3050,2,0.2124999999999999,357985.1697998047,3050,0,0.2124999999999999,141599.46551513672,3050,2,0.2124999999999999,135748.15925598145,3050,2,0.2124999999999999,135815.38970947266,3050,2,0.2124999999999999,94621.55548095703,48800,2,0.6,96771.03733825684,48800,2,0.6,8085779.746948242,2524,4398,400,2532,400,400,400,400,400,400,400,400,400,400,400,400,400,400,400,400,400,400,400,2426,400,5048,2483,3128,400,400,400,5055,45,0,45,0,0,0,0,47.619049072265625,10.526315689086914,45,45,45,0,0,45,0,0,50,45,0,45,45,47.619049072265625,0,45,0,100,0,45,47.619049072265625,0,0,20475,15889,128989,71,92,20475,13174,33806,58,0,66718990336,8589930496,23217651712,524288
199,1790686226595,444664.65504455566,3050,0,0.22499999999999987,91785.26960754395,16133.333333333334,0,0.3999999999999999,93310.76864624023,16133.333333333334,0,0.3999999999999999,95971.15579223633,16133.333333333334,0,0.3999999999999999,98949.08377075195,16133.333333333334,0,0.3999999999999999,90542.17549133301,16133.333333333334,0,0.3999999999999999,88416.39862060547,16133.333333333334,0,0.3999999999999999,140828.5302581787,3050,0,0.22499999999999987,145832.37913513184,3050,0,0.22499999999999987,146145.71459960938,3050,0,0.22499999999999987,357987.3965148926,3050,0,0.22499999999999987,141599.83921813965,3050,0,0.22499999999999987,135748.45323181152,3050,0,0.22499999999999987,135815.7635192871,3050,0,0.22499999999999987,94621.78536987305,16133.333333333334,0,0.3999999999999999,96771.20626831055,16133.333333333334,0,0.3999999999999999,8085800.236068726,2524,4398,400,2532,400,400,400,400,400,400,400,400,400,400,400,400,400,400,400,400,400,400,400,2426,400,5048,2483,3128,400,400,400,5055,45,0,45,0,0,0,0,47.619049072265625,10.526315689086914,45,45,45,0,0,45,0,0,50,45,0,45,45,47.619049072265625,0,45,0,100,0,45,47.619049072265625,0,0,20475,15889,129009,71,92,20475,13174,33806,58,0,66718990336,8589930496,23217651712,524288
199,1790686226795,444665.029586792,3050,0,0.2124999999999999,91785.42916870117,16133.333333333334,0,0.40625,93310.92265319824,16133.333333333334,2,0.40625,95971.31295776367,16133.333333333334,2,0.40625,98949.23864746094,16133.333333333334,2,0.40625,90542.33187866211,16133.333333333334,2,0.40625,88416.55633544922,16133.333333333334,2,0.40625,140828.8842010498,3050,2,0.2124999999999999,145832.66438293457,3050,0,0.2124999999999999,146145.99240112305,3050,2,0.2124999999999999,357989.62283325195,3050,0,0.2124999999999999,141600.19441223145,3050,2,0.2124999999999999,135748.72888183594,3050,2,0.2124999999999999,135816.11260986328,3050,2,0.2124999999999999,94621.99725341797,16133.333333333334,2,0.40625,96771.3628540039,16133.333333333334,2,0.40625,8085820.533081055,2524,4398,400,2532,400,400,400,400,400,400,400,400,400,400,400,400,400,400,400,400,400,400,400,2426,400,5048,2483,3128,400,400,400,5055,51.28205490112305,0,50,0,0,0,0,50,12.195121765136719,50,50,50,0,0,51.28205490112305,42.5,0,50,51.28205490112305,0,50,51.28205490112305,50,0,50,0,100,0,5.128205299377441,51.28205490112305,0,0,20475,15889,128912,71,92,20475,13174,33806,58,0,66718990336,8589930496,23217401856,524288
199,1790686226996,444665.4868469238,3050,0,0.22499999999999987,91785.59637451172,16133.333333333334,0,0.3999999999999999,93311.08354187012,16133.333333333334,0,0.3999999999999999,95971.47689819336,16133.333333333334,0,0.3999999999999999,98949.39868164063,16133.333333333334,0,0.3999999999999999,90542.49450683594,16133.333333333334,0,0.3999999999999999,88416.7296295166,16133.333333333334,0,0.3999999999999999,140829.26908874512,3050,0,0.22499999999999987,145832.97764587402,3050,0,0.22499999999999987,146146.27172851563,3050,0,0.22499999999999987,357991.8515472412,3050,0,0.22499999999999987,141600.57431030273,3050,0,0.22499999999999987,135749.00674438477,3050,0,0.22499999999999987,135816.46533203125,3050,0,0.22499999999999987,94622.21949768066,16133.333333333334,0,0.3999999999999999,96771.52745056152,16133.333333333334,0,0.3999999999999999,8085841.209732056,2524,4398,400,2532,400,400,400,400,400,400,400,400,400,400,400,400,400,400,400,400,400,400,400,2426,400,5048,2483,3128,400,400,400,5055,50,0,50,0,0,0,0,50,35,52.6315803527832,50,55,0,0,50,50,0,50,50,0,50,50,50,0,52.6315803527832,0,100,0,0,50,0,0,20475,15889,128926,71,92,20475,13174,33806,58,0,66718990336,8589930496,23214751744,524288
199,1790686227196,444665.860748291,3050,2,0.2124999999999999,91785.7643737793,48800,2,0.925,93311.2472076416,48800,2,0.925,95971.64273071289,48800,2,0.925,98949.56332397461,48800,2,0.925,90542.66059875488,48800,2,0.925,88416.89393615723,48800,2,0.925,140829.65057373047,3050,2,0.2124999999999999,145833.28535461426,3050,2,0.2124999999999999,146146.5558013916,3050,2,0.2124999999999999,357994.07705688477,3050,0,0.2124999999999999,141600.96813964844,3050,2,0.2124999999999999,135749.2971496582,3050,2,0.2124999999999999,135816.8299560547,3050,2,0.2124999999999999,94622.44438171387,48800,2,0.925,96771.69256591797,48800,2,0.925,8085861.847305298,2524,4398,400,2532,400,400,400,400,400,400,400,400,400,400,400,400,400,400,400,400,400,400,400,2426,400,5048,2483,3128,400,400,400,5055,50,0,52.6315803527832,0,4.761904716491699,0,0,52.6315803527832,10,50,50,50,4.761904716491699,0,50,50,0,50,50,0,50,50,52.6315803527832,0,50,0,100,9.523809432983398,0,50,0,0,20475,15889,129027,71,92,20475,13174,33806,58,0,66718990336,8589930496,23215009792,524288
199,1790686227396,444666.15997314453,3050,0,0.22499999999999987,91785.92555236816,16133.333333333334,0,0.40625,93311.40316772461,16133.333333333334,0,0.40625,95971.80197143555,16133.333333333334,0,0.40625,98949.72143554688,16133.333333333334,0,0.40625,90542.81903076172,16133.333333333334,0,0.40625,88417.07389831543,16133.333333333334,0,0.40625,140830.0163116455,3050,0,0.22499999999999987,145833.5712738037,3050,0,0.22499999999999987,146146.82498168945,3050,0,0.22499999999999987,357996.3021697998,3050,0,0.22499999999999987,141601.31378173828,3050,0,0.22499999999999987,135749.57412719727,3050,0,0.22499999999999987,135817.17295837402,3050,0,0.22499999999999987,94622.68486022949,16133.333333333334,0,0.40625,96771.85232543945,16133.333333333334,0,0.40625,8085882.081832886,2524,4398,400,2532,400,400,400,400,400,400,400,400,400,400,400,400,400,400,400,400,400,400,400,2426,400,5048,2483,3128,400,400,400,5055,50,0,52.6315803527832,0,4.761904716491699,0,0,52.6315803527832,10,50,50,50,4.761904716491699,0,50,50,0,50,50,0,50,50,52.6315803527832,0,50,0,100,9.523809432983398,0,50,0,0,20475,15889,129055,71,92,20475,13174,33793,58,0,66718990336,8589930496,23223009280,524288
199,1790686227596,444666.52616882324,3050,2,0.2124999999999999,91786.10189819336,16133.333333333334,2,0.39375000000000004,93311.57287597656,16133.333333333334,2,0.39375000000000004,95971.97528076172,16133.333333333334,2,0.39375000000000004,98949.89442443848,16133.333333333334,0,0.39375000000000004,90542.99230957031,16133.333333333334,2,0.39375000000000004,88417.2465057373,16133.333333333334,2,0.39375000000000004,140830.40452575684,3050,2,0.2124999999999999,145833.8762512207,3050,0,0.2124999999999999,146147.11378479004,3050,2,0.2124999999999999,357998.5294494629,3050,0,0.2124999999999999,141601.68899536133,3050,2,0.2124999999999999,135749.88761901855,3050,2,0.2124999999999999,135817.54106140137,3050,0,0.2124999999999999,94622.94290161133,16133.333333333334,2,0.39375000000000004,96772.02534484863,16133.333333333334,2,0.39375000000000004,8085902.8614349365,2524,4398,400,2532,400,400,400,400,400,400,400,400,400,400,400,400,400,400,400,400,400,400,400,2426,400,5048,2483,3128,400,400,400,5055,51.219512939453125,0,50,0,0,0,0,50,0,51.219512939453125,51.28205490112305,50,0,0,51.219512939453125,51.28205490112305,0,50,50,0,52.499996185302734,50,50,0,51.219512939453125,0,100,0,5,50,7.500000476837158,0,20475,15889,129063,71,91,20475,13174,33793,58,0,66718990336,8589930496,23222751232,524288
199,1790686227796,444666.90798950195,3050,2,0.2124999999999999,91786.25434875488,48800,2,0.925,93311.72346496582,48800,2,0.925,95972.12704467773,48800,2,0.925,98950.04289245605,48800,2,0.925,90543.14405822754,48800,2,0.925,88417.39738464355,48800,2,0.925,140830.79461669922,3050,2,0.2124999999999999,145834.16192626953,3050,2,0.2124999999999999,146147.38023376465,3050,2,0.2124999999999999,358000.7513885498,3050,0,0.2124999999999999,141602.0350036621,3050,0,0.2124999999999999,135750.11390686035,3050,2,0.2124999999999999,135817.87911987305,3050,2,0.2124999999999999,94623.14404296875,48800,2,0.925,96772.17733764648,48800,2,0.925,8085923.022872925,2524,4398,400,2532,400,400,400,400,400,400,400,400,400,400,400,400,400,400,400,400,400,400,400,2426,400,5048,2483,3128,400,400,400,5055,47.36842346191406,20,19.047618865966797,0,0,0,0,47.36842346191406,0,45,45,45,0,0,45,14.285715103149414,0,47.36842346191406,45,25,45,45,45,0,45,0,100,0,25,45,0,0,20475,15889,128949,71,91,20475,13174,33793,58,0,66718990336,8589930496,23226617856,524288
199,1790686227996,444667.3571166992,3050,0,0.22499999999999987,91786.4683380127,16133.333333333334,0,0.3999999999999999,93311.8943939209,16133.333333333334,0,0.3999999999999999,95972.30484008789,16133.333333333334,0,0.3999999999999999,98950.22096252441,16133.333333333334,0,0.3999999999999999,90543.34313964844,16133.333333333334,0,0.3999999999999999,88417.52656555176,16133.333333333334,0,0.3999999999999999,140831.1768951416,3050,0,0.22499999999999987,145834.47746276855,3050,0,0.22499999999999987,146147.6670074463,3050,0,0.22499999999999987,358002.97428894043,3050,0,0.22499999999999987,141602.41354370117,3050,0,0.22499999999999987,135750.43409729004,3050,0,0.22499999999999987,135818.20666503906,3050,0,0.22499999999999987,94623.38079833984,16133.333333333334,0,0.3999999999999999,96772.35092163086,16133.333333333334,0,0.3999999999999999,8085943.729019165,2524,4398,400,2532,400,400,400,400,400,400,400,400,400,400,400,400,400,400,400,400,400,400,400,2426,400,5048,2483,3128,400,400,400,5055,20,0,15.000000953674316,0,0,0,0,38.095237731933594,50,52.6315803527832,55,55,0,0,52.6315803527832,50,0,52.38095474243164,55,55,50,55,55,0,57.894737243652344,0,100,0,20,47.619049072265625,0,0,20475,15889,128960,71,92,20475,13174,33793,58,0,66718990336,8589930496,23218257920,524288
199,1790686228196,444667.7141571045,3050,2,0.2124999999999999,91786.62455749512,48800,2,0.58125,93312.05381774902,48800,2,0.58125,95972.46241760254,48800,2,0.58125,98950.3772277832,48800,2,0.58125,90543.49755859375,48800,2,0.58125,88417.68322753906,48800,2,0.58125,140831.5457611084,3050,2,0.2124999999999999,145834.76484680176,3050,2,0.2124999999999999,146147.93836975098,3050,0,0.2124999999999999,358005.21295166016,3050,0,0.2124999999999999,141602.7760925293,3050,0,0.2124999999999999,135750.70722961426,3050,2,0.2124999999999999,135818.54635620117,3050,2,0.2124999999999999,94623.59170532227,48800,2,0.58125,96772.50833129883,48800,2,0.58125,8085964.214263916,2524,4398,400,2532,400,400,400,400,400,400,400,400,400,400,400,400,400,400,400,400,400,400,400,2426,400,5048,2483,3128,400,400,400,5055,15.000000953674316,0,0,0,0,0,0,47.36842346191406,47.36842346191406,47.619049072265625,47.619049072265625,45,0,0,50,50,0,47.36842346191406,45,45,50,47.619049072265625,45,0,47.619049072265625,0,100,0,0,47.36842346191406,0,0,20475,15889,128946,71,92,20475,13174,33793,58,0,66718990336,8589930496,23227793408,524288
199,1790686228396,444668.07917785645,3050,0,0.22499999999999987,91786.78942871094,16133.333333333334,0,0.3999999999999999,93312.22085571289,16133.333333333334,0,0.3999999999999999,95972.62831115723,16133.333333333334,0,0.3999999999999999,98950.54200744629,16133.333333333334,0,0.3999999999999999,90543.66232299805,16133.333333333334,0,0.3999999999999999,88417.8498840332,16133.333333333334,0,0.3999999999999999,140831.85111999512,3050,0,0.22499999999999987,145835.05810546875,3050,0,0.22499999999999987,146148.21823120117,3050,0,0.22499999999999987,358007.42710876465,3050,0,0.22499999999999987,141603.16152954102,3050,0,0.22499999999999987,135750.99032592773,3050,0,0.22499999999999987,135818.90293884277,3050,0,0.22499999999999987,94623.81246948242,16133.333333333334,0,0.3999999999999999,96772.67358398438,16133.333333333334,0,0.3999999999999999,8085984.6374053955,2524,4398,400,2532,400,400,400,400,400,400,400,400,400,400,400,400,400,400,400,400,400,400,400,2426,400,5048,2483,3128,400,400,400,5055,15.000000953674316,0,0,0,0,0,0,47.36842346191406,47.36842346191406,47.619049072265625,47.619049072265625,45,0,0,50,50,0,47.36842346191406,45,45,50,47.619049072265625,45,0,47.619049072265625,0,100,0,0,47.36842346191406,0,0,20475,15889,128983,71,92,20475,13174,33733,58,0,66718990336,8589930496,23224938496,524288
199,1790686228596,444668.438079834,3050,2,0.2124999999999999,91786.95094299316,16133.333333333334,2,0.61875,93312.38565063477,16133.333333333334,2,0.61875,95972.79374694824,16133.333333333334,2,0.61875,98950.70120239258,16133.333333333334,2,0.61875,90543.82165527344,16133.333333333334,2,0.61875,88418.00857543945,16133.333333333334,2,0.61875,140832.14767456055,3050,2,0.2124999999999999,145835.35327148438,3050,0,0.2124999999999999,146148.49520874023,3050,0,0.2124999999999999,358009.6678466797,3050,0,0.2124999999999999,141603.5248260498,3050,0,0.2124999999999999,135751.26835632324,3050,0,0.2124999999999999,135819.24867248535,3050,2,0.2124999999999999,94624.02645874023,16133.333333333334,0,0.61875,96772.83306884766,16133.333333333334,2,0.61875,8086005.1125946045,2524,4398,400,2532,400,400,400,400,400,400,400,400,400,400,400,400,400,400,400,400,400,400,400,2426,400,5048,2483,3128,400,400,400,5055,10.256410598754883,0,0,2.4390242099761963,0,0,0,50,51.219512939453125,51.28205490112305,50,50,0,0,50,50,2.4390242099761963,50,52.499996185302734,50,50,51.28205490112305,51.219512939453125,0,50,0,100,0,0,50,0,0,20475,15889,128946,71,92,20475,13174,33733,58,0,66718990336,8589930496,23224938496,524288
199,1790686228796,444668.8103942871,3050,0,0.23124999999999996,91787.1091003418,16133.333333333334,0,0.40625,93312.54722595215,16133.333333333334,0,0.40625,95972.95306396484,16133.333333333334,0,0.40625,98950.86102294922,16133.333333333334,0,0.40625,90543.98236083984,16133.333333333334,0,0.40625,88418.16786193848,16133.333333333334,0,0.40625,140832.44244384766,3050,0,0.23124999999999996,145835.63691711426,3050,0,0.23124999999999996,146148.7699584961,3050,0,0.23124999999999996,358011.88092041016,3050,0,0.23124999999999996,141603.88523864746,3050,0,0.23124999999999996,135751.54176330566,3050,0,0.23124999999999996,135819.59159851074,3050,0,0.23124999999999996,94624.23843383789,16133.333333333334,0,0.40625,96772.99308776855,16133.333333333334,0,0.40625,8086025.523010254,2524,4398,400,2532,400,400,400,400,400,400,400,400,400,400,400,400,400,400,400,400,400,400,400,2426,400,5048,2483,3128,400,400,400,5055,10.256410598754883,0,0,2.4390242099761963,0,0,0,50,51.219512939453125,51.28205490112305,50,50,0,0,50,50,2.4390242099761963,50,52.499996185302734,50,50,51.28205490112305,51.219512939453125,0,50,0,100,0,0,50,0,0,20475,15889,129056,72,92,20475,13174,33733,58,0,66718990336,8589930496,23224938496,524288
199,1790686228996,444669.2342224121,3050,0,0.11250000000000004,91787.27687072754,48800,2,0.55,93312.71780395508,48800,2,0.55,95973.1224975586,48800,2,0.55,98951.0267791748,48800,2,0.55,90544.15284729004,48800,2,0.55,88418.33670043945,48800,2,0.55,140832.80075073242,3050,2,0.11250000000000004,145835.95133972168,3050,2,0.11250000000000004,146149.06010437012,3050,2,0.11250000000000004,358013.84634399414,3050,0,0.11250000000000004,141604.2831878662,3050,0,0.11250000000000004,135752.02616882324,3050,2,0.11250000000000004,135819.9814453125,3050,0,0.11250000000000004,94624.46252441406,48800,2,0.55,96773.16172790527,48800,2,0.55,8086046.327056885,2524,4398,400,2532,400,400,400,400,400,400,400,400,400,400,400,400,400,400,400,400,400,400,400,2426,400,5048,2483,3128,400,400,400,5055,14.634145736694336,2.5,0,0,0,0,0,51.219512939453125,50,50,50,51.28205490112305,0,12.195121765136719,50,50,0,51.219512939453125,50,51.28205490112305,50,50,51.28205490112305,0,50,0,92.5,0,5,51.219512939453125,0,0,20475,15889,129100,72,90,20475,13174,33733,58,0,66718990336,8589930496,23238127616,524288
199,1790686229196,444669.5703125,3050,0,0.22499999999999987,91787.42683410645,16133.333333333334,0,0.93125,93312.87063598633,16133.333333333334,0,0.63125,95973.27423095703,16133.333333333334,0,0.63125,98951.17724609375,16133.333333333334,0,0.63125,90544.30615234375,16133.333333333334,0,0.63125,88418.49090576172,16133.333333333334,0,0.63125,140833.08390808105,3050,0,0.22499999999999987,145836.23822021484,3050,0,0.22499999999999987,146149.32739257813,3050,0,0.22499999999999987,358015.99282836914,3050,0,0.22499999999999987,141604.64910888672,3050,0,0.22499999999999987,135752.3035888672,3050,0,0.22499999999999987,135820.3396911621,3050,0,0.22499999999999987,94624.66311645508,16133.333333333334,0,0.93125,96773.31243896484,16133.333333333334,0,0.93125,8086066.445404053,2524,4398,400,2532,400,400,400,400,400,400,400,400,400,400,400,400,400,400,400,400,400,400,400,2426,400,5048,2483,3128,400,400,400,5055,10,0,0,0,0,0,0,45,45,47.619049072265625,50,47.619049072265625,4.761904716491699,0,47.619049072265625,45,0,45,45,47.619049072265625,50,45,45,0,47.36842346191406,0,100,0,0,47.36842346191406,0,0,20475,15889,128986,72,92,20475,13174,33733,57,0,66718990336,8589930496,23237468160,524288
199,1790686229396,444671.0646209717,3050,0,0.23124999999999996,91787.6047668457,16133.333333333334,0,0.38749999999999996,93313.05497741699,16133.333333333334,0,0.38749999999999996,95973.45233154297,16133.333333333334,0,0.38749999999999996,98951.35549926758,16133.333333333334,0,0.38749999999999996,90544.48266601563,16133.333333333334,0,0.38749999999999996,88418.8324432373,16133.333333333334,0,0.38749999999999996,140833.39114379883,3050,0,0.23124999999999996,145836.52545166016,3050,0,0.23124999999999996,146149.6131286621,3050,0,0.23124999999999996,358016.6215362549,3050,0,0.23124999999999996,141605.0259399414,3050,0,0.23124999999999996,135752.5381011963,3050,0,0.23124999999999996,135820.70364379883,3050,0,0.23124999999999996,94624.95252990723,16133.333333333334,0,0.38749999999999996,96773.49209594727,16133.333333333334,0,0.38749999999999996,8086086.623382568,2524,4398,400,2532,400,400,400,400,400,400,400,400,400,400,400,400,400,400,400,400,400,400,400,2426,400,5048,2483,3128,400,400,400,5055,70,4.761904716491699,0,0,0,0,0,45,55,52.6315803527832,55,52.6315803527832,0,0,52.6315803527832,20,0,55,55,52.6315803527832,50,55,55,0,55,0,50,0,30.000001907348633,55,5,0,20475,15889,128977,72,91,20475,13174,33652,57,0,66718990336,8589930496,23237468160,524288
199,1790686229596,444671.4083404541,3050,0,0.21875,91787.8210144043,48800,2,0.58125,93313.21806335449,48800,2,0.58125,95973.61056518555,48800,2,0.58125,98951.51222229004,48800,2,0.58125,90544.63850402832,48800,2,0.58125,88419.03594970703,48800,2,0.58125,140833.86470031738,3050,2,0.21875,145836.79762268066,3050,0,0.21875,146149.8812866211,3050,0,0.21875,358018.4196166992,3050,0,0.21875,141605.37017822266,3050,0,0.21875,135752.80165100098,3050,2,0.21875,135821.034866333,3050,0,0.21875,94625.1657409668,48800,2,0.58125,96773.64784240723,48800,2,0.58125,8086106.755844116,2524,4398,400,2532,400,400,400,400,400,400,400,400,400,400,400,400,400,400,400,400,400,400,400,2426,400,5048,2483,3128,400,400,400,5055,10.526315689086914,10,5,0,0,0,0,42.105262756347656,47.36842346191406,47.619049072265625,45,47.619049072265625,0,0,47.619049072265625,0,0,47.36842346191406,45,47.619049072265625,50,45,45,0,47.619049072265625,0,90,0,45,45,0,0,20475,15889,129006,72,92,20475,13174,33652,57,0,66718990336,8589930496,23236190208,524288
199,1790686229796,444671.7587890625,3050,0,0.22499999999999987,91787.9877319336,16133.333333333334,0,0.3999999999999999,93313.38941955566,16133.333333333334,0,0.3999999999999999,95973.77792358398,16133.333333333334,0,0.3999999999999999,98951.67778015137,16133.333333333334,0,0.3999999999999999,90544.80213928223,16133.333333333334,0,0.3999999999999999,88419.2004699707,16133.333333333334,0,0.3999999999999999,140834.15997314453,3050,0,0.22499999999999987,145837.0835571289,3050,0,0.22499999999999987,146150.16046142578,3050,0,0.22499999999999987,358020.5918273926,3050,0,0.22499999999999987,141605.7381439209,3050,0,0.22499999999999987,135753.08317565918,3050,0,0.22499999999999987,135821.3935546875,3050,0,0.22499999999999987,94625.39231872559,16133.333333333334,0,0.3999999999999999,96773.81137084961,16133.333333333334,0,0.3999999999999999,8086127.153045654,2524,4398,400,2532,400,400,400,400,400,400,400,400,400,400,400,400,400,400,400,400,400,400,400,2426,400,5048,2483,3128,400,400,400,5055,10.526315689086914,10,5,0,0,0,0,42.105262756347656,47.36842346191406,47.619049072265625,45,47.619049072265625,0,0,47.619049072265625,0,0,47.36842346191406,45,47.619049072265625,50,45,45,0,47.619049072265625,0,90,0,45,45,0,0,20475,15889,128883,72,92,20475,13174,33652,57,0,66718990336,8589930496,23236186112,524288
199,1790686229996,444672.12284851074,3050,0,0.21875,91788.14956665039,16133.333333333334,2,0.40625,93313.55813598633,16133.333333333334,2,0.40625,95973.94132995605,16133.333333333334,2,0.40625,98951.85948181152,16133.333333333334,0,0.40625,90544.96249389648,16133.333333333334,2,0.40625,88419.36019897461,16133.333333333334,2,0.40625,140834.45750427246,3050,2,0.21875,145837.36672973633,3050,2,0.21875,146150.4361114502,3050,2,0.21875,358022.76989746094,3050,0,0.21875,141606.09719848633,3050,2,0.21875,135753.35995483398,3050,0,0.21875,135821.74305725098,3050,0,0.21875,94625.61137390137,16133.333333333334,2,0.40625,96773.96922302246,16133.333333333334,2,0.40625,8086147.491348267,2524,4398,400,2532,400,400,400,400,400,400,400,400,400,400,400,400,400,400,400,400,400,400,400,2426,400,5048,2483,3128,400,400,400,5055,14.634145736694336,0,0,0,0,0,0,50,51.219512939453125,50,50,50,0,0,51.28205490112305,0,0,51.219512939453125,52.499996185302734,50,50,51.28205490112305,52.499996185302734,0,50,0,100,2.4390242099761963,50,50,0,0,20475,15889,129056,72,92,20475,13174,33652,57,0,66718990336,8589930496,23249686528,524288
199,1790686230196,444672.5023651123,3050,0,0.22499999999999987,91788.31405639648,16133.333333333334,0,0.3999999999999999,93313.73497009277,16133.333333333334,0,0.3999999999999999,95974.13871765137,16133.333333333334,0,0.3999999999999999,98952.03030395508,16133.333333333334,0,0.3999999999999999,90545.15933227539,16133.333333333334,0,0.3999999999999999,88419.53385925293,16133.333333333334,0,0.3999999999999999,140834.7555999756,3050,0,0.22499999999999987,145837.6482849121,3050,0,0.22499999999999987,146150.7105102539,3050,0,0.22499999999999987,358024.94523620605,3050,0,0.22499999999999987,141606.4663848877,3050,0,0.22499999999999987,135753.64065551758,3050,0,0.22499999999999987,135822.09561157227,3050,0,0.22499999999999987,94625.83572387695,16133.333333333334,0,0.3999999999999999,96774.12989807129,16133.333333333334,0,0.3999999999999999,8086168.101593018,2524,4398,400,2532,400,400,400,400,400,400,400,400,400,400,400,400,400,400,400,400,400,400,400,2426,400,5048,2483,3128,400,400,400,5055,10.526315689086914,0,0,0,5.263157844543457,0,9.523809432983398,50,50,50,50,50,0,0,50,0,0,50,50,50,50,50,50,0,50,0,100,0,50,50,0,0,20475,15889,128976,72,92,20475,13174,33652,57,0,66718990336,8589930496,23236341760,524288
199,1790686230397,444672.86796569824,3050,0,0.21875,91788.48027038574,48800,2,0.925,93313.90615844727,48800,2,0.925,95974.30462646484,48800,2,0.925,98952.19267272949,48800,2,0.925,90545.32717895508,48800,2,0.925,88419.69744873047,48800,2,0.925,140835.05987548828,3050,2,0.21875,145837.94036865234,3050,0,0.21875,146150.99090576172,3050,2,0.21875,358027.12634277344,3050,0,0.21875,141606.83241271973,3050,2,0.21875,135753.92657470703,3050,2,0.21875,135822.45935058594,3050,0,0.21875,94626.06262207031,48800,2,0.925,96774.29133605957,48800,2,0.925,8086188.598129272,2524,4398,400,2532,400,400,400,400,400,400,400,400,400,400,400,400,400,400,400,400,400,400,400,2426,400,5048,2483,3128,400,400,400,5055,15.000000953674316,0,0,0,0,0,0,50,50,52.6315803527832,50,50,0,0,50,0,0,50,50,50,50,50,50,0,50,0,100,0,50,50,0,0,20475,15889,129027,72,92,20475,13174,33605,57,0,66718990336,8589930496,23238148096,524288
199,1790686230597,444673.3666687012,3050,0,0.21875,91788.70458984375,16133.333333333334,0,0.39375000000000004,93314.15756225586,16133.333333333334,0,0.39375000000000004,95974.55032348633,16133.333333333334,0,0.39375000000000004,98952.43730163574,16133.333333333334,0,0.39375000000000004,90545.57434082031,16133.333333333334,0,0.39375000000000004,88420.11134338379,16133.333333333334,0,0.39375000000000004,140835.49935913086,3050,0,0.21875,145838.3415222168,3050,0,0.21875,146151.36589050293,3050,0,0.21875,358028.820022583,3050,0,0.21875,141607.33723449707,3050,0,0.21875,135754.33366394043,3050,0,0.21875,135822.94818115234,3050,0,0.21875,94626.38444519043,16133.333333333334,0,0.39375000000000004,96774.53829956055,16133.333333333334,0,0.39375000000000004,8086210.357681274,2524,4398,400,2532,400,400,400,400,400,400,400,400,400,400,400,400,400,400,400,400,400,400,400,2426,400,5048,2483,3128,400,400,400,5055,15.000000953674316,0,0,0,0,0,0,50,50,52.6315803527832,50,50,0,0,50,0,0,50,50,50,50,50,50,0,50,0,100,0,50,50,0,0,20475,15889,126107,68,54,20475,13174,33622,57,3,66718990336,8589930496,22934388736,524288
199,1790686230797,444674.1449127197,3050,2,0.2124999999999999,91788.89768981934,48800,2,0.625,93314.32621765137,48800,2,0.625,95974.71913146973,48800,2,0.5875,98952.71617126465,48800,2,0.5875,90545.73802185059,48800,2,0.5875,88420.30178833008,48800,2,0.5875,140835.77951049805,3050,2,0.2124999999999999,145838.60299682617,3050,2,0.2124999999999999,146151.65274047852,3050,0,0.2124999999999999,358029.50646972656,3050,0,0.2124999999999999,141607.60571289063,3050,2,0.2124999999999999,135754.98468017578,3050,2,0.2124999999999999,135823.20196533203,3050,0,0.2124999999999999,94626.55535888672,48800,2,0.625,96774.70516967773,48800,2,0.625,8086230.6583099365,2524,4398,400,2532,400,400,400,400,400,400,400,400,400,400,400,400,400,400,400,400,400,400,400,2426,400,5048,2483,3128,400,400,400,5055,45,20.512821197509766,5,37.5,37.5,28.205129623413086,37.5,51.219512939453125,56.09756088256836,48.780487060546875,50,50,20.512821197509766,20,48.780487060546875,22.5,17.5,36.585365295410156,51.219512939453125,51.28205490112305,35.897438049316406,36.585365295410156,51.219512939453125,9.756096839904785,35.897438049316406,19.51219367980957,85,20.512821197509766,52.499996185302734,52.499996185302734,35.897438049316406,22.5,20475,15889,113305,68,38,20475,13174,35628,60,30,66718990336,8589930496,23083229184,524288
199,1790686230997,444674.50617980957,3050,0,0.20625000000000004,91789.07054138184,48800,2,0.925,93314.49926757813,48800,2,0.925,95974.89224243164,48800,2,0.925,98952.88809204102,48800,2,0.925,90545.9105834961,48800,2,0.925,88420.47543334961,48800,2,0.925,140836.06986999512,3050,2,0.20625000000000004,145838.93280029297,3050,2,0.20625000000000004,146151.9457397461,3050,2,0.20625000000000004,358031.7551879883,3050,0,0.20625000000000004,141607.89176940918,3050,2,0.20625000000000004,135755.27471923828,3050,2,0.20625000000000004,135823.48393249512,3050,2,0.20625000000000004,94626.72821044922,48800,2,0.925,96774.87629699707,48800,2,0.925,8086251.083084106,2524,4398,400,2532,400,400,400,400,400,400,400,400,400,400,400,400,400,400,400,400,400,400,400,2426,400,5048,2483,3128,400,400,400,5055,45,20.512821197509766,5,37.5,37.5,28.205129623413086,37.5,51.219512939453125,56.09756088256836,48.780487060546875,50,50,20.512821197509766,20,48.780487060546875,22.5,17.5,36.585365295410156,51.219512939453125,51.28205490112305,35.897438049316406,36.585365295410156,51.219512939453125,9.756096839904785,35.897438049316406,19.51219367980957,85,20.512821197509766,52.499996185302734,52.499996185302734,35.897438049316406,22.5,20475,15889,105419,70,50,20475,13174,40043,59,51,66718990336,8589930496,23092887552,524288
199,1790686231197,444674.90130615234,3050,2,0.2124999999999999,91789.24243164063,48800,2,0.54375,93314.66902160645,48800,2,0.54375,95975.0640411377,48800,2,0.54375,98953.05891418457,48800,2,0.54375,90546.08139038086,48800,2,0.54375,88420.65644836426,48800,2,0.54375,140836.38232421875,3050,2,0.2124999999999999,145839.3137512207,3050,2,0.2124999999999999,146152.32823181152,3050,2,0.2124999999999999,358034.0236816406,3050,0,0.2124999999999999,141608.1987915039,3050,2,0.2124999999999999,135755.560836792,3050,2,0.2124999999999999,135823.76531982422,3050,2,0.2124999999999999,94626.89958190918,48800,2,0.54375,96775.04545593262,48800,2,0.54375,8086271.917541504,2524,4398,400,2532,400,400,400,400,400,400,400,400,400,400,400,400,400,400,400,400,400,400,400,2426,400,5048,2483,3128,400,400,400,5055,10,45.238094329833984,0,52.499996185302734,52.499996185302734,0,52.499996185302734,53.84615707397461,53.84615707397461,10,53.658538818359375,52.499996185302734,0,0,53.84615707397461,0,0,0,52.499996185302734,52.499996185302734,0,0,53.84615707397461,10,0,0,100,0,52.499996185302734,52.499996185302734,53.658538818359375,0,20475,15889,97809,69,54,20475,13174,44168,60,50,66718990336,8589930496,23109218304,524288
199,1790686231397,444675.2902984619,3050,0,0.21875,91789.40129089355,16133.333333333334,0,0.3999999999999999,93314.82704162598,16133.333333333334,0,0.3999999999999999,95975.22354125977,16133.333333333334,0,0.3999999999999999,98953.21650695801,16133.333333333334,0,0.3999999999999999,90546.23979187012,16133.333333333334,0,0.3999999999999999,88420.81869506836,16133.333333333334,0,0.3999999999999999,140836.66619873047,3050,0,0.21875,145839.66526794434,3050,0,0.21875,146152.6050567627,3050,0,0.21875,358036.31132507324,3050,0,0.21875,141608.47398376465,3050,0,0.21875,135755.83094787598,3050,0,0.21875,135824.02935791016,3050,0,0.21875,94627.05880737305,16133.333333333334,0,0.3999999999999999,96775.20208740234,16133.333333333334,0,0.3999999999999999,8086292.103530884,2524,4398,400,2532,400,400,400,400,400,400,400,400,400,400,400,400,400,400,400,400,400,400,400,2426,400,5048,2483,3128,400,400,400,5055,10,45.238094329833984,0,52.499996185302734,52.499996185302734,0,52.499996185302734,53.84615707397461,53.84615707397461,10,53.658538818359375,52.499996185302734,0,0,53.84615707397461,0,0,0,52.499996185302734,52.499996185302734,0,0,53.84615707397461,10,0,0,100,0,52.499996185302734,52.499996185302734,53.658538818359375,0,20475,15889,90174,67,49,20475,13174,61093,63,50,66718990336,8589930496,23109218304,524288
199,1790686231597,444675.6438140869,3050,0,0.21875,91789.55477905273,16133.333333333334,0,0.3999999999999999,93314.9933013916,16133.333333333334,0,0.3999999999999999,95975.376953125,16133.333333333334,0,0.3999999999999999,98953.36834716797,16133.333333333334,0,0.3999999999999999,90546.39256286621,16133.333333333334,0,0.3999999999999999,88420.97457885742,16133.333333333334,0,0.3999999999999999,140836.871383667,3050,0,0.21875,145840.01763916016,3050,0,0.21875,146152.86674499512,3050,0,0.21875,358038.59468078613,3050,0,0.21875,141608.74894714355,3050,0,0.21875,135756.0956878662,3050,0,0.21875,135824.28511047363,3050,0,0.21875,94627.2084197998,16133.333333333334,0,0.3999999999999999,96775.36987304688,16133.333333333334,0,0.3999999999999999,8086312.149841309,2524,4398,400,2532,400,400,400,400,400,400,400,400,400,400,400,400,400,400,400,400,400,400,400,2426,400,5048,2483,3128,400,400,400,5055,15.000000953674316,41.02564239501953,0,48.71794891357422,47.5,0,47.5,47.5,47.5,0,48.71794891357422,48.71794891357422,0,0,47.5,0,0,0,48.71794891357422,48.780487060546875,0,0,47.5,0,0,0,100,0,47.5,48.780487060546875,47.5,7.500000476837158,20475,15889,82092,68,41,20475,13174,73303,62,50,66718990336,8589930496,23108116480,524288
199,1790686231797,444675.97734069824,3050,0,0.2124999999999999,91789.71002197266,16133.333333333334,0,0.3999999999999999,93315.19078063965,16133.333333333334,0,0.3999999999999999,95975.53213500977,16133.333333333334,0,0.3999999999999999,98953.52262878418,16133.333333333334,0,0.3999999999999999,90546.54943847656,16133.333333333334,0,0.3999999999999999,88421.1326751709,16133.333333333334,0,0.3999999999999999,140837.15647888184,3050,0,0.2124999999999999,145840.37223815918,3050,0,0.2124999999999999,146153.1316833496,3050,0,0.2124999999999999,358040.86682128906,3050,0,0.2124999999999999,141609.02420043945,3050,0,0.2124999999999999,135756.36163330078,3050,0,0.2124999999999999,135824.54441833496,3050,0,0.2124999999999999,94627.36318969727,16133.333333333334,0,0.3999999999999999,96775.52317810059,16133.333333333334,0,0.3999999999999999,8086332.326797485,2524,4398,400,2532,400,400,400,400,400,400,400,400,400,400,400,400,400,400,400,400,400,400,400,2426,400,5048,2483,3128,400,400,400,5055,10,47.619049072265625,0,47.619049072265625,47.36842346191406,0,50,47.619049072265625,47.619049072265625,0,45,47.619049072265625,0,0,47.36842346191406,0,0,0,47.619049072265625,47.36842346191406,0,0,50,0,0,0,100,0,47.36842346191406,47.36842346191406,47.36842346191406,0,20475,15889,84943,69,40,20475,13174,79058,61,51,66718990336,8589930496,23108112384,524288
199,1790686231997,444676.30017089844,3050,0,0.21875,91789.86381530762,16133.333333333334,0,0.3999999999999999,93315.38659667969,16133.333333333334,0,0.3999999999999999,95975.6869354248,16133.333333333334,0,0.3999999999999999,98953.6760559082,16133.333333333334,0,0.3999999999999999,90546.70594787598,16133.333333333334,0,0.3999999999999999,88421.29043579102,16133.333333333334,0,0.3999999999999999,140837.42218017578,3050,0,0.21875,145840.7229156494,3050,0,0.21875,146153.39433288574,3050,0,0.21875,358043.14529418945,3050,0,0.21875,141609.29331970215,3050,0,0.21875,135756.62492370605,3050,0,0.21875,135824.80000305176,3050,0,0.21875,94627.51754760742,16133.333333333334,0,0.3999999999999999,96775.67530822754,16133.333333333334,0,0.3999999999999999,8086352.45703125,2524,4398,400,2532,400,400,400,400,400,400,400,400,400,400,400,400,400,400,400,400,400,400,400,2426,400,5048,2483,3128,400,400,400,5055,10.526315689086914,47.36842346191406,0,45,47.619049072265625,0,45,47.36842346191406,47.36842346191406,0,20,47.36842346191406,30.000001907348633,0,47.619049072265625,0,0,0,47.36842346191406,45,0,0,45,0,0,0,100,0,47.619049072265625,45,47.619049072265625,0,20475,15889,86855,70,52,20475,13174,81398,60,49,66718990336,8589930496,23104909312,524288
199,1790686232197,444676.6308746338,3050,0,0.22499999999999987,91790.01962280273,16133.333333333334,0,0.40625,93315.58401489258,16133.333333333334,0,0.40625,95975.8461303711,16133.333333333334,0,0.40625,98953.88754272461,16133.333333333334,0,0.40625,90546.86747741699,16133.333333333334,0,0.40625,88421.45333862305,16133.333333333334,0,0.40625,140837.68655395508,3050,0,0.22499999999999987,145841.07495117188,3050,0,0.22499999999999987,146153.6771850586,3050,0,0.22499999999999987,358045.4243469238,3050,0,0.22499999999999987,141609.66464233398,3050,0,0.22499999999999987,135756.89065551758,3050,0,0.22499999999999987,135825.05867004395,3050,0,0.22499999999999987,94627.67448425293,16133.333333333334,0,0.40625,96775.82975769043,16133.333333333334,0,0.40625,8086372.9635772705,2524,4398,400,2532,400,400,400,400,400,400,400,400,400,400,400,400,400,400,400,400,400,400,400,2426,400,5048,2483,3128,400,400,400,5055,19.047618865966797,47.36842346191406,0,47.36842346191406,47.36842346191406,20,50,45,45,0,0,45,47.619049072265625,0,45,0,0,0,45,50,0,0,45,0,0,0,100,0,47.36842346191406,50,45,0,20475,15889,87811,69,51,20475,13174,82096,61,51,66718990336,8589930496,23118520320,524288
199,1790686232397,444676.97817993164,3050,0,0.2124999999999999,91790.18946838379,16133.333333333334,2,0.925,93315.79992675781,16133.333333333334,2,0.925,95976.01914978027,16133.333333333334,2,0.925,98954.0560760498,16133.333333333334,0,0.925,90547.03973388672,16133.333333333334,2,0.925,88421.6265411377,16133.333333333334,2,0.925,140837.9715576172,3050,2,0.2124999999999999,145841.45770263672,3050,2,0.2124999999999999,146153.9637451172,3050,0,0.2124999999999999,358047.7035369873,3050,0,0.2124999999999999,141609.95808410645,3050,0,0.2124999999999999,135757.18063354492,3050,2,0.2124999999999999,135825.33743286133,3050,2,0.2124999999999999,94627.84410095215,16133.333333333334,2,0.925,96776.0005493164,16133.333333333334,2,0.925,8086393.572067261,2524,4398,400,2532,400,400,400,400,400,400,400,400,400,400,400,400,400,400,400,400,400,400,400,2426,400,5048,2483,3128,400,400,400,5055,15.000000953674316,52.38095474243164,0,52.38095474243164,52.38095474243164,0,50,55,55,0,0,52.38095474243164,52.6315803527832,0,55,0,0,0,52.38095474243164,50,0,0,55,0,0,0,100,0,52.38095474243164,50,52.6315803527832,0,20475,15889,87214,67,47,20475,13174,82625,63,50,66718990336,8589930496,23118225408,524288
199,1790686232597,444678.02268981934,3050,0,0.23750000000000004,91790.36306762695,48800,2,0.925,93316.02111816406,48800,2,0.925,95976.22920227051,48800,2,0.925,98954.23020935059,48800,2,0.925,90547.22639465332,48800,2,0.925,88421.80787658691,48800,2,0.925,140838.41807556152,3050,2,0.23750000000000004,145841.85638427734,3050,0,0.23750000000000004,146154.27781677246,3050,0,0.23750000000000004,358048.63290405273,3050,2,0.23750000000000004,141610.30352783203,3050,0,0.23750000000000004,135757.9443511963,3050,2,0.23750000000000004,135825.6332397461,3050,2,0.23750000000000004,94628.01803588867,48800,2,0.925,96776.17509460449,48800,2,0.925,8086414.419631958,2524,4398,400,2532,400,400,400,400,400,400,400,400,400,400,400,400,400,400,400,400,400,400,400,2426,400,5048,2483,3128,400,400,400,5055,45,57.894737243652344,0,52.6315803527832,55,0,55,50,50,0,0,52.6315803527832,50,0,50,0,0,0,52.6315803527832,52.38095474243164,0,0,50,0,0,0,55,4.761904716491699,52.6315803527832,52.38095474243164,52.38095474243164,0,20475,15889,87160,68,41,20475,13174,82658,62,50,66718990336,8589930496,23117942784,524288
199,1790686232797,444678.65270996094,3050,2,0.20625000000000004,91790.53448486328,16133.333333333334,0,0.59375,93316.24014282227,16133.333333333334,2,0.59375,95976.40098571777,16133.333333333334,2,0.59375,98954.40045166016,16133.333333333334,0,0.59375,90547.39753723145,16133.333333333334,0,0.59375,88421.97904968262,16133.333333333334,2,0.59375,140838.7243347168,3050,2,0.20625000000000004,145842.25328063965,3050,2,0.20625000000000004,146154.5818939209,3050,2,0.20625000000000004,358050.2940979004,3050,0,0.20625000000000004,141610.61088562012,3050,2,0.20625000000000004,135758.61251831055,3050,0,0.20625000000000004,135825.92729187012,3050,0,0.20625000000000004,94628.18823242188,16133.333333333334,2,0.59375,96776.34800720215,16133.333333333334,0,0.59375,8086435.04258728,2524,4398,400,2532,400,400,400,400,400,400,400,400,400,400,400,400,400,400,400,400,400,400,400,2426,400,5048,2483,3128,400,400,400,5055,45,57.894737243652344,0,52.6315803527832,55,0,55,50,50,0,0,52.6315803527832,50,0,50,0,0,0,52.6315803527832,52.38095474243164,0,0,50,0,0,0,55,4.761904716491699,52.6315803527832,52.38095474243164,52.38095474243164,0,20475,15889,87611,69,43,20475,13174,81943,60,50,66718990336,8589930496,23121801216,524288
199,1790686232997,444678.96098327637,3050,2,0.20625000000000004,91790.7057800293,48800,2,0.93125,93316.45921325684,48800,2,0.93125,95976.57301330566,48800,2,0.93125,98954.57055664063,48800,2,0.93125,90547.56845092773,48800,2,0.93125,88422.15498352051,48800,2,0.93125,140839.00273132324,3050,2,0.20625000000000004,145842.63539123535,3050,0,0.20625000000000004,146154.87089538574,3050,0,0.20625000000000004,358052.5751800537,3050,0,0.20625000000000004,141610.94801330566,3050,0,0.20625000000000004,135758.9723968506,3050,2,0.20625000000000004,135826.2040863037,3050,2,0.20625000000000004,94628.3599243164,48800,2,0.93125,96776.52059936523,48800,2,0.93125,8086455.727386475,2524,4398,400,2532,400,400,400,400,400,400,400,400,400,400,400,400,400,400,400,400,400,400,400,2426,400,5048,2483,3128,400,400,400,5055,7.692307949066162,53.658538818359375,0,52.499996185302734,52.499996185302734,0,52.499996185302734,52.499996185302734,52.499996185302734,0,0,52.499996185302734,52.499996185302734,0,52.499996185302734,37.5,0,0,52.499996185302734,53.84615707397461,0,0,52.499996185302734,0,0,0,97.5,0,17.073171615600586,53.84615707397461,52.499996185302734,0,20475,15889,87850,70,52,20475,13174,82026,61,49,66718990336,8589930496,23122337792,524288
199,1790686233197,444679.30728149414,3050,0,0.21875,91790.87594604492,16133.333333333334,0,0.3999999999999999,93316.67655944824,16133.333333333334,0,0.3999999999999999,95976.74346923828,16133.333333333334,0,0.3999999999999999,98954.74172973633,16133.333333333334,0,0.3999999999999999,90547.74449157715,16133.333333333334,0,0.3999999999999999,88422.34574890137,16133.333333333334,0,0.3999999999999999,140839.29650878906,3050,0,0.21875,145843.01513671875,3050,0,0.21875,146155.20252990723,3050,0,0.21875,358054.8241882324,3050,0,0.21875,141611.33401489258,3050,0,0.21875,135759.2758178711,3050,0,0.21875,135826.48197937012,3050,0,0.21875,94628.53147888184,16133.333333333334,0,0.3999999999999999,96776.69244384766,16133.333333333334,0,0.3999999999999999,8086476.435836792,2524,4398,400,2532,400,400,400,400,400,400,400,400,400,400,400,400,400,400,400,400,400,400,400,2426,400,5048,2483,3128,400,400,400,5055,7.692307949066162,53.658538818359375,0,52.499996185302734,52.499996185302734,0,52.499996185302734,52.499996185302734,52.499996185302734,0,0,52.499996185302734,52.499996185302734,0,52.499996185302734,37.5,0,0,52.499996185302734,53.84615707397461,0,0,52.499996185302734,0,0,0,97.5,0,17.073171615600586,53.84615707397461,52.499996185302734,0,20475,15889,87842,69,51,20475,13174,82349,62,49,66718990336,8589930496,23154561024,524288
199,1790686233397,444680.087890625,3050,0,0.23124999999999996,91791.04078674316,16133.333333333334,0,0.3812500000000001,93317.00996398926,16133.333333333334,0,0.3812500000000001,95976.90811157227,16133.333333333334,0,0.3812500000000001,98955.31510925293,16133.333333333334,0,0.3812500000000001,90547.90934753418,16133.333333333334,0,0.3812500000000001,88422.90617370605,16133.333333333334,0,0.3812500000000001,140839.55142211914,3050,0,0.23124999999999996,145843.3359222412,3050,0,0.23124999999999996,146155.45709228516,3050,0,0.23124999999999996,358055.11137390137,3050,0,0.23124999999999996,141611.5855255127,3050,0,0.23124999999999996,135759.51025390625,3050,0,0.23124999999999996,135826.71992492676,3050,0,0.23124999999999996,94628.75910949707,16133.333333333334,0,0.3812500000000001,96776.85942077637,16133.333333333334,0,0.3812500000000001,8086495.6222229,2524,4398,400,2532,400,400,400,400,400,400,400,400,400,400,400,400,400,400,400,400,400,400,400,2426,400,5048,2483,3128,400,400,400,5055,24.390243530273438,50,0,53.658538818359375,50,12.5,50,47.5,50,0,0,50,50,20,50,30.000001907348633,0,0,50,48.780487060546875,0,0,50,2.5,0,0,53.84615707397461,12.195121765136719,17.5,48.780487060546875,52.499996185302734,0,20475,15889,87003,67,43,20475,13174,82675,63,50,66718990336,8589930496,23162609664,524288
199,1790686233597,444681.2748718262,3050,0,0.23124999999999996,91791.20069885254,16133.333333333334,0,0.38749999999999996,93317.21220397949,16133.333333333334,0,0.38749999999999996,95977.06800842285,16133.333333333334,0,0.38749999999999996,98955.47583007813,16133.333333333334,0,0.38749999999999996,90548.06883239746,16133.333333333334,0,0.38749999999999996,88423.44969177246,16133.333333333334,0,0.38749999999999996,140839.96112060547,3050,0,0.23124999999999996,145843.66806030273,3050,0,0.23124999999999996,146155.74528503418,3050,0,0.23124999999999996,358055.4341125488,3050,0,0.23124999999999996,141611.82971191406,3050,0,0.23124999999999996,135759.75648498535,3050,0,0.23124999999999996,135826.96212768555,3050,0,0.23124999999999996,94628.98362731934,16133.333333333334,0,0.38749999999999996,96777.10530090332,16133.333333333334,0,0.38749999999999996,8086515.114318848,2524,4398,400,2532,400,400,400,400,400,400,400,400,400,400,400,400,400,400,400,400,400,400,400,2426,400,5048,2483,3128,400,400,400,5055,57.894737243652344,52.6315803527832,0,47.36842346191406,47.36842346191406,0,45,35,50,5,0,47.619049072265625,50,47.619049072265625,50,0,0,0,47.619049072265625,47.36842346191406,0,0,50,5,0,0,0,0,45,47.36842346191406,50,5.263157844543457,20475,15889,86852,68,39,20475,13174,82439,62,50,66718990336,8589930496,23162855424,524288
199,1790686233797,444682.29736328125,3050,0,0.23750000000000004,91791.36557006836,16133.333333333334,0,0.3999999999999999,93317.41886901855,16133.333333333334,0,0.3999999999999999,95977.25762939453,16133.333333333334,0,0.3999999999999999,98955.64207458496,16133.333333333334,0,0.3999999999999999,90548.23413085938,16133.333333333334,0,0.3999999999999999,88423.98764038086,16133.333333333334,0,0.3999999999999999,140840.19996643066,3050,0,0.23750000000000004,145843.98973083496,3050,0,0.23750000000000004,146155.9953918457,3050,0,0.23750000000000004,358055.7424926758,3050,0,0.23750000000000004,141612.0696105957,3050,0,0.23750000000000004,135759.99627685547,3050,0,0.23750000000000004,135827.19761657715,3050,0,0.23750000000000004,94629.2258605957,16133.333333333334,0,0.3999999999999999,96777.5475769043,16133.333333333334,0,0.3999999999999999,8086534.428329468,2524,4398,400,2532,400,400,400,400,400,400,400,400,400,400,400,400,400,400,400,400,400,400,400,2426,400,5048,2483,3128,400,400,400,5055,45,47.619049072265625,0,47.619049072265625,52.38095474243164,0,50,35,45,0,0,47.36842346191406,45,45,45,0,0,0,47.36842346191406,47.619049072265625,0,0,45,0,0,0,0,0,50,47.619049072265625,55,19.047618865966797,20475,15889,87760,70,50,20475,13174,81622,61,50,66718990336,8589930496,23150628864,524288
199,1790686233998,444683.2271118164,3050,0,0.2437499999999999,91791.52934265137,16133.333333333334,0,0.40625,93317.62510681152,16133.333333333334,0,0.40625,95977.49516296387,16133.333333333334,0,0.40625,98955.93966674805,16133.333333333334,0,0.40625,90548.39709472656,16133.333333333334,0,0.40625,88424.72596740723,16133.333333333334,2,0.40625,140840.4361114502,3050,0,0.2437499999999999,145844.30613708496,3050,0,0.2437499999999999,146156.2463531494,3050,0,0.25,358055.98500061035,3050,0,0.25,141612.30792236328,3050,0,0.25,135760.23654174805,3050,0,0.25,135827.43197631836,3050,0,0.25,94629.4555053711,16133.333333333334,0,0.40625,96777.73532104492,16133.333333333334,0,0.40625,8086553.7958984375,2524,4398,400,2532,400,400,400,400,400,400,400,400,400,400,400,400,400,400,400,400,400,400,400,2426,400,5048,2483,3128,400,400,400,5055,35,45,0,45,50,23.809524536132813,45,47.619049072265625,47.619049072265625,0,0,45,47.619049072265625,50,45,0,0,0,47.619049072265625,47.36842346191406,0,0,47.619049072265625,0,0,0,0,0,45,47.36842346191406,50,5,20475,15889,87731,69,51,20475,13174,81612,62,48,66718990336,8589930496,23148736512,524288
199,1790686234198,444684.80097961426,3050,0,0.23124999999999996,91791.70603942871,16133.333333333334,2,0.65625,93317.84973144531,16133.333333333334,2,0.65625,95977.67175292969,16133.333333333334,2,0.65625,98956.14616394043,16133.333333333334,2,0.65625,90548.57331848145,16133.333333333334,2,0.65625,88425.14877319336,16133.333333333334,0,0.65625,140840.70288085938,3050,2,0.23124999999999996,145844.66702270508,3050,2,0.23124999999999996,146156.53034973145,3050,0,0.23124999999999996,358056.2587890625,3050,0,0.23124999999999996,141612.57850646973,3050,2,0.23124999999999996,135760.5073852539,3050,2,0.23124999999999996,135827.69522094727,3050,2,0.23124999999999996,94629.71667480469,16133.333333333334,2,0.65625,96777.91387939453,16133.333333333334,2,0.65625,8086573.654464722,2524,4398,400,2532,400,400,400,400,400,400,400,400,400,400,400,400,400,400,400,400,400,400,400,2426,400,5048,2483,3128,400,400,400,5055,70,55,0,55,52.38095474243164,10.526315689086914,52.6315803527832,31.57894515991211,52.6315803527832,0,0,55,52.6315803527832,50,55,0,0,0,50,50,0,0,52.6315803527832,0,0,0,0,0,55,50,60.000003814697266,0,20475,15889,86915,67,44,20475,13174,82493,63,51,66718990336,8589930496,23133392896,524288
199,1790686234398,444685.93435668945,2400,0,0.26875000000000004,91791.88854980469,16133.333333333334,2,0.925,93318.09295654297,16133.333333333334,0,0.925,95977.89147949219,16133.333333333334,2,0.925,98956.32931518555,16133.333333333334,2,0.925,90548.75538635254,16133.333333333334,2,0.925,88425.82974243164,16133.333333333334,0,0.925,140840.99183654785,2400,2,0.26875000000000004,145845.03506469727,2400,2,0.26875000000000004,146156.8289642334,2400,0,0.26875000000000004,358056.53215026855,2400,0,0.26875000000000004,141612.8539276123,2400,2,0.26875000000000004,135760.81192016602,2400,2,0.26875000000000004,135828.01211547852,2400,2,0.26875000000000004,94629.99433898926,16133.333333333334,2,0.925,96778.18884277344,16133.333333333334,2,0.925,8086593.852615356,2524,4398,400,2532,400,400,400,400,400,400,400,400,400,400,400,400,400,400,400,400,400,400,400,2426,400,5048,2483,3128,400,400,400,5055,45,52.6315803527832,0,52.6315803527832,57.894737243652344,0,52.38095474243164,47.619049072265625,52.38095474243164,0,0,52.38095474243164,52.38095474243164,55,52.6315803527832,0,20,0,55,55,5,0,52.38095474243164,0,0,0,0,0,52.6315803527832,55,57.894737243652344,5,20475,15889,86242,68,39,20475,13174,82642,62,50,66718990336,8589930496,23138828288,524288
199,1790686234598,444686.9225463867,48800,2,0.4624999999999999,91792.0718536377,16133.333333333334,2,0.39375000000000004,93318.32112121582,16133.333333333334,2,0.39375000000000004,95978.07498168945,16133.333333333334,2,0.39375000000000004,98956.583984375,16133.333333333334,0,0.39375000000000004,90548.93838500977,16133.333333333334,2,0.39375000000000004,88426.4683227539,16133.333333333334,0,0.39375000000000004,140841.25624084473,48800,2,0.4624999999999999,145845.3884124756,48800,2,0.4624999999999999,146157.1037902832,48800,2,0.4624999999999999,358056.7989959717,48800,2,0.4624999999999999,141613.11643981934,48800,2,0.4624999999999999,135761.07766723633,48800,2,0.4624999999999999,135828.273727417,48800,2,0.91875,94630.26916503906,16133.333333333334,2,0.39375000000000004,96778.54302978516,16133.333333333334,0,0.39375000000000004,8086613.5597229,2524,4398,400,2532,400,400,400,400,400,400,400,400,400,400,400,400,400,400,400,400,400,400,400,2426,400,5048,2483,3128,400,400,400,5055,45,52.6315803527832,0,52.6315803527832,57.894737243652344,0,52.38095474243164,47.619049072265625,52.38095474243164,0,0,52.38095474243164,52.38095474243164,55,52.6315803527832,0,20,0,55,55,5,0,52.38095474243164,0,0,0,0,0,52.6315803527832,55,57.894737243652344,5,20475,15889,87188,70,47,20475,13174,81546,61,49,66718990336,8589930496,23156363264,524288
199,1790686234798,444687.98934936523,48800,2,0.30000000000000004,91792.25408935547,16133.333333333334,2,0.39375000000000004,93318.54814147949,16133.333333333334,2,0.39375000000000004,95978.25686645508,16133.333333333334,2,0.39375000000000004,98956.93865966797,16133.333333333334,0,0.39375000000000004,90549.11965942383,16133.333333333334,2,0.39375000000000004,88427.10035705566,16133.333333333334,2,0.39375000000000004,140841.5216217041,48800,2,0.30000000000000004,145845.74029541016,48800,2,0.30000000000000004,146157.3819885254,48800,2,0.30000000000000004,358057.06675720215,48800,2,0.30000000000000004,141613.37910461426,3050,2,0.4437500000000001,135761.34176635742,3050,2,0.4437500000000001,135828.53338623047,3050,2,0.4437500000000001,94630.54606628418,16133.333333333334,0,0.39375000000000004,96778.7762298584,16133.333333333334,2,0.39375000000000004,8086633.462814331,2524,4398,400,2532,400,400,400,400,400,400,400,400,400,400,400,400,400,400,400,400,400,400,400,2426,400,5048,2483,3128,400,400,400,5055,40,52.499996185302734,0,52.499996185302734,52.499996185302734,15.000000953674316,52.499996185302734,42.5,53.84615707397461,0,7.500000476837158,52.499996185302734,46.153846740722656,52.499996185302734,53.658538818359375,0,0,0,52.499996185302734,52.499996185302734,0,0,53.84615707397461,0,0,0,0,0,53.658538818359375,52.499996185302734,60.000003814697266,9.756096839904785,20475,15889,87746,69,53,20475,13174,81287,62,48,66718990336,8589930496,23156363264,524288
199,1790686234998,444688.9116973877,3050,0,0.23124999999999996,91792.42849731445,16133.333333333334,0,0.3812500000000001,93318.76390075684,16133.333333333334,0,0.3812500000000001,95978.43077087402,16133.333333333334,0,0.3812500000000001,98957.42332458496,16133.333333333334,0,0.3812500000000001,90549.2925567627,16133.333333333334,0,0.3812500000000001,88427.7576751709,16133.333333333334,0,0.3812500000000001,140841.7770843506,3050,0,0.23124999999999996,145846.0760192871,3050,0,0.23124999999999996,146157.6476135254,3050,0,0.23124999999999996,358057.3191986084,3050,0,0.23124999999999996,141613.6318359375,3050,0,0.23124999999999996,135761.59341430664,3050,0,0.23124999999999996,135828.78289794922,3050,0,0.23124999999999996,94630.79830932617,16133.333333333334,0,0.3812500000000001,96778.99969482422,16133.333333333334,0,0.3812500000000001,8086653.15612793,2524,4398,400,2532,400,400,400,400,400,400,400,400,400,400,400,400,400,400,400,400,400,400,400,2426,400,5048,2483,3128,400,400,400,5055,40,52.499996185302734,0,52.499996185302734,52.499996185302734,15.000000953674316,52.499996185302734,42.5,53.84615707397461,0,7.500000476837158,52.499996185302734,46.153846740722656,52.499996185302734,53.658538818359375,0,0,0,52.499996185302734,52.499996185302734,0,0,53.84615707397461,0,0,0,0,0,53.658538818359375,52.499996185302734,60.000003814697266,9.756096839904785,20475,15889,87191,67,47,20475,13174,82256,64,51,66718990336,8589930496,23152975872,524288
199,1790686235198,444690.1732330322,3050,0,0.23124999999999996,91792.58985900879,16133.333333333334,0,0.3812500000000001,93318.96298217773,16133.333333333334,0,0.3812500000000001,95978.59117126465,16133.333333333334,0,0.3812500000000001,98957.64205932617,16133.333333333334,0,0.3812500000000001,90549.45277404785,16133.333333333334,0,0.3812500000000001,88428.3044128418,16133.333333333334,0,0.3812500000000001,140842.01751708984,3050,0,0.23124999999999996,145846.3935699463,3050,0,0.23124999999999996,146157.89208984375,3050,0,0.23124999999999996,358057.5579986572,3050,0,0.23124999999999996,141613.8751525879,3050,0,0.23124999999999996,135761.8320465088,3050,0,0.23124999999999996,135829.0233154297,3050,0,0.23124999999999996,94631.08403015137,16133.333333333334,0,0.3812500000000001,96779.21269226074,16133.333333333334,0,0.3812500000000001,8086672.709518433,2524,4398,400,2532,400,400,400,400,400,400,400,400,400,400,400,400,400,400,400,400,400,400,400,2426,400,5048,2483,3128,400,400,400,5055,45,48.780487060546875,0,48.780487060546875,47.5,22.5,50,27.5,47.5,0,47.5,48.71794891357422,0,47.5,47.5,0,48.71794891357422,2.5641026496887207,48.71794891357422,48.780487060546875,0,0,47.5,5,0,10,0,0,47.5,0,53.658538818359375,2.5641026496887207,20475,15889,86369,68,41,20475,13174,82686,63,51,66718990336,8589930496,23152971776,524288
199,1790686235398,444691.2134399414,3050,0,0.23124999999999996,91792.77174377441,16133.333333333334,0,0.3812500000000001,93319.20120239258,16133.333333333334,0,0.3812500000000001,95978.75704956055,16133.333333333334,0,0.3812500000000001,98958.08122253418,16133.333333333334,0,0.3812500000000001,90549.8988647461,16133.333333333334,0,0.3812500000000001,88428.60737609863,16133.333333333334,0,0.3812500000000001,140842.25346374512,3050,0,0.23124999999999996,145846.71478271484,3050,0,0.23124999999999996,146158.1403656006,3050,0,0.23124999999999996,358057.7988586426,3050,0,0.23124999999999996,141614.12406921387,3050,0,0.23124999999999996,135762.07347106934,3050,0,0.23124999999999996,135829.26332092285,3050,0,0.23124999999999996,94631.36833190918,16133.333333333334,0,0.3812500000000001,96779.38798522949,16133.333333333334,0,0.3812500000000001,8086692.276611328,2524,4398,400,2532,400,400,400,400,400,400,400,400,400,400,400,400,400,400,400,400,400,400,400,2426,400,5048,2483,3128,400,400,400,5055,40,47.36842346191406,0,35,50,20,40,25,47.619049072265625,0,45,45,0,50,47.36842346191406,0,45,0,47.619049072265625,47.36842346191406,38.095237731933594,0,47.619049072265625,0,0,15.789472579956055,0,0,47.36842346191406,0,52.6315803527832,0,20475,15889,86984,69,43,20475,13174,81876,61,50,66718990336,8589930496,23168970752,524288
199,1790686235598,444692.20306396484,3050,0,0.2437499999999999,91792.93885803223,16133.333333333334,0,0.3999999999999999,93319.40664672852,16133.333333333334,0,0.3999999999999999,95978.92427062988,16133.333333333334,0,0.3999999999999999,98958.33505249023,16133.333333333334,0,0.3999999999999999,90550.4873046875,16133.333333333334,0,0.3999999999999999,88428.79197692871,16133.333333333334,2,0.3999999999999999,140842.48768615723,3050,0,0.2437499999999999,145847.0327911377,3050,0,0.2437499999999999,146158.38652038574,3050,0,0.2437499999999999,358058.0389404297,3050,0,0.2437499999999999,141614.36660766602,3050,0,0.2437499999999999,135762.31469726563,3050,0,0.2437499999999999,135829.50079345703,3050,0,0.2437499999999999,94631.69720458984,16133.333333333334,0,0.3999999999999999,96779.70924377441,16133.333333333334,0,0.3999999999999999,8086711.613540649,2524,4398,400,2532,400,400,400,400,400,400,400,400,400,400,400,400,400,400,400,400,400,400,400,2426,400,5048,2483,3128,400,400,400,5055,40,45,0,0,45,15.000000953674316,40,40,47.36842346191406,0,50,50,0,45,47.619049072265625,0,47.619049072265625,0,45,45,47.36842346191406,0,47.36842346191406,0,0,0,0,0,47.619049072265625,0,57.142860412597656,10,20475,15889,87719,70,52,20475,13174,81465,61,49,66718990336,8589930496,23168970752,524288
199,1790686235798,444693.78186035156,3050,0,0.23124999999999996,91793.10447692871,48800,2,0.925,93319.61178588867,48800,2,0.925,95979.08808898926,48800,2,0.925,98958.5386505127,48800,2,0.925,90550.6502532959,48800,2,0.925,88429.18818664551,48800,2,0.925,140842.7343902588,3050,2,0.23124999999999996,145847.3660583496,3050,2,0.23124999999999996,146158.64865112305,3050,2,0.23124999999999996,358058.2910308838,3050,2,0.23124999999999996,141614.62016296387,3050,2,0.23124999999999996,135762.5697479248,3050,2,0.23124999999999996,135829.75076293945,3050,2,0.23124999999999996,94631.94529724121,48800,2,0.925,96779.88206481934,48800,2,0.925,8086731.354217529,2524,4398,400,2532,400,400,400,400,400,400,400,400,400,400,400,400,400,400,400,400,400,400,400,2426,400,5048,2483,3128,400,400,400,5055,65,50,0,0,35,15.000000953674316,50,25,47.619049072265625,0,45,45,0,50,45,0,47.36842346191406,0,50,50,47.619049072265625,10.526315689086914,47.619049072265625,0,0,0,0,0,47.36842346191406,0,55,0,20475,15889,87530,68,51,20475,13174,82115,63,50,66718990336,8589930496,23168966656,524288
199,1790686235998,444694.6893157959,3050,0,0.25,91793.28996276855,48800,2,0.925,93319.84010314941,48800,2,0.925,95979.27163696289,48800,2,0.925,98958.90571594238,48800,2,0.925,90550.83316040039,48800,2,0.925,88429.81007385254,48800,2,0.925,140842.99781799316,3050,2,0.25,145847.72563171387,3050,2,0.25,146158.9210357666,3050,2,0.25,358058.55654907227,3050,2,0.25,141614.88787841797,3050,2,0.25,135762.83714294434,3050,2,0.25,135830.0136566162,3050,2,0.25,94632.27044677734,48800,2,0.925,96780.15727233887,48800,2,0.925,8086751.065322876,2524,4398,400,2532,400,400,400,400,400,400,400,400,400,400,400,400,400,400,400,400,400,400,400,2426,400,5048,2483,3128,400,400,400,5055,35,25,0,0,0,30.000001907348633,50,40,52.6315803527832,25,55,55,0,50,55,0,55,0,52.6315803527832,52.38095474243164,52.6315803527832,52.38095474243164,52.6315803527832,0,0,0,0,0,52.38095474243164,0,60.000003814697266,5,20475,15889,86446,67,42,20475,13174,82763,63,51,66718990336,8589930496,23164923904,524288
199,1790686236198,444695.59675598145,3050,0,0.56875,91793.4771270752,48800,2,0.38749999999999996,93320.06945800781,48800,2,0.38749999999999996,95979.4573059082,48800,2,0.38749999999999996,98959.30126953125,48800,2,0.38749999999999996,90551.01689147949,48800,2,0.38749999999999996,88430.44158935547,48800,2,0.38749999999999996,140843.26234436035,3050,0,0.56875,145848.08889770508,3050,2,0.56875,146159.1983947754,3050,2,0.56875,358058.82441711426,3050,2,0.56875,141615.15605163574,3050,0,0.56875,135763.10565185547,3050,2,0.56875,135830.27424621582,3050,2,0.56875,94632.5482635498,48800,2,0.38749999999999996,96780.44589233398,48800,2,0.38749999999999996,8086770.7730407715,2524,4398,400,2532,400,400,400,400,400,400,400,400,400,400,400,400,400,400,400,400,400,400,400,2426,400,5048,2483,3128,400,400,400,5055,35,0,0,0,0,15.789472579956055,55,45,55,55,52.38095474243164,52.38095474243164,0,55,55,0,52.38095474243164,0,52.38095474243164,52.6315803527832,55,55,55,4.761904716491699,0,0,0,0,52.6315803527832,0,60.000003814697266,10,20475,15889,86650,68,39,20475,13174,82336,62,51,66718990336,8589930496,23164923904,524288
199,1790686236398,444696.6248626709,3050,0,0.21875,91793.66317749023,48800,2,0.93125,93320.30012512207,48800,2,0.93125,95979.64245605469,48800,2,0.93125,98959.52842712402,48800,2,0.93125,90551.19793701172,48800,2,0.93125,88431.04406738281,48800,2,0.93125,140843.54425048828,3050,2,0.21875,145848.4873199463,3050,2,0.21875,146159.54132080078,3050,0,0.21875,358059.09605407715,3050,2,0.21875,141615.48025512695,3050,2,0.21875,135763.37567138672,3050,2,0.21875,135830.5354156494,3050,2,0.21875,94632.89514160156,48800,2,0.93125,96780.70327758789,48800,2,0.93125,8086790.845077515,2524,4398,400,2532,400,400,400,400,400,400,400,400,400,400,400,400,400,400,400,400,400,400,400,2426,400,5048,2483,3128,400,400,400,5055,35,0,0,0,0,15.789472579956055,55,45,55,55,52.38095474243164,52.38095474243164,0,55,55,0,52.38095474243164,0,52.38095474243164,52.6315803527832,55,55,55,4.761904716491699,0,0,0,0,52.6315803527832,0,60.000003814697266,10,20475,15889,87710,70,52,20475,13174,81639,61,48,66718990336,8589930496,23183237120,524288
199,1790686236598,444697.44619750977,3050,0,0.22499999999999987,91793.84669494629,16133.333333333334,2,0.38749999999999996,93320.53295898438,16133.333333333334,2,0.38749999999999996,95979.82588195801,16133.333333333334,2,0.38749999999999996,98959.7378540039,16133.333333333334,2,0.38749999999999996,90551.37895202637,16133.333333333334,2,0.38749999999999996,88431.67755126953,16133.333333333334,0,0.38749999999999996,140843.82424926758,3050,2,0.22499999999999987,145848.775100708,3050,2,0.22499999999999987,146159.87007141113,3050,2,0.22499999999999987,358059.82121276855,3050,2,0.22499999999999987,141615.75178527832,3050,2,0.22499999999999987,135763.65032958984,3050,2,0.22499999999999987,135830.79893493652,3050,2,0.22499999999999987,94633.13342285156,16133.333333333334,0,0.38749999999999996,96780.94383239746,16133.333333333334,2,0.38749999999999996,8086810.902374268,2524,4398,400,2532,400,400,400,400,400,400,400,400,400,400,400,400,400,400,400,400,400,400,400,2426,400,5048,2483,3128,400,400,400,5055,37.5,0,0,0,0,9.756096839904785,52.499996185302734,40,52.499996185302734,52.499996185302734,53.84615707397461,53.84615707397461,10.256410598754883,52.499996185302734,52.499996185302734,0,52.499996185302734,0,53.84615707397461,52.499996185302734,52.499996185302734,52.499996185302734,52.499996185302734,2.5641026496887207,0,0,12.5,2.4390242099761963,53.658538818359375,0,60.000003814697266,2.5,20475,15889,87681,69,51,20475,13174,81887,62,48,66718990336,8589930496,23182626816,524288
199,1790686236798,444698.4941558838,3050,0,0.23124999999999996,91794.02056884766,16133.333333333334,0,0.3812500000000001,93320.74563598633,16133.333333333334,0,0.3812500000000001,95979.99751281738,16133.333333333334,0,0.3812500000000001,98959.9986114502,16133.333333333334,0,0.3812500000000001,90551.5471496582,16133.333333333334,0,0.3812500000000001,88432.22897338867,16133.333333333334,0,0.3812500000000001,140844.10961914063,3050,0,0.23124999999999996,145849.04028320313,3050,0,0.23124999999999996,146160.13751220703,3050,0,0.23124999999999996,358060.0652618408,3050,0,0.23124999999999996,141616.02388000488,3050,0,0.23124999999999996,135763.89778137207,3050,0,0.23124999999999996,135831.04229736328,3050,0,0.23124999999999996,94633.5542755127,16133.333333333334,0,0.3812500000000001,96781.14137268066,16133.333333333334,0,0.3812500000000001,8086830.395812988,2524,4398,400,2532,400,400,400,400,400,400,400,400,400,400,400,400,400,400,400,400,400,400,400,2426,400,5048,2483,3128,400,400,400,5055,50,5.263157844543457,0,0,0,5,50,35,47.619049072265625,50,45,45,0,50,47.36842346191406,0,50,0,47.619049072265625,50,47.619049072265625,47.36842346191406,47.619049072265625,0,0,0,0,0,47.36842346191406,0,65,5,20475,15889,86726,67,42,20475,13174,82782,64,51,66718990336,8589930496,23161917440,524288
199,1790686236998,444700.2528991699,3050,0,0.23750000000000004,91794.18307495117,16133.333333333334,0,0.3999999999999999,93320.94706726074,16133.333333333334,0,0.3999999999999999,95980.15913391113,16133.333333333334,0,0.3999999999999999,98960.15766906738,16133.333333333334,0,0.3999999999999999,90551.70516967773,16133.333333333334,0,0.3999999999999999,88432.38941955566,16133.333333333334,2,0.3999999999999999,140844.3574066162,3050,0,0.23750000000000004,145849.3038330078,3050,0,0.23750000000000004,146160.43843078613,3050,0,0.23750000000000004,358060.3561859131,3050,0,0.23750000000000004,141616.32720947266,3050,0,0.23750000000000004,135764.14750671387,3050,0,0.23750000000000004,135831.29124450684,3050,0,0.23750000000000004,94633.72145080566,16133.333333333334,0,0.3999999999999999,96781.41532897949,16133.333333333334,0,0.3999999999999999,8086850.008682251,2524,4398,400,2532,400,400,400,400,400,400,400,400,400,400,400,400,400,400,400,400,400,400,400,2426,400,5048,2483,3128,400,400,400,5055,80.95238494873047,0,0,0,0,0,45,10,47.36842346191406,45,50,50,0,5,47.619049072265625,45,45,0,47.36842346191406,45,47.36842346191406,47.619049072265625,47.36842346191406,10,0,0,45,0,5,0,47.36842346191406,5,20475,15889,86430,68,40,20475,13174,82700,63,51,66718990336,8589930496,23151902720,524288
199,1790686237198,444701.1022644043,3050,0,0.23750000000000004,91794.35122680664,16133.333333333334,0,0.39375000000000004,93321.15403747559,16133.333333333334,0,0.39375000000000004,95980.32545471191,16133.333333333334,0,0.39375000000000004,98960.33683776855,16133.333333333334,0,0.39375000000000004,90551.86822509766,16133.333333333334,0,0.39375000000000004,88432.90998840332,16133.333333333334,0,0.39375000000000004,140844.59344482422,3050,0,0.23750000000000004,145849.54942321777,3050,0,0.23750000000000004,146160.68696594238,3050,0,0.23750000000000004,358060.6527862549,3050,0,0.23750000000000004,141616.61860656738,3050,0,0.23750000000000004,135764.39767456055,3050,0,0.23750000000000004,135831.52919006348,3050,0,0.23750000000000004,94634.14904785156,16133.333333333334,0,0.39375000000000004,96781.8155670166,16133.333333333334,0,0.39375000000000004,8086869.20249939,2524,4398,400,2532,400,400,400,400,400,400,400,400,400,400,400,400,400,400,400,400,400,400,400,2426,400,5048,2483,3128,400,400,400,5055,31.57894515991211,0,0,0,0,0,47.36842346191406,30.000001907348633,45,50,45,45,4.761904716491699,5.263157844543457,45,45,47.36842346191406,0,45,47.619049072265625,47.619049072265625,45,45,0,0,0,47.619049072265625,0,0,0,61.904762268066406,20,20475,15889,87335,69,48,20475,13174,81746,61,49,66718990336,8589930496,23161430016,524288
199,1790686237398,444702.0534057617,3050,0,0.25,91794.52378845215,16133.333333333334,0,0.3999999999999999,93321.3639831543,16133.333333333334,0,0.3999999999999999,95980.49299621582,16133.333333333334,0,0.3999999999999999,98960.61793518066,16133.333333333334,0,0.3999999999999999,90552.03388977051,16133.333333333334,0,0.3999999999999999,88433.4958190918,16133.333333333334,2,0.3999999999999999,140844.83116149902,3050,0,0.25,145849.7966156006,3050,0,0.25,146160.9333343506,3050,0,0.25,358060.94833374023,3050,0,0.25,141616.90618896484,3050,0,0.25,135764.63632202148,3050,0,0.25,135831.76458740234,3050,0,0.25,94634.47862243652,16133.333333333334,0,0.3999999999999999,96782.10008239746,16133.333333333334,0,0.3999999999999999,8086888.692214966,2524,4398,400,2532,400,400,400,400,400,400,400,400,400,400,400,400,400,400,400,400,400,400,400,2426,400,5048,2483,3128,400,400,400,5055,38.095237731933594,0,0,0,0,5.263157844543457,47.619049072265625,40,50,45,50,47.619049072265625,0,14.285715103149414,50,50,47.619049072265625,0,47.619049072265625,47.36842346191406,47.36842346191406,50,50,0,0,0,47.36842346191406,0,0,0,60.000003814697266,5,20475,15889,87675,69,51,20475,13174,81663,62,48,66718990336,8589930496,23178973184,524288
199,1790686237599,444702.98976135254,3050,0,0.23750000000000004,91794.7092590332,48800,2,0.575,93321.58670043945,48800,2,0.575,95980.67181396484,48800,2,0.575,98960.8454284668,48800,2,0.575,90552.21656799316,48800,2,0.575,88434.14935302734,48800,2,0.575,140845.0806274414,3050,0,0.23750000000000004,145850.0556793213,3050,0,0.23750000000000004,146161.19277954102,3050,2,0.23750000000000004,358061.25315856934,3050,0,0.23750000000000004,141617.23878479004,3050,0,0.23750000000000004,135764.89038085938,3050,2,0.23750000000000004,135832.01625061035,3050,2,0.23750000000000004,94635.00328063965,48800,2,0.575,96782.27746582031,48800,2,0.575,8086908.308303833,2524,4398,400,2532,400,400,400,400,400,400,400,400,400,400,400,400,400,400,400,400,400,400,400,2426,400,5048,2483,3128,400,400,400,5055,36.842105865478516,0,0,4.761904716491699,0,23.809524536132813,50,40,50,50,45,50,0,10,47.36842346191406,47.36842346191406,50,0,50,50,50,47.36842346191406,50,0,0,4.761904716491699,50,0,0,0,73.68421173095703,0,20475,15889,87078,67,48,20475,13174,82608,64,51,66718990336,8589930496,23178973184,524288
199,1790686237799,444703.88148498535,3050,0,0.29374999999999996,91794.89797973633,48800,2,0.55625,93321.82228088379,48800,2,0.55625,95980.8592376709,48800,2,0.55625,98961.03048706055,48800,2,0.55625,90552.39994812012,48800,2,0.55625,88434.77030944824,48800,2,0.55625,140845.3466949463,3050,0,0.29374999999999996,145850.3267211914,3050,0,0.29374999999999996,146161.46043395996,3050,2,0.29374999999999996,358061.57218933105,3050,0,0.29374999999999996,141617.5910949707,3050,0,0.29374999999999996,135765.15602111816,3050,2,0.29374999999999996,135832.27967834473,3050,2,0.29374999999999996,94635.30265808105,48800,2,0.55625,96782.73361206055,48800,2,0.55625,8086927.995925903,2524,4398,400,2532,400,400,400,400,400,400,400,400,400,400,400,400,400,400,400,400,400,400,400,2426,400,5048,2483,3128,400,400,400,5055,33.333335876464844,0,0,0,0,0,52.6315803527832,40,50,52.38095474243164,55,52.6315803527832,0,10.526315689086914,52.38095474243164,52.38095474243164,52.6315803527832,0,52.6315803527832,52.38095474243164,52.38095474243164,52.38095474243164,50,0,0,0,50,0,0,0,60.000003814697266,20,20475,15889,86365,67,40,20475,13174,82897,63,51,66718990336,8589930496,23178969088,524288
199,1790686237999,444704.8053741455,3050,2,0.26249999999999996,91795.0881652832,48800,2,0.38749999999999996,93322.05688476563,48800,2,0.38749999999999996,95981.04919433594,48800,2,0.38749999999999996,98961.48335266113,48800,2,0.38749999999999996,90552.58781433105,48800,2,0.38749999999999996,88435.41098022461,48800,2,0.38749999999999996,140845.61880493164,3050,2,0.26249999999999996,145850.60093688965,3050,0,0.26249999999999996,146161.7295074463,3050,2,0.26249999999999996,358061.8966064453,3050,0,0.28125,141617.94427490234,3050,2,0.28125,135765.4224395752,3050,2,0.28125,135832.54461669922,3050,2,0.28125,94635.57252502441,48800,2,0.38749999999999996,96782.92219543457,48800,2,0.38749999999999996,8086947.960083008,2524,4398,400,2532,400,400,400,400,400,400,400,400,400,400,400,400,400,400,400,400,400,400,400,2426,400,5048,2483,3128,400,400,400,5055,36.842105865478516,0,0,52.6315803527832,0,20,52.38095474243164,45,55,52.6315803527832,55,55,0,5,55,55,52.38095474243164,0,52.38095474243164,52.6315803527832,0,55,55,0,0,0,55,0,0,0,57.142860412597656,0,20475,15889,87006,69,44,20475,13174,82050,61,48,66718990336,8589930496,23172726784,524288
199,1790686238199,444705.12127685547,3050,0,0.2124999999999999,91795.26359558105,48800,2,0.5875,93322.2760925293,48800,2,0.5875,95981.22479248047,48800,2,0.5875,98961.65963745117,48800,2,0.5875,90552.76354980469,48800,2,0.5875,88435.60000610352,48800,2,0.5875,140845.88934326172,3050,0,0.2124999999999999,145850.88482666016,3050,0,0.2124999999999999,146162.0132598877,3050,0,0.2124999999999999,358064.0937652588,3050,0,0.2124999999999999,141618.30364990234,3050,0,0.2124999999999999,135765.70362854004,3050,2,0.2124999999999999,135832.8168334961,3050,2,0.2124999999999999,94635.74536132813,48800,2,0.5875,96783.0959777832,48800,2,0.5875,8086968.021316528,2524,4398,400,2532,400,400,400,400,400,400,400,400,400,400,400,400,400,400,400,400,400,400,400,2426,400,5048,2483,3128,400,400,400,5055,5,0,0,52.38095474243164,0,0,52.6315803527832,45,50,55,50,50,0,100,50,50,55,0,52.6315803527832,55,0,52.6315803527832,50,5,0,0,14.285715103149414,0,0,0,55,0,20475,15889,87624,69,52,20475,13174,81722,62,49,66718990336,8589930496,23185084416,524288
199,1790686238399,444705.50326538086,3050,0,0.21875,91795.43699645996,16133.333333333334,0,0.3999999999999999,93322.49171447754,16133.333333333334,0,0.3999999999999999,95981.39762878418,16133.333333333334,0,0.3999999999999999,98961.8306274414,16133.333333333334,0,0.3999999999999999,90552.93273925781,16133.333333333334,0,0.3999999999999999,88435.81330871582,16133.333333333334,0,0.3999999999999999,140846.17597961426,3050,0,0.21875,145851.17715454102,3050,0,0.21875,146162.2943725586,3050,0,0.21875,358066.33979797363,3050,0,0.21875,141618.66436767578,3050,0,0.21875,135765.98664855957,3050,0,0.21875,135833.09042358398,3050,0,0.2124999999999999,94635.91453552246,16133.333333333334,0,0.3999999999999999,96783.26676940918,16133.333333333334,0,0.3999999999999999,8086988.552520752,2524,4398,400,2532,400,400,400,400,400,400,400,400,400,400,400,400,400,400,400,400,400,400,400,2426,400,5048,2483,3128,400,400,400,5055,5,0,0,52.38095474243164,0,0,52.6315803527832,45,50,55,50,50,0,100,50,50,55,0,52.6315803527832,55,0,52.6315803527832,50,5,0,0,14.285715103149414,0,0,0,55,0,20475,15889,87518,69,51,20475,13174,82320,63,49,66718990336,8589930496,23185080320,524288
199,1790686238599,444705.89350891113,3050,0,0.21875,91795.59790039063,16133.333333333334,0,0.3999999999999999,93322.69145202637,16133.333333333334,0,0.3999999999999999,95981.55844116211,16133.333333333334,0,0.3999999999999999,98961.99014282227,16133.333333333334,0,0.3999999999999999,90553.08990478516,16133.333333333334,0,0.3999999999999999,88436.01307678223,16133.333333333334,0,0.3999999999999999,140846.44790649414,3050,0,0.21875,145851.46809387207,3050,0,0.21875,146162.5597076416,3050,0,0.21875,358068.59606933594,3050,0,0.21875,141619.0058441162,3050,0,0.21875,135766.25393676758,3050,0,0.21875,135833.43084716797,3050,0,0.21875,94636.07849121094,16133.333333333334,0,0.3999999999999999,96783.42597961426,16133.333333333334,0,0.3999999999999999,8087008.938232422,2524,4398,400,2532,400,400,400,400,400,400,400,400,400,400,400,400,400,400,400,400,400,400,400,2426,400,5048,2483,3128,400,400,400,5055,15.000000953674316,0,0,50,0,0,51.219512939453125,50,51.219512939453125,50,50,50,0,100,51.28205490112305,50,50,0,51.219512939453125,50,0,50,51.219512939453125,0,0,0,0,0,0,10,50,0,20475,15889,86591,67,42,20475,13174,82999,64,50,66718990336,8589930496,23203143680,524288
199,1790686238799,444706.2505645752,3050,0,0.21875,91795.75715637207,16133.333333333334,0,0.3999999999999999,93322.8890838623,16133.333333333334,0,0.3999999999999999,95981.71640014648,16133.333333333334,0,0.3999999999999999,98962.14669799805,16133.333333333334,0,0.3999999999999999,90553.24435424805,16133.333333333334,0,0.3999999999999999,88436.20875549316,16133.333333333334,0,0.3999999999999999,140846.71990966797,3050,0,0.21875,145851.75227355957,3050,0,0.21875,146162.8201751709,3050,0,0.21875,358070.8572998047,3050,0,0.21875,141619.34204101563,3050,0,0.21875,135766.5212097168,3050,0,0.21875,135833.68286132813,3050,0,0.21875,94636.2336730957,16133.333333333334,0,0.3999999999999999,96783.58265686035,16133.333333333334,0,0.3999999999999999,8087029.127990723,2524,4398,400,2532,400,400,400,400,400,400,400,400,400,400,400,400,400,400,400,400,400,400,400,2426,400,5048,2483,3128,400,400,400,5055,10,0,0,47.36842346191406,0,0,45,45,47.36842346191406,45,50,50,0,100,47.619049072265625,50,45,0,47.36842346191406,45,0,47.619049072265625,47.36842346191406,0,0,0,0,0,0,0,45,0,20475,15889,86771,68,40,20475,13174,82882,63,50,66718990336,8589930496,23202648064,524288
199,1790686238999,444706.56199645996,3050,0,0.21875,91795.91142272949,16133.333333333334,0,0.3999999999999999,93323.0802154541,16133.333333333334,0,0.3999999999999999,95981.86973571777,16133.333333333334,0,0.3999999999999999,98962.29931640625,16133.333333333334,0,0.3999999999999999,90553.39437866211,16133.333333333334,0,0.3999999999999999,88436.39958190918,16133.333333333334,0,0.3999999999999999,140846.97618103027,3050,0,0.21875,145852.0191192627,3050,0,0.21875,146163.07341003418,3050,0,0.21875,358073.08641052246,3050,0,0.21875,141619.66722106934,3050,0,0.21875,135766.77911376953,3050,0,0.21875,135833.93049621582,3050,0,0.21875,94636.38455200195,16133.333333333334,0,0.3999999999999999,96783.73509216309,16133.333333333334,0,0.3999999999999999,8087049.176559448,2524,4398,400,2532,400,400,400,400,400,400,400,400,400,400,400,400,400,400,400,400,400,400,400,2426,400,5048,2483,3128,400,400,400,5055,10,0,0,45,0,0,45,47.619049072265625,45,47.619049072265625,45,45,0,100,45,45,47.36842346191406,0,45,47.619049072265625,0,45,45,0,0,0,0,0,0,0,47.36842346191406,0,20475,15889,87624,69,50,20475,13174,81909,62,47,66718990336,8589930496,23198150656,524288
199,1790686239199,444706.8923339844,3050,0,0.22499999999999987,91796.06958007813,16133.333333333334,0,0.40625,93323.27684020996,16133.333333333334,0,0.40625,95982.02749633789,16133.333333333334,0,0.40625,98962.4557800293,16133.333333333334,0,0.40625,90553.55024719238,16133.333333333334,0,0.40625,88436.59437561035,16133.333333333334,0,0.40625,140847.24353027344,3050,0,0.22499999999999987,145852.29122924805,3050,0,0.22499999999999987,146163.33618164063,3050,0,0.22499999999999987,358075.3547363281,3050,0,0.22499999999999987,141619.97091674805,3050,0,0.22499999999999987,135767.0482788086,3050,0,0.22499999999999987,135834.18446350098,3050,0,0.22499999999999987,94636.53903198242,16133.333333333334,0,0.40625,96783.8914642334,16133.333333333334,0,0.40625,8087069.409057617,2524,4398,400,2532,400,400,400,400,400,400,400,400,400,400,400,400,400,400,400,400,400,400,400,2426,400,5048,2483,3128,400,400,400,5055,15.000000953674316,0,0,47.619049072265625,0,0,50,47.36842346191406,50,47.36842346191406,45,47.619049072265625,0,100,47.36842346191406,45,47.619049072265625,0,47.619049072265625,47.36842346191406,0,47.36842346191406,47.619049072265625,0,0,0,0,0,0,0,47.619049072265625,0,20475,15889,87652,69,51,20475,13174,82200,63,50,66718990336,8589930496,23195385856,524288
199,1790686239399,444707.2376098633,3050,0,0.2124999999999999,91796.23805236816,48800,2,0.61875,93323.48574829102,48800,2,0.61875,95982.19528198242,48800,2,0.61875,98962.62229919434,48800,2,0.61875,90553.71781921387,48800,2,0.61875,88436.80081176758,48800,2,0.61875,140847.5213470459,3050,2,0.2124999999999999,145852.57901000977,3050,2,0.2124999999999999,146163.61262512207,3050,2,0.2124999999999999,358077.62617492676,3050,0,0.2124999999999999,141620.29461669922,3050,2,0.2124999999999999,135767.33200073242,3050,2,0.2124999999999999,135834.45182800293,3050,2,0.2124999999999999,94636.70419311523,48800,2,0.61875,96784.05737304688,48800,2,0.61875,8087089.864776611,2524,4398,400,2532,400,400,400,400,400,400,400,400,400,400,400,400,400,400,400,400,400,400,400,2426,400,5048,2483,3128,400,400,400,5055,20,0,0,50,0,0,50,50,50,50,50,50,0,100,50,50,50,0,50,50,0,50,50,0,0,0,0,0,0,0,50,0,20475,15889,86990,67,45,20475,13174,83067,64,51,66718990336,8589930496,23194673152,524288
199,1790686239599,444707.5945892334,3050,2,0.2124999999999999,91796.41542053223,48800,2,0.61875,93323.70671081543,48800,2,0.61875,95982.37762451172,48800,2,0.61875,98962.79888916016,48800,2,0.61875,90553.89768981934,48800,2,0.61875,88437.01953125,48800,2,0.61875,140847.8067932129,3050,2,0.2124999999999999,145852.87823486328,3050,2,0.2124999999999999,146163.90567016602,3050,0,0.2124999999999999,358079.9077606201,3050,0,0.2124999999999999,141620.63311767578,3050,2,0.2124999999999999,135767.62840270996,3050,2,0.2124999999999999,135834.7322998047,3050,2,0.2124999999999999,94636.88298034668,16133.333333333334,2,0.925,96784.2924194336,16133.333333333334,2,0.925,8087110.724868774,2524,4398,400,2532,400,400,400,400,400,400,400,400,400,400,400,400,400,400,400,400,400,400,400,2426,400,5048,2483,3128,400,400,400,5055,10,4.761904716491699,0,52.6315803527832,0,0,50,52.38095474243164,50,52.38095474243164,55,52.6315803527832,0,100,52.38095474243164,55,52.6315803527832,0,52.6315803527832,52.38095474243164,0,52.38095474243164,52.6315803527832,0,0,0,0,0,0,0,52.6315803527832,20,20475,15889,86580,68,40,20475,13174,83099,64,50,66718990336,8589930496,23211143168,524288
199,1790686239799,444707.9461517334,3050,2,0.20625000000000004,91796.59150695801,16133.333333333334,2,0.4125000000000001,93323.92582702637,48800,2,0.4125000000000001,95982.55345153809,48800,2,0.4125000000000001,98962.96987915039,48800,2,0.4125000000000001,90554.07287597656,48800,2,0.4125000000000001,88437.23887634277,48800,2,0.4125000000000001,140848.08953857422,3050,2,0.20625000000000004,145853.1800994873,3050,2,0.20625000000000004,146164.19750976563,3050,0,0.20625000000000004,358082.1703033447,3050,0,0.20625000000000004,141620.9721069336,3050,2,0.20625000000000004,135767.9238128662,3050,2,0.20625000000000004,135835.01586914063,3050,2,0.20625000000000004,94637.06016540527,16133.333333333334,2,0.4125000000000001,96784.46434020996,16133.333333333334,2,0.4125000000000001,8087131.347061157,2524,4398,400,2532,400,400,400,400,400,400,400,400,400,400,400,400,400,400,400,400,400,400,400,2426,400,5048,2483,3128,400,400,400,5055,10,0,0,52.38095474243164,0,0,55,52.6315803527832,55,52.6315803527832,52.38095474243164,52.38095474243164,0,100,55,55,52.38095474243164,0,52.38095474243164,52.6315803527832,0,55,55,0,0,0,0,0,0,0,52.38095474243164,0,20475,15889,87071,69,46,20475,13174,82301,62,50,66718990336,8589930496,23203647488,524288
199,1790686239999,444708.3195953369,3050,2,0.20625000000000004,91796.76554870605,16133.333333333334,2,0.925,93324.14347839355,16133.333333333334,2,0.925,95982.7282409668,48800,2,0.6,98963.13940429688,48800,2,0.6,90554.24667358398,48800,2,0.6,88437.45361328125,48800,2,0.6,140848.37071228027,3050,2,0.20625000000000004,145853.4804534912,3050,2,0.20625000000000004,146164.48487854004,3050,0,0.20625000000000004,358084.45042419434,3050,0,0.20625000000000004,141621.30647277832,3050,2,0.20625000000000004,135768.2152709961,3050,2,0.20625000000000004,135835.29637145996,3050,2,0.20625000000000004,94637.2341003418,16133.333333333334,2,0.925,96784.63426208496,16133.333333333334,2,0.925,8087151.937271118,2524,4398,400,2532,400,400,400,400,400,400,400,400,400,400,400,400,400,400,400,400,400,400,400,2426,400,5048,2483,3128,400,400,400,5055,10,0,0,52.6315803527832,10,0,52.6315803527832,55,50,52.38095474243164,52.6315803527832,52.6315803527832,0,100,50,50,52.6315803527832,0,52.6315803527832,52.38095474243164,0,50,50,0,4.761904716491699,0,0,0,0,0,52.6315803527832,0,20475,15889,87665,69,53,20475,13174,81996,62,49,66718990336,8589930496,23195930624,524288
199,1790686240199,444708.7062072754,3050,2,0.2124999999999999,91796.9408416748,16133.333333333334,2,0.5375000000000001,93324.36178588867,16133.333333333334,2,0.5375000000000001,95982.90007019043,48800,2,0.6375,98963.30946350098,48800,2,0.6375,90554.41786193848,48800,2,0.6375,88437.66897583008,48800,2,0.6375,140848.65452575684,3050,2,0.2124999999999999,145853.77871704102,3050,2,0.2124999999999999,146164.77124023438,3050,0,0.2124999999999999,358086.7190093994,3050,0,0.2124999999999999,141621.63900756836,3050,2,0.2124999999999999,135768.5048980713,3050,2,0.2124999999999999,135835.57551574707,3050,2,0.2124999999999999,94637.40841674805,16133.333333333334,2,0.5375000000000001,96784.8041229248,16133.333333333334,2,0.5375000000000001,8087172.599411011,2524,4398,400,2532,400,400,400,400,400,400,400,400,400,400,400,400,400,400,400,400,400,400,400,2426,400,5048,2483,3128,400,400,400,5055,10.526315689086914,0,0,52.38095474243164,0,0,52.38095474243164,50,55,52.6315803527832,52.38095474243164,52.38095474243164,0,100,55,55,52.38095474243164,0,52.38095474243164,52.6315803527832,0,55,55,0,0,0,0,0,0,0,52.38095474243164,0,20475,15889,87620,69,51,20475,13174,82788,64,49,66718990336,8589930496,23192788992,524288
199,1790686240399,444709.09603881836,3050,0,0.21875,91797.10273742676,16133.333333333334,0,0.3999999999999999,93324.56298828125,16133.333333333334,0,0.3999999999999999,95983.05815124512,16133.333333333334,0,0.3999999999999999,98963.4662475586,16133.333333333334,0,0.3999999999999999,90554.57534790039,16133.333333333334,0,0.3999999999999999,88437.86749267578,16133.333333333334,0,0.3999999999999999,140848.92460632324,3050,0,0.21875,145854.06484985352,3050,0,0.21875,146165.03987121582,3050,0,0.21875,358088.9888305664,3050,0,0.21875,141621.95001220703,3050,0,0.21875,135768.77745056152,3050,0,0.21875,135835.838180542,3050,0,0.21875,94637.5703125,16133.333333333334,0,0.3999999999999999,96784.96095275879,16133.333333333334,0,0.3999999999999999,8087192.8023376465,2524,4398,400,2532,400,400,400,400,400,400,400,400,400,400,400,400,400,400,400,400,400,400,400,2426,400,5048,2483,3128,400,400,400,5055,10.526315689086914,0,0,52.38095474243164,0,0,52.38095474243164,50,55,52.6315803527832,52.38095474243164,52.38095474243164,0,100,55,55,52.38095474243164,0,52.38095474243164,52.6315803527832,0,55,55,0,0,0,0,0,0,0,52.38095474243164,0,20475,15889,86846,67,42,20475,13174,83142,64,51,66718990336,8589930496,23192788992,524288
199,1790686240599,444709.450302124,3050,0,0.21875,91797.26066589355,16133.333333333334,0,0.3999999999999999,93324.75941467285,16133.333333333334,0,0.3999999999999999,95983.21249389648,16133.333333333334,0,0.3999999999999999,98963.65591430664,16133.333333333334,0,0.3999999999999999,90554.73165893555,16133.333333333334,0,0.3999999999999999,88438.06369018555,16133.333333333334,0,0.3999999999999999,140849.19221496582,3050,0,0.21875,145854.34790039063,3050,0,0.21875,146165.30752563477,3050,0,0.21875,358091.26570129395,3050,0,0.21875,141622.25434875488,3050,0,0.21875,135769.04606628418,3050,0,0.21875,135836.09617614746,3050,0,0.21875,94637.72970581055,16133.333333333334,0,0.3999999999999999,96785.11529541016,16133.333333333334,0,0.3999999999999999,8087213.211288452,2524,4398,400,2532,400,400,400,400,400,400,400,400,400,400,400,400,400,400,400,400,400,400,400,2426,400,5048,2483,3128,400,400,400,5055,15.000000953674316,0,0,48.71794891357422,0,5,47.5,47.5,47.5,47.5,48.71794891357422,48.71794891357422,0,100,47.5,47.5,47.5,0,47.5,47.5,0,47.5,47.5,0,0,0,0,0,0,0,47.5,0,20475,15889,86845,68,40,20475,13174,83045,63,52,66718990336,8589930496,23193038848,524288
199,1790686240799,444709.7932434082,3050,0,0.21875,91797.41665649414,16133.333333333334,0,0.3999999999999999,93324.95706176758,16133.333333333334,0,0.3999999999999999,95983.36772155762,16133.333333333334,0,0.3999999999999999,98963.83210754395,16133.333333333334,0,0.3999999999999999,90554.88778686523,16133.333333333334,0,0.3999999999999999,88438.25695800781,16133.333333333334,0,0.3999999999999999,140849.46577453613,3050,0,0.21875,145854.6300201416,3050,0,0.21875,146165.58099365234,3050,0,0.21875,358093.5357513428,3050,0,0.21875,141622.5564880371,3050,0,0.21875,135769.3126373291,3050,0,0.21875,135836.3521270752,3050,0,0.21875,94637.88954162598,16133.333333333334,0,0.3999999999999999,96785.26821899414,16133.333333333334,0,0.3999999999999999,8087233.584594727,2524,4398,400,2532,400,400,400,400,400,400,400,400,400,400,400,400,400,400,400,400,400,400,400,2426,400,5048,2483,3128,400,400,400,5055,10,0,0,47.619049072265625,0,10,47.36842346191406,50,45,50,45,45,0,100,45,45,47.36842346191406,0,47.36842346191406,47.619049072265625,0,45,45,0,0,0,0,0,0,0,50,0,20475,15889,87567,69,47,20475,13174,82381,62,49,66718990336,8589930496,23192047616,524288
199,1790686240999,444710.1101837158,3050,0,0.21875,91797.57273864746,16133.333333333334,0,0.3999999999999999,93325.15225219727,16133.333333333334,0,0.3999999999999999,95983.5210571289,16133.333333333334,0,0.3999999999999999,98963.9857635498,16133.333333333334,0,0.3999999999999999,90555.0433959961,16133.333333333334,0,0.3999999999999999,88438.44966125488,16133.333333333334,0,0.3999999999999999,140849.72926330566,3050,0,0.21875,145854.90614318848,3050,0,0.21875,146165.8462677002,3050,0,0.21875,358095.80632019043,3050,0,0.21875,141622.8603363037,3050,0,0.21875,135769.58056640625,3050,0,0.21875,135836.60890197754,3050,0,0.21875,94638.04553222656,16133.333333333334,0,0.3999999999999999,96785.42240905762,16133.333333333334,0,0.3999999999999999,8087253.787017822,2524,4398,400,2532,400,400,400,400,400,400,400,400,400,400,400,400,400,400,400,400,400,400,400,2426,400,5048,2483,3128,400,400,400,5055,10,0,0,45,0,0,47.619049072265625,45,50,45,50,47.619049072265625,0,100,50,50,47.619049072265625,0,47.619049072265625,47.36842346191406,0,50,50,0,0,0,0,0,0,0,45,0,20475,15889,87585,69,52,20475,13174,82421,63,49,66718990336,8589930496,23187451904,524288
199,1790686241200,444710.4460449219,3050,2,0.2124999999999999,91797.73179626465,48800,2,0.55,93325.34979248047,16133.333333333334,2,0.55,95983.6774597168,16133.333333333334,2,0.55,98964.14128112793,16133.333333333334,0,0.55,90555.20248413086,16133.333333333334,0,0.55,88438.64515686035,16133.333333333334,0,0.55,140850.0015258789,3050,2,0.2124999999999999,145855.18077087402,3050,0,0.21875,146166.11335754395,3050,0,0.21875,358098.08966064453,3050,0,0.21875,141623.17248535156,3050,0,0.21875,135769.85438537598,3050,0,0.21875,135836.86975097656,3050,0,0.21875,94638.20477294922,48800,2,0.40625,96785.57736206055,48800,2,0.40625,8087274.06477356,2524,4398,400,2532,400,400,400,400,400,400,400,400,400,400,400,400,400,400,400,400,400,400,400,2426,400,5048,2483,3128,400,400,400,5055,19.047618865966797,0,0,50,0,0,47.36842346191406,50,45,47.619049072265625,45,47.36842346191406,0,100,45,45,47.36842346191406,0,47.36842346191406,47.619049072265625,0,45,45,0,0,4.761904716491699,0,0,0,0,50,0,20475,15889,87337,68,50,20475,13174,83085,65,51,66718990336,8589930496,23187963904,524288
199,1790686241400,444710.8061065674,3050,2,0.2124999999999999,91797.9093170166,48800,2,0.5625,93325.56993103027,48800,2,0.5625,95983.85136413574,16133.333333333334,2,0.93125,98964.3137512207,16133.333333333334,2,0.93125,90555.37991333008,16133.333333333334,2,0.93125,88438.86239624023,16133.333333333334,2,0.93125,140850.29640197754,3050,2,0.2124999999999999,145855.4806060791,3050,2,0.2124999999999999,146166.4008026123,3050,2,0.2124999999999999,358100.36044311523,3050,0,0.2124999999999999,141623.5103302002,3050,0,0.2124999999999999,135770.150680542,3050,2,0.2124999999999999,135837.1552734375,3050,2,0.2124999999999999,94638.37857055664,48800,2,0.5625,96785.74966430664,48800,2,0.5625,8087294.7177734375,2524,4398,400,2532,400,400,400,400,400,400,400,400,400,400,400,400,400,400,400,400,400,400,400,2426,400,5048,2483,3128,400,400,400,5055,15.789472579956055,0,0,50,0,0,52.38095474243164,50,55,52.6315803527832,52.38095474243164,52.38095474243164,0,100,55,55,52.38095474243164,0,52.38095474243164,52.6315803527832,0,55,55,0,0,0,0,0,0,0,50,0,20475,15889,86847,67,42,20475,13174,83155,64,52,66718990336,8589930496,23185207296,524288
199,1790686241600,444711.1569824219,3050,0,0.2124999999999999,91798.08578491211,48800,2,0.575,93325.78968811035,48800,2,0.575,95984.02409362793,48800,2,0.575,98964.48541259766,48800,2,0.575,90555.55590820313,48800,2,0.575,88439.07989501953,48800,2,0.575,140850.5860595703,3050,0,0.2124999999999999,145855.7764892578,3050,2,0.2124999999999999,146166.68980407715,3050,0,0.2124999999999999,358102.628036499,3050,0,0.2124999999999999,141623.8508605957,3050,0,0.2124999999999999,135770.44535827637,3050,2,0.2124999999999999,135837.43969726563,3050,2,0.2124999999999999,94638.55082702637,48800,2,0.575,96785.9210357666,48800,2,0.575,8087315.288024902,2524,4398,400,2532,400,400,400,400,400,400,400,400,400,400,400,400,400,400,400,400,400,400,400,2426,400,5048,2483,3128,400,400,400,5055,10,0,0,55,0,0,52.6315803527832,55,50,52.38095474243164,52.6315803527832,52.6315803527832,0,100,50,50,55,0,52.6315803527832,52.38095474243164,0,50,50,0,0,0,0,0,0,0,55,0,20475,15889,86985,68,40,20475,13174,82842,63,51,66718990336,8589930496,23185207296,524288
199,1790686241800,444711.51737976074,3050,0,0.20625000000000004,91798.3042755127,48800,2,0.40625,93326.01899719238,48800,2,0.40625,95984.19898986816,48800,2,0.40625,98964.6615447998,48800,2,0.40625,90555.73626708984,48800,2,0.40625,88439.29891967773,48800,2,0.40625,140850.87480163574,3050,0,0.20625000000000004,145856.071975708,3050,2,0.20625000000000004,146166.97773742676,3050,0,0.20625000000000004,358104.89445495605,3050,0,0.20625000000000004,141624.1905517578,3050,0,0.20625000000000004,135770.7413635254,3050,2,0.20625000000000004,135837.72497558594,3050,2,0.20625000000000004,94638.7306060791,48800,2,0.40625,96786.10214233398,48800,2,0.40625,8087336.122192383,2524,4398,400,2532,400,400,400,400,400,400,400,400,400,400,400,400,400,400,400,400,400,400,400,2426,400,5048,2483,3128,400,400,400,5055,10,0,4.761904716491699,50,0,0,52.38095474243164,50,55,52.6315803527832,55,52.38095474243164,0,100,55,55,50,4.761904716491699,52.38095474243164,52.6315803527832,20,55,55,5,0,0,0,0,0,0,50,0,20475,15889,87645,69,50,20475,13174,82538,62,49,66718990336,8589930496,23194750976,524288
199,1790686242000,444711.90057373047,3050,0,0.20625000000000004,91798.51622009277,48800,2,0.625,93326.19076538086,48800,2,0.625,95984.37197875977,48800,2,0.625,98964.83442687988,48800,2,0.625,90555.91215515137,48800,2,0.625,88439.51588439941,48800,2,0.625,140851.17155456543,3050,0,0.20625000000000004,145856.45738220215,3050,0,0.20625000000000004,146167.26663208008,3050,0,0.20625000000000004,358107.1616973877,3050,0,0.20625000000000004,141624.5271911621,3050,0,0.20625000000000004,135771.0313720703,3050,2,0.20625000000000004,135838.00717163086,3050,2,0.20625000000000004,94638.90325927734,48800,2,0.625,96786.2733001709,48800,2,0.625,8087356.873062134,2524,4398,400,2532,400,400,400,400,400,400,400,400,400,400,400,400,400,400,400,400,400,400,400,2426,400,5048,2483,3128,400,400,400,5055,10,0,0,55,0,0,52.6315803527832,55,50,55,50,52.6315803527832,0,100,50,50,55,0,52.6315803527832,52.38095474243164,0,50,50,0,0,0,0,0,0,0,55,0,20475,15889,87627,69,51,20475,13174,82575,63,49,66718990336,8589930496,23185915904,524288
199,1790686242200,444712.29443359375,3050,0,0.21875,91798.72448730469,16133.333333333334,0,0.3999999999999999,93326.3589477539,16133.333333333334,0,0.3999999999999999,95984.5431060791,16133.333333333334,0,0.3999999999999999,98965.00395202637,16133.333333333334,0,0.3999999999999999,90556.0858001709,16133.333333333334,0,0.3999999999999999,88439.72933959961,16133.333333333334,0,0.3999999999999999,140851.4654083252,3050,0,0.21875,145856.83738708496,3050,0,0.21875,146167.54934692383,3050,0,0.21875,358109.4308013916,3050,0,0.21875,141624.85914611816,3050,0,0.21875,135771.32229614258,3050,0,0.21875,135838.28462219238,3050,0,0.21875,94639.07228088379,16133.333333333334,0,0.3999999999999999,96786.44096374512,16133.333333333334,0,0.3999999999999999,8087377.549209595,2524,4398,400,2532,400,400,400,400,400,400,400,400,400,400,400,400,400,400,400,400,400,400,400,2426,400,5048,2483,3128,400,400,400,5055,10,0,0,55,0,0,52.6315803527832,55,50,55,50,52.6315803527832,0,100,50,50,55,0,52.6315803527832,52.38095474243164,0,50,50,0,0,0,0,0,0,0,55,0,20475,15889,87115,67,47,20475,13174,83247,65,51,66718990336,8589930496,23182790656,524288
199,1790686242400,444712.66481018066,3050,0,0.21875,91798.91732788086,16133.333333333334,0,0.3999999999999999,93326.51502990723,16133.333333333334,0,0.3999999999999999,95984.69970703125,16133.333333333334,0,0.3999999999999999,98965.1607055664,16133.333333333334,0,0.3999999999999999,90556.24452209473,16133.333333333334,0,0.3999999999999999,88439.92935180664,16133.333333333334,0,0.3999999999999999,140851.7395172119,3050,0,0.21875,145857.15881347656,3050,0,0.21875,146167.81825256348,3050,0,0.21875,358111.7053222656,3050,0,0.21875,141625.1685333252,3050,0,0.21875,135771.59237670898,3050,0,0.21875,135838.5444946289,3050,0,0.21875,94639.22880554199,16133.333333333334,0,0.3999999999999999,96786.59548950195,16133.333333333334,0,0.3999999999999999,8087398.025741577,2524,4398,400,2532,400,400,400,400,400,400,400,400,400,400,400,400,400,400,400,400,400,400,400,2426,400,5048,2483,3128,400,400,400,5055,15.000000953674316,0,0,48.71794891357422,0,0,50,50,50,48.780487060546875,50,50,0,100,50,50,48.71794891357422,0,50,50,0,50,50,0,0,0,0,0,0,0,48.71794891357422,0,20475,15889,86854,67,42,20475,13174,83237,64,52,66718990336,8589930496,23182790656,524288
199,1790686242600,444713.00592041016,3050,0,0.21875,91799.10931396484,16133.333333333334,0,0.3999999999999999,93326.67274475098,16133.333333333334,0,0.3999999999999999,95984.85760498047,16133.333333333334,0,0.3999999999999999,98965.31921386719,16133.333333333334,0,0.3999999999999999,90556.40235900879,16133.333333333334,0,0.3999999999999999,88440.12600708008,16133.333333333334,0,0.3999999999999999,140852.00442504883,3050,0,0.21875,145857.4420928955,3050,0,0.21875,146168.08731079102,3050,0,0.21875,358113.9838256836,3050,0,0.21875,141625.48391723633,3050,0,0.21875,135771.86210632324,3050,0,0.21875,135838.80403137207,3050,0,0.21875,94639.38821411133,16133.333333333334,0,0.3999999999999999,96786.75212097168,16133.333333333334,0,0.3999999999999999,8087418.459136963,2524,4398,400,2532,400,400,400,400,400,400,400,400,400,400,400,400,400,400,400,400,400,400,400,2426,400,5048,2483,3128,400,400,400,5055,10,0,0,50,0,0,47.619049072265625,45,50,47.36842346191406,45,47.619049072265625,0,100,47.36842346191406,47.36842346191406,47.619049072265625,0,47.619049072265625,47.36842346191406,0,47.36842346191406,50,0,0,0,0,0,0,0,47.619049072265625,0,20475,15889,87172,68,41,20475,13174,82631,63,51,66718990336,8589930496,23169777664,524288
199,1790686242800,444713.3487548828,3050,0,0.21875,91799.30180358887,16133.333333333334,0,0.3999999999999999,93326.83590698242,16133.333333333334,0,0.3999999999999999,95985.0717010498,16133.333333333334,0,0.3999999999999999,98965.48121643066,16133.333333333334,0,0.3999999999999999,90556.56423950195,16133.333333333334,0,0.3999999999999999,88440.32275390625,16133.333333333334,0,0.3999999999999999,140852.27380371094,3050,0,0.21875,145857.74870300293,3050,0,0.21875,146168.3502960205,3050,0,0.21875,358116.2639312744,3050,0,0.21875,141625.7912902832,3050,0,0.21875,135772.1318511963,3050,0,0.21875,135839.06268310547,3050,0,0.21875,94639.54440307617,16133.333333333334,0,0.3999999999999999,96786.91828918457,16133.333333333334,0,0.3999999999999999,8087438.9962005615,2524,4398,400,2532,400,400,400,400,400,400,400,400,400,400,400,400,400,400,400,400,400,400,400,2426,400,5048,2483,3128,400,400,400,5055,10,0,0,45,25,0,45,45,45,45,50,47.36842346191406,0,100,47.619049072265625,47.619049072265625,47.36842346191406,0,47.36842346191406,47.619049072265625,0,47.619049072265625,45,0,0,0,0,0,0,0,47.36842346191406,0,20475,15889,87553,69,53,20475,13174,82548,63,51,66718990336,8589930496,23188078592,524288
199,1790686243000,444713.67768859863,3050,0,0.22499999999999987,91799.49180603027,16133.333333333334,0,0.40625,93326.99005126953,16133.333333333334,0,0.40625,95985.2264251709,16133.333333333334,0,0.40625,98965.63606262207,16133.333333333334,0,0.40625,90556.72131347656,16133.333333333334,0,0.40625,88440.51893615723,16133.333333333334,0,0.40625,140852.54219055176,3050,0,0.22499999999999987,145858.05310058594,3050,0,0.22499999999999987,146168.61405944824,3050,0,0.22499999999999987,358118.5404815674,3050,0,0.22499999999999987,141626.10165405273,3050,0,0.22499999999999987,135772.40049743652,3050,0,0.22499999999999987,135839.32232666016,3050,0,0.22499999999999987,94639.70082092285,16133.333333333334,0,0.40625,96787.07331848145,16133.333333333334,0,0.40625,8087459.268371582,2524,4398,400,2532,400,400,400,400,400,400,400,400,400,400,400,400,400,400,400,400,400,400,400,2426,400,5048,2483,3128,400,400,400,5055,15.000000953674316,0,0,47.619049072265625,0,0,50,50,50,50,45,47.619049072265625,0,100,47.36842346191406,45,47.619049072265625,0,47.619049072265625,47.36842346191406,0,47.36842346191406,50,0,0,0,0,0,0,0,47.619049072265625,0,20475,15889,87517,69,51,20475,13174,82722,64,50,66718990336,8589930496,23181987840,524288
199,1790686243200,444714.0199279785,3050,2,0.2124999999999999,91799.68891906738,48800,2,0.925,93327.14939880371,48800,2,0.925,95985.38665771484,48800,2,0.925,98965.7963256836,48800,2,0.925,90556.88452148438,48800,2,0.925,88440.72344970703,48800,2,0.925,140852.8247833252,3050,2,0.2124999999999999,145858.36875915527,3050,2,0.2124999999999999,146168.88627624512,3050,2,0.2124999999999999,358120.8168029785,3050,0,0.2124999999999999,141626.42295837402,3050,2,0.2124999999999999,135772.6798095703,3050,2,0.2124999999999999,135839.5918121338,3050,2,0.2124999999999999,94639.86434936523,48800,2,0.925,96787.23417663574,48800,2,0.925,8087479.764541626,2524,4398,400,2532,400,400,400,400,400,400,400,400,400,400,400,400,400,400,400,400,400,400,400,2426,400,5048,2483,3128,400,400,400,5055,10.526315689086914,0,0,50,0,0,47.36842346191406,50,45,50,50,47.36842346191406,0,100,47.619049072265625,50,47.36842346191406,0,47.36842346191406,47.619049072265625,0,47.619049072265625,45,0,0,0,0,0,0,0,50,0,20475,15889,86851,67,45,20475,13174,83221,65,51,66718990336,8589930496,23181987840,524288
199,1790686243400,444714.3746948242,3050,2,0.2124999999999999,91799.90226745605,48800,2,0.925,93327.27474975586,48800,2,0.925,95985.55982971191,48800,2,0.925,98965.96838378906,48800,2,0.925,90557.05809020996,48800,2,0.925,88440.96408081055,48800,2,0.925,140853.11854553223,3050,2,0.2124999999999999,145858.7062072754,3050,2,0.2124999999999999,146169.17538452148,3050,2,0.2124999999999999,358123.09313964844,3050,0,0.2124999999999999,141626.7681274414,3050,2,0.2124999999999999,135772.97784423828,3050,2,0.2124999999999999,135839.8769378662,3050,2,0.2124999999999999,94640.041015625,48800,2,0.925,96787.40780639648,48800,2,0.925,8087500.326309204,2524,4398,400,2532,400,400,400,400,400,400,400,400,400,400,400,400,400,400,400,400,400,400,400,2426,400,5048,2483,3128,400,400,400,5055,19.047618865966797,0,0,36.842105865478516,0,0,52.38095474243164,15.000000953674316,55,50,55,52.38095474243164,0,100,55,55,52.38095474243164,0,52.38095474243164,52.6315803527832,0,55,55,0,0,52.6315803527832,0,0,0,0,50,0,20475,15889,86846,67,40,20475,13174,83247,64,52,66718990336,8589930496,23179272192,524288
199,1790686243600,444714.81217956543,3050,2,0.20625000000000004,91800.11404418945,48800,2,0.93125,93327.44514465332,48800,2,0.93125,95985.73109436035,48800,2,0.93125,98966.13998413086,48800,2,0.93125,90557.23306274414,48800,2,0.93125,88441.18257141113,48800,2,0.93125,140853.4042816162,3050,2,0.20625000000000004,145859.04446411133,3050,2,0.20625000000000004,146169.4718170166,3050,0,0.20625000000000004,358125.36923217773,3050,0,0.20625000000000004,141627.1113128662,3050,2,0.20625000000000004,135773.27403259277,3050,2,0.20625000000000004,135840.1623840332,3050,2,0.20625000000000004,94640.2155456543,48800,2,0.93125,96787.57818603516,48800,2,0.93125,8087520.987869263,2524,4398,400,2532,400,400,400,400,400,400,400,400,400,400,400,400,400,400,400,400,400,400,400,2426,400,5048,2483,3128,400,400,400,5055,10,0,0,52.38095474243164,0,0,52.6315803527832,0,50,55,50,52.6315803527832,4.761904716491699,100,50,50,52.6315803527832,0,52.6315803527832,55,0,50,50,0,0,52.38095474243164,0,0,0,0,55,0,20475,15889,87350,69,45,20475,13174,82597,62,49,66718990336,8589930496,23179272192,524288
199,1790686243800,444715.17559814453,3050,2,0.20625000000000004,91800.3274230957,48800,2,0.56875,93327.6180267334,48800,2,0.56875,95985.95468139648,48800,2,0.56875,98966.31108093262,48800,2,0.93125,90557.4097290039,48800,2,0.93125,88441.40145874023,48800,2,0.93125,140853.69609069824,3050,2,0.20625000000000004,145859.3768157959,3050,2,0.20625000000000004,146169.76127624512,3050,2,0.20625000000000004,358127.64140319824,3050,0,0.20625000000000004,141627.4506072998,3050,2,0.20625000000000004,135773.56832885742,3050,2,0.20625000000000004,135840.44523620605,3050,2,0.20625000000000004,94640.39065551758,48800,2,0.56875,96787.75311279297,48800,2,0.56875,8087541.776931763,2524,4398,400,2532,400,400,400,400,400,400,400,400,400,400,400,400,400,400,400,400,400,400,400,2426,400,5048,2483,3128,400,400,400,5055,10,0,0,52.6315803527832,20,0,52.38095474243164,0,55,50,55,55,0,100,55,55,52.38095474243164,0,55,50,0,55,55,0,0,52.6315803527832,0,0,0,0,50,0,20475,15889,87564,69,53,20475,13174,82691,63,49,66718990336,8589930496,23178547200,524288
199,1790686244000,444715.559173584,3050,2,0.2124999999999999,91800.54145812988,48800,2,0.925,93327.78845214844,48800,2,0.925,95986.1283569336,48800,2,0.925,98966.48036193848,48800,2,0.925,90557.5855102539,48800,2,0.925,88441.61849975586,48800,2,0.925,140853.99645996094,3050,2,0.2124999999999999,145859.70762634277,3050,2,0.2124999999999999,146170.05630493164,3050,2,0.2124999999999999,358129.9109649658,3050,0,0.2124999999999999,141627.78979492188,3050,2,0.2124999999999999,135773.85887145996,3050,2,0.2124999999999999,135840.7247314453,3050,2,0.2124999999999999,94640.5640411377,48800,2,0.925,96787.92823791504,48800,2,0.925,8087562.468215942,2524,4398,400,2532,400,400,400,400,400,400,400,400,400,400,400,400,400,400,400,400,400,400,400,2426,400,5048,2483,3128,400,400,400,5055,10,0,0,52.38095474243164,0,0,52.6315803527832,0,52.38095474243164,55,50,50,0,100,50,50,55,0,52.38095474243164,55,0,52.6315803527832,52.38095474243164,0,0,52.38095474243164,0,0,0,0,55,0,20475,15889,87548,68,51,20475,13174,82990,64,50,66718990336,8589930496,23169175552,524288
199,1790686244200,444715.9476623535,3050,0,0.21875,91800.7420501709,16133.333333333334,0,0.3999999999999999,93327.95037841797,16133.333333333334,0,0.3999999999999999,95986.29164123535,16133.333333333334,0,0.3999999999999999,98966.64758300781,16133.333333333334,0,0.3999999999999999,90557.75248718262,16133.333333333334,0,0.3999999999999999,88441.8260345459,16133.333333333334,0,0.3999999999999999,140854.28521728516,3050,0,0.21875,145860.02432250977,3050,0,0.21875,146170.3355255127,3050,0,0.21875,358132.1841888428,3050,0,0.21875,141628.1111907959,3050,0,0.21875,135774.13739013672,3050,0,0.21875,135840.99333190918,3050,0,0.21875,94640.74366760254,16133.333333333334,0,0.3999999999999999,96788.09384155273,16133.333333333334,0,0.3999999999999999,8087582.934188843,2524,4398,400,2532,400,400,400,400,400,400,400,400,400,400,400,400,400,400,400,400,400,400,400,2426,400,5048,2483,3128,400,400,400,5055,10,0,0,52.38095474243164,0,0,52.6315803527832,0,52.38095474243164,55,50,50,0,100,50,50,55,0,52.38095474243164,55,0,52.6315803527832,52.38095474243164,0,0,52.38095474243164,0,0,0,0,55,0,20475,15889,86886,67,43,20475,13174,83315,65,51,66718990336,8589930496,23161430016,524288
199,1790686244400,444716.9443664551,2850,0,0.11250000000000004,91800.93252563477,16133.333333333334,0,0.3999999999999999,93328.10496520996,16133.333333333334,0,0.3999999999999999,95986.44645690918,16133.333333333334,0,0.3999999999999999,98966.8025970459,16133.333333333334,0,0.3999999999999999,90557.9098815918,16133.333333333334,0,0.3999999999999999,88442.02519226074,16133.333333333334,0,0.3999999999999999,140854.5730895996,2850,0,0.11250000000000004,145860.3313446045,2850,0,0.11250000000000004,146170.60707092285,2850,0,0.11250000000000004,358133.67388916016,2850,0,0.11250000000000004,141628.42321777344,2850,0,0.11250000000000004,135774.5224609375,2850,0,0.11250000000000004,135841.25350952148,2850,0,0.11250000000000004,94640.9026184082,16133.333333333334,0,0.3999999999999999,96788.25129699707,16133.333333333334,0,0.3999999999999999,8087603.410293579,2524,4398,400,2532,400,400,400,400,400,400,400,400,400,400,400,400,400,400,400,400,400,400,400,2426,400,5048,2483,3128,400,400,400,5055,30.000001907348633,0,0,48.71794891357422,0,0,48.780487060546875,0,48.71794891357422,47.5,50,50,0,80,50,40,47.5,2.5,48.71794891357422,47.5,0,48.780487060546875,48.71794891357422,0,0,48.71794891357422,7.500000476837158,0,5,0,47.5,0,20475,15889,86882,68,40,20475,13174,83300,64,52,66718990336,8589930496,23161335808,524288
199,1790686244600,444717.33113098145,3050,0,0.21875,91801.12327575684,16133.333333333334,0,0.3999999999999999,93328.25910949707,16133.333333333334,0,0.3999999999999999,95986.60139465332,16133.333333333334,0,0.3999999999999999,98966.95848083496,16133.333333333334,0,0.3999999999999999,90558.06874084473,16133.333333333334,0,0.3999999999999999,88442.18727111816,16133.333333333334,0,0.3999999999999999,140854.85287475586,3050,0,0.21875,145860.64123535156,3050,0,0.21875,146170.88041687012,3050,0,0.21875,358135.8130645752,3050,0,0.21875,141628.7357788086,3050,0,0.21875,135775.02383422852,3050,0,0.21875,135841.51722717285,3050,0,0.21875,94641.0604095459,16133.333333333334,0,0.3999999999999999,96788.40701293945,16133.333333333334,0,0.3999999999999999,8087623.880844116,2524,4398,400,2532,400,400,400,400,400,400,400,400,400,400,400,400,400,400,400,400,400,400,400,2426,400,5048,2483,3128,400,400,400,5055,5.263157844543457,0,0,47.619049072265625,0,0,47.36842346191406,0,45,50,45,45,0,0,45,30.000001907348633,47.36842346191406,0,45,50,0,47.36842346191406,45,0,0,47.619049072265625,100,0,20,0,50,0,20475,15889,87551,69,46,20475,13174,82616,63,49,66718990336,8589930496,23161335808,524288
199,1790686244800,444717.6893463135,3050,0,0.21875,91801.31539916992,16133.333333333334,0,0.3999999999999999,93328.41636657715,16133.333333333334,0,0.3999999999999999,95986.75947570801,16133.333333333334,0,0.3999999999999999,98967.11251831055,16133.333333333334,0,0.3999999999999999,90558.22570800781,16133.333333333334,0,0.3999999999999999,88442.34217834473,16133.333333333334,0,0.3999999999999999,140855.11883544922,3050,0,0.21875,145860.94400024414,3050,0,0.21875,146171.14932250977,3050,0,0.21875,358138.07958984375,3050,0,0.21875,141629.04710388184,3050,0,0.21875,135775.3738861084,3050,0,0.21875,135841.77758789063,3050,0,0.21875,94641.21740722656,16133.333333333334,0,0.3999999999999999,96788.5638885498,16133.333333333334,0,0.3999999999999999,8087644.192337036,2524,4398,400,2532,400,400,400,400,400,400,400,400,400,400,400,400,400,400,400,400,400,400,400,2426,400,5048,2483,3128,400,400,400,5055,15.000000953674316,0,0,47.36842346191406,0,0,47.619049072265625,0,50,45,50,47.619049072265625,0,0,50,45,47.619049072265625,0,47.619049072265625,45,0,47.619049072265625,50,0,0,47.36842346191406,100,0,0,0,45,0,20475,15889,87550,69,53,20475,13174,82607,63,49,66718990336,8589930496,23162105856,524288
199,1790686245000,444718.026260376,3050,0,0.22499999999999987,91801.5152130127,16133.333333333334,0,0.40625,93328.57752990723,16133.333333333334,0,0.40625,95986.91580200195,16133.333333333334,0,0.40625,98967.26786804199,16133.333333333334,0,0.40625,90558.38497924805,16133.333333333334,0,0.40625,88442.49739074707,16133.333333333334,0,0.40625,140855.44802856445,3050,0,0.22499999999999987,145861.26780700684,3050,0,0.22499999999999987,146171.42150878906,3050,0,0.22499999999999987,358140.3455963135,3050,0,0.22499999999999987,141629.357421875,3050,0,0.22499999999999987,135775.72062683105,3050,0,0.22499999999999987,135842.0357055664,3050,0,0.22499999999999987,94641.37794494629,16133.333333333334,0,0.40625,96788.72387695313,16133.333333333334,0,0.40625,8087664.7032318115,2524,4398,400,2532,400,400,400,400,400,400,400,400,400,400,400,400,400,400,400,400,400,400,400,2426,400,5048,2483,3128,400,400,400,5055,10,19.047618865966797,0,45,0,0,45,0,45,47.36842346191406,45,47.36842346191406,0,0,45,47.36842346191406,47.36842346191406,40,47.36842346191406,47.619049072265625,4.761904716491699,45,45,0,0,47.619049072265625,100,0,0,0,5,0,20475,15889,87348,68,51,20475,13174,83165,65,50,66718990336,8589930496,23156383744,524288
199,1790686245201,444718.4553375244,3050,0,0.2124999999999999,91801.72082519531,48800,2,0.925,93328.74685668945,48800,2,0.925,95987.08337402344,48800,2,0.925,98967.43814086914,48800,2,0.925,90558.55578613281,48800,2,0.925,88442.6644897461,48800,2,0.925,140855.73332214355,3050,0,0.2124999999999999,145861.5946044922,3050,2,0.2124999999999999,146171.70321655273,3050,0,0.2124999999999999,358142.62731933594,3050,0,0.2124999999999999,141629.69729614258,3050,0,0.2124999999999999,135776.09477233887,3050,2,0.2124999999999999,135842.31999206543,3050,2,0.2124999999999999,94641.54815673828,48800,2,0.925,96788.89288330078,48800,2,0.925,8087685.424438477,2524,4398,400,2532,400,400,400,400,400,400,400,400,400,400,400,400,400,400,400,400,400,400,400,2426,400,5048,2483,3128,400,400,400,5055,22.72727394104004,0,0,52.38095474243164,0,0,52.6315803527832,0,50,52.38095474243164,50,50,0,0,50,52.38095474243164,50,50,50,52.6315803527832,0,52.6315803527832,50,0,0,50,100,0,0,0,0,0,20475,15889,86791,67,42,20475,13174,83293,65,52,66718990336,8589930496,23156383744,524288
199,1790686245401,444718.80671691895,3050,0,0.2124999999999999,91801.93310546875,48800,2,0.925,93328.92121887207,48800,2,0.925,95987.25648498535,48800,2,0.925,98967.60983276367,48800,2,0.925,90558.73243713379,48800,2,0.925,88442.8358001709,48800,2,0.925,140856.02116394043,3050,0,0.2124999999999999,145861.93110656738,3050,2,0.2124999999999999,146171.99382019043,3050,0,0.2124999999999999,358144.8991394043,3050,0,0.2124999999999999,141630.05364990234,3050,0,0.2124999999999999,135776.47860717773,3050,2,0.2124999999999999,135842.61074829102,3050,2,0.2124999999999999,94641.72370910645,48800,2,0.925,96789.06559753418,48800,2,0.925,8087706.120330811,2524,4398,400,2532,400,400,400,400,400,400,400,400,400,400,400,400,400,400,400,400,400,400,400,2426,400,5048,2483,3128,400,400,400,5055,10.526315689086914,0,0,52.6315803527832,0,0,52.38095474243164,0,55,50,55,55,0,0,55,50,52.38095474243164,55,55,50,0,52.38095474243164,55,0,0,52.6315803527832,100,0,0,0,0,0,20475,15889,86847,68,40,20475,13174,83069,64,52,66718990336,8589930496,23155433472,524288
199,1790686245601,444719.2119140625,3050,0,0.20625000000000004,91802.14306640625,48800,2,0.63125,93329.09358215332,48800,2,0.63125,95987.42704772949,48800,2,0.63125,98967.77893066406,48800,2,0.63125,90558.90603637695,48800,2,0.63125,88443.00520324707,48800,2,0.63125,140856.32009887695,3050,0,0.20625000000000004,145862.2667541504,3050,2,0.20625000000000004,146172.28425598145,3050,0,0.20625000000000004,358147.16914367676,3050,0,0.20625000000000004,141630.4091949463,3050,0,0.20625000000000004,135776.86032104492,3050,2,0.20625000000000004,135842.89604187012,3050,2,0.20625000000000004,94641.89682006836,48800,2,0.63125,96789.23558044434,48800,2,0.63125,8087726.8229522705,2524,4398,400,2532,400,400,400,400,400,400,400,400,400,400,400,400,400,400,400,400,400,400,400,2426,400,5048,2483,3128,400,400,400,5055,19.047618865966797,0,0,52.38095474243164,0,0,52.6315803527832,0,52.6315803527832,55,50,50,0,0,52.6315803527832,55,55,52.38095474243164,52.38095474243164,55,0,52.6315803527832,52.6315803527832,0,0,52.38095474243164,100,0,0,0,0,0,20475,15889,87520,69,49,20475,13174,82674,63,49,66718990336,8589930496,23155429376,524288
199,1790686245801,444719.5825958252,3050,0,0.20625000000000004,91802.35427856445,48800,2,0.925,93329.2671661377,48800,2,0.925,95987.59883117676,48800,2,0.925,98967.94932556152,48800,2,0.925,90559.08058166504,48800,2,0.925,88443.1752166748,48800,2,0.925,140856.60539245605,3050,0,0.20625000000000004,145862.60055541992,3050,2,0.20625000000000004,146172.572555542,3050,0,0.20625000000000004,358149.43699645996,3050,0,0.20625000000000004,141630.7636871338,3050,0,0.20625000000000004,135777.23886108398,3050,2,0.20625000000000004,135843.17445373535,3050,2,0.20625000000000004,94642.07116699219,48800,2,0.925,96789.40826416016,48800,2,0.925,8087747.527923584,2524,4398,400,2532,400,400,400,400,400,400,400,400,400,400,400,400,400,400,400,400,400,400,400,2426,400,5048,2483,3128,400,400,400,5055,10.526315689086914,0,0,52.6315803527832,0,0,52.38095474243164,0,52.38095474243164,50,55,55,0,0,52.38095474243164,50,52.6315803527832,52.6315803527832,52.6315803527832,50,0,52.38095474243164,52.38095474243164,4.761904716491699,0,52.6315803527832,100,0,0,0,0,0,20475,15889,87515,69,51,20475,13174,82718,63,49,66718990336,8589930496,23153782784,524288
199,1790686246001,444719.9775085449,3050,0,0.2124999999999999,91802.56867980957,48800,2,0.55625,93329.44427490234,48800,2,0.55625,95987.77618408203,48800,2,0.55625,98968.17640686035,48800,2,0.55625,90559.26104736328,48800,2,0.55625,88443.34800720215,48800,2,0.55625,140856.90483093262,3050,2,0.2124999999999999,145862.94595336914,3050,0,0.2124999999999999,146172.8797607422,3050,0,0.2124999999999999,358151.71156311035,3050,0,0.2124999999999999,141631.1181793213,3050,0,0.2124999999999999,135777.61653137207,3050,2,0.2124999999999999,135843.45440673828,3050,2,0.2124999999999999,94642.24653625488,48800,2,0.55625,96789.59336853027,48800,2,0.55625,8087768.547424316,2524,4398,400,2532,400,400,400,400,400,400,400,400,400,400,400,400,400,400,400,400,400,400,400,2426,400,5048,2483,3128,400,400,400,5055,10,0,0,55,0,21.052631378173828,52.6315803527832,0,52.6315803527832,55,50,50,4.761904716491699,80,52.6315803527832,55,52.38095474243164,52.38095474243164,52.38095474243164,55,0,52.6315803527832,52.6315803527832,0,0,52.38095474243164,20,0,0,0,0,0,20475,15889,87169,67,49,20475,13174,83370,66,50,66718990336,8589930496,23147671552,524288
199,1790686246201,444720.3670349121,3050,0,0.2124999999999999,91802.76364135742,16133.333333333334,0,0.3999999999999999,93329.6050415039,16133.333333333334,0,0.3999999999999999,95987.9379272461,16133.333333333334,0,0.3999999999999999,98968.33378601074,16133.333333333334,0,0.3999999999999999,90559.4248046875,16133.333333333334,0,0.3999999999999999,88443.50535583496,16133.333333333334,0,0.3999999999999999,140857.18438720703,3050,0,0.2124999999999999,145863.2550201416,3050,0,0.2124999999999999,146173.15412902832,3050,0,0.2124999999999999,358153.9961090088,3050,0,0.2124999999999999,141631.45011901855,3050,0,0.21875,135777.97384643555,3050,0,0.21875,135843.7166748047,3050,0,0.21875,94642.4079284668,16133.333333333334,0,0.3999999999999999,96789.75384521484,16133.333333333334,0,0.3999999999999999,8087789.072052002,2524,4398,400,2532,400,400,400,400,400,400,400,400,400,400,400,400,400,400,400,400,400,400,400,2426,400,5048,2483,3128,400,400,400,5055,10,0,0,55,0,21.052631378173828,52.6315803527832,0,52.6315803527832,55,50,50,4.761904716491699,80,52.6315803527832,55,52.38095474243164,52.38095474243164,52.38095474243164,55,0,52.6315803527832,52.6315803527832,0,0,52.38095474243164,20,0,0,0,0,0,20475,15889,86838,67,42,20475,13174,83399,65,50,66718990336,8589930496,23147413504,524288
199,1790686246401,444720.73791503906,3050,0,0.21875,91802.9564666748,16133.333333333334,0,0.3999999999999999,93329.76281738281,16133.333333333334,0,0.3999999999999999,95988.09713745117,16133.333333333334,0,0.3999999999999999,98968.48887634277,16133.333333333334,0,0.3999999999999999,90559.58700561523,16133.333333333334,0,0.3999999999999999,88443.66084289551,16133.333333333334,0,0.3999999999999999,140857.45205688477,3050,0,0.21875,145863.55799865723,3050,0,0.21875,146173.4178161621,3050,0,0.21875,358156.2843170166,3050,0,0.21875,141631.77305603027,3050,0,0.21875,135778.32235717773,3050,0,0.21875,135843.97811889648,3050,0,0.21875,94642.5673828125,16133.333333333334,0,0.3999999999999999,96789.91207885742,16133.333333333334,0,0.3999999999999999,8087809.534515381,2524,4398,400,2532,400,400,400,400,400,400,400,400,400,400,400,400,400,400,400,400,400,400,400,2426,400,5048,2483,3128,400,400,400,5055,12.820513725280762,0,0,47.5,0,0,47.5,0,48.780487060546875,47.5,48.71794891357422,47.5,0,100,47.5,47.5,47.5,48.71794891357422,47.5,47.5,0,47.5,48.780487060546875,0,0,47.5,0,0,0,5,0,0,20475,15889,87003,68,40,20475,13174,83001,64,50,66718990336,8589930496,23147409408,524288
199,1790686246601,444721.15742492676,3050,0,0.21875,91803.14921569824,16133.333333333334,0,0.39375000000000004,93329.89387512207,16133.333333333334,2,0.39375000000000004,95988.26106262207,16133.333333333334,0,0.39375000000000004,98968.64933776855,16133.333333333334,0,0.39375000000000004,90559.74844360352,16133.333333333334,0,0.39375000000000004,88443.82057189941,16133.333333333334,0,0.39375000000000004,140857.7532043457,3050,0,0.21875,145863.86030578613,3050,0,0.21875,146173.68328857422,3050,0,0.21875,358158.57232666016,3050,0,0.21875,141632.11041259766,3050,0,0.21875,135778.6436767578,3050,0,0.21875,135844.2409515381,3050,0,0.21875,94642.72573852539,16133.333333333334,0,0.39375000000000004,96790.07054138184,16133.333333333334,0,0.39375000000000004,8087829.954620361,2524,4398,400,2532,400,400,400,400,400,400,400,400,400,400,400,400,400,400,400,400,400,400,400,2426,400,5048,2483,3128,400,400,400,5055,20,0,0,35,0,0,47.619049072265625,0,45,45,47.619049072265625,50,0,100,47.619049072265625,35,45,45,47.36842346191406,45,0,47.619049072265625,45,0,0,47.36842346191406,0,0,5,5,0,0,20475,15889,87487,69,51,20475,13174,82835,63,51,66718990336,8589930496,23147151360,524288
199,1790686246801,444721.55435180664,3050,0,0.21875,91803.34056091309,16133.333333333334,0,0.3999999999999999,93329.96696472168,16133.333333333334,0,0.3999999999999999,95988.41976928711,16133.333333333334,0,0.3999999999999999,98968.80480957031,16133.333333333334,0,0.3999999999999999,90559.9051361084,16133.333333333334,0,0.3999999999999999,88443.96040344238,16133.333333333334,0,0.3999999999999999,140858.09065246582,3050,0,0.21875,145864.1622467041,3050,0,0.21875,146173.9480895996,3050,0,0.21875,358160.8566894531,3050,0,0.21875,141632.4344329834,3050,0,0.21875,135779.00846862793,3050,0,0.21875,135844.49880981445,3050,0,0.21875,94642.88330078125,16133.333333333334,0,0.3999999999999999,96790.22782897949,16133.333333333334,0,0.3999999999999999,8087849.965835571,2524,4398,400,2532,400,400,400,400,400,400,400,400,400,400,400,400,400,400,400,400,400,400,400,2426,400,5048,2483,3128,400,400,400,5055,28.571430206298828,0,0,5,0,0,47.36842346191406,15.000000953674316,47.36842346191406,50,45,45,0,100,47.36842346191406,0,47.36842346191406,47.36842346191406,45,50,20,47.36842346191406,47.36842346191406,0,0,28.571430206298828,10,0,45,0,0,0,20475,15889,87487,69,51,20475,13174,82870,64,50,66718990336,8589930496,23149228032,524288
199,1790686247001,444721.96672058105,3050,0,0.2124999999999999,91803.54112243652,16133.333333333334,0,0.6,93330.12716674805,16133.333333333334,0,0.6,95988.58232116699,16133.333333333334,0,0.6,98968.96887207031,16133.333333333334,0,0.6,90560.12178039551,16133.333333333334,0,0.6,88444.11924743652,16133.333333333334,0,0.6,140858.43334960938,3050,0,0.2124999999999999,145864.43754577637,3050,0,0.2124999999999999,146174.22314453125,3050,0,0.2124999999999999,358163.13624572754,3050,0,0.2124999999999999,141632.76037597656,3050,0,0.2124999999999999,135779.3617553711,3050,0,0.2124999999999999,135844.75643920898,3050,0,0.2124999999999999,94643.04426574707,16133.333333333334,0,0.6,96790.39611816406,16133.333333333334,0,0.6,8087870.618347168,2524,4398,400,2532,400,400,400,400,400,400,400,400,400,400,400,400,400,400,400,400,400,400,400,2426,400,5048,2483,3128,400,400,400,5055,15.000000953674316,0,0,0,0,0,47.619049072265625,50,47.619049072265625,45,50,50,0,100,47.619049072265625,0,45,47.619049072265625,50,45,45,47.619049072265625,47.619049072265625,0,20,0,0,0,50,0,0,0,20475,15889,86961,67,47,20475,13174,83561,66,50,66718990336,8589930496,23161634816,524288
199,1790686247201,444722.4064941406,3050,2,0.2124999999999999,91803.7522277832,48800,2,0.625,93330.3003540039,48800,2,0.625,95988.75393676758,48800,2,0.5625,98969.1410369873,48800,2,0.5625,90560.2944946289,48800,2,0.5625,88444.28910827637,48800,2,0.5625,140858.81217956543,3050,2,0.2124999999999999,145864.74171447754,3050,2,0.2124999999999999,146174.51411437988,3050,2,0.2124999999999999,358165.4253387451,3050,0,0.2124999999999999,141633.12739562988,3050,2,0.2124999999999999,135779.75198364258,3050,2,0.2124999999999999,135845.05157470703,3050,2,0.2124999999999999,94643.21717834473,48800,2,0.625,96790.56674194336,48800,2,0.625,8087891.454589844,2524,4398,400,2532,400,400,400,400,400,400,400,400,400,400,400,400,400,400,400,400,400,400,400,2426,400,5048,2483,3128,400,400,400,5055,15.789472579956055,0,0,0,0,0,52.6315803527832,50,52.6315803527832,55,50,50,0,100,52.6315803527832,0,55,50,50,55,55,52.6315803527832,52.6315803527832,0,0,0,0,0,50,0,0,0,20475,15889,86830,67,40,20475,13174,83538,65,50,66718990336,8589930496,23161634816,524288
199,1790686247401,444722.7559967041,3050,0,0.20625000000000004,91803.96217346191,48800,2,0.55,93330.47285461426,48800,2,0.55,95988.92503356934,48800,2,0.55,98969.3120880127,48800,2,0.55,90560.46475219727,48800,2,0.55,88444.45835876465,48800,2,0.55,140859.19355773926,3050,2,0.20625000000000004,145865.04202270508,3050,2,0.20625000000000004,146174.8038635254,3050,2,0.20625000000000004,358167.70877075195,3050,0,0.20625000000000004,141633.48391723633,3050,2,0.20625000000000004,135780.13571166992,3050,2,0.20625000000000004,135845.33630371094,3050,2,0.20625000000000004,94643.3882446289,48800,2,0.55,96790.73626708984,48800,2,0.55,8087912.0841674805,2524,4398,400,2532,400,400,400,400,400,400,400,400,400,400,400,400,400,400,400,400,400,400,400,2426,400,5048,2483,3128,400,400,400,5055,15.789472579956055,0,0,0,0,0,52.6315803527832,50,52.6315803527832,55,50,50,0,100,52.6315803527832,0,55,50,50,55,55,52.6315803527832,52.6315803527832,0,0,0,0,0,50,0,0,0,20475,15889,87197,68,41,20475,13174,82875,64,50,66718990336,8589930496,23161634816,524288
199,1790686247601,444723.14378356934,3050,0,0.20625000000000004,91804.17247009277,16133.333333333334,2,0.575,93330.64552307129,16133.333333333334,2,0.575,95989.09645080566,16133.333333333334,2,0.575,98969.4829711914,16133.333333333334,2,0.575,90560.63523864746,16133.333333333334,2,0.575,88444.62983703613,16133.333333333334,0,0.575,140859.5765991211,3050,2,0.20625000000000004,145865.3452911377,3050,0,0.20625000000000004,146175.08978271484,3050,2,0.20625000000000004,358169.999130249,3050,0,0.20625000000000004,141633.84089660645,3050,0,0.20625000000000004,135780.51957702637,3050,2,0.20625000000000004,135845.6191253662,3050,0,0.20625000000000004,94643.55906677246,16133.333333333334,2,0.575,96790.90718078613,16133.333333333334,2,0.575,8087932.746704102,2524,4398,400,2532,400,400,400,400,400,400,400,400,400,400,400,400,400,400,400,400,400,400,400,2426,400,5048,2483,3128,400,400,400,5055,10,0,0,0,0,0,52.499996185302734,52.499996185302734,52.499996185302734,52.499996185302734,52.499996185302734,52.499996185302734,0,100,52.499996185302734,0,52.499996185302734,53.84615707397461,52.499996185302734,52.499996185302734,52.499996185302734,52.499996185302734,52.499996185302734,0,0,0,0,0,52.499996185302734,0,0,0,20475,15889,87546,69,53,20475,13174,82849,63,51,66718990336,8589930496,23161634816,524288
199,1790686247801,444723.5302581787,3050,2,0.20625000000000004,91804.38464355469,48800,2,0.925,93330.81915283203,48800,2,0.925,95989.26931762695,48800,2,0.925,98969.65856933594,48800,2,0.925,90560.80697631836,48800,2,0.925,88444.80250549316,48800,2,0.925,140859.9567718506,3050,2,0.20625000000000004,145865.6407470703,3050,2,0.20625000000000004,146175.3784942627,3050,2,0.20625000000000004,358172.28482055664,3050,0,0.20625000000000004,141634.1976928711,3050,2,0.20625000000000004,135780.89952087402,3050,2,0.20625000000000004,135845.90534973145,3050,2,0.20625000000000004,94643.73223876953,48800,2,0.925,96791.08134460449,48800,2,0.925,8087953.669509888,2524,4398,400,2532,400,400,400,400,400,400,400,400,400,400,400,400,400,400,400,400,400,400,400,2426,400,5048,2483,3128,400,400,400,5055,10,0,0,20,0,0,52.38095474243164,55,52.38095474243164,50,55,55,0,100,52.38095474243164,0,52.38095474243164,52.38095474243164,55,50,35,52.38095474243164,52.38095474243164,0,0,0,0,0,55,0,0,0,20475,15889,87548,69,51,20475,13174,83059,64,50,66718990336,8589930496,23161438208,524288
199,1790686248001,444723.92541503906,3050,0,0.2124999999999999,91804.59210205078,16133.333333333334,0,0.3999999999999999,93330.99055480957,16133.333333333334,0,0.3999999999999999,95989.44018554688,16133.333333333334,0,0.3999999999999999,98969.87925720215,16133.333333333334,0,0.3999999999999999,90560.97579956055,16133.333333333334,0,0.3999999999999999,88444.97146606445,16133.333333333334,0,0.3999999999999999,140860.33737182617,3050,0,0.2124999999999999,145865.9285888672,3050,0,0.2124999999999999,146175.66290283203,3050,0,0.2124999999999999,358174.56259155273,3050,0,0.2124999999999999,141634.5451965332,3050,0,0.2124999999999999,135781.27201843262,3050,0,0.2124999999999999,135846.18185424805,3050,0,0.2124999999999999,94643.90214538574,16133.333333333334,0,0.3999999999999999,96791.25442504883,16133.333333333334,0,0.3999999999999999,8087974.352340698,2524,4398,400,2532,400,400,400,400,400,400,400,400,400,400,400,400,400,400,400,400,400,400,400,2426,400,5048,2483,3128,400,400,400,5055,10,0,0,20,0,0,52.38095474243164,55,52.38095474243164,50,55,55,0,100,52.38095474243164,0,52.38095474243164,52.38095474243164,55,50,35,52.38095474243164,52.38095474243164,0,0,0,0,0,55,0,0,0,20475,15889,86869,67,44,20475,13174,83477,66,51,66718990336,8589930496,23160336384,524288
199,1790686248201,444724.3056793213,3050,0,0.2124999999999999,91804.7899017334,16133.333333333334,0,0.3999999999999999,93331.14907836914,16133.333333333334,0,0.3999999999999999,95989.60415649414,16133.333333333334,0,0.3999999999999999,98970.04356384277,16133.333333333334,0,0.3999999999999999,90561.134765625,16133.333333333334,0,0.3999999999999999,88445.13192749023,16133.333333333334,0,0.3999999999999999,140860.69375610352,3050,0,0.2124999999999999,145866.23010253906,3050,0,0.2124999999999999,146175.93550109863,3050,0,0.2124999999999999,358176.847076416,3050,0,0.2124999999999999,141634.8667755127,3050,0,0.2124999999999999,135781.6192626953,3050,0,0.2124999999999999,135846.43840026855,3050,0,0.2124999999999999,94644.06098937988,16133.333333333334,0,0.3999999999999999,96791.4190826416,16133.333333333334,0,0.3999999999999999,8087994.985702515,2524,4398,400,2532,400,400,400,400,400,400,400,400,400,400,400,400,400,400,400,400,400,400,400,2426,400,5048,2483,3128,400,400,400,5055,17.073171615600586,0,0,50,0,12.195121765136719,50,50,50,50,50,50,0,100,50,0,48.71794891357422,50,50,50,0,50,50,0,0,0,0,0,50,0,0,0,20475,15889,86833,67,39,20475,13174,83484,65,50,66718990336,8589930496,23160516608,524288
199,1790686248401,444724.65257263184,3050,0,0.21875,91804.98085021973,16133.333333333334,0,0.3999999999999999,93331.3070678711,16133.333333333334,0,0.3999999999999999,95989.76062011719,16133.333333333334,0,0.3999999999999999,98970.19914245605,16133.333333333334,0,0.3999999999999999,90561.29330444336,16133.333333333334,0,0.3999999999999999,88445.29002380371,16133.333333333334,0,0.3999999999999999,140861.05058288574,3050,0,0.21875,145866.5811767578,3050,0,0.21875,146176.1996459961,3050,0,0.21875,358179.13551330566,3050,0,0.21875,141635.18997192383,3050,0,0.21875,135781.9701538086,3050,0,0.21875,135846.69509887695,3050,0,0.21875,94644.2190246582,16133.333333333334,0,0.3999999999999999,96791.57695007324,16133.333333333334,0,0.3999999999999999,8088015.576980591,2524,4398,400,2532,400,400,400,400,400,400,400,400,400,400,400,400,400,400,400,400,400,400,400,2426,400,5048,2483,3128,400,400,400,5055,10,0,0,45,0,0,47.36842346191406,45,47.36842346191406,50,45,45,0,100,47.36842346191406,0,50,45,45,50,0,47.36842346191406,47.36842346191406,0,0,0,0,0,45,0,0,0,20475,15889,87389,68,44,20475,13174,82783,63,51,66718990336,8589930496,23160512512,524288
199,1790686248601,444724.98152160645,3050,0,0.21875,91805.17127990723,16133.333333333334,0,0.3999999999999999,93331.46409606934,16133.333333333334,0,0.3999999999999999,95989.9164276123,16133.333333333334,0,0.3999999999999999,98970.35317993164,16133.333333333334,0,0.3999999999999999,90561.45202636719,16133.333333333334,0,0.3999999999999999,88445.4482421875,16133.333333333334,0,0.3999999999999999,140861.4029083252,3050,0,0.21875,145866.9317626953,3050,0,0.21875,146176.46376037598,3050,0,0.21875,358181.4237213135,3050,0,0.21875,141635.51065063477,3050,0,0.21875,135782.31617736816,3050,0,0.21875,135846.95135498047,3050,0,0.21875,94644.3747253418,16133.333333333334,0,0.3999999999999999,96791.73384094238,16133.333333333334,0,0.3999999999999999,8088035.953384399,2524,4398,400,2532,400,400,400,400,400,400,400,400,400,400,400,400,400,400,400,400,400,400,400,2426,400,5048,2483,3128,400,400,400,5055,5.263157844543457,0,0,47.619049072265625,0,0,47.619049072265625,47.619049072265625,47.619049072265625,45,50,50,0,100,47.619049072265625,0,45,50,50,45,0,47.619049072265625,47.619049072265625,0,0,0,0,0,50,0,0,0,20475,15889,87500,69,52,20475,13174,82796,64,51,66718990336,8589930496,23160512512,524288
199,1790686248802,444725.3313293457,3050,0,0.21875,91805.36125183105,16133.333333333334,0,0.40625,93331.62258911133,16133.333333333334,0,0.40625,95990.07437133789,16133.333333333334,0,0.40625,98970.50889587402,16133.333333333334,0,0.40625,90561.60987854004,16133.333333333334,0,0.40625,88445.60514831543,16133.333333333334,0,0.40625,140861.74600219727,3050,0,0.21875,145867.28350830078,3050,0,0.21875,146176.72940063477,3050,0,0.21875,358183.70880126953,3050,0,0.21875,141635.83293151855,3050,0,0.21875,135782.66305541992,3050,0,0.21875,135847.2068786621,3050,0,0.21875,94644.53521728516,16133.333333333334,0,0.40625,96791.89056396484,16133.333333333334,0,0.40625,8088056.373535156,2524,4398,400,2532,400,400,400,400,400,400,400,400,400,400,400,400,400,400,400,400,400,400,400,2426,400,5048,2483,3128,400,400,400,5055,15.000000953674316,0,0,47.36842346191406,0,0,47.36842346191406,47.36842346191406,45,47.36842346191406,45,45,0,100,45,0,47.619049072265625,45,45,50,0,47.36842346191406,45,0,0,0,0,0,45,0,0,0,20475,15889,87430,68,51,20475,13174,83200,65,50,66718990336,8589930496,23158042624,524288
199,1790686249002,444725.67070007324,3050,2,0.2124999999999999,91805.5604095459,48800,2,0.93125,93331.78535461426,48800,2,0.93125,95990.23487854004,48800,2,0.93125,98970.6676940918,48800,2,0.93125,90561.77072143555,48800,2,0.93125,88445.76516723633,48800,2,0.93125,140862.1067199707,3050,2,0.2124999999999999,145867.64976501465,3050,2,0.2124999999999999,146177.00720214844,3050,0,0.2124999999999999,358186.00869750977,3050,0,0.2124999999999999,141636.16995239258,3050,0,0.2124999999999999,135783.0245666504,3050,2,0.2124999999999999,135847.47410583496,3050,2,0.2124999999999999,94644.7335357666,48800,2,0.93125,96792.05439758301,48800,2,0.93125,8088076.888168335,2524,4398,400,2532,400,400,400,400,400,400,400,400,400,400,400,400,400,400,400,400,400,400,400,2426,400,5048,2483,3128,400,400,400,5055,15.000000953674316,0,0,50,0,0,47.619049072265625,50,50,47.619049072265625,50,50,0,100,50,0,50,50,50,45,0,47.619049072265625,50,0,0,0,0,0,50,0,0,0,20475,15889,86747,67,42,20475,13174,83442,66,51,66718990336,8589930496,23154028544,524288
199,1790686249202,444726.0358276367,3050,0,0.20625000000000004,91805.74731445313,48800,2,0.93125,93331.97059631348,48800,2,0.93125,95990.4188079834,48800,2,0.93125,98970.95774841309,48800,2,0.93125,90561.9520111084,48800,2,0.93125,88445.94404602051,48800,2,0.93125,140862.49276733398,3050,0,0.20625000000000004,145868.04209899902,3050,2,0.20625000000000004,146177.3028564453,3050,0,0.20625000000000004,358188.3017425537,3050,0,0.20625000000000004,141636.52920532227,3050,0,0.20625000000000004,135783.41061401367,3050,2,0.20625000000000004,135847.7608642578,3050,2,0.20625000000000004,94644.91146850586,48800,2,0.93125,96792.23124694824,48800,2,0.93125,8088098.001586914,2524,4398,400,2532,400,400,400,400,400,400,400,400,400,400,400,400,400,400,400,400,400,400,400,2426,400,5048,2483,3128,400,400,400,5055,15.789472579956055,0,0,50,0,15.789472579956055,52.6315803527832,50,55,55,52.6315803527832,50,0,100,52.6315803527832,0,52.6315803527832,55,52.38095474243164,55,0,52.6315803527832,55,0,0,0,0,0,52.38095474243164,0,0,0,20475,15889,86783,67,39,20475,13174,83352,65,52,66718990336,8589930496,23144353792,524288
199,1790686249402,444726.39080810547,3050,0,0.20625000000000004,91805.92097473145,48800,2,0.575,93332.1449584961,48800,2,0.575,95990.59176635742,48800,2,0.575,98971.13153076172,48800,2,0.575,90562.12475585938,48800,2,0.575,88446.11730957031,48800,2,0.575,140862.87614440918,3050,0,0.20625000000000004,145868.42959594727,3050,2,0.20625000000000004,146177.5991821289,3050,0,0.20625000000000004,358190.5878753662,3050,0,0.20625000000000004,141636.88682556152,3050,0,0.20625000000000004,135783.79472351074,3050,2,0.20625000000000004,135848.04487609863,3050,2,0.20625000000000004,94645.10473632813,48800,2,0.575,96792.40605163574,48800,2,0.575,8088118.733200073,2524,4398,400,2532,400,400,400,400,400,400,400,400,400,400,400,400,400,400,400,400,400,400,400,2426,400,5048,2483,3128,400,400,400,5055,13.636363983154297,0,0,55,0,0,52.38095474243164,55,50,50,52.38095474243164,55,0,100,52.38095474243164,0,52.38095474243164,50,52.6315803527832,52.38095474243164,0,52.38095474243164,50,0,0,0,0,0,52.6315803527832,0,0,0,20475,15889,87438,69,47,20475,13174,82799,63,49,66718990336,8589930496,23144353792,524288
199,1790686249602,444726.76445007324,3050,0,0.20625000000000004,91806.09259033203,48800,2,0.55,93332.31791687012,48800,2,0.55,95990.76322937012,48800,2,0.55,98971.3016204834,48800,2,0.55,90562.29611206055,48800,2,0.55,88446.28816223145,48800,2,0.55,140863.2545928955,3050,2,0.20625000000000004,145868.81465148926,3050,2,0.20625000000000004,146177.89167785645,3050,0,0.20625000000000004,358192.8684387207,3050,0,0.20625000000000004,141637.24072265625,3050,0,0.20625000000000004,135784.17726135254,3050,2,0.20625000000000004,135848.32647705078,3050,2,0.20625000000000004,94645.27603149414,48800,2,0.55,96792.57887268066,48800,2,0.55,8088139.385513306,2524,4398,400,2532,400,400,400,400,400,400,400,400,400,400,400,400,400,400,400,400,400,400,400,2426,400,5048,2483,3128,400,400,400,5055,10,0,0,52.38095474243164,0,0,55,52.38095474243164,55,55,55,52.38095474243164,0,100,55,0,52.6315803527832,55,52.38095474243164,52.6315803527832,0,55,55,0,0,0,0,0,52.38095474243164,0,0,0,20475,15889,87459,69,52,20475,13174,82857,64,49,66718990336,8589930496,23144353792,524288
199,1790686249802,444727.1538543701,3050,0,0.20625000000000004,91806.26614379883,48800,2,0.6125,93332.49035644531,48800,2,0.6125,95990.93432617188,48800,2,0.6125,98971.47088623047,48800,2,0.6125,90562.46755981445,48800,2,0.6125,88446.45901489258,48800,2,0.6125,140863.6248779297,3050,2,0.20625000000000004,145869.19570922852,3050,2,0.20625000000000004,146178.18075561523,3050,0,0.20625000000000004,358195.1488647461,3050,0,0.20625000000000004,141637.59391784668,3050,0,0.20625000000000004,135784.5569152832,3050,2,0.20625000000000004,135848.60307312012,3050,2,0.20625000000000004,94645.44795227051,48800,2,0.6125,96792.75134277344,48800,2,0.6125,8088160.185470581,2524,4398,400,2532,400,400,400,400,400,400,400,400,400,400,400,400,400,400,400,400,400,400,400,2426,400,5048,2483,3128,400,400,400,5055,10.526315689086914,0,0,52.6315803527832,0,0,52.6315803527832,52.6315803527832,50,55,50,52.6315803527832,0,100,50,4.761904716491699,52.38095474243164,50,52.6315803527832,55,0,50,50,0,0,0,0,4.761904716491699,52.6315803527832,0,0,0,20475,15889,87198,68,50,20475,13174,83530,65,51,66718990336,8589930496,23143833600,524288
199,1790686250002,444727.9671783447,3050,0,0.2124999999999999,91806.42872619629,16133.333333333334,0,0.3999999999999999,93332.65124511719,16133.333333333334,0,0.3999999999999999,95991.09690856934,16133.333333333334,0,0.3999999999999999,98971.63153076172,16133.333333333334,0,0.3999999999999999,90562.63133239746,16133.333333333334,0,0.3999999999999999,88446.62033081055,16133.333333333334,0,0.3999999999999999,140864.00715637207,3050,0,0.2124999999999999,145869.80072021484,3050,0,0.2124999999999999,146178.49662780762,3050,0,0.2124999999999999,358196.41201782227,3050,0,0.2124999999999999,141637.94129943848,3050,0,0.2124999999999999,135785.23028564453,3050,0,0.2124999999999999,135848.87753295898,3050,0,0.2124999999999999,94645.61015319824,16133.333333333334,0,0.3999999999999999,96792.91705322266,16133.333333333334,0,0.3999999999999999,8088180.848815918,2524,4398,400,2532,400,400,400,400,400,400,400,400,400,400,400,400,400,400,400,400,400,400,400,2426,400,5048,2483,3128,400,400,400,5055,10.526315689086914,0,0,52.6315803527832,0,0,52.6315803527832,52.6315803527832,50,55,50,52.6315803527832,0,100,50,4.761904716491699,52.38095474243164,50,52.6315803527832,55,0,50,50,0,0,0,0,4.761904716491699,52.6315803527832,0,0,0,20475,15889,86690,67,42,20475,13174,83577,66,52,66718990336,8589930496,23119142912,524288
199,1790686250202,444728.30268859863,3050,0,0.2124999999999999,91806.59338378906,16133.333333333334,0,0.3999999999999999,93332.8104095459,16133.333333333334,0,0.3999999999999999,95991.25453186035,16133.333333333334,0,0.3999999999999999,98971.78762817383,16133.333333333334,0,0.3999999999999999,90562.79537963867,16133.333333333334,0,0.3999999999999999,88446.77685546875,16133.333333333334,0,0.3999999999999999,140864.35014343262,3050,0,0.2124999999999999,145870.15405273438,3050,0,0.2124999999999999,146178.90783691406,3050,0,0.2124999999999999,358198.68238830566,3050,0,0.2124999999999999,141638.2866821289,3050,0,0.2124999999999999,135785.5802154541,3050,0,0.2124999999999999,135849.13752746582,3050,0,0.2124999999999999,94645.76802062988,16133.333333333334,0,0.3999999999999999,96793.07730102539,16133.333333333334,0,0.3999999999999999,8088201.525619507,2524,4398,400,2532,400,400,400,400,400,400,400,400,400,400,400,400,400,400,400,400,400,400,400,2426,400,5048,2483,3128,400,400,400,5055,5,0,0,0,0,0,47.619049072265625,45,50,45,50,47.619049072265625,0,0,50,0,47.36842346191406,50,47.619049072265625,45,50,50,50,28.571430206298828,0,0,100,0,47.36842346191406,0,4.761904716491699,0,20475,15889,86839,67,40,20475,13174,83194,65,50,66718990336,8589930496,23128023040,524288
199,1790686250402,444728.6376647949,3050,0,0.21875,91806.74913024902,16133.333333333334,0,0.3999999999999999,93332.96667480469,16133.333333333334,0,0.3999999999999999,95991.41003417969,16133.333333333334,0,0.3999999999999999,98971.94189453125,16133.333333333334,0,0.3999999999999999,90562.95281982422,16133.333333333334,0,0.3999999999999999,88446.93208312988,16133.333333333334,0,0.3999999999999999,140864.7056274414,3050,0,0.21875,145870.50770568848,3050,0,0.21875,146179.17782592773,3050,0,0.21875,358200.9616546631,3050,0,0.21875,141638.6099243164,3050,0,0.21875,135785.9299468994,3050,0,0.21875,135849.39405822754,3050,0,0.21875,94645.92344665527,16133.333333333334,0,0.3999999999999999,96793.23544311523,16133.333333333334,0,0.3999999999999999,8088221.972595215,2524,4398,400,2532,400,400,400,400,400,400,400,400,400,400,400,400,400,400,400,400,400,400,400,2426,400,5048,2483,3128,400,400,400,5055,5.263157844543457,0,0,0,0,0,45,50,45,47.619049072265625,45,47.36842346191406,0,0,45,0,47.619049072265625,45,47.36842346191406,47.619049072265625,45,45,45,0,0,0,100,0,47.619049072265625,0,0,9.090909004211426,20475,15889,87469,69,50,20475,13174,82805,63,50,66718990336,8589930496,23136022528,524288
199,1790686250602,444728.9591217041,3050,0,0.21875,91806.90405273438,16133.333333333334,0,0.3999999999999999,93333.12190246582,16133.333333333334,0,0.3999999999999999,95991.56469726563,16133.333333333334,0,0.3999999999999999,98972.09480285645,16133.333333333334,0,0.3999999999999999,90563.10749816895,16133.333333333334,0,0.3999999999999999,88447.08699035645,16133.333333333334,0,0.3999999999999999,140865.04998779297,3050,0,0.21875,145870.8556213379,3050,0,0.21875,146179.4441833496,3050,0,0.21875,358203.23265075684,3050,0,0.21875,141638.9329071045,3050,0,0.21875,135786.2745513916,3050,0,0.21875,135849.65103149414,3050,0,0.21875,94646.07713317871,16133.333333333334,0,0.3999999999999999,96793.39155578613,16133.333333333334,0,0.3999999999999999,8088242.255935669,2524,4398,400,2532,400,400,400,400,400,400,400,400,400,400,400,400,400,400,400,400,400,400,400,2426,400,5048,2483,3128,400,400,400,5055,10,0,0,0,0,0,50,45,50,47.36842346191406,47.619049072265625,47.619049072265625,0,0,50,0,47.36842346191406,50,47.619049072265625,47.36842346191406,50,50,50,0,0,0,100,0,47.36842346191406,0,0,0,20475,15889,87478,69,51,20475,13174,82784,64,49,66718990336,8589930496,23136018432,524288
199,1790686250802,444729.3090209961,3050,0,0.22499999999999987,91807.06002807617,16133.333333333334,0,0.40625,93333.27799987793,16133.333333333334,0,0.40625,95991.72235107422,16133.333333333334,0,0.40625,98972.25010681152,16133.333333333334,0,0.40625,90563.26292419434,16133.333333333334,0,0.40625,88447.24165344238,16133.333333333334,0,0.40625,140865.3952178955,3050,0,0.22499999999999987,145871.20513916016,3050,0,0.22499999999999987,146179.7117614746,3050,0,0.22499999999999987,358205.50732421875,3050,0,0.22499999999999987,141639.2566833496,3050,0,0.22499999999999987,135786.6213684082,3050,0,0.22499999999999987,135849.90739440918,3050,0,0.22499999999999987,94646.23167419434,16133.333333333334,0,0.40625,96793.5457611084,16133.333333333334,0,0.40625,8088262.619979858,2524,4398,400,2532,400,400,400,400,400,400,400,400,400,400,400,400,400,400,400,400,400,400,400,2426,400,5048,2483,3128,400,400,400,5055,15.000000953674316,0,0,0,0,0,45,47.619049072265625,45,47.619049072265625,47.36842346191406,47.36842346191406,0,0,45,0,47.619049072265625,45,47.36842346191406,47.619049072265625,45,45,45,0,0,0,100,0,50,0,0,0,20475,15889,86950,67,47,20475,13174,83476,66,51,66718990336,8589930496,23134896128,524288
199,1790686251002,444729.66326904297,3050,0,0.20625000000000004,91807.22944641113,48800,2,0.93125,93333.44833374023,48800,2,0.93125,95991.89463806152,48800,2,0.93125,98972.42004394531,48800,2,0.93125,90563.43156433105,48800,2,0.93125,88447.41055297852,48800,2,0.93125,140865.7777557373,3050,2,0.20625000000000004,145871.5909729004,3050,2,0.20625000000000004,146179.99978637695,3050,2,0.20625000000000004,358207.78495788574,3050,0,0.20625000000000004,141639.6075744629,3050,2,0.20625000000000004,135786.9987335205,3050,2,0.20625000000000004,135850.18658447266,3050,2,0.20625000000000004,94646.4022064209,48800,2,0.93125,96793.71434020996,48800,2,0.93125,8088283.325942993,2524,4398,400,2532,400,400,400,400,400,400,400,400,400,400,400,400,400,400,400,400,400,400,400,2426,400,5048,2483,3128,400,400,400,5055,15.000000953674316,0,0,52.6315803527832,0,0,52.6315803527832,52.6315803527832,50,52.6315803527832,50,50,0,0,50,0,50,50,52.38095474243164,52.6315803527832,0,50,50,0,0,0,100,0,52.6315803527832,0,0,0,20475,15889,86738,67,42,20475,13174,83438,66,52,66718990336,8589930496,23133069312,524288
199,1790686251202,444730.0203552246,3050,0,0.20625000000000004,91807.40882873535,48800,2,0.93125,93333.62333679199,48800,2,0.93125,95992.07098388672,48800,2,0.93125,98972.59748840332,48800,2,0.93125,90563.60536193848,48800,2,0.93125,88447.5845489502,48800,2,0.93125,140866.16165161133,3050,2,0.20625000000000004,145871.9794769287,3050,2,0.20625000000000004,146180.29191589355,3050,2,0.20625000000000004,358210.06036376953,3050,0,0.20625000000000004,141639.97633361816,3050,2,0.20625000000000004,135787.38278198242,3050,2,0.20625000000000004,135850.47132873535,3050,2,0.20625000000000004,94646.57810974121,48800,2,0.93125,96793.93663024902,48800,2,0.93125,8088304.186325073,2524,4398,400,2532,400,400,400,400,400,400,400,400,400,400,400,400,400,400,400,400,400,400,400,2426,400,5048,2483,3128,400,400,400,5055,10.526315689086914,0,0,50,0,0,52.38095474243164,52.38095474243164,55,50,55,55,0,0,55,28.571430206298828,52.6315803527832,55,52.6315803527832,50,0,55,55,5,0,0,100,0,25,0,0,15.789472579956055,20475,15889,87145,68,42,20475,13174,82843,64,50,66718990336,8589930496,23148433408,524288
199,1790686251402,444730.3793487549,3050,0,0.20625000000000004,91807.583984375,16133.333333333334,2,0.60625,93333.79656982422,16133.333333333334,2,0.60625,95992.2455444336,16133.333333333334,2,0.60625,98972.76815795898,16133.333333333334,2,0.60625,90563.77615356445,16133.333333333334,2,0.60625,88447.75624084473,16133.333333333334,0,0.60625,140866.5384979248,3050,2,0.20625000000000004,145872.36741638184,3050,0,0.20625000000000004,146180.58377075195,3050,2,0.20625000000000004,358212.337310791,3050,0,0.20625000000000004,141640.34713745117,3050,2,0.20625000000000004,135787.7714996338,3050,2,0.20625000000000004,135850.75354003906,3050,2,0.20625000000000004,94646.75227355957,16133.333333333334,2,0.60625,96794.10855102539,16133.333333333334,2,0.60625,8088324.957885742,2524,4398,400,2532,400,400,400,400,400,400,400,400,400,400,400,400,400,400,400,400,400,400,400,2426,400,5048,2483,3128,400,400,400,5055,9.523809432983398,0,0,55,0,0,52.6315803527832,52.6315803527832,50,55,50,50,0,0,50,50,52.38095474243164,50,52.38095474243164,55,0,52.6315803527832,50,0,0,0,100,0,0,0,0,0,20475,15889,87471,69,53,20475,13174,82779,64,49,66718990336,8589930496,23144034304,524288
199,1790686251602,444730.7610168457,3050,0,0.20625000000000004,91807.75798034668,48800,2,0.925,93333.96774291992,48800,2,0.925,95992.41836547852,48800,2,0.925,98972.93685913086,48800,2,0.925,90563.94529724121,48800,2,0.925,88447.92478942871,48800,2,0.925,140866.91268920898,3050,2,0.20625000000000004,145872.74731445313,3050,2,0.20625000000000004,146180.8733062744,3050,2,0.20625000000000004,358214.6057281494,3050,0,0.20625000000000004,141640.701171875,3050,0,0.20625000000000004,135788.15307617188,3050,2,0.20625000000000004,135851.03050231934,3050,2,0.20625000000000004,94646.9246673584,48800,2,0.925,96794.27601623535,48800,2,0.925,8088345.6720581055,2524,4398,400,2532,400,400,400,400,400,400,400,400,400,400,400,400,400,400,400,400,400,400,400,2426,400,5048,2483,3128,400,400,400,5055,15.000000953674316,0,0,52.38095474243164,0,4.761904716491699,52.38095474243164,52.38095474243164,55,50,55,55,0,0,55,55,55,55,52.6315803527832,52.38095474243164,0,52.38095474243164,55,0,0,0,100,0,0,0,0,0,20475,15889,87462,69,51,20475,13174,83011,65,49,66718990336,8589930496,23142543360,524288
199,1790686251802,444731.1593475342,3050,0,0.20625000000000004,91807.93438720703,16133.333333333334,0,0.3999999999999999,93334.14221191406,16133.333333333334,0,0.3999999999999999,95992.59336853027,16133.333333333334,0,0.3999999999999999,98973.10940551758,16133.333333333334,0,0.3999999999999999,90564.1166381836,16133.333333333334,0,0.3999999999999999,88448.09690856934,16133.333333333334,0,0.3999999999999999,140867.29196166992,3050,0,0.20625000000000004,145873.12893676758,3050,0,0.20625000000000004,146181.16174316406,3050,0,0.20625000000000004,358216.87406921387,3050,0,0.20625000000000004,141641.05867004395,3050,0,0.20625000000000004,135788.5373687744,3050,0,0.20625000000000004,135851.31382751465,3050,0,0.20625000000000004,94647.09968566895,16133.333333333334,0,0.3999999999999999,96794.44609069824,16133.333333333334,0,0.3999999999999999,8088366.470687866,2524,4398,400,2532,400,400,400,400,400,400,400,400,400,400,400,400,400,400,400,400,400,400,400,2426,400,5048,2483,3128,400,400,400,5055,15.000000953674316,0,0,52.38095474243164,0,4.761904716491699,52.38095474243164,52.38095474243164,55,50,55,55,0,0,55,55,55,55,52.6315803527832,52.38095474243164,0,52.38095474243164,55,0,0,0,100,0,0,0,0,0,20475,15889,86798,67,45,20475,13174,83496,66,51,66718990336,8589930496,23142543360,524288
199,1790686252002,444731.5496826172,3050,0,0.2124999999999999,91808.12055969238,16133.333333333334,0,0.3999999999999999,93334.29972839355,16133.333333333334,0,0.3999999999999999,95992.7516784668,16133.333333333334,0,0.3999999999999999,98973.26531982422,16133.333333333334,0,0.3999999999999999,90564.27261352539,16133.333333333334,0,0.3999999999999999,88448.25315856934,16133.333333333334,0,0.3999999999999999,140867.65704345703,3050,0,0.2124999999999999,145873.48385620117,3050,0,0.2124999999999999,146181.42977905273,3050,0,0.2124999999999999,358219.14308166504,3050,0,0.2124999999999999,141641.38188171387,3050,0,0.2124999999999999,135788.89239501953,3050,0,0.2124999999999999,135851.5744934082,3050,0,0.2124999999999999,94647.25788879395,16133.333333333334,0,0.3999999999999999,96794.59999084473,16133.333333333334,0,0.3999999999999999,8088386.9208984375,2524,4398,400,2532,400,400,400,400,400,400,400,400,400,400,400,400,400,400,400,400,400,400,400,2426,400,5048,2483,3128,400,400,400,5055,15.000000953674316,0,0,50,0,0,50,50,50,51.219512939453125,50,50,0,0,50,50,50,50,50,50,0,50,50,0,0,0,100,0,0,0,0,0,20475,15889,86803,67,40,20475,13174,83515,65,51,66718990336,8589930496,23141576704,524288
199,1790686252203,444731.9030151367,3050,0,0.2124999999999999,91808.31716918945,16133.333333333334,0,0.3999999999999999,93334.46002197266,16133.333333333334,0,0.3999999999999999,95992.91052246094,16133.333333333334,0,0.3999999999999999,98973.42430114746,16133.333333333334,0,0.3999999999999999,90564.42825317383,16133.333333333334,0,0.3999999999999999,88448.40925598145,16133.333333333334,0,0.3999999999999999,140868.00788879395,3050,0,0.2124999999999999,145873.8388824463,3050,0,0.2124999999999999,146181.69989013672,3050,0,0.2124999999999999,358221.42057800293,3050,0,0.2124999999999999,141641.70645141602,3050,0,0.2124999999999999,135789.24449157715,3050,0,0.2124999999999999,135851.83168029785,3050,0,0.2124999999999999,94647.46223449707,16133.333333333334,0,0.3999999999999999,96794.75405883789,16133.333333333334,0,0.3999999999999999,8088407.46736145,2524,4398,400,2532,400,400,400,400,400,400,400,400,400,400,400,400,400,400,400,400,400,400,400,2426,400,5048,2483,3128,400,400,400,5055,10,0,0,47.36842346191406,0,0,50,47.36842346191406,50,47.36842346191406,45,47.619049072265625,0,0,50,47.36842346191406,47.36842346191406,47.619049072265625,47.619049072265625,47.36842346191406,0,47.36842346191406,50,0,0,0,100,0,0,0,10,0,20475,15889,87346,68,44,20475,13174,82827,64,49,66718990336,8589930496,23158185984,524288
199,1790686252403,444732.25492858887,3050,0,0.21875,91808.48426818848,16133.333333333334,0,0.3999999999999999,93334.62355041504,16133.333333333334,0,0.3999999999999999,95993.0652923584,16133.333333333334,0,0.3999999999999999,98973.58689880371,16133.333333333334,0,0.3999999999999999,90564.5849609375,16133.333333333334,0,0.3999999999999999,88448.56709289551,16133.333333333334,0,0.3999999999999999,140868.3621826172,3050,0,0.21875,145874.18797302246,3050,0,0.21875,146181.96426391602,3050,0,0.21875,358223.6764831543,3050,0,0.21875,141642.02572631836,3050,0,0.21875,135789.58610534668,3050,0,0.21875,135852.08374023438,3050,0,0.21875,94647.6958770752,16133.333333333334,0,0.3999999999999999,96794.90795898438,16133.333333333334,0,0.3999999999999999,8088428.1065979,2524,4398,400,2532,400,400,400,400,400,400,400,400,400,400,400,400,400,400,400,400,400,400,400,2426,400,5048,2483,3128,400,400,400,5055,15.000000953674316,0,0,47.619049072265625,0,0,45,47.619049072265625,45,45,50,47.36842346191406,0,0,45,47.619049072265625,47.619049072265625,47.36842346191406,47.36842346191406,47.619049072265625,0,47.619049072265625,45,0,0,0,100,0,0,0,10,0,20475,15889,87494,69,52,20475,13174,82867,64,49,66718990336,8589930496,23154925568,524288
199,1790686252603,444732.57682800293,3050,0,0.21875,91808.63970947266,16133.333333333334,0,0.40625,93334.7788848877,16133.333333333334,0,0.40625,95993.21990966797,16133.333333333334,0,0.40625,98973.7398071289,16133.333333333334,0,0.40625,90564.73808288574,16133.333333333334,0,0.40625,88448.72116088867,16133.333333333334,0,0.40625,140868.70683288574,3050,0,0.21875,145874.53323364258,3050,0,0.21875,146182.22714233398,3050,0,0.21875,358225.9500732422,3050,0,0.21875,141642.3434906006,3050,0,0.21875,135789.9260559082,3050,0,0.21875,135852.33499145508,3050,0,0.21875,94647.90243530273,16133.333333333334,0,0.40625,96795.05863952637,16133.333333333334,0,0.40625,8088448.4058532715,2524,4398,400,2532,400,400,400,400,400,400,400,400,400,400,400,400,400,400,400,400,400,400,400,2426,400,5048,2483,3128,400,400,400,5055,10,0,5,45,0,0,45,47.36842346191406,45,47.619049072265625,45,45,0,0,45,45,45,47.619049072265625,47.619049072265625,45,0,45,47.619049072265625,0,0,0,100,0,0,0,0,0,20475,15889,87127,67,50,20475,13174,83255,66,51,66718990336,8589930496,23154921472,524288
199,1790686252803,444732.97076416016,3050,0,0.26249999999999996,91808.82878112793,48800,2,0.925,93334.94297790527,48800,2,0.925,95993.38214111328,48800,2,0.925,98973.90278625488,48800,2,0.925,90564.90315246582,48800,2,0.925,88448.88467407227,48800,2,0.925,140869.07220458984,3050,0,0.26249999999999996,145874.90454101563,3050,2,0.26249999999999996,146182.50422668457,3050,2,0.26249999999999996,358228.170501709,3050,0,0.26249999999999996,141642.6882019043,3050,0,0.26249999999999996,135790.29736328125,3050,2,0.26249999999999996,135852.60890197754,3050,2,0.26249999999999996,94648.12464904785,48800,2,0.925,96795.220703125,48800,2,0.925,8088468.948165894,2524,4398,400,2532,400,400,400,400,400,400,400,400,400,400,400,400,400,400,400,400,400,400,400,2426,400,5048,2483,3128,400,400,400,5055,23.809524536132813,0,0,50,0,0,50,47.619049072265625,50,50,50,50,0,0,50,50,50,47.36842346191406,50,50,0,50,47.36842346191406,0,0,0,100,0,0,0,0,0,20475,15889,86416,67,42,20475,13174,83520,66,52,66718990336,8589930496,23152062464,524288
199,1790686253003,444734.3505859375,3050,0,0.22499999999999987,91809.06468200684,48800,2,0.925,93335.11656188965,48800,2,0.925,95993.5535736084,48800,2,0.925,98974.07373046875,48800,2,0.925,90565.0768737793,48800,2,0.925,88449.05712890625,48800,2,0.925,140869.44570922852,3050,0,0.22499999999999987,145875.44619750977,3050,0,0.22499999999999987,146182.8200531006,3050,0,0.22499999999999987,358228.60220336914,3050,0,0.22499999999999987,141643.07833862305,3050,0,0.22499999999999987,135791.41609191895,3050,2,0.22499999999999987,135852.91625976563,3050,2,0.22499999999999987,94648.35723876953,48800,2,0.925,96795.39009094238,48800,2,0.925,8088490.133087158,2524,4398,400,2532,400,400,400,400,400,400,400,400,400,400,400,400,400,400,400,400,400,400,400,2426,400,5048,2483,3128,400,400,400,5055,52.6315803527832,14.285715103149414,0,52.6315803527832,0,0,55,55,55,52.6315803527832,4.761904716491699,52.38095474243164,52.38095474243164,0,55,5,55,55,50,52.6315803527832,0,55,55,0,0,0,55,0,42.85714340209961,0,0,0,20475,15889,86592,68,40,20475,13174,83061,65,52,66718990336,8589930496,23161880576,524288
199,1790686253203,444734.95262145996,3050,2,0.29374999999999996,91809.2536315918,16133.333333333334,2,0.39375000000000004,93335.44400024414,16133.333333333334,2,0.39375000000000004,95993.73950195313,16133.333333333334,2,0.39375000000000004,98974.46974182129,16133.333333333334,0,0.39375000000000004,90565.26539611816,16133.333333333334,2,0.39375000000000004,88449.67332458496,16133.333333333334,0,0.39375000000000004,140869.72750854492,3050,2,0.29374999999999996,145875.81523132324,3050,2,0.29374999999999996,146183.09329223633,3050,0,0.29374999999999996,358228.92614746094,3050,2,0.29374999999999996,141643.4223022461,3050,0,0.29374999999999996,135791.7235107422,3050,0,0.29374999999999996,135853.1852874756,3050,2,0.29374999999999996,94648.8482055664,16133.333333333334,2,0.39375000000000004,96795.6167755127,16133.333333333334,0,0.39375000000000004,8088509.889724731,2524,4398,400,2532,400,400,400,400,400,400,400,400,400,400,400,400,400,400,400,400,400,400,400,2426,400,5048,2483,3128,400,400,400,5055,23.809524536132813,0,0,61.904762268066406,0,15.000000953674316,50,45,50,52.38095474243164,0,52.6315803527832,52.6315803527832,0,50,0,50,52.38095474243164,55,52.38095474243164,0,50,52.38095474243164,0,0,0,57.894737243652344,0,47.36842346191406,0,15.000000953674316,0,20475,15889,87465,69,52,20475,13174,82492,64,48,66718990336,8589930496,23162638336,524288
199,1790686253403,444735.7953033447,3050,2,0.54375,91809.44792175293,16133.333333333334,0,0.38749999999999996,93335.66009521484,16133.333333333334,0,0.38749999999999996,95993.92091369629,16133.333333333334,2,0.38749999999999996,98974.93757629395,16133.333333333334,2,0.38749999999999996,90565.5150756836,16133.333333333334,2,0.38749999999999996,88450.29127502441,16133.333333333334,2,0.38749999999999996,140870.01124572754,3050,2,0.54375,145876.18031311035,3050,0,0.54375,146183.37139892578,3050,0,0.54375,358229.2077484131,3050,0,0.54375,141643.74685668945,3050,0,0.54375,135792.11892700195,3050,2,0.54375,135853.47917175293,3050,2,0.54375,94649.14445495605,16133.333333333334,0,0.38749999999999996,96795.79916381836,16133.333333333334,2,0.38749999999999996,8088530.0095825195,2524,4398,400,2532,400,400,400,400,400,400,400,400,400,400,400,400,400,400,400,400,400,400,400,2426,400,5048,2483,3128,400,400,400,5055,23.809524536132813,0,0,61.904762268066406,0,15.000000953674316,50,45,50,52.38095474243164,0,52.6315803527832,52.6315803527832,0,50,0,50,52.38095474243164,55,52.38095474243164,0,50,52.38095474243164,0,0,0,57.894737243652344,0,47.36842346191406,0,15.000000953674316,0,20475,15889,87468,68,51,20475,13174,82625,65,50,66718990336,8589930496,23181942784,524288
199,1790686253603,444737.84199523926,3050,0,0.22499999999999987,91809.6234741211,48800,2,0.54375,93335.8338470459,48800,2,0.54375,95994.0933227539,48800,2,0.54375,98975.10893249512,48800,2,0.54375,90565.68733215332,48800,2,0.54375,88450.44313049316,48800,2,0.54375,140870.30395507813,3050,2,0.22499999999999987,145876.5503692627,3050,2,0.22499999999999987,146183.6513824463,3050,0,0.22499999999999987,358229.5013580322,3050,0,0.22499999999999987,141644.0603942871,3050,0,0.22499999999999987,135792.41946411133,3050,2,0.22499999999999987,135853.74824523926,3050,2,0.22499999999999987,94649.44912719727,48800,2,0.54375,96795.9995727539,48800,2,0.54375,8088550.2258758545,2524,4398,400,2532,400,400,400,400,400,400,400,400,400,400,400,400,400,400,400,400,400,400,400,2426,400,5048,2483,3128,400,400,400,5055,15.384615898132324,5,0,55,0,10,57.5,43.589744567871094,73.17073059082031,53.84615707397461,46.153846740722656,53.658538818359375,7.500000476837158,0,53.658538818359375,10,52.499996185302734,52.499996185302734,52.499996185302734,53.84615707397461,0,53.658538818359375,52.499996185302734,0,0,0,53.658538818359375,4.878048419952393,60.000003814697266,2.4390242099761963,2.5641026496887207,2.4390242099761963,20475,15889,86701,67,44,20475,13174,83616,66,50,66718990336,8589930496,23173943296,524288
199,1790686253803,444740.0791168213,3050,0,0.23124999999999996,91809.7868347168,16133.333333333334,0,0.3999999999999999,93335.99612426758,16133.333333333334,0,0.3999999999999999,95994.25189208984,16133.333333333334,0,0.3999999999999999,98975.2658996582,16133.333333333334,0,0.3999999999999999,90565.86756896973,16133.333333333334,0,0.3999999999999999,88450.60151672363,16133.333333333334,0,0.3999999999999999,140870.56831359863,3050,0,0.23124999999999996,145876.90747070313,3050,0,0.23124999999999996,146183.92143249512,3050,0,0.23124999999999996,358229.88230895996,3050,0,0.23124999999999996,141644.32402038574,3050,0,0.23124999999999996,135792.681930542,3050,0,0.23124999999999996,135854.03945922852,3050,0,0.23124999999999996,94649.66613769531,16133.333333333334,0,0.3999999999999999,96796.15663146973,16133.333333333334,0,0.3999999999999999,8088570.521270752,2524,4398,400,2532,400,400,400,400,400,400,400,400,400,400,400,400,400,400,400,400,400,400,400,2426,400,5048,2483,3128,400,400,400,5055,15.384615898132324,5,0,55,0,10,57.5,43.589744567871094,73.17073059082031,53.84615707397461,46.153846740722656,53.658538818359375,7.500000476837158,0,53.658538818359375,10,52.499996185302734,52.499996185302734,52.499996185302734,53.84615707397461,0,53.658538818359375,52.499996185302734,0,0,0,53.658538818359375,4.878048419952393,60.000003814697266,2.4390242099761963,2.5641026496887207,2.4390242099761963,20475,15889,86594,67,40,20475,13174,83630,66,50,66718990336,8589930496,23170990080,524288
199,1790686254003,444742.3226776123,3050,0,0.22499999999999987,91809.94519042969,16133.333333333334,0,0.3999999999999999,93336.15530395508,16133.333333333334,0,0.3999999999999999,95994.40774536133,16133.333333333334,0,0.3999999999999999,98975.42082214355,16133.333333333334,0,0.3999999999999999,90566.06809997559,16133.333333333334,0,0.3999999999999999,88450.75849914551,16133.333333333334,0,0.3999999999999999,140870.82328796387,3050,0,0.22499999999999987,145877.2536468506,3050,0,0.22499999999999987,146184.1886138916,3050,0,0.22499999999999987,358230.2325286865,3050,0,0.22499999999999987,141644.57829284668,3050,0,0.22499999999999987,135792.93551635742,3050,0,0.22499999999999987,135854.2900390625,3050,0,0.22499999999999987,94649.88136291504,16133.333333333334,0,0.3999999999999999,96796.31159973145,16133.333333333334,0,0.3999999999999999,8088590.709762573,2524,4398,400,2532,400,400,400,400,400,400,400,400,400,400,400,400,400,400,400,400,400,400,400,2426,400,5048,2483,3128,400,400,400,5055,0,0,2.4390242099761963,47.5,0,0,47.5,47.5,100,47.5,47.5,47.5,0,7.500000476837158,48.71794891357422,0,47.5,47.5,47.5,47.5,0,48.71794891357422,48.71794891357422,0,0,0,56.41025924682617,0,47.5,0,0,0,20475,15889,87146,68,44,20475,13174,82819,64,50,66718990336,8589930496,23186759680,524288
199,1790686254203,444744.5598297119,3050,0,0.23124999999999996,91810.10215759277,16133.333333333334,0,0.3999999999999999,93336.31089782715,16133.333333333334,0,0.3999999999999999,95994.5627746582,16133.333333333334,0,0.3999999999999999,98975.57583618164,16133.333333333334,0,0.3999999999999999,90566.26759338379,16133.333333333334,0,0.3999999999999999,88450.9135131836,16133.333333333334,0,0.3999999999999999,140871.07429504395,3050,0,0.23124999999999996,145877.5807647705,3050,0,0.23124999999999996,146184.45652770996,3050,0,0.23124999999999996,358230.55310058594,3050,0,0.23124999999999996,141644.82926940918,3050,0,0.23124999999999996,135793.18565368652,3050,0,0.23124999999999996,135854.5380859375,3050,0,0.23124999999999996,94650.09465026855,16133.333333333334,0,0.3999999999999999,96796.46516418457,16133.333333333334,0,0.3999999999999999,8088610.8087768555,2524,4398,400,2532,400,400,400,400,400,400,400,400,400,400,400,400,400,400,400,400,400,400,400,2426,400,5048,2483,3128,400,400,400,5055,0,0,0,45,0,0,45,47.619049072265625,100,47.619049072265625,47.619049072265625,47.36842346191406,0,10,45,0,50,47.36842346191406,47.36842346191406,47.619049072265625,0,45,45,0,0,0,45,0,50,0,0,0,20475,15889,87470,69,51,20475,13174,82847,64,49,66718990336,8589930496,23182938112,524288
199,1790686254403,444746.7936401367,3050,0,0.23124999999999996,91810.26223754883,16133.333333333334,0,0.3999999999999999,93336.47352600098,16133.333333333334,0,0.3999999999999999,95994.72045898438,16133.333333333334,0,0.3999999999999999,98975.73184204102,16133.333333333334,0,0.3999999999999999,90566.46862792969,16133.333333333334,0,0.3999999999999999,88451.10537719727,16133.333333333334,0,0.3999999999999999,140871.32489013672,3050,0,0.23124999999999996,145877.84545898438,3050,0,0.23124999999999996,146184.73097229004,3050,0,0.23124999999999996,358230.8684692383,3050,0,0.23124999999999996,141645.08074951172,3050,0,0.23124999999999996,135793.4365234375,3050,0,0.23124999999999996,135854.78634643555,3050,0,0.23124999999999996,94650.3279876709,16133.333333333334,0,0.3999999999999999,96796.63041687012,16133.333333333334,0,0.3999999999999999,8088631.110626221,2524,4398,400,2532,400,400,400,400,400,400,400,400,400,400,400,400,400,400,400,400,400,400,400,2426,400,5048,2483,3128,400,400,400,5055,0,0,0,50,0,0,50,47.36842346191406,100,47.36842346191406,47.36842346191406,47.619049072265625,0,10,47.619049072265625,0,45,47.619049072265625,47.619049072265625,47.36842346191406,0,50,47.619049072265625,0,0,0,47.619049072265625,0,45,0,25,0,20475,15889,87445,68,51,20475,13174,83337,66,51,66718990336,8589930496,23173881856,524288
199,1790686254603,444749.02520751953,3050,0,0.22499999999999987,91810.41763305664,16133.333333333334,0,0.55,93336.63148498535,16133.333333333334,0,0.55,95994.87599182129,16133.333333333334,0,0.55,98975.8862915039,16133.333333333334,0,0.55,90566.66835021973,16133.333333333334,0,0.55,88451.30436706543,16133.333333333334,0,0.55,140871.57666015625,3050,0,0.22499999999999987,145878.11459350586,3050,0,0.22499999999999987,146184.99517822266,3050,0,0.22499999999999987,358231.1811218262,3050,0,0.22499999999999987,141645.3306427002,3050,0,0.22499999999999987,135793.68740844727,3050,0,0.22499999999999987,135855.0350341797,3050,0,0.22499999999999987,94650.48304748535,16133.333333333334,0,0.55,96796.78433227539,16133.333333333334,0,0.55,8088651.161697388,2524,4398,400,2532,400,400,400,400,400,400,400,400,400,400,400,400,400,400,400,400,400,400,400,2426,400,5048,2483,3128,400,400,400,5055,0,0,0,45,0,0,45,47.619049072265625,100,47.619049072265625,45,47.36842346191406,4.761904716491699,15.000000953674316,47.36842346191406,0,50,47.36842346191406,47.36842346191406,47.619049072265625,0,45,47.36842346191406,0,0,0,47.36842346191406,0,50,0,0,0,20475,15889,86836,67,43,20475,13174,83672,66,50,66718990336,8589930496,23173877760,524288
199,1790686254803,444751.2665863037,3050,0,0.22499999999999987,91810.58901977539,48800,2,0.58125,93336.80567932129,48800,2,0.58125,95995.0473022461,48800,2,0.58125,98976.05648803711,48800,2,0.58125,90566.8883972168,48800,2,0.58125,88451.52374267578,48800,2,0.58125,140871.85328674316,3050,2,0.22499999999999987,145878.4055480957,3050,2,0.22499999999999987,146185.27975463867,3050,0,0.22499999999999987,358231.5229187012,3050,0,0.22499999999999987,141645.60481262207,3050,0,0.22499999999999987,135793.96533203125,3050,2,0.22499999999999987,135855.3102722168,3050,2,0.22499999999999987,94650.6538848877,48800,2,0.58125,96796.95394897461,48800,2,0.58125,8088671.545928955,2524,4398,400,2532,400,400,400,400,400,400,400,400,400,400,400,400,400,400,400,400,400,400,400,2426,400,5048,2483,3128,400,400,400,5055,0,0,0,52.6315803527832,0,0,52.6315803527832,52.6315803527832,100,52.6315803527832,55,50,0,15.000000953674316,50,0,50,52.38095474243164,52.38095474243164,52.6315803527832,0,50,52.38095474243164,0,0,0,52.38095474243164,0,50,0,0,0,20475,15889,86837,67,40,20475,13174,83708,66,50,66718990336,8589930496,23173255168,524288
199,1790686255003,444753.49168395996,3050,0,0.21875,91810.76155090332,48800,2,0.925,93336.98095703125,48800,2,0.925,95995.22007751465,48800,2,0.925,98976.22817993164,48800,2,0.925,90567.11074829102,48800,2,0.925,88451.74577331543,48800,2,0.925,140872.1361694336,3050,2,0.21875,145878.69805908203,3050,2,0.21875,146185.56694030762,3050,0,0.21875,358231.80726623535,3050,2,0.21875,141645.8835296631,3050,2,0.21875,135794.24238586426,3050,2,0.21875,135855.5884552002,3050,2,0.21875,94650.8263092041,48800,2,0.925,96797.12515258789,48800,2,0.925,8088691.901702881,2524,4398,400,2532,400,400,400,400,400,400,400,400,400,400,400,400,400,400,400,400,400,400,400,2426,400,5048,2483,3128,400,400,400,5055,0,0,0,52.6315803527832,0,0,52.6315803527832,52.6315803527832,100,52.6315803527832,55,50,0,15.000000953674316,50,0,50,52.38095474243164,52.38095474243164,52.6315803527832,0,50,52.38095474243164,0,0,0,52.38095474243164,0,50,0,0,0,20475,15889,87391,69,46,20475,13174,83151,64,50,66718990336,8589930496,23161864192,524288
199,1790686255203,444755.7666320801,3050,0,0.21875,91810.93479919434,16133.333333333334,0,0.6125,93337.15800476074,16133.333333333334,2,0.6125,95995.39552307129,16133.333333333334,0,0.6125,98976.4001159668,16133.333333333334,0,0.6125,90567.33346557617,16133.333333333334,0,0.6125,88451.96893310547,16133.333333333334,2,0.6125,140872.43180847168,3050,2,0.21875,145879.04893493652,3050,0,0.21875,146185.85983276367,3050,2,0.21875,358232.0946044922,3050,2,0.21875,141646.17501831055,3050,0,0.21875,135794.5290222168,3050,0,0.21875,135855.87258911133,3050,0,0.21875,94650.99922180176,16133.333333333334,2,0.6125,96797.29640197754,16133.333333333334,0,0.6125,8088712.576248169,2524,4398,400,2532,400,400,400,400,400,400,400,400,400,400,400,400,400,400,400,400,400,400,400,2426,400,5048,2483,3128,400,400,400,5055,55,0,0,53.658538818359375,0,0,53.658538818359375,52.499996185302734,50,52.499996185302734,52.499996185302734,53.658538818359375,2.5641026496887207,0,53.658538818359375,40,52.499996185302734,12.5,52.499996185302734,52.499996185302734,0,53.658538818359375,52.499996185302734,0,0,0,52.499996185302734,2.5,12.5,0,41.02564239501953,0,20475,15889,87429,69,51,20475,13174,83197,65,49,66718990336,8589930496,23169085440,524288
199,1790686255403,444757.52449035645,3050,0,0.91875,91811.1157836914,16133.333333333334,0,0.3812500000000001,93337.34384155273,16133.333333333334,2,0.3812500000000001,95995.5715637207,16133.333333333334,2,0.3812500000000001,98976.57461547852,16133.333333333334,2,0.3812500000000001,90567.55911254883,16133.333333333334,2,0.3812500000000001,88452.19546508789,16133.333333333334,0,0.3812500000000001,140872.7349243164,3050,0,0.91875,145879.4346923828,3050,2,0.91875,146186.1898803711,3050,2,0.91875,358232.38552856445,3050,2,0.91875,141646.4689025879,3050,2,0.91875,135795.14004516602,3050,2,0.91875,135856.1527709961,3050,2,0.91875,94651.17599487305,16133.333333333334,2,0.3812500000000001,96797.50164794922,16133.333333333334,2,0.3812500000000001,8088733.231719971,2524,4398,400,2532,400,400,400,400,400,400,400,400,400,400,400,400,400,400,400,400,400,400,400,2426,400,5048,2483,3128,400,400,400,5055,78.94737243652344,0,0,52.6315803527832,0,0,50,30.000001907348633,52.6315803527832,52.38095474243164,52.38095474243164,52.6315803527832,0,0,52.6315803527832,25,55,0,55,52.38095474243164,0,52.6315803527832,52.6315803527832,0,0,0,47.36842346191406,0,40,0,50,10,20475,15889,87269,67,51,20475,13174,83761,67,50,66718990336,8589930496,23126036480,524288
199,1790686255603,444757.8151245117,3050,0,0.23124999999999996,91811.36311340332,16133.333333333334,0,0.3812500000000001,93337.58717346191,16133.333333333334,0,0.3812500000000001,95995.7490234375,16133.333333333334,0,0.3812500000000001,98977.09977722168,16133.333333333334,0,0.3812500000000001,90567.7839050293,16133.333333333334,0,0.3812500000000001,88452.67724609375,16133.333333333334,0,0.3812500000000001,140872.98847961426,3050,0,0.23124999999999996,145879.77421569824,3050,0,0.23124999999999996,146186.4483642578,3050,0,0.23124999999999996,358232.73823547363,3050,0,0.23124999999999996,141646.72508239746,3050,0,0.23124999999999996,135795.3932800293,3050,0,0.23124999999999996,135856.40451049805,3050,0,0.23124999999999996,94651.42478942871,16133.333333333334,0,0.3812500000000001,96798.10534667969,16133.333333333334,0,0.3812500000000001,8088752.202697754,2524,4398,400,2532,400,400,400,400,400,400,400,400,400,400,400,400,400,400,400,400,400,400,400,2426,400,5048,2483,3128,400,400,400,5055,78.94737243652344,0,0,52.6315803527832,0,0,50,30.000001907348633,52.6315803527832,52.38095474243164,52.38095474243164,52.6315803527832,0,0,52.6315803527832,25,55,0,55,52.38095474243164,0,52.6315803527832,52.6315803527832,0,0,0,47.36842346191406,0,40,0,50,10,20475,15889,86586,67,42,20475,13174,83880,66,50,66718990336,8589930496,23133904896,524288
199,1790686255804,444758.68070983887,3050,0,0.23124999999999996,91811.52795410156,16133.333333333334,0,0.3812500000000001,93337.75422668457,16133.333333333334,0,0.3812500000000001,95995.91287231445,16133.333333333334,0,0.3812500000000001,98977.35623168945,16133.333333333334,0,0.3812500000000001,90567.99082946777,16133.333333333334,0,0.3812500000000001,88453.23023986816,16133.333333333334,0,0.3812500000000001,140873.23016357422,3050,0,0.23124999999999996,145880.0937652588,3050,0,0.23124999999999996,146186.71337890625,3050,0,0.23124999999999996,358233.06886291504,3050,0,0.23124999999999996,141646.96487426758,3050,0,0.23124999999999996,135795.62922668457,3050,0,0.23124999999999996,135856.63999938965,3050,0,0.23124999999999996,94651.91743469238,16133.333333333334,0,0.3812500000000001,96798.32907104492,16133.333333333334,0,0.3812500000000001,8088771.651000977,2524,4398,400,2532,400,400,400,400,400,400,400,400,400,400,400,400,400,400,400,400,400,400,400,2426,400,5048,2483,3128,400,400,400,5055,17.073171615600586,0,2.5,51.219512939453125,0,15.000000953674316,50,32.5,50,48.71794891357422,48.71794891357422,48.780487060546875,0,0,50,0,50,0,47.5,50,0,50,50,2.5,0,0,65,0,50,0,62.5,17.948719024658203,20475,15889,86698,68,39,20475,13174,83432,65,50,66718990336,8589930496,23131521024,524288
199,1790686256004,444759.6890716553,3050,0,0.23124999999999996,91811.69131469727,16133.333333333334,0,0.38749999999999996,93337.91897583008,16133.333333333334,0,0.38749999999999996,95996.0775604248,16133.333333333334,0,0.38749999999999996,98977.5191040039,16133.333333333334,0,0.38749999999999996,90568.19741821289,16133.333333333334,0,0.38749999999999996,88453.76063537598,16133.333333333334,0,0.38749999999999996,140873.46977233887,3050,0,0.23124999999999996,145880.41191101074,3050,0,0.23124999999999996,146186.96110534668,3050,0,0.23124999999999996,358233.3913116455,3050,0,0.23124999999999996,141647.20126342773,3050,0,0.23124999999999996,135795.8654937744,3050,0,0.23124999999999996,135856.87223815918,3050,0,0.23124999999999996,94652.42994689941,16133.333333333334,0,0.38749999999999996,96798.53392028809,16133.333333333334,0,0.38749999999999996,8088790.989181519,2524,4398,400,2532,400,400,400,400,400,400,400,400,400,400,400,400,400,400,400,400,400,400,400,2426,400,5048,2483,3128,400,400,400,5055,40,0,0,45,0,0,45,35,45,47.619049072265625,47.619049072265625,47.36842346191406,0,40,45,0,14.285715103149414,0,50,45,0,45,45,10,0,0,15.000000953674316,0,45,35,70,4.761904716491699,20475,15889,87442,69,53,20475,13174,82884,64,50,66718990336,8589930496,23123177472,524288
199,1790686256204,444760.7045135498,3050,0,0.2437499999999999,91811.85400390625,16133.333333333334,0,0.3999999999999999,93338.16046142578,16133.333333333334,0,0.3999999999999999,95996.30516052246,16133.333333333334,0,0.3999999999999999,98977.68217468262,16133.333333333334,0,0.3999999999999999,90568.4040222168,16133.333333333334,0,0.3999999999999999,88454.30270385742,16133.333333333334,2,0.3999999999999999,140873.7080230713,3050,0,0.2437499999999999,145880.72941589355,3050,0,0.2437499999999999,146187.21199035645,3050,0,0.2437499999999999,358233.7524871826,3050,0,0.2437499999999999,141647.44096374512,3050,0,0.2437499999999999,135796.10090637207,3050,0,0.2437499999999999,135857.10440063477,3050,0,0.2437499999999999,94652.60879516602,16133.333333333334,0,0.3999999999999999,96798.9069519043,16133.333333333334,0,0.3999999999999999,8088810.331436157,2524,4398,400,2532,400,400,400,400,400,400,400,400,400,400,400,400,400,400,400,400,400,400,400,2426,400,5048,2483,3128,400,400,400,5055,40,0,0,52.6315803527832,5,0,50,35,47.619049072265625,47.36842346191406,47.36842346191406,47.619049072265625,0,45,47.619049072265625,0,0,0,45,47.36842346191406,0,50,47.619049072265625,0,0,0,10,0,50,45,47.619049072265625,15.000000953674316,20475,15889,87416,68,51,20475,13174,83104,66,49,66718990336,8589930496,23123894272,524288
199,1790686256404,444761.62605285645,3050,0,0.23750000000000004,91812.0227355957,48800,2,0.40625,93338.32978820801,48800,2,0.40625,95996.53727722168,48800,2,0.40625,98977.85009765625,48800,2,0.40625,90568.61585998535,48800,2,0.40625,88454.95574951172,48800,2,0.40625,140873.9497833252,3050,0,0.23750000000000004,145881.05126953125,3050,2,0.23750000000000004,146187.51654052734,3050,2,0.23750000000000004,358234.1194000244,3050,2,0.23750000000000004,141647.68203735352,3050,2,0.23750000000000004,135796.33856201172,3050,2,0.23750000000000004,135857.34005737305,3050,2,0.23750000000000004,94652.93110656738,48800,2,0.40625,96799.22120666504,48800,2,0.40625,8088829.914398193,2524,4398,400,2532,400,400,400,400,400,400,400,400,400,400,400,400,400,400,400,400,400,400,400,2426,400,5048,2483,3128,400,400,400,5055,35,4.761904716491699,0,47.619049072265625,5,0,45,45,47.36842346191406,47.619049072265625,45,45,0,47.36842346191406,47.36842346191406,0,0,0,45,47.619049072265625,0,45,47.36842346191406,0,0,0,15.000000953674316,0,45,50,57.894737243652344,10,20475,15889,86278,67,41,20475,13174,83911,66,52,66718990336,8589930496,23150215168,524288
199,1790686256604,444763.2226715088,3050,0,0.23124999999999996,91812.21046447754,48800,2,0.93125,93338.51382446289,48800,2,0.93125,95996.71923828125,48800,2,0.93125,98978.03157043457,48800,2,0.93125,90568.84643554688,48800,2,0.93125,88455.39389038086,48800,2,0.93125,140874.23585510254,3050,2,0.23124999999999996,145881.41596984863,3050,2,0.23124999999999996,146187.86003112793,3050,2,0.23124999999999996,358234.56814575195,3050,2,0.23124999999999996,141647.95649719238,3050,2,0.23124999999999996,135796.60836791992,3050,0,0.23124999999999996,135857.60626220703,3050,2,0.23124999999999996,94653.18713378906,48800,2,0.93125,96799.45303344727,48800,2,0.93125,8088850.217788696,2524,4398,400,2532,400,400,400,400,400,400,400,400,400,400,400,400,400,400,400,400,400,400,400,2426,400,5048,2483,3128,400,400,400,5055,68.42105102539063,0,0,55,0,0,55,25,52.38095474243164,52.6315803527832,55,55,0,52.38095474243164,55,0,0,0,55,55,0,55,52.38095474243164,0,0,0,19.047618865966797,0,55,50,57.142860412597656,20,20475,15889,86051,68,39,20475,13174,83554,65,52,66718990336,8589930496,23150211072,524288
199,1790686256804,444764.1443634033,3050,0,0.53125,91812.3967590332,48800,2,0.5375000000000001,93338.70135498047,48800,2,0.5375000000000001,95996.90533447266,48800,2,0.5375000000000001,98978.21603393555,48800,2,0.5375000000000001,90569.08183288574,48800,2,0.5375000000000001,88456.02021789551,48800,2,0.5375000000000001,140874.51124572754,3050,0,0.53125,145881.7741394043,3050,2,0.53125,146188.2102203369,3050,2,0.53125,358234.91943359375,3050,0,0.2749999999999999,141648.2255859375,3050,0,0.2749999999999999,135796.87379455566,3050,0,0.2749999999999999,135857.8684539795,3050,2,0.2749999999999999,94653.69311523438,48800,2,0.5375000000000001,96799.69364929199,48800,2,0.5375000000000001,8088870.030181885,2524,4398,400,2532,400,400,400,400,400,400,400,400,400,400,400,400,400,400,400,400,400,400,400,2426,400,5048,2483,3128,400,400,400,5055,35,0,0,52.6315803527832,0,0,50,40,55,52.38095474243164,52.38095474243164,52.6315803527832,0,55,50,0,0,0,55,50,0,50,55,0,0,0,5,0,50,55,73.68421173095703,0,20475,15889,87072,69,51,20475,13174,82446,64,48,66718990336,8589930496,23149391872,524288
199,1790686257004,444765.7335357666,3050,0,0.3125,91812.5747680664,48800,2,0.54375,93338.88111877441,48800,2,0.54375,95997.08309936523,48800,2,0.54375,98978.39320373535,48800,2,0.54375,90569.30885314941,48800,2,0.54375,88456.42649841309,48800,2,0.54375,140874.79837036133,3050,2,0.3125,145882.0512084961,3050,0,0.3125,146188.57023620605,3050,2,0.3125,358235.2596588135,3050,2,0.30000000000000004,141648.49549865723,3050,0,0.30000000000000004,135797.14195251465,3050,0,0.30000000000000004,135858.13325500488,3050,2,0.30000000000000004,94653.95893859863,48800,2,0.54375,96799.87460327148,48800,2,0.54375,8088889.9694366455,2524,4398,400,2532,400,400,400,400,400,400,400,400,400,400,400,400,400,400,400,400,400,400,400,2426,400,5048,2483,3128,400,400,400,5055,66.66667175292969,0,0,52.38095474243164,0,0,55,30.000001907348633,52.6315803527832,55,52.6315803527832,52.38095474243164,4.761904716491699,52.6315803527832,55,0,0,0,50,55,0,55,52.6315803527832,0,0,0,10,0,55,55,60.000003814697266,0,20475,15889,87367,68,51,20475,13174,82625,66,49,66718990336,8589930496,23147610112,524288
199,1790686257204,444766.89080810547,3050,0,0.22499999999999987,91812.75668334961,16133.333333333334,2,0.38749999999999996,93339.06498718262,16133.333333333334,2,0.38749999999999996,95997.26599121094,16133.333333333334,2,0.38749999999999996,98978.73815917969,16133.333333333334,2,0.38749999999999996,90569.54000854492,16133.333333333334,2,0.38749999999999996,88457.06318664551,16133.333333333334,2,0.38749999999999996,140875.0830078125,3050,2,0.22499999999999987,145882.33039855957,3050,2,0.26249999999999996,146188.88957214355,3050,2,0.26249999999999996,358235.6256713867,3050,0,0.26249999999999996,141648.76484680176,3050,0,0.26249999999999996,135797.4105682373,3050,0,0.26249999999999996,135858.40661621094,3050,2,0.26249999999999996,94654.17204284668,16133.333333333334,0,0.38749999999999996,96800.05435180664,16133.333333333334,2,0.38749999999999996,8088909.969192505,2524,4398,400,2532,400,400,400,400,400,400,400,400,400,400,400,400,400,400,400,400,400,400,400,2426,400,5048,2483,3128,400,400,400,5055,45,0,0,52.6315803527832,0,15.000000953674316,55,40,52.38095474243164,52.6315803527832,55,55,0,52.38095474243164,52.38095474243164,0,0,0,55,52.6315803527832,0,52.38095474243164,52.38095474243164,0,0,0,10.526315689086914,0,55,50,55,0,20475,15889,86423,67,42,20475,13174,83669,67,52,66718990336,8589930496,23146381312,524288
199,1790686257404,444767.9318084717,3050,0,0.23124999999999996,91812.92413330078,16133.333333333334,0,0.3812500000000001,93339.23252868652,16133.333333333334,0,0.3812500000000001,95997.43385314941,16133.333333333334,0,0.3812500000000001,98978.90446472168,16133.333333333334,0,0.3812500000000001,90569.75012207031,16133.333333333334,0,0.3812500000000001,88457.61848449707,16133.333333333334,0,0.3812500000000001,140875.33862304688,3050,0,0.23124999999999996,145882.57954406738,3050,0,0.23124999999999996,146189.13661193848,3050,0,0.23124999999999996,358235.97595214844,3050,0,0.23124999999999996,141649.00862121582,3050,0,0.23124999999999996,135797.65350341797,3050,0,0.23124999999999996,135858.64379882813,3050,0,0.23124999999999996,94654.5417175293,16133.333333333334,0,0.3812500000000001,96800.36811828613,16133.333333333334,0,0.3812500000000001,8088929.490097046,2524,4398,400,2532,400,400,400,400,400,400,400,400,400,400,400,400,400,400,400,400,400,400,400,2426,400,5048,2483,3128,400,400,400,5055,45,0,0,52.6315803527832,0,15.000000953674316,55,40,52.38095474243164,52.6315803527832,55,55,0,52.38095474243164,52.38095474243164,0,0,0,55,52.6315803527832,0,52.38095474243164,52.38095474243164,0,0,0,10.526315689086914,0,55,50,55,0,20475,15889,85839,67,39,20475,13174,83636,66,52,66718990336,8589930496,23146115072,524288
199,1790686257604,444768.9544067383,3050,0,0.23124999999999996,91813.09022521973,16133.333333333334,0,0.3812500000000001,93339.39724731445,16133.333333333334,0,0.3812500000000001,95997.59814453125,16133.333333333334,0,0.3812500000000001,98979.06660461426,16133.333333333334,0,0.3812500000000001,90569.99125671387,16133.333333333334,0,0.3812500000000001,88458.15899658203,16133.333333333334,0,0.3812500000000001,140875.5785369873,3050,0,0.23124999999999996,145882.8211364746,3050,0,0.23124999999999996,146189.38552856445,3050,0,0.23124999999999996,358236.2431793213,3050,0,0.23124999999999996,141649.24395751953,3050,0,0.23124999999999996,135797.88682556152,3050,0,0.23124999999999996,135858.8736114502,3050,0,0.23124999999999996,94655.0018157959,16133.333333333334,0,0.3812500000000001,96800.68383789063,16133.333333333334,0,0.3812500000000001,8088948.992034912,2524,4398,400,2532,400,400,400,400,400,400,400,400,400,400,400,400,400,400,400,400,400,400,400,2426,400,5048,2483,3128,400,400,400,5055,41.02564239501953,0,0,47.5,0,0,51.219512939453125,35,47.5,47.5,47.5,47.5,0,47.5,47.5,0,0,0,47.5,48.780487060546875,0,47.5,47.5,2.4390242099761963,0,0,10,0,46.34146499633789,47.5,62.5,20,20475,15889,86910,69,50,20475,13174,82500,64,48,66718990336,8589930496,23130517504,524288
199,1790686257804,444769.966506958,3050,0,0.23750000000000004,91813.25305175781,16133.333333333334,0,0.3999999999999999,93339.56161499023,16133.333333333334,0,0.3999999999999999,95997.76216125488,16133.333333333334,0,0.3999999999999999,98979.22978210449,16133.333333333334,0,0.3999999999999999,90570.20909118652,16133.333333333334,0,0.3999999999999999,88458.6900024414,16133.333333333334,0,0.3999999999999999,140875.81330871582,3050,0,0.23750000000000004,145883.06130981445,3050,0,0.23750000000000004,146189.6281890869,3050,0,0.23750000000000004,358236.4782104492,3050,0,0.23750000000000004,141649.47773742676,3050,0,0.23750000000000004,135798.1203918457,3050,0,0.23750000000000004,135859.10395812988,3050,0,0.23750000000000004,94655.41532897949,16133.333333333334,0,0.3999999999999999,96800.99877929688,16133.333333333334,0,0.3999999999999999,8088968.216171265,2524,4398,400,2532,400,400,400,400,400,400,400,400,400,400,400,400,400,400,400,400,400,400,400,2426,400,5048,2483,3128,400,400,400,5055,40,0,0,47.619049072265625,0,0,45,35,47.36842346191406,45,45,45,0,45,47.36842346191406,0,0,0,45,45,0,47.36842346191406,47.36842346191406,0,0,0,0,0,47.36842346191406,50,65,15.000000953674316,20475,15889,87343,68,51,20475,13174,82484,66,48,66718990336,8589930496,23130517504,524288
199,1790686258004,444770.5507965088,3050,0,0.25,91813.4200592041,16133.333333333334,0,0.40625,93339.72956848145,16133.333333333334,0,0.40625,95998.07167053223,16133.333333333334,0,0.40625,98979.39587402344,16133.333333333334,0,0.40625,90570.43142700195,16133.333333333334,0,0.40625,88459.31047058105,16133.333333333334,0,0.40625,140876.05004882813,3050,0,0.25,145883.30264282227,3050,0,0.25,146189.86990356445,3050,0,0.25,358236.7169189453,3050,0,0.25,141649.71493530273,3050,0,0.25,135798.35723876953,3050,0,0.25,135859.33680725098,3050,0,0.25,94655.92323303223,16133.333333333334,0,0.40625,96801.3509979248,16133.333333333334,0,0.40625,8088987.265380859,2524,4398,400,2532,400,400,400,400,400,400,400,400,400,400,400,400,400,400,400,400,400,400,400,2426,400,5048,2483,3128,400,400,400,5055,19.047618865966797,0,0,45,10,0,47.36842346191406,40,45,47.619049072265625,47.619049072265625,47.36842346191406,0,50,45,0,0,0,50,45,0,45,47.619049072265625,0,0,0,0,0,45,45,70,28.571430206298828,20475,15889,86462,67,43,20475,13174,83562,67,52,66718990336,8589930496,23127175168,524288
199,1790686258204,444771.53912353516,3050,0,0.2437499999999999,91813.60136413574,16133.333333333334,2,0.5625,93339.9123840332,16133.333333333334,2,0.5625,95998.25302124023,16133.333333333334,2,0.5625,98979.57707214355,16133.333333333334,2,0.5625,90570.6743774414,16133.333333333334,2,0.5625,88460.02084350586,16133.333333333334,2,0.5625,140876.3102874756,3050,2,0.2437499999999999,145883.56825256348,3050,2,0.2437499999999999,146190.13356018066,3050,2,0.2437499999999999,358236.9780731201,3050,2,0.2437499999999999,141649.97518920898,3050,0,0.2437499999999999,135798.61596679688,3050,2,0.2437499999999999,135859.59747314453,3050,2,0.2437499999999999,94656.25401306152,16133.333333333334,2,0.5625,96801.6750793457,16133.333333333334,0,0.5625,8089007.1014556885,2524,4398,400,2532,400,400,400,400,400,400,400,400,400,400,400,400,400,400,400,400,400,400,400,2426,400,5048,2483,3128,400,400,400,5055,36.842105865478516,0,0,52.6315803527832,0,0,52.38095474243164,50,52.38095474243164,52.6315803527832,52.6315803527832,52.38095474243164,0,50,52.38095474243164,0,0,0,50,55,0,52.38095474243164,50,0,0,0,0,0,55,50,60.000003814697266,21.052631378173828,20475,15889,85688,67,39,20475,13174,83806,66,52,66718990336,8589930496,23121465344,524288
199,1790686258404,444772.48056030273,1700,0,0.3125,91813.78692626953,16133.333333333334,2,0.925,93340.1014251709,16133.333333333334,2,0.925,95998.4766998291,16133.333333333334,2,0.925,98979.7624206543,16133.333333333334,2,0.925,90570.92524719238,16133.333333333334,2,0.925,88460.66694641113,16133.333333333334,2,0.925,140876.58200073242,1700,2,0.3125,145883.83879089355,1700,2,0.3125,146190.40438842773,1700,2,0.3125,358237.24392700195,1700,2,0.3125,141650.2413330078,1700,0,0.3125,135798.88035583496,1700,2,0.3125,135859.86225891113,1700,2,0.3125,94656.51432800293,16133.333333333334,2,0.925,96802.11581420898,16133.333333333334,0,0.925,8089026.851226807,2524,4398,400,2532,400,400,400,400,400,400,400,400,400,400,400,400,400,400,400,400,400,400,400,2426,400,5048,2483,3128,400,400,400,5055,35,0,0,52.38095474243164,5,0,52.6315803527832,40,52.6315803527832,52.38095474243164,52.38095474243164,52.6315803527832,0,55,52.6315803527832,0,0,0,55,50,0,52.6315803527832,52.6315803527832,0,0,0,0,0,50,55,60.000003814697266,25,20475,15889,86728,69,49,20475,13174,82712,65,48,66718990336,8589930496,23121465344,524288
199,1790686258604,444773.99879455566,3050,0,0.22499999999999987,91813.99110412598,16133.333333333334,2,0.93125,93340.28787231445,16133.333333333334,2,0.93125,95998.77954101563,16133.333333333334,2,0.93125,98980.05397033691,16133.333333333334,2,0.93125,90571.17163085938,16133.333333333334,2,0.93125,88461.0277557373,16133.333333333334,2,0.93125,140876.85627746582,3050,2,0.22499999999999987,145884.1107635498,3050,2,0.22499999999999987,146190.67176818848,3050,2,0.22499999999999987,358237.512008667,3050,2,0.22499999999999987,141650.50984191895,3050,0,0.22499999999999987,135799.1457977295,3050,0,0.22499999999999987,135860.12893676758,3050,2,0.22499999999999987,94656.70059204102,16133.333333333334,0,0.93125,96802.34539794922,16133.333333333334,0,0.93125,8089046.969924927,2524,4398,400,2532,400,400,400,400,400,400,400,400,400,400,400,400,400,400,400,400,400,400,400,2426,400,5048,2483,3128,400,400,400,5055,65,0,0,55,15.000000953674316,0,52.38095474243164,30.000001907348633,55,52.6315803527832,52.6315803527832,52.38095474243164,0,50,55,0,0,0,50,55,0,55,60.000003814697266,0,0,0,0,0,55,55,50,10,20475,15889,87382,68,53,20475,13174,82543,65,48,66718990336,8589930496,23123578880,524288
199,1790686258804,444775.20721435547,3050,0,0.3062499999999999,91814.21105957031,16133.333333333334,2,0.38749999999999996,93340.48104858398,16133.333333333334,0,0.38749999999999996,95998.96824645996,16133.333333333334,2,0.38749999999999996,98980.44706726074,16133.333333333334,0,0.38749999999999996,90571.4161529541,16133.333333333334,2,0.38749999999999996,88461.41383361816,16133.333333333334,2,0.38749999999999996,140877.13900756836,3050,2,0.3062499999999999,145884.39944458008,3050,2,0.3062499999999999,146190.94467163086,3050,2,0.3062499999999999,358237.78338623047,3050,2,0.3062499999999999,141650.77766418457,3050,2,0.3062499999999999,135799.41284179688,3050,2,0.3062499999999999,135860.39282226563,3050,2,0.3062499999999999,94657.0747833252,16133.333333333334,0,0.38749999999999996,96802.52912902832,16133.333333333334,2,0.38749999999999996,8089066.860168457,2524,4398,400,2532,400,400,400,400,400,400,400,400,400,400,400,400,400,400,400,400,400,400,400,2426,400,5048,2483,3128,400,400,400,5055,50,0,0,55,0,23.809524536132813,55,25,52.38095474243164,55,55,55,0,55,52.38095474243164,0,0,5,55,55,0,52.38095474243164,52.38095474243164,0,0,0,0,0,52.38095474243164,50,60.000003814697266,0,20475,15889,86572,67,44,20475,13174,83686,67,52,66718990336,8589930496,23123894272,524288
199,1790686259004,444776.07678222656,3050,0,0.23124999999999996,91814.41717529297,16133.333333333334,0,0.38749999999999996,93340.65519714355,16133.333333333334,0,0.38749999999999996,95999.16555786133,16133.333333333334,0,0.38749999999999996,98981.22062683105,16133.333333333334,0,0.38749999999999996,90571.6441040039,16133.333333333334,0,0.38749999999999996,88461.6586151123,16133.333333333334,0,0.38749999999999996,140877.39532470703,3050,0,0.23124999999999996,145884.64974975586,3050,0,0.23124999999999996,146191.19338989258,3050,0,0.23124999999999996,358238.0336151123,3050,0,0.23124999999999996,141651.0264892578,3050,0,0.23124999999999996,135799.65885925293,3050,0,0.23124999999999996,135860.63876342773,3050,0,0.23124999999999996,94657.34841918945,16133.333333333334,0,0.38749999999999996,96802.74917602539,16133.333333333334,0,0.38749999999999996,8089085.958679199,2524,4398,400,2532,400,400,400,400,400,400,400,400,400,400,400,400,400,400,400,400,400,400,400,2426,400,5048,2483,3128,400,400,400,5055,50,0,0,55,0,23.809524536132813,55,25,52.38095474243164,55,55,55,0,55,52.38095474243164,0,0,5,55,55,0,52.38095474243164,52.38095474243164,0,0,0,0,0,52.38095474243164,50,60.000003814697266,0,20475,15889,85822,67,39,20475,13174,84084,66,51,66718990336,8589930496,23108542464,524288
199,1790686259204,444777.02838134766,3050,0,0.23124999999999996,91814.61045837402,16133.333333333334,0,0.38749999999999996,93340.81619262695,16133.333333333334,0,0.38749999999999996,95999.32620239258,16133.333333333334,0,0.38749999999999996,98981.40893554688,16133.333333333334,0,0.38749999999999996,90571.85943603516,16133.333333333334,0,0.38749999999999996,88462.07609558105,16133.333333333334,0,0.38749999999999996,140877.83908081055,3050,0,0.23124999999999996,145884.9026184082,3050,0,0.23124999999999996,146191.47897338867,3050,0,0.23124999999999996,358238.5735015869,3050,0,0.23124999999999996,141651.26525878906,3050,0,0.23124999999999996,135799.89863586426,3050,0,0.23124999999999996,135860.87658691406,3050,0,0.23124999999999996,94657.65017700195,16133.333333333334,0,0.38749999999999996,96802.9506225586,16133.333333333334,0,0.38749999999999996,8089105.564788818,2524,4398,400,2532,400,400,400,400,400,400,400,400,400,400,400,400,400,400,400,400,400,400,400,2426,400,5048,2483,3128,400,400,400,5055,41.46341323852539,5,0,47.5,2.5,25,47.5,22.5,47.5,47.5,47.5,47.5,0,47.5,47.5,0,0,0,47.5,47.5,0,48.71794891357422,48.71794891357422,2.4390242099761963,2.4390242099761963,0,10,0,48.71794891357422,47.5,57.5,4.878048419952393,20475,15889,86678,69,47,20475,13174,82962,65,48,66718990336,8589930496,23123369984,524288
199,1790686259405,444778.1094970703,3050,0,0.23750000000000004,91814.80790710449,16133.333333333334,0,0.39375000000000004,93340.9813079834,16133.333333333334,0,0.39375000000000004,95999.6103515625,16133.333333333334,0,0.39375000000000004,98981.6522064209,16133.333333333334,0,0.39375000000000004,90572.07920837402,16133.333333333334,0,0.39375000000000004,88462.61727905273,16133.333333333334,0,0.39375000000000004,140878.09550476074,3050,0,0.23750000000000004,145885.14958190918,3050,0,0.23750000000000004,146191.92622375488,3050,0,0.23750000000000004,358238.83096313477,3050,0,0.23750000000000004,141651.51934814453,3050,0,0.23750000000000004,135800.1488494873,3050,0,0.23750000000000004,135861.11854553223,3050,0,0.23750000000000004,94657.91792297363,16133.333333333334,0,0.39375000000000004,96803.16375732422,16133.333333333334,0,0.39375000000000004,8089125.2705078125,2524,4398,400,2532,400,400,400,400,400,400,400,400,400,400,400,400,400,400,400,400,400,400,400,2426,400,5048,2483,3128,400,400,400,5055,52.6315803527832,0,0,45,10,5,45,35,47.36842346191406,47.619049072265625,45,45,0,47.36842346191406,47.36842346191406,0,0,0,45,45,0,45,45,10,4.761904716491699,0,0,0,45,50,52.38095474243164,5,20475,15889,87353,68,53,20475,13174,82547,65,48,66718990336,8589930496,23123365888,524288
199,1790686259605,444779.1192932129,3050,0,0.25,91815.00750732422,16133.333333333334,0,0.3999999999999999,93341.14808654785,16133.333333333334,0,0.3999999999999999,95999.78427124023,16133.333333333334,0,0.3999999999999999,98982.03884887695,16133.333333333334,0,0.3999999999999999,90572.30032348633,16133.333333333334,0,0.3999999999999999,88463.22682189941,16133.333333333334,0,0.3999999999999999,140878.3661956787,3050,0,0.25,145885.3939819336,3050,0,0.25,146192.19247436523,3050,0,0.25,358239.07205200195,3050,0,0.25,141651.75535583496,3050,0,0.25,135800.38551330566,3050,0,0.25,135861.35775756836,3050,0,0.25,94658.2543182373,16133.333333333334,0,0.3999999999999999,96803.33204650879,16133.333333333334,0,0.3999999999999999,8089144.842544556,2524,4398,400,2532,400,400,400,400,400,400,400,400,400,400,400,400,400,400,400,400,400,400,400,2426,400,5048,2483,3128,400,400,400,5055,50,5,0,47.36842346191406,0,15.000000953674316,47.36842346191406,40,47.619049072265625,45,47.619049072265625,47.36842346191406,0,47.619049072265625,45,0,0,5,50,47.36842346191406,0,45,47.619049072265625,5.263157844543457,0,0,0,0,45,45,55,0,20475,15889,86627,67,45,20475,13174,83594,67,52,66718990336,8589930496,23140655104,524288
199,1790686259805,444781.31341552734,3050,0,0.22499999999999987,91815.21075439453,48800,2,0.925,93341.31660461426,48800,2,0.925,95999.953125,48800,2,0.925,98982.20719909668,48800,2,0.925,90572.52587890625,48800,2,0.925,88463.248046875,48800,2,0.925,140878.69396972656,3050,2,0.22499999999999987,145885.6916656494,3050,2,0.22499999999999987,146192.4744720459,3050,2,0.22499999999999987,358239.34492492676,3050,2,0.22499999999999987,141652.01763916016,3050,2,0.22499999999999987,135800.64918518066,3050,0,0.22499999999999987,135861.61972045898,3050,2,0.22499999999999987,94658.42007446289,48800,2,0.925,96803.49871826172,48800,2,0.925,8089164.9878845215,2524,4398,400,2532,400,400,400,400,400,400,400,400,400,400,400,400,400,400,400,400,400,400,400,2426,400,5048,2483,3128,400,400,400,5055,100,15.000000953674316,0,50,0,0,50,0,50,50,50,50,4.761904716491699,50,50,0,0,0,50,50,0,50,50,5,0,0,0,0,50,50,50,0,20475,15889,85719,67,40,20475,13174,84029,66,52,66718990336,8589930496,23140139008,524288
199,1790686260005,444782.2166442871,1350,0,0.34375,91815.43359375,48800,2,0.93125,93341.5023651123,48800,2,0.93125,96000.13705444336,48800,2,0.93125,98982.39451599121,48800,2,0.93125,90572.77252197266,48800,2,0.93125,88463.75996398926,48800,2,0.93125,140879.0528717041,1350,2,0.34375,145885.96629333496,1350,2,0.34375,146192.79502868652,1350,2,0.34375,358239.61322021484,1350,2,0.34375,141652.28895568848,1350,2,0.34375,135800.91452026367,1350,2,0.34375,135861.88133239746,1350,2,0.34375,94658.69711303711,48800,2,0.93125,96804.04627990723,48800,2,0.93125,8089184.691268921,2524,4398,400,2532,400,400,400,400,400,400,400,400,400,400,400,400,400,400,400,400,400,400,400,2426,400,5048,2483,3128,400,400,400,5055,35,0,0,52.38095474243164,0,0,52.38095474243164,35,52.6315803527832,55,55,52.38095474243164,0,55,55,0,0,0,50,52.38095474243164,0,55,55,10,0,0,0,0,55,55,60.000003814697266,25,20475,15889,86532,69,48,20475,13174,83016,65,48,66718990336,8589930496,23132536832,524288
199,1790686260205,444783.17514038086,3050,0,0.4437500000000001,91815.65800476074,16133.333333333334,0,0.38749999999999996,93341.68971252441,16133.333333333334,2,0.38749999999999996,96000.37800598145,16133.333333333334,0,0.38749999999999996,98982.58164978027,16133.333333333334,0,0.38749999999999996,90573.0209197998,16133.333333333334,2,0.39375000000000004,88464.40235900879,16133.333333333334,2,0.39375000000000004,140879.41352844238,3050,0,0.4437500000000001,145886.24015808105,3050,2,0.4437500000000001,146193.11659240723,3050,0,0.4437500000000001,358239.88371276855,3050,2,0.4437500000000001,141652.5610961914,3050,0,0.4437500000000001,135801.17826843262,3050,2,0.4437500000000001,135862.14179992676,3050,0,0.4437500000000001,94659.06504821777,16133.333333333334,2,0.38749999999999996,96804.30967712402,16133.333333333334,0,0.38749999999999996,8089204.528289795,2524,4398,400,2532,400,400,400,400,400,400,400,400,400,400,400,400,400,400,400,400,400,400,400,2426,400,5048,2483,3128,400,400,400,5055,35,0,0,55,0,0,55,40,52.38095474243164,52.6315803527832,52.6315803527832,55,0,50,55,0,0,0,55,55,0,55,52.6315803527832,10,0,0,0,0,55,50,68.42105102539063,5,20475,15889,87346,69,53,20475,13174,82485,65,48,66718990336,8589930496,23132794880,524288
199,1790686260405,444784.1142425537,3050,0,0.22499999999999987,91815.87553405762,48800,2,0.925,93341.86990356445,48800,2,0.925,96000.68566894531,48800,2,0.925,98982.7670135498,48800,2,0.925,90573.36599731445,48800,2,0.925,88464.60591125488,48800,2,0.925,140879.77690124512,3050,2,0.22499999999999987,145886.51426696777,3050,2,0.22499999999999987,146193.45025634766,3050,2,0.22499999999999987,358240.57914733887,3050,2,0.22499999999999987,141652.83206176758,3050,0,0.22499999999999987,135801.4439239502,3050,0,0.22499999999999987,135862.4240875244,3050,2,0.22499999999999987,94659.22300720215,48800,2,0.925,96804.6799621582,48800,2,0.925,8089224.36126709,2524,4398,400,2532,400,400,400,400,400,400,400,400,400,400,400,400,400,400,400,400,400,400,400,2426,400,5048,2483,3128,400,400,400,5055,45,0,0,52.6315803527832,9.523809432983398,0,45,10,55,52.38095474243164,52.38095474243164,52.6315803527832,0,55,50,0,0,0,55,50,0,50,52.38095474243164,0,0,25,20,0,50,55,45,10.526315689086914,20475,15889,86721,67,46,20475,13174,83462,67,51,66718990336,8589930496,23132536832,524288
199,1790686260605,444785.3342437744,3050,0,0.23124999999999996,91816.08442687988,16133.333333333334,0,0.3812500000000001,93342.0446472168,16133.333333333334,0,0.3812500000000001,96000.89677429199,16133.333333333334,0,0.3812500000000001,98983.16221618652,16133.333333333334,0,0.3812500000000001,90573.59887695313,16133.333333333334,0,0.3812500000000001,88465.09394836426,16133.333333333334,0,0.3812500000000001,140880.0813446045,3050,0,0.23124999999999996,145886.7893371582,3050,0,0.23124999999999996,146193.7682952881,3050,0,0.23124999999999996,358240.91079711914,3050,0,0.23124999999999996,141653.0961303711,3050,0,0.23124999999999996,135801.70069885254,3050,0,0.23124999999999996,135862.67547607422,3050,0,0.23124999999999996,94659.40673828125,16133.333333333334,0,0.3812500000000001,96804.84945678711,16133.333333333334,0,0.3812500000000001,8089244.148147583,2524,4398,400,2532,400,400,400,400,400,400,400,400,400,400,400,400,400,400,400,400,400,400,400,2426,400,5048,2483,3128,400,400,400,5055,45,0,0,52.6315803527832,9.523809432983398,0,45,10,55,52.38095474243164,52.38095474243164,52.6315803527832,0,55,50,0,0,0,55,50,0,50,52.38095474243164,0,0,25,20,0,50,55,45,10.526315689086914,20475,15889,85728,67,41,20475,13174,84078,67,52,66718990336,8589930496,23125020672,524288
199,1790686260805,444786.351852417,3050,0,0.23124999999999996,91816.28520202637,16133.333333333334,0,0.3812500000000001,93342.20783996582,16133.333333333334,0,0.3812500000000001,96001.17399597168,16133.333333333334,0,0.3812500000000001,98983.32318115234,16133.333333333334,0,0.3812500000000001,90573.81741333008,16133.333333333334,0,0.3812500000000001,88465.43811035156,16133.333333333334,0,0.3812500000000001,140880.34928894043,3050,0,0.23124999999999996,145887.05839538574,3050,0,0.23124999999999996,146194.10752868652,3050,0,0.23124999999999996,358241.2773590088,3050,0,0.23124999999999996,141653.34393310547,3050,0,0.23124999999999996,135801.95893859863,3050,0,0.23124999999999996,135862.93127441406,3050,0,0.23124999999999996,94660.01840209961,16133.333333333334,0,0.3812500000000001,96805.04901123047,16133.333333333334,0,0.3812500000000001,8089263.755371094,2524,4398,400,2532,400,400,400,400,400,400,400,400,400,400,400,400,400,400,400,400,400,400,400,2426,400,5048,2483,3128,400,400,400,5055,45,2.5,0,48.780487060546875,5.128205299377441,7.500000476837158,48.71794891357422,36.585365295410156,48.71794891357422,48.71794891357422,48.71794891357422,48.780487060546875,0,47.5,50,0,0,0,47.5,50,0,50,48.71794891357422,0,0,0,19.51219367980957,0,50,48.71794891357422,55,2.4390242099761963,20475,15889,86483,68,45,20475,13174,83114,65,48,66718990336,8589930496,23132790784,524288
199,1790686261005,444787.41174316406,3050,0,0.23750000000000004,91816.4836730957,16133.333333333334,0,0.39375000000000004,93342.37301635742,16133.333333333334,0,0.39375000000000004,96001.33778381348,16133.333333333334,0,0.39375000000000004,98983.58834838867,16133.333333333334,0,0.38749999999999996,90574.03533935547,16133.333333333334,0,0.38749999999999996,88465.9596862793,16133.333333333334,0,0.38749999999999996,140880.59210205078,3050,0,0.23750000000000004,145887.30493164063,3050,0,0.23750000000000004,146194.4222869873,3050,0,0.23750000000000004,358241.5728149414,3050,0,0.23750000000000004,141653.57962036133,3050,0,0.23750000000000004,135802.19256591797,3050,0,0.23750000000000004,135863.16821289063,3050,0,0.23750000000000004,94660.41700744629,16133.333333333334,0,0.39375000000000004,96805.21011352539,16133.333333333334,0,0.39375000000000004,8089283.129272461,2524,4398,400,2532,400,400,400,400,400,400,400,400,400,400,400,400,400,400,400,400,400,400,400,2426,400,5048,2483,3128,400,400,400,5055,40,0,0,47.36842346191406,0,10,47.619049072265625,35,45,47.619049072265625,47.619049072265625,45,0,52.38095474243164,45,0,0,0,47.36842346191406,45,0,45,47.619049072265625,0,0,0,10,0,45,47.619049072265625,65,0,20475,15889,87351,69,53,20475,13174,82508,65,48,66718990336,8589930496,23130025984,524288
199,1790686261205,444788.4031829834,3050,0,0.2437499999999999,91816.68115234375,16133.333333333334,0,0.3999999999999999,93342.5368347168,16133.333333333334,0,0.3999999999999999,96001.50085449219,16133.333333333334,0,0.3999999999999999,98983.81666564941,16133.333333333334,0,0.3999999999999999,90574.25300598145,16133.333333333334,0,0.3999999999999999,88466.52726745605,16133.333333333334,2,0.3999999999999999,140880.83015441895,3050,0,0.2437499999999999,145887.54370117188,3050,0,0.2437499999999999,146194.7338104248,3050,0,0.2437499999999999,358241.86335754395,3050,0,0.2437499999999999,141653.8125,3050,0,0.2437499999999999,135802.42578125,3050,0,0.2437499999999999,135863.39826965332,3050,0,0.2437499999999999,94660.7398223877,16133.333333333334,0,0.3999999999999999,96805.4955444336,16133.333333333334,0,0.3999999999999999,8089302.417419434,2524,4398,400,2532,400,400,400,400,400,400,400,400,400,400,400,400,400,400,400,400,400,400,400,2426,400,5048,2483,3128,400,400,400,5055,40,0,0,45,0,5,45,35,47.619049072265625,47.36842346191406,47.36842346191406,50,0,45,47.619049072265625,0,0,0,47.619049072265625,47.36842346191406,0,45,45,0,0,0,10.526315689086914,0,45,45,55,5,20475,15889,86810,66,47,20475,13174,83463,68,52,66718990336,8589930496,23126757376,524288
199,1790686261405,444789.3092651367,3050,0,0.23750000000000004,91816.892578125,48800,2,0.925,93342.7134552002,48800,2,0.925,96001.67579650879,48800,2,0.925,98983.99040222168,48800,2,0.925,90574.4849395752,48800,2,0.925,88467.15650939941,48800,2,0.925,140881.07987976074,3050,2,0.23750000000000004,145887.80227661133,3050,2,0.23750000000000004,146195.06317138672,3050,2,0.23750000000000004,358242.16427612305,3050,0,0.23750000000000004,141654.06007385254,3050,0,0.23750000000000004,135802.67500305176,3050,0,0.23750000000000004,135863.64208984375,3050,2,0.23750000000000004,94661.05996704102,48800,2,0.925,96805.89205932617,48800,2,0.925,8089322.013259888,2524,4398,400,2532,400,400,400,400,400,400,400,400,400,400,400,400,400,400,400,400,400,400,400,2426,400,5048,2483,3128,400,400,400,5055,35,0,0,50,0,0,50,42.105262756347656,50,47.619049072265625,47.619049072265625,47.36842346191406,0,50,47.36842346191406,0,0,0,50,47.619049072265625,0,50,50,0,0,0,15.000000953674316,0,50,50,60.000003814697266,15.000000953674316,20475,15889,85652,67,41,20475,13174,84165,67,52,66718990336,8589930496,23125401600,524288
199,1790686261605,444790.1972961426,3000,0,0.2749999999999999,91817.11837768555,48800,2,0.925,93342.90139770508,48800,2,0.925,96001.86267089844,48800,2,0.925,98984.17576599121,48800,2,0.925,90574.73545837402,48800,2,0.925,88467.76777648926,48800,2,0.925,140881.34922790527,3000,2,0.2749999999999999,145888.07389831543,3000,2,0.2749999999999999,146195.41592407227,3000,2,0.2749999999999999,358242.48614501953,3000,0,0.2749999999999999,141654.3257446289,3000,0,0.2749999999999999,135802.93989562988,3000,0,0.2749999999999999,135863.9026031494,3000,2,0.2749999999999999,94661.37335205078,48800,2,0.925,96806.33187866211,48800,2,0.925,8089341.697006226,2524,4398,400,2532,400,400,400,400,400,400,400,400,400,400,400,400,400,400,400,400,400,400,400,2426,400,5048,2483,3128,400,400,400,5055,35,0,0,52.38095474243164,0,0,55,40,52.6315803527832,55,52.6315803527832,52.38095474243164,0,52.6315803527832,55,0,0,0,55,55,0,55,52.6315803527832,0,0,0,10,0,55,55,60.000003814697266,15.789472579956055,20475,15889,86309,68,45,20475,13174,83228,65,49,66718990336,8589930496,23125401600,524288
199,1790686261805,444790.7834777832,3050,0,0.2749999999999999,91817.34561157227,16133.333333333334,2,0.39375000000000004,93343.08982849121,16133.333333333334,2,0.39375000000000004,96002.28782653809,16133.333333333334,0,0.39375000000000004,98984.36152648926,16133.333333333334,2,0.39375000000000004,90574.9887084961,16133.333333333334,2,0.39375000000000004,88468.38862609863,16133.333333333334,2,0.39375000000000004,140881.62712097168,3050,2,0.2749999999999999,145888.36546325684,3050,2,0.2749999999999999,146195.7815246582,3050,2,0.2749999999999999,358242.909286499,3050,0,0.2749999999999999,141654.61851501465,3050,0,0.2749999999999999,135803.2601928711,3050,2,0.2749999999999999,135864.1809234619,3050,2,0.2749999999999999,94661.68815612793,16133.333333333334,2,0.39375000000000004,96806.78872680664,16133.333333333334,2,0.39375000000000004,8089361.686050415,2524,4398,400,2532,400,400,400,400,400,400,400,400,400,400,400,400,400,400,400,400,400,400,400,2426,400,5048,2483,3128,400,400,400,5055,15.000000953674316,0,0,52.6315803527832,15.000000953674316,0,52.6315803527832,42.85714340209961,52.38095474243164,52.6315803527832,55,55,0,52.38095474243164,52.38095474243164,0,0,0,50,52.6315803527832,0,50,52.38095474243164,0,0,0,25,0,57.142860412597656,52.6315803527832,60.000003814697266,20,20475,15889,87292,69,53,20475,13174,82643,65,50,66718990336,8589930496,23114633216,524288
199,1790686262005,444791.6360473633,3050,2,0.29374999999999996,91817.56814575195,16133.333333333334,2,0.38749999999999996,93343.27359008789,16133.333333333334,2,0.38749999999999996,96002.47891235352,16133.333333333334,2,0.38749999999999996,98984.78764343262,16133.333333333334,2,0.38749999999999996,90575.23640441895,16133.333333333334,2,0.38749999999999996,88468.76878356934,16133.333333333334,2,0.38749999999999996,140881.89120483398,3050,2,0.29374999999999996,145888.63249206543,3050,2,0.29374999999999996,146196.13121032715,3050,2,0.29374999999999996,358243.2438964844,3050,0,0.29374999999999996,141654.88186645508,3050,0,0.29374999999999996,135803.52030944824,3050,0,0.29374999999999996,135864.43870544434,3050,2,0.29374999999999996,94661.99217224121,16133.333333333334,0,0.38749999999999996,96807.19271850586,16133.333333333334,2,0.38749999999999996,8089381.211868286,2524,4398,400,2532,400,400,400,400,400,400,400,400,400,400,400,400,400,400,400,400,400,400,400,2426,400,5048,2483,3128,400,400,400,5055,35,0,0,55,0,15.000000953674316,52.38095474243164,15.000000953674316,55,52.38095474243164,52.38095474243164,52.6315803527832,0,55,52.6315803527832,0,0,0,55,52.38095474243164,0,55,55,0,0,10,10,0,52.6315803527832,52.38095474243164,60.000003814697266,14.285715103149414,20475,15889,86785,67,48,20475,13174,83549,68,50,66718990336,8589930496,23121936384,524288
199,1790686262205,444792.5831756592,3050,0,0.23124999999999996,91817.78471374512,16133.333333333334,0,0.3812500000000001,93343.45245361328,16133.333333333334,0,0.3812500000000001,96002.76766967773,16133.333333333334,0,0.3812500000000001,98985.14091491699,16133.333333333334,0,0.3812500000000001,90575.47631835938,16133.333333333334,0,0.3812500000000001,88469.37905883789,16133.333333333334,0,0.3812500000000001,140882.1547241211,3050,0,0.23124999999999996,145888.89643859863,3050,0,0.23124999999999996,146196.4715423584,3050,0,0.23124999999999996,358243.5927581787,3050,0,0.23124999999999996,141655.1406402588,3050,0,0.23124999999999996,135803.77549743652,3050,0,0.23124999999999996,135864.68882751465,3050,0,0.23124999999999996,94662.20042419434,16133.333333333334,0,0.3812500000000001,96807.41979980469,16133.333333333334,0,0.3812500000000001,8089400.921890259,2524,4398,400,2532,400,400,400,400,400,400,400,400,400,400,400,400,400,400,400,400,400,400,400,2426,400,5048,2483,3128,400,400,400,5055,35,0,0,55,0,15.000000953674316,52.38095474243164,15.000000953674316,55,52.38095474243164,52.38095474243164,52.6315803527832,0,55,52.6315803527832,0,0,0,55,52.38095474243164,0,55,55,0,0,10,10,0,52.6315803527832,52.38095474243164,60.000003814697266,14.285715103149414,20475,15889,85598,67,41,20475,13174,84298,67,52,66718990336,8589930496,23122190336,524288
199,1790686262405,444793.62509155273,3050,0,0.23124999999999996,91817.98559570313,16133.333333333334,0,0.3812500000000001,93343.61743164063,16133.333333333334,0,0.3812500000000001,96002.93550109863,16133.333333333334,0,0.3812500000000001,98985.35041809082,16133.333333333334,0,0.3812500000000001,90575.69836425781,16133.333333333334,0,0.3812500000000001,88469.91760253906,16133.333333333334,0,0.3812500000000001,140882.40614318848,3050,0,0.23124999999999996,145889.14149475098,3050,0,0.23124999999999996,146196.7878265381,3050,0,0.23124999999999996,358243.93647766113,3050,0,0.23124999999999996,141655.3795928955,3050,0,0.23124999999999996,135804.01245117188,3050,0,0.23124999999999996,135864.92082214355,3050,0,0.23124999999999996,94662.55903625488,16133.333333333334,0,0.3812500000000001,96807.68524169922,16133.333333333334,0,0.3812500000000001,8089420.450546265,2524,4398,400,2532,400,400,400,400,400,400,400,400,400,400,400,400,400,400,400,400,400,400,400,2426,400,5048,2483,3128,400,400,400,5055,38.46154022216797,0,0,48.780487060546875,4.878048419952393,7.500000476837158,48.71794891357422,37.5,48.71794891357422,50,48.71794891357422,48.780487060546875,0,47.5,50,0,0,4.878048419952393,50,50,0,50,48.71794891357422,0,0,0,17.073171615600586,0,50,48.71794891357422,58.536582946777344,5,20475,15889,86250,68,44,20475,13174,83385,65,48,66718990336,8589930496,23121932288,524288
199,1790686262605,444794.66230773926,3050,0,0.23124999999999996,91818.18370056152,16133.333333333334,0,0.38749999999999996,93343.78877258301,16133.333333333334,0,0.38749999999999996,96003.10778808594,16133.333333333334,0,0.38749999999999996,98985.7571105957,16133.333333333334,0,0.38749999999999996,90575.91926574707,16133.333333333334,0,0.38749999999999996,88470.44296264648,16133.333333333334,0,0.38749999999999996,140882.64640808105,3050,0,0.23124999999999996,145889.38397216797,3050,0,0.23124999999999996,146197.10997009277,3050,0,0.23124999999999996,358244.23625183105,3050,0,0.23124999999999996,141655.62210083008,3050,0,0.23124999999999996,135804.2494354248,3050,0,0.23124999999999996,135865.15446472168,3050,0,0.23124999999999996,94662.80590820313,16133.333333333334,0,0.38749999999999996,96807.86715698242,16133.333333333334,0,0.38749999999999996,8089439.807342529,2524,4398,400,2532,400,400,400,400,400,400,400,400,400,400,400,400,400,400,400,400,400,400,400,2426,400,5048,2483,3128,400,400,400,5055,42.85714340209961,0,0,47.36842346191406,0,15.000000953674316,47.619049072265625,35,47.619049072265625,45,47.619049072265625,47.36842346191406,0,50,45,0,0,0,45,45,0,45,47.619049072265625,4.761904716491699,0,0,5.263157844543457,4.761904716491699,45,47.619049072265625,50,0,20475,15889,87255,69,53,20475,13174,82712,65,48,66718990336,8589930496,23121932288,524288
199,1790686262806,444795.02436828613,3050,0,0.25,91818.4398651123,16133.333333333334,0,0.3999999999999999,93343.96574401855,16133.333333333334,0,0.3999999999999999,96003.36163330078,16133.333333333334,0,0.3999999999999999,98986.1900024414,16133.333333333334,0,0.3999999999999999,90576.14390563965,16133.333333333334,0,0.3999999999999999,88471.00799560547,16133.333333333334,2,0.3999999999999999,140882.87857055664,3050,0,0.25,145889.61904907227,3050,0,0.25,146197.42205810547,3050,0,0.25,358244.5245513916,3050,0,0.25,141655.8642425537,3050,0,0.25,135804.47897338867,3050,0,0.25,135865.38189697266,3050,0,0.25,94663.21949768066,16133.333333333334,0,0.3999999999999999,96808.31846618652,16133.333333333334,0,0.3999999999999999,8089458.971832275,2524,4398,400,2532,400,400,400,400,400,400,400,400,400,400,400,400,400,400,400,400,400,400,400,2426,400,5048,2483,3128,400,400,400,5055,5.263157844543457,0,10,45,15.000000953674316,20,45,35,45,47.36842346191406,47.36842346191406,47.619049072265625,4.761904716491699,45,47.619049072265625,0,0,0,47.36842346191406,47.36842346191406,0,45,45,0,0,0,10,0,47.619049072265625,45,63.15789031982422,20,20475,15889,86851,67,48,20475,13174,83576,68,52,66718990336,8589930496,23131238400,524288
199,1790686263006,444795.8864746094,3050,0,0.2437499999999999,91818.66564941406,48800,2,0.925,93344.23547363281,48800,2,0.925,96003.5333404541,48800,2,0.925,98986.64976501465,48800,2,0.925,90576.37199401855,48800,2,0.925,88471.35969543457,48800,2,0.925,140883.12341308594,3050,2,0.2437499999999999,145889.8706817627,3050,2,0.2437499999999999,146197.74794006348,3050,2,0.2437499999999999,358244.82414245605,3050,2,0.2437499999999999,141656.1081390381,3050,2,0.2437499999999999,135804.72244262695,3050,2,0.2437499999999999,135865.6224975586,3050,2,0.2437499999999999,94663.45227050781,48800,2,0.925,96808.65493774414,48800,2,0.925,8089478.408340454,2524,4398,400,2532,400,400,400,400,400,400,400,400,400,400,400,400,400,400,400,400,400,400,400,2426,400,5048,2483,3128,400,400,400,5055,35,0,0,55,0,20,50,25,50,47.619049072265625,47.619049072265625,45,0,50,47.36842346191406,0,0,25,47.619049072265625,47.619049072265625,0,50,50,0,0,0,15.000000953674316,0,47.36842346191406,50,28.571430206298828,10,20475,15889,85663,67,39,20475,13174,84248,67,50,66718990336,8589930496,23120670720,524288
199,1790686263206,444796.7894744873,3050,0,0.25,91818.91563415527,48800,2,0.925,93344.56175231934,48800,2,0.925,96003.72381591797,48800,2,0.925,98986.97273254395,48800,2,0.925,90576.62544250488,48800,2,0.925,88471.95422363281,48800,2,0.925,140883.38822937012,3050,2,0.25,145890.14318847656,3050,2,0.25,146198.10409545898,3050,2,0.25,358245.14724731445,3050,2,0.25,141656.3815460205,3050,2,0.25,135804.96296691895,3050,2,0.25,135865.88327026367,3050,2,0.25,94663.73667907715,48800,2,0.925,96808.83950805664,48800,2,0.925,8089498.070953369,2524,4398,400,2532,400,400,400,400,400,400,400,400,400,400,400,400,400,400,400,400,400,400,400,2426,400,5048,2483,3128,400,400,400,5055,35,25,0,61.904762268066406,0,10,52.6315803527832,40,52.6315803527832,25,52.6315803527832,55,0,50,55,0,0,55,55,55,0,55,52.6315803527832,0,0,0,23.809524536132813,5,50,52.6315803527832,5,0,20475,15889,86218,68,43,20475,13174,83363,65,50,66718990336,8589930496,23117287424,524288
199,1790686263406,444797.76737976074,3050,0,0.28125,91819.36444091797,16133.333333333334,2,0.39375000000000004,93344.74887084961,16133.333333333334,2,0.39375000000000004,96003.91026306152,16133.333333333334,2,0.39375000000000004,98987.21817016602,16133.333333333334,0,0.39375000000000004,90576.88562011719,16133.333333333334,2,0.39375000000000004,88472.31811523438,16133.333333333334,2,0.39375000000000004,140883.65682983398,3050,2,0.28125,145890.41537475586,3050,2,0.28125,146198.45518493652,3050,2,0.28125,358245.4663543701,3050,2,0.28125,141656.64630126953,3050,2,0.28125,135805.2257080078,3050,2,0.28125,135866.1442718506,3050,2,0.28125,94664.0493927002,16133.333333333334,2,0.39375000000000004,96809.15309143066,16133.333333333334,2,0.39375000000000004,8089517.730682373,2524,4398,400,2532,400,400,400,400,400,400,400,400,400,400,400,400,400,400,400,400,400,400,400,2426,400,5048,2483,3128,400,400,400,5055,42.85714340209961,52.6315803527832,15.000000953674316,52.6315803527832,0,5,52.38095474243164,21.052631378173828,52.38095474243164,0,52.38095474243164,52.6315803527832,0,55,50,0,0,52.6315803527832,50,52.6315803527832,0,50,52.38095474243164,0,0,0,5,0,50,52.38095474243164,10,9.523809432983398,20475,15889,87272,69,53,20475,13174,82636,65,50,66718990336,8589930496,23117283328,524288
199,1790686263606,444798.7060394287,48800,2,0.56875,91819.61166381836,16133.333333333334,2,0.3812500000000001,93345.04626464844,16133.333333333334,0,0.3812500000000001,96004.12770080566,16133.333333333334,2,0.3812500000000001,98987.4819946289,16133.333333333334,2,0.3812500000000001,90577.13598632813,16133.333333333334,2,0.3812500000000001,88472.94528198242,16133.333333333334,2,0.3812500000000001,140883.92417907715,48800,2,0.56875,145890.71905517578,48800,2,0.56875,146198.80863952637,48800,2,0.56875,358245.80181884766,48800,2,0.56875,141656.90925598145,48800,2,0.56875,135805.48599243164,48800,2,0.56875,135866.40174865723,48800,2,0.56875,94664.28372192383,16133.333333333334,2,0.3812500000000001,96809.39965820313,16133.333333333334,2,0.3812500000000001,8089537.537368774,2524,4398,400,2532,400,400,400,400,400,400,400,400,400,400,400,400,400,400,400,400,400,400,400,2426,400,5048,2483,3128,400,400,400,5055,36.842105865478516,52.38095474243164,0,60.000003814697266,0,5,55,42.85714340209961,52.6315803527832,0,52.6315803527832,52.38095474243164,0,55,55,0,0,52.38095474243164,55,52.38095474243164,0,55,52.6315803527832,0,0,0,10.526315689086914,0,55,55,0,5,20475,15889,86846,67,48,20475,13174,83446,68,51,66718990336,8589930496,23117283328,524288
199,1790686263806,444799.74601745605,3050,0,0.23124999999999996,91819.97760009766,16133.333333333334,0,0.3812500000000001,93345.23179626465,16133.333333333334,0,0.3812500000000001,96004.3500213623,16133.333333333334,0,0.3812500000000001,98987.66799926758,16133.333333333334,0,0.3812500000000001,90577.38612365723,16133.333333333334,0,0.3812500000000001,88473.53991699219,16133.333333333334,0,0.3812500000000001,140884.1869354248,3050,0,0.23124999999999996,145891.01977539063,3050,0,0.23124999999999996,146199.17707824707,3050,0,0.23124999999999996,358246.1452178955,3050,0,0.23124999999999996,141657.16539001465,3050,0,0.23124999999999996,135805.7414703369,3050,0,0.23124999999999996,135866.6553955078,3050,0,0.23124999999999996,94664.51893615723,16133.333333333334,0,0.3812500000000001,96809.64004516602,16133.333333333334,0,0.3812500000000001,8089557.2869262695,2524,4398,400,2532,400,400,400,400,400,400,400,400,400,400,400,400,400,400,400,400,400,400,400,2426,400,5048,2483,3128,400,400,400,5055,36.842105865478516,52.38095474243164,0,60.000003814697266,0,5,55,42.85714340209961,52.6315803527832,0,52.6315803527832,52.38095474243164,0,55,55,0,0,52.38095474243164,55,52.38095474243164,0,55,52.6315803527832,0,0,0,10.526315689086914,0,55,55,0,5,20475,15889,85705,67,41,20475,13174,84186,67,52,66718990336,8589930496,23121408000,524288
199,1790686264006,444800.73832702637,3050,0,0.23750000000000004,91820.19641113281,16133.333333333334,0,0.3812500000000001,93345.40426635742,16133.333333333334,0,0.3812500000000001,96004.6616973877,16133.333333333334,0,0.3812500000000001,98987.84107971191,16133.333333333334,0,0.3812500000000001,90577.66506958008,16133.333333333334,0,0.3812500000000001,88474.09721374512,16133.333333333334,0,0.3812500000000001,140884.43334960938,3050,0,0.23750000000000004,145891.269241333,3050,0,0.23750000000000004,146199.52375793457,3050,0,0.23750000000000004,358246.4839172363,3050,0,0.23750000000000004,141657.40676879883,3050,0,0.23750000000000004,135805.9757080078,3050,0,0.23750000000000004,135866.88943481445,3050,0,0.23750000000000004,94664.77751159668,16133.333333333334,0,0.3812500000000001,96809.92753601074,16133.333333333334,0,0.3812500000000001,8089577.094833374,2524,4398,400,2532,400,400,400,400,400,400,400,400,400,400,400,400,400,400,400,400,400,400,400,2426,400,5048,2483,3128,400,400,400,5055,40,50,2.5,50,9.756096839904785,0,53.84615707397461,35.897438049316406,50,0,50,50,0,48.71794891357422,50,0,0,51.28205490112305,50,50,2.4390242099761963,50,50,2.5641026496887207,0,2.5,14.634145736694336,0,50,50,5,5.128205299377441,20475,15889,86217,68,44,20475,13174,83339,65,50,66718990336,8589930496,23094149120,524288
199,1790686264206,444801.7696990967,3050,0,0.23750000000000004,91820.41621398926,16133.333333333334,0,0.38749999999999996,93345.70516967773,16133.333333333334,0,0.38749999999999996,96004.85363769531,16133.333333333334,0,0.38749999999999996,98988.12564086914,16133.333333333334,0,0.38749999999999996,90577.88706970215,16133.333333333334,0,0.38749999999999996,88474.62454223633,16133.333333333334,0,0.38749999999999996,140884.6748199463,3050,0,0.23750000000000004,145891.51768493652,3050,0,0.23750000000000004,146199.84495544434,3050,0,0.23750000000000004,358246.7789154053,3050,0,0.23750000000000004,141657.6435546875,3050,0,0.23750000000000004,135806.2127532959,3050,0,0.23750000000000004,135867.12448120117,3050,0,0.23750000000000004,94664.95594787598,16133.333333333334,0,0.38749999999999996,96810.15032958984,16133.333333333334,0,0.38749999999999996,8089596.518325806,2524,4398,400,2532,400,400,400,400,400,400,400,400,400,400,400,400,400,400,400,400,400,400,400,2426,400,5048,2483,3128,400,400,400,5055,40,47.36842346191406,0,55,0,10,45,35,47.619049072265625,0,47.619049072265625,47.36842346191406,0,47.619049072265625,45,4.761904716491699,0,47.619049072265625,45,45,0,45,47.619049072265625,0,0,0,5.263157844543457,0,45,45,0,4.761904716491699,20475,15889,87334,69,53,20475,13174,82547,66,49,66718990336,8589930496,23094407168,524288
199,1790686264406,444802.7878265381,3050,0,0.2437499999999999,91820.64059448242,16133.333333333334,0,0.3999999999999999,93345.94674682617,16133.333333333334,0,0.3999999999999999,96005.02517700195,16133.333333333334,0,0.3999999999999999,98988.29162597656,16133.333333333334,0,0.3999999999999999,90578.18690490723,16133.333333333334,0,0.3999999999999999,88475.17184448242,16133.333333333334,2,0.3999999999999999,140884.90809631348,3050,0,0.2437499999999999,145891.75736999512,3050,0,0.2437499999999999,146200.16233825684,3050,0,0.2437499999999999,358247.07038879395,3050,0,0.2437499999999999,141657.8761138916,3050,0,0.2437499999999999,135806.44540405273,3050,0,0.2437499999999999,135867.3544921875,3050,0,0.2437499999999999,94665.12062072754,16133.333333333334,0,0.3999999999999999,96810.49580383301,16133.333333333334,0,0.3999999999999999,8089615.899276733,2524,4398,400,2532,400,400,400,400,400,400,400,400,400,400,400,400,400,400,400,400,400,400,400,2426,400,5048,2483,3128,400,400,400,5055,45,47.619049072265625,4.761904716491699,55,0,0,52.6315803527832,38.095237731933594,45,0,47.36842346191406,47.619049072265625,0,45,38.095237731933594,0,0,45,47.36842346191406,47.36842346191406,0,45,47.36842346191406,0,0,0,14.285715103149414,10,50,47.36842346191406,0,15.000000953674316,20475,15889,86953,67,49,20475,13174,83318,68,51,66718990336,8589930496,23094407168,524288
199,1790686264606,444803.7166748047,3050,0,0.23750000000000004,91820.86647033691,48800,2,0.93125,93346.27561950684,48800,2,0.93125,96005.19389343262,48800,2,0.93125,98988.57167053223,48800,2,0.93125,90578.41195678711,48800,2,0.93125,88475.79637145996,48800,2,0.93125,140885.14672851563,3050,0,0.23750000000000004,145892.01094055176,3050,0,0.23750000000000004,146200.48780822754,3050,2,0.23750000000000004,358247.36613464355,3050,0,0.23750000000000004,141658.11555480957,3050,2,0.23750000000000004,135806.6867980957,3050,0,0.23750000000000004,135867.59381103516,3050,2,0.23750000000000004,94665.28895568848,48800,2,0.93125,96810.75082397461,48800,2,0.93125,8089635.32383728,2524,4398,400,2532,400,400,400,400,400,400,400,400,400,400,400,400,400,400,400,400,400,400,400,2426,400,5048,2483,3128,400,400,400,5055,35,45,0,55,0,5,47.619049072265625,40,47.36842346191406,0,45,45,0,47.36842346191406,0,0,0,47.36842346191406,47.619049072265625,47.619049072265625,0,50,45,0,0,0,10.526315689086914,47.36842346191406,45,47.619049072265625,0,5,20475,15889,85829,67,41,20475,13174,84140,67,52,66718990336,8589930496,23094403072,524288
199,1790686264806,444804.62855529785,3050,0,0.2437499999999999,91821.11456298828,48800,2,0.5625,93346.53343200684,48800,2,0.5625,96005.38252258301,48800,2,0.5625,98988.76007080078,48800,2,0.5625,90578.74122619629,48800,2,0.5625,88476.41793823242,48800,2,0.5625,140885.41036987305,3050,2,0.2437499999999999,145892.28242492676,3050,0,0.2437499999999999,146200.8454437256,3050,2,0.2437499999999999,358247.72787475586,3050,0,0.2437499999999999,141658.3773651123,3050,2,0.2437499999999999,135806.95039367676,3050,0,0.2437499999999999,135867.85554504395,3050,2,0.2437499999999999,94665.57955932617,48800,2,0.5625,96811.04788208008,48800,2,0.5625,8089655.123306274,2524,4398,400,2532,400,400,400,400,400,400,400,400,400,400,400,400,400,400,400,400,400,400,400,2426,400,5048,2483,3128,400,400,400,5055,31.57894515991211,55,0,60.000003814697266,0,0,57.894737243652344,40,52.38095474243164,0,55,55,4.761904716491699,52.38095474243164,0,0,0,52.38095474243164,52.6315803527832,52.6315803527832,0,50,55,0,0,0,19.047618865966797,52.38095474243164,55,52.6315803527832,5,5.263157844543457,20475,15889,86248,68,43,20475,13174,83400,65,49,66718990336,8589930496,23093747712,524288
199,1790686265006,444805.55003356934,3050,0,0.28125,91821.36337280273,48800,2,0.59375,93346.72184753418,48800,2,0.59375,96005.57711791992,48800,2,0.59375,98988.95469665527,48800,2,0.59375,90578.99255371094,48800,2,0.59375,88477.04946899414,48800,2,0.59375,140885.67715454102,3050,2,0.28125,145892.55432128906,3050,0,0.28125,146201.2389831543,3050,2,0.28125,358248.0675048828,3050,0,0.28125,141658.6593322754,3050,2,0.28125,135807.21591186523,3050,0,0.28125,135868.1184387207,3050,2,0.28125,94666.10083007813,48800,2,0.59375,96811.25509643555,48800,2,0.59375,8089675.105560303,2524,4398,400,2532,400,400,400,400,400,400,400,400,400,400,400,400,400,400,400,400,400,400,400,2426,400,5048,2483,3128,400,400,400,5055,35,52.6315803527832,0,50,0,0,52.38095474243164,40,55,0,52.38095474243164,52.6315803527832,0,55,0,0,0,15.000000953674316,52.38095474243164,52.38095474243164,0,55,52.38095474243164,15.000000953674316,0,0,10,55,50,52.38095474243164,65,4.761904716491699,20475,15889,87353,69,53,20475,13174,82623,66,48,66718990336,8589930496,23105052672,524288
199,1790686265206,444806.5745239258,48800,2,0.56875,91821.60989379883,16133.333333333334,2,0.39375000000000004,93346.9080657959,16133.333333333334,2,0.39375000000000004,96005.85473632813,16133.333333333334,2,0.39375000000000004,98989.20771789551,16133.333333333334,0,0.39375000000000004,90579.24508666992,16133.333333333334,2,0.39375000000000004,88477.66975402832,16133.333333333334,2,0.39375000000000004,140885.94314575195,48800,2,0.56875,145892.86781311035,48800,2,0.56875,146201.51148986816,48800,2,0.56875,358248.40480041504,48800,2,0.56875,141658.92045593262,48800,2,0.56875,135807.48110961914,48800,2,0.56875,135868.44606018066,48800,2,0.56875,94666.39326477051,16133.333333333334,2,0.39375000000000004,96811.43846130371,16133.333333333334,2,0.39375000000000004,8089695.035705566,2524,4398,400,2532,400,400,400,400,400,400,400,400,400,400,400,400,400,400,400,400,400,400,400,2426,400,5048,2483,3128,400,400,400,5055,40,52.38095474243164,0,55,5.263157844543457,5.263157844543457,55,42.105262756347656,52.6315803527832,0,52.6315803527832,52.38095474243164,0,52.6315803527832,0,0,0,0,55,55,0,55,52.6315803527832,0,0,0,10,52.6315803527832,55,52.6315803527832,60.000003814697266,0,20475,15889,87082,67,50,20475,13174,83372,68,50,66718990336,8589930496,23095087104,524288
199,1790686265406,444807.63789367676,3050,0,0.22499999999999987,91821.8547668457,16133.333333333334,0,0.38749999999999996,93347.09112548828,16133.333333333334,0,0.38749999999999996,96006.0389251709,16133.333333333334,0,0.38749999999999996,98989.53366088867,16133.333333333334,0,0.38749999999999996,90579.49172973633,16133.333333333334,2,0.38749999999999996,88477.97065734863,16133.333333333334,0,0.38749999999999996,140886.21183776855,3050,0,0.22499999999999987,145893.2205810547,3050,0,0.22499999999999987,146201.77938842773,3050,0,0.22499999999999987,358248.8020629883,3050,0,0.22499999999999987,141659.1794128418,3050,0,0.22499999999999987,135807.71676635742,3050,0,0.22499999999999987,135868.77235412598,3050,0,0.22499999999999987,94666.86015319824,16133.333333333334,0,0.38749999999999996,96811.6918334961,16133.333333333334,0,0.38749999999999996,8089714.88861084,2524,4398,400,2532,400,400,400,400,400,400,400,400,400,400,400,400,400,400,400,400,400,400,400,2426,400,5048,2483,3128,400,400,400,5055,40,52.38095474243164,0,55,5.263157844543457,5.263157844543457,55,42.105262756347656,52.6315803527832,0,52.6315803527832,52.38095474243164,0,52.6315803527832,0,0,0,0,55,55,0,55,52.6315803527832,0,0,0,10,52.6315803527832,55,52.6315803527832,60.000003814697266,0,20475,15889,85967,67,41,20475,13174,84256,67,52,66718990336,8589930496,23095341056,524288
199,1790686265606,444808.5662689209,3050,0,0.23124999999999996,91822.08020019531,16133.333333333334,0,0.3812500000000001,93347.26110839844,16133.333333333334,0,0.3812500000000001,96006.33239746094,16133.333333333334,0,0.3812500000000001,98989.7135925293,16133.333333333334,0,0.3812500000000001,90579.71867370605,16133.333333333334,0,0.3812500000000001,88478.42782592773,16133.333333333334,0,0.3812500000000001,140886.46812438965,3050,0,0.23124999999999996,145893.54791259766,3050,0,0.23124999999999996,146202.03094482422,3050,0,0.23124999999999996,358249.1623687744,3050,0,0.23124999999999996,141659.4183807373,3050,0,0.23124999999999996,135807.95863342285,3050,0,0.23124999999999996,135869.07360839844,3050,0,0.23124999999999996,94667.1143951416,16133.333333333334,0,0.3812500000000001,96812.07685852051,16133.333333333334,0,0.3812500000000001,8089734.244995117,2524,4398,400,2532,400,400,400,400,400,400,400,400,400,400,400,400,400,400,400,400,400,400,400,2426,400,5048,2483,3128,400,400,400,5055,39.02438735961914,51.28205490112305,0,50,4.878048419952393,7.317072868347168,50,25,50,0,50,50,0,51.219512939453125,0,0,35,17.5,50,50,0,50,50,2.4390242099761963,0,0,30.76923179626465,50,47.5,15.000000953674316,32.5,10,20475,15889,86172,68,41,20475,13174,83660,65,50,66718990336,8589930496,23095341056,524288
199,1790686265806,444809.6581726074,3050,0,0.23124999999999996,91822.29779052734,16133.333333333334,0,0.38749999999999996,93347.5728302002,16133.333333333334,0,0.38749999999999996,96006.49542236328,16133.333333333334,0,0.38749999999999996,98989.87574768066,16133.333333333334,0,0.38749999999999996,90579.93922424316,16133.333333333334,0,0.38749999999999996,88478.95170593262,16133.333333333334,0,0.38749999999999996,140886.71907043457,3050,0,0.23124999999999996,145893.86711120605,3050,0,0.23124999999999996,146202.27334594727,3050,0,0.23124999999999996,358249.4726409912,3050,0,0.23124999999999996,141659.65315246582,3050,0,0.23124999999999996,135808.19523620605,3050,0,0.23124999999999996,135869.36651611328,3050,0,0.23124999999999996,94667.33638000488,16133.333333333334,0,0.38749999999999996,96812.35285949707,16133.333333333334,0,0.38749999999999996,8089753.738204956,2524,4398,400,2532,400,400,400,400,400,400,400,400,400,400,400,400,400,400,400,400,400,400,400,2426,400,5048,2483,3128,400,400,400,5055,45,47.619049072265625,0,57.142860412597656,0,0,45,35,47.619049072265625,0,47.619049072265625,47.36842346191406,0,45,0,0,50,47.36842346191406,45,47.36842346191406,0,45,47.619049072265625,0,0,0,14.285715103149414,47.619049072265625,45,0,5,5,20475,15889,87302,69,53,20475,13174,82824,66,48,66718990336,8589930496,23095341056,524288
199,1790686266006,444811.32777404785,3050,0,0.23750000000000004,91822.51441955566,16133.333333333334,0,0.3999999999999999,93347.81889343262,16133.333333333334,0,0.3999999999999999,96006.65599060059,16133.333333333334,0,0.3999999999999999,98990.0359954834,16133.333333333334,0,0.3999999999999999,90580.18762207031,16133.333333333334,0,0.3999999999999999,88479.28427124023,16133.333333333334,0,0.3999999999999999,140886.95657348633,3050,0,0.23750000000000004,145894.18754577637,3050,0,0.23750000000000004,146202.52514648438,3050,0,0.23750000000000004,358249.7968597412,3050,0,0.23750000000000004,141659.89057922363,3050,0,0.23750000000000004,135808.4330444336,3050,0,0.23750000000000004,135869.6601715088,3050,0,0.23750000000000004,94667.60311889648,16133.333333333334,0,0.3999999999999999,96812.51983642578,16133.333333333334,0,0.3999999999999999,8089773.595611572,2524,4398,400,2532,400,400,400,400,400,400,400,400,400,400,400,400,400,400,400,400,400,400,400,2426,400,5048,2483,3128,400,400,400,5055,5,45,0,52.6315803527832,0,0,40,20,80,0,47.36842346191406,47.619049072265625,0,45,0,0,45,47.619049072265625,50,47.619049072265625,0,47.619049072265625,47.36842346191406,0,35,20,5.263157844543457,47.36842346191406,47.619049072265625,0,5,0,20475,15889,87341,67,51,20475,13174,83448,67,48,66718990336,8589930496,23105159168,524288
199,1790686266206,444813.5177154541,3050,0,0.23750000000000004,91822.72203063965,16133.333333333334,0,0.40625,93347.97323608398,16133.333333333334,0,0.40625,96006.80830383301,16133.333333333334,0,0.40625,98990.1876373291,16133.333333333334,0,0.40625,90580.39646911621,16133.333333333334,0,0.40625,88479.48986816406,16133.333333333334,0,0.40625,140887.2020263672,3050,0,0.23750000000000004,145894.52000427246,3050,0,0.23750000000000004,146202.7742919922,3050,0,0.23750000000000004,358250.15449523926,3050,0,0.23750000000000004,141660.13529968262,3050,0,0.23750000000000004,135808.67936706543,3050,0,0.23750000000000004,135869.9627685547,3050,0,0.23750000000000004,94667.75451660156,16133.333333333334,0,0.40625,96812.67417907715,16133.333333333334,0,0.40625,8089793.44203186,2524,4398,400,2532,400,400,400,400,400,400,400,400,400,400,400,400,400,400,400,400,400,400,400,2426,400,5048,2483,3128,400,400,400,5055,0,47.36842346191406,0,45,0,0,0,47.619049072265625,100,0,45,45,0,50,0,0,45,45,45,45,0,47.36842346191406,45,0,45,0,19.047618865966797,45,47.36842346191406,0,0,0,20475,15889,85933,67,42,20475,13174,84335,67,52,66718990336,8589930496,23106936832,524288
199,1790686266407,444815.7351837158,3050,0,0.22499999999999987,91822.95429992676,48800,2,0.59375,93348.14640808105,48800,2,0.59375,96006.97914123535,48800,2,0.59375,98990.36050415039,48800,2,0.59375,90580.6302947998,48800,2,0.59375,88479.72085571289,48800,2,0.59375,140887.47412109375,3050,2,0.22499999999999987,145894.88829040527,3050,2,0.22499999999999987,146203.0594177246,3050,2,0.22499999999999987,358250.5175476074,3050,0,0.22499999999999987,141660.40682983398,3050,2,0.22499999999999987,135808.9501953125,3050,2,0.22499999999999987,135870.2982788086,3050,2,0.22499999999999987,94667.92443847656,48800,2,0.59375,96812.84866333008,48800,2,0.59375,8089813.92489624,2524,4398,400,2532,400,400,400,400,400,400,400,400,400,400,400,400,400,400,400,400,400,400,400,2426,400,5048,2483,3128,400,400,400,5055,0,52.38095474243164,0,52.38095474243164,0,0,0,50,100,0,52.38095474243164,52.6315803527832,0,50,0,0,52.38095474243164,52.6315803527832,50,50,0,50,52.38095474243164,0,52.6315803527832,0,25,52.38095474243164,50,0,0,0,20475,15889,86067,68,42,20475,13174,83797,65,51,66718990336,8589930496,23106936832,524288
199,1790686266607,444817.95182800293,3050,0,0.22499999999999987,91823.19032287598,48800,2,0.925,93348.32180786133,48800,2,0.925,96007.15306091309,48800,2,0.925,98990.5347290039,48800,2,0.925,90580.86654663086,48800,2,0.925,88479.95422363281,48800,2,0.925,140887.76049804688,3050,2,0.22499999999999987,145895.2652130127,3050,2,0.22499999999999987,146203.34257507324,3050,2,0.22499999999999987,358250.8589324951,3050,2,0.22499999999999987,141660.68478393555,3050,2,0.22499999999999987,135809.2296142578,3050,2,0.22499999999999987,135870.6390838623,3050,2,0.22499999999999987,94668.09585571289,48800,2,0.925,96813.02183532715,48800,2,0.925,8089834.403305054,2524,4398,400,2532,400,400,400,400,400,400,400,400,400,400,400,400,400,400,400,400,400,400,400,2426,400,5048,2483,3128,400,400,400,5055,0,50,0,52.6315803527832,0,0,0,55,100,4.761904716491699,52.6315803527832,52.38095474243164,0,52.38095474243164,0,0,52.6315803527832,52.38095474243164,55,55,0,55,52.6315803527832,0,52.38095474243164,0,15.000000953674316,52.6315803527832,55,0,0,0,20475,15889,87191,69,51,20475,13174,82897,66,49,66718990336,8589930496,23106932736,524288
199,1790686266807,444820.1704711914,3050,0,0.21875,91823.42277526855,16133.333333333334,2,0.925,93348.49378967285,16133.333333333334,0,0.925,96007.3263092041,16133.333333333334,0,0.925,98990.70710754395,16133.333333333334,0,0.925,90581.10055541992,16133.333333333334,0,0.925,88480.1849822998,16133.333333333334,0,0.925,140888.0333557129,3050,0,0.21875,145895.64082336426,3050,0,0.21875,146203.62144470215,3050,2,0.21875,358251.19721984863,3050,0,0.21875,141660.9605255127,3050,0,0.21875,135809.5105895996,3050,0,0.21875,135870.98023986816,3050,2,0.21875,94668.26539611816,16133.333333333334,0,0.925,96813.19165039063,16133.333333333334,0,0.925,8089854.710525513,2524,4398,400,2532,400,400,400,400,400,400,400,400,400,400,400,400,400,400,400,400,400,400,400,2426,400,5048,2483,3128,400,400,400,5055,0,55,0,52.38095474243164,0,0,0,50,100,0,52.38095474243164,55,0,52.6315803527832,0,0,55,55,52.38095474243164,52.38095474243164,0,52.38095474243164,52.38095474243164,0,55,0,10,52.38095474243164,50,0,0,0,20475,15889,87393,68,51,20475,13174,83230,67,49,66718990336,8589930496,23104327680,524288
199,1790686267007,444822.38705444336,3050,0,0.21875,91823.71301269531,16133.333333333334,2,0.40625,93348.66859436035,16133.333333333334,2,0.40625,96007.50357055664,16133.333333333334,2,0.40625,98990.88143920898,16133.333333333334,2,0.40625,90581.3369140625,16133.333333333334,2,0.40625,88480.41809082031,16133.333333333334,2,0.40625,140888.3055114746,3050,2,0.21875,145896.01499938965,3050,2,0.21875,146203.89587402344,3050,2,0.21875,358251.5623779297,3050,2,0.21875,141661.23211669922,3050,2,0.21875,135809.78729248047,3050,2,0.21875,135871.31730651855,3050,2,0.21875,94668.44114685059,16133.333333333334,0,0.40625,96813.36811828613,16133.333333333334,2,0.40625,8089875.430114746,2524,4398,400,2532,400,400,400,400,400,400,400,400,400,400,400,400,400,400,400,400,400,400,400,2426,400,5048,2483,3128,400,400,400,5055,0,52.6315803527832,20,55,0,0,0,55,100,0,55,50,0,55,0,0,52.38095474243164,0,52.6315803527832,52.6315803527832,0,52.6315803527832,55,0,50,0,10,55,55,0,52.6315803527832,0,20475,15889,86708,67,45,20475,13174,84300,68,52,66718990336,8589930496,23118684160,524288
199,1790686267207,444824.6046600342,3050,0,0.23124999999999996,91823.94723510742,16133.333333333334,0,0.3999999999999999,93348.84448242188,16133.333333333334,0,0.3999999999999999,96007.67948913574,16133.333333333334,0,0.3999999999999999,98991.05291748047,16133.333333333334,0,0.3999999999999999,90581.57008361816,16133.333333333334,0,0.3999999999999999,88480.6487121582,16133.333333333334,0,0.3999999999999999,140888.57611083984,3050,0,0.23124999999999996,145896.3916015625,3050,0,0.23124999999999996,146204.17692565918,3050,0,0.23124999999999996,358251.94036865234,3050,0,0.23124999999999996,141661.53871154785,3050,0,0.23124999999999996,135810.05828857422,3050,0,0.23124999999999996,135871.63078308105,3050,0,0.23124999999999996,94668.61836242676,16133.333333333334,0,0.3999999999999999,96813.53868103027,16133.333333333334,0,0.3999999999999999,8089895.92350769,2524,4398,400,2532,400,400,400,400,400,400,400,400,400,400,400,400,400,400,400,400,400,400,400,2426,400,5048,2483,3128,400,400,400,5055,0,52.6315803527832,20,55,0,0,0,55,100,0,55,50,0,55,0,0,52.38095474243164,0,52.6315803527832,52.6315803527832,0,52.6315803527832,55,0,50,0,10,55,55,0,52.6315803527832,0,20475,15889,86651,67,40,20475,13174,84337,67,50,66718990336,8589930496,23125250048,524288
199,1790686267407,444826.83464050293,3050,0,0.23124999999999996,91824.15907287598,16133.333333333334,0,0.3999999999999999,93349.00309753418,16133.333333333334,0,0.3999999999999999,96007.84042358398,16133.333333333334,0,0.3999999999999999,98991.21096801758,16133.333333333334,0,0.3999999999999999,90581.78422546387,16133.333333333334,0,0.3999999999999999,88480.8609008789,16133.333333333334,0,0.3999999999999999,140888.83137512207,3050,0,0.23124999999999996,145896.73176574707,3050,0,0.23124999999999996,146204.44079589844,3050,0,0.23124999999999996,358252.3085784912,3050,0,0.23124999999999996,141661.8571472168,3050,0,0.23124999999999996,135810.31219482422,3050,0,0.23124999999999996,135871.87881469727,3050,0,0.23124999999999996,94668.77667236328,16133.333333333334,0,0.3999999999999999,96813.69358825684,16133.333333333334,0,0.3999999999999999,8089916.148345947,2524,4398,400,2532,400,400,400,400,400,400,400,400,400,400,400,400,400,400,400,400,400,400,400,2426,400,5048,2483,3128,400,400,400,5055,0,48.780487060546875,0,50,0,0,0,50,100,0,50,50,0,48.780487060546875,0,0,50,0,50,50,0,50,50,0,50,0,15.000000953674316,50,50,0,48.780487060546875,0,20475,15889,87165,68,46,20475,13174,83547,65,51,66718990336,8589930496,23125245952,524288
199,1790686267607,444829.05824279785,3050,0,0.23124999999999996,91824.36880493164,16133.333333333334,0,0.3999999999999999,93349.16017150879,16133.333333333334,0,0.3999999999999999,96008.00096130371,16133.333333333334,0,0.3999999999999999,98991.36701965332,16133.333333333334,0,0.3999999999999999,90581.99592590332,16133.333333333334,0,0.3999999999999999,88481.07055664063,16133.333333333334,0,0.3999999999999999,140889.08282470703,3050,0,0.23124999999999996,145897.07305908203,3050,0,0.23124999999999996,146204.69924926758,3050,0,0.23124999999999996,358252.63665771484,3050,0,0.23124999999999996,141662.17291259766,3050,0,0.23124999999999996,135810.56549072266,3050,0,0.23124999999999996,135872.1248474121,3050,0,0.23124999999999996,94668.93382263184,16133.333333333334,0,0.3999999999999999,96813.84759521484,16133.333333333334,0,0.3999999999999999,8089936.293701172,2524,4398,400,2532,400,400,400,400,400,400,400,400,400,400,400,400,400,400,400,400,400,400,400,2426,400,5048,2483,3128,400,400,400,5055,0,50,0,45,0,0,0,45,100,0,45,50,0,47.36842346191406,0,0,47.36842346191406,0,47.619049072265625,47.619049072265625,0,47.619049072265625,45,0,50,0,10,45,45,0,50,0,20475,15889,87429,69,53,20475,13174,83577,66,51,66718990336,8589930496,23125245952,524288
199,1790686267807,444831.2808074951,3050,0,0.23124999999999996,91824.57722473145,16133.333333333334,0,0.3999999999999999,93349.31632995605,16133.333333333334,0,0.3999999999999999,96008.15892028809,16133.333333333334,0,0.3999999999999999,98991.52239990234,16133.333333333334,0,0.3999999999999999,90582.20634460449,16133.333333333334,0,0.3999999999999999,88481.28099060059,16133.333333333334,0,0.3999999999999999,140889.33116149902,3050,0,0.23124999999999996,145897.41426086426,3050,0,0.23124999999999996,146204.9578857422,3050,0,0.23124999999999996,358252.9421234131,3050,0,0.23124999999999996,141662.48358154297,3050,0,0.23124999999999996,135810.81927490234,3050,0,0.23124999999999996,135872.3699951172,3050,0,0.23124999999999996,94669.08959960938,16133.333333333334,0,0.3999999999999999,96814.00021362305,16133.333333333334,0,0.3999999999999999,8089956.455200195,2524,4398,400,2532,400,400,400,400,400,400,400,400,400,400,400,400,400,400,400,400,400,400,400,2426,400,5048,2483,3128,400,400,400,5055,0,45,0,47.36842346191406,0,0,0,50,100,0,47.36842346191406,45,0,47.619049072265625,0,0,47.619049072265625,0,47.36842346191406,47.36842346191406,0,47.36842346191406,47.36842346191406,0,45,0,5.263157844543457,50,50,0,45,0,20475,15889,87343,68,51,20475,13174,84013,68,50,66718990336,8589930496,23125245952,524288
199,1790686268007,444833.50357055664,3050,0,0.23124999999999996,91824.79908752441,16133.333333333334,2,0.3999999999999999,93349.4737701416,16133.333333333334,0,0.3999999999999999,96008.31901550293,16133.333333333334,0,0.3999999999999999,98991.67895507813,16133.333333333334,0,0.3999999999999999,90582.42106628418,16133.333333333334,0,0.3999999999999999,88481.49185180664,16133.333333333334,0,0.3999999999999999,140889.58309936523,3050,0,0.23124999999999996,145897.7580718994,3050,0,0.23124999999999996,146205.21347045898,3050,0,0.23124999999999996,358253.25106811523,3050,0,0.23124999999999996,141662.79402160645,3050,0,0.23124999999999996,135811.0790863037,3050,0,0.23124999999999996,135872.61557006836,3050,0,0.23124999999999996,94669.2469329834,16133.333333333334,0,0.3999999999999999,96814.15637207031,16133.333333333334,0,0.3999999999999999,8089976.573974609,2524,4398,400,2532,400,400,400,400,400,400,400,400,400,400,400,400,400,400,400,400,400,400,400,2426,400,5048,2483,3128,400,400,400,5055,0,50,0,47.619049072265625,0,0,0,45,100,0,47.619049072265625,50,0,47.36842346191406,0,4.761904716491699,45,0,45,47.619049072265625,0,45,47.619049072265625,0,50,0,15.000000953674316,45,45,0,50,0,20475,15889,86587,67,42,20475,13174,84318,68,50,66718990336,8589930496,23142109184,524288
199,1790686268207,444835.7473297119,3050,0,0.22499999999999987,91825.0302734375,48800,2,0.925,93349.64700317383,48800,2,0.925,96008.5013885498,48800,2,0.925,98991.84628295898,48800,2,0.925,90582.64547729492,48800,2,0.925,88481.62155151367,48800,2,0.925,140889.8681488037,3050,2,0.22499999999999987,145898.12455749512,3050,2,0.22499999999999987,146205.4909362793,3050,2,0.22499999999999987,358253.5881500244,3050,2,0.22499999999999987,141663.12741088867,3050,2,0.22499999999999987,135811.4015197754,3050,2,0.22499999999999987,135872.8765258789,3050,2,0.22499999999999987,94669.42149353027,48800,2,0.925,96814.33097839355,48800,2,0.925,8089997.035308838,2524,4398,400,2532,400,400,400,400,400,400,400,400,400,400,400,400,400,400,400,400,400,400,400,2426,400,5048,2483,3128,400,400,400,5055,0,47.36842346191406,36.842105865478516,50,0,0,0,30.000001907348633,100,0,50,45,0,50,0,50,50,0,50,15.789472579956055,0,50,50,0,45,0,10,50,33.333335876464844,0,50,0,20475,15889,86590,67,39,20475,13174,84071,67,52,66718990336,8589930496,23124144128,524288
199,1790686268407,444837.9700012207,3050,0,0.22499999999999987,91825.26411437988,48800,2,0.925,93349.8207244873,48800,2,0.925,96008.67376708984,48800,2,0.925,98992.02085876465,48800,2,0.925,90582.88195800781,48800,2,0.925,88481.85948181152,48800,2,0.925,140890.14785766602,3050,2,0.22499999999999987,145898.50370788574,3050,0,0.22499999999999987,146205.77716064453,3050,0,0.22499999999999987,358253.9264984131,3050,0,0.22499999999999987,141663.47358703613,3050,2,0.22499999999999987,135811.68438720703,3050,2,0.22499999999999987,135873.15017700195,3050,2,0.22499999999999987,94669.59310913086,48800,2,0.925,96814.50720214844,48800,2,0.925,8090017.49772644,2524,4398,400,2532,400,400,400,400,400,400,400,400,400,400,400,400,400,400,400,400,400,400,400,2426,400,5048,2483,3128,400,400,400,5055,0,52.38095474243164,55,52.6315803527832,0,0,0,50,100,0,52.6315803527832,55,0,50,0,52.6315803527832,52.6315803527832,0,55,0,0,52.38095474243164,50,4.761904716491699,55,0,19.047618865966797,50,0,0,50,0,20475,15889,87466,69,48,20475,13174,83430,66,49,66718990336,8589930496,23124144128,524288
199,1790686268607,444840.1996612549,3050,0,0.21875,91825.49803161621,48800,2,0.93125,93349.99478149414,48800,2,0.93125,96008.84558105469,48800,2,0.93125,98992.1948852539,48800,2,0.93125,90583.11842346191,48800,2,0.93125,88482.0962524414,48800,2,0.93125,140890.42611694336,3050,2,0.21875,145898.88507080078,3050,0,0.21875,146206.06288146973,3050,0,0.21875,358254.26387023926,3050,0,0.21875,141663.82012939453,3050,2,0.21875,135811.9669189453,3050,2,0.21875,135873.42446899414,3050,2,0.21875,94669.7677154541,48800,2,0.93125,96814.68072509766,48800,2,0.93125,8090037.910079956,2524,4398,400,2532,400,400,400,400,400,400,400,400,400,400,400,400,400,400,400,400,400,400,400,2426,400,5048,2483,3128,400,400,400,5055,0,55,52.38095474243164,52.38095474243164,0,0,0,55,100,0,52.38095474243164,55,0,55,0,52.38095474243164,52.38095474243164,0,50,0,0,52.6315803527832,55,0,55,0,10,55,0,0,55,0,20475,15889,87496,68,52,20475,13174,83478,66,49,66718990336,8589930496,23124144128,524288
199,1790686268807,444842.4125213623,3050,0,0.21875,91825.73374938965,48800,2,0.925,93350.16716003418,48800,2,0.925,96009.01948547363,48800,2,0.925,98992.36769104004,48800,2,0.925,90583.35317993164,48800,2,0.925,88482.33096313477,48800,2,0.925,140890.6979827881,3050,2,0.21875,145899.21742248535,3050,0,0.21875,146206.34439086914,3050,0,0.21875,358254.6219024658,3050,0,0.21875,141664.16145324707,3050,2,0.21875,135812.2434234619,3050,2,0.21875,135873.69436645508,3050,2,0.21875,94669.94108581543,48800,2,0.925,96814.85105895996,48800,2,0.925,8090058.409957886,2524,4398,400,2532,400,400,400,400,400,400,400,400,400,400,400,400,400,400,400,400,400,400,400,2426,400,5048,2483,3128,400,400,400,5055,0,50,52.6315803527832,52.6315803527832,0,0,0,50,100,0,52.6315803527832,50,0,52.38095474243164,0,52.6315803527832,55,0,55,0,0,55,52.6315803527832,0,50,0,10,55,0,0,50,0,20475,15889,86990,66,47,20475,13174,84372,68,52,66718990336,8589930496,23124140032,524288
199,1790686269007,444844.63203430176,3050,0,0.22499999999999987,91825.9701385498,48800,2,0.55,93350.34031677246,48800,2,0.55,96009.19436645508,48800,2,0.55,98992.5415649414,48800,2,0.55,90583.5894317627,48800,2,0.55,88482.56809997559,48800,2,0.55,140890.97080993652,3050,2,0.22499999999999987,145899.5022277832,3050,0,0.22499999999999987,146206.63121032715,3050,0,0.22499999999999987,358255.0008544922,3050,0,0.22499999999999987,141664.50434875488,3050,2,0.22499999999999987,135812.51918029785,3050,2,0.22499999999999987,135873.9627380371,3050,2,0.22499999999999987,94670.11543273926,48800,2,0.55,96815.02485656738,48800,2,0.55,8090078.936599731,2524,4398,400,2532,400,400,400,400,400,400,400,400,400,400,400,400,400,400,400,400,400,400,400,2426,400,5048,2483,3128,400,400,400,5055,0,55,0,52.38095474243164,0,0,0,55,100,0,52.38095474243164,55,0,52.6315803527832,0,52.38095474243164,52.6315803527832,0,52.38095474243164,50,0,52.38095474243164,52.38095474243164,0,55,0,10.526315689086914,50,0,0,55,0,20475,15889,86511,67,42,20475,13174,84432,67,52,66718990336,8589930496,23121051648,524288
199,1790686269207,444846.85273742676,3050,0,0.23124999999999996,91826.18984985352,16133.333333333334,0,0.3999999999999999,93350.50401306152,16133.333333333334,0,0.3999999999999999,96009.35774230957,16133.333333333334,0,0.3999999999999999,98992.70347595215,16133.333333333334,0,0.3999999999999999,90583.80813598633,16133.333333333334,0,0.3999999999999999,88482.78775024414,16133.333333333334,0,0.3999999999999999,140891.30601501465,3050,0,0.23124999999999996,145899.78979492188,3050,0,0.23124999999999996,146206.90199279785,3050,0,0.23124999999999996,358255.373626709,3050,0,0.23124999999999996,141664.82131958008,3050,0,0.23124999999999996,135812.77751159668,3050,0,0.23124999999999996,135874.2317199707,3050,0,0.23124999999999996,94670.28642272949,16133.333333333334,0,0.3999999999999999,96815.19255065918,16133.333333333334,0,0.3999999999999999,8090099.4739227295,2524,4398,400,2532,400,400,400,400,400,400,400,400,400,400,400,400,400,400,400,400,400,400,400,2426,400,5048,2483,3128,400,400,400,5055,0,55,0,52.38095474243164,0,0,0,55,100,0,52.38095474243164,55,0,52.6315803527832,0,52.38095474243164,52.6315803527832,0,52.38095474243164,50,0,52.38095474243164,52.38095474243164,0,55,0,10.526315689086914,50,0,0,55,0,20475,15889,86960,68,43,20475,13174,83730,65,50,66718990336,8589930496,23125147648,524288
199,1790686269407,444849.075592041,3050,0,0.23124999999999996,91826.40295410156,16133.333333333334,0,0.3999999999999999,93350.6608581543,16133.333333333334,0,0.3999999999999999,96009.51376342773,16133.333333333334,0,0.3999999999999999,98992.86027526855,16133.333333333334,0,0.3999999999999999,90584.02079772949,16133.333333333334,0,0.3999999999999999,88483.00131225586,16133.333333333334,0,0.3999999999999999,140891.5539703369,3050,0,0.23124999999999996,145900.05644226074,3050,0,0.23124999999999996,146207.1590576172,3050,0,0.23124999999999996,358255.717666626,3050,0,0.23124999999999996,141665.07565307617,3050,0,0.23124999999999996,135813.03057861328,3050,0,0.23124999999999996,135874.48164367676,3050,0,0.23124999999999996,94670.44355773926,16133.333333333334,0,0.3999999999999999,96815.34941101074,16133.333333333334,0,0.3999999999999999,8090119.64364624,2524,4398,400,2532,400,400,400,400,400,400,400,400,400,400,400,400,400,400,400,400,400,400,400,2426,400,5048,2483,3128,400,400,400,5055,0,47.5,0,47.5,0,0,0,47.5,100,10,47.5,47.5,0,47.5,0,48.71794891357422,47.5,0,47.5,47.5,0,47.5,47.5,0,47.5,0,15.000000953674316,47.5,0,0,47.5,0,20475,15889,87483,69,53,20475,13174,83537,66,50,66718990336,8589930496,23125147648,524288
199,1790686269607,444851.2954559326,3050,0,0.23124999999999996,91826.61302185059,16133.333333333334,0,0.3999999999999999,93350.81474304199,16133.333333333334,0,0.3999999999999999,96009.6662902832,16133.333333333334,0,0.3999999999999999,98993.01161193848,16133.333333333334,0,0.3999999999999999,90584.22998046875,16133.333333333334,0,0.3999999999999999,88483.21113586426,16133.333333333334,0,0.3999999999999999,140891.80000305176,3050,0,0.23124999999999996,145900.31564331055,3050,0,0.23124999999999996,146207.4167022705,3050,0,0.23124999999999996,358256.03565979004,3050,0,0.23124999999999996,141665.32514953613,3050,0,0.23124999999999996,135813.28289794922,3050,0,0.23124999999999996,135874.730758667,3050,0,0.23124999999999996,94670.59831237793,16133.333333333334,0,0.3999999999999999,96815.50302124023,16133.333333333334,0,0.3999999999999999,8090139.582275391,2524,4398,400,2532,400,400,400,400,400,400,400,400,400,400,400,400,400,400,400,400,400,400,400,2426,400,5048,2483,3128,400,400,400,5055,0,45,0,47.36842346191406,0,0,0,45,100,0,47.36842346191406,45,0,47.619049072265625,0,45,47.619049072265625,0,47.36842346191406,45,0,47.36842346191406,47.36842346191406,0,45,0,5,50,0,0,45,0,20475,15889,87382,68,51,20475,13174,83965,68,50,66718990336,8589930496,23125143552,524288
199,1790686269807,444853.5162963867,3050,0,0.23124999999999996,91826.82347106934,16133.333333333334,0,0.3999999999999999,93350.97024536133,16133.333333333334,0,0.3999999999999999,96009.81962585449,16133.333333333334,0,0.3999999999999999,98993.16398620605,16133.333333333334,0,0.3999999999999999,90584.43992614746,16133.333333333334,0,0.3999999999999999,88483.42156982422,16133.333333333334,0,0.3999999999999999,140892.04762268066,3050,0,0.23124999999999996,145900.57611083984,3050,0,0.23124999999999996,146207.6789855957,3050,0,0.23124999999999996,358256.3394165039,3050,0,0.23124999999999996,141665.57809448242,3050,0,0.23124999999999996,135813.53701782227,3050,0,0.23124999999999996,135874.98155212402,3050,0,0.23124999999999996,94670.75373840332,16133.333333333334,0,0.3999999999999999,96815.6567993164,16133.333333333334,0,0.3999999999999999,8090159.585189819,2524,4398,400,2532,400,400,400,400,400,400,400,400,400,400,400,400,400,400,400,400,400,400,400,2426,400,5048,2483,3128,400,400,400,5055,0,50,0,47.619049072265625,0,0,0,50,100,0,47.619049072265625,50,4.761904716491699,47.36842346191406,0,47.619049072265625,45,0,45,50,0,45,47.619049072265625,0,50,0,19.047618865966797,45,0,0,50,0,20475,15889,86377,67,42,20475,13174,84527,68,51,66718990336,8589930496,23125143552,524288
199,1790686270008,444855.74098205566,3050,0,0.22499999999999987,91827.04602050781,48800,2,0.925,93351.13346862793,48800,2,0.925,96009.98211669922,48800,2,0.925,98993.32434082031,48800,2,0.925,90584.66159057617,48800,2,0.925,88483.6439819336,48800,2,0.925,140892.30586242676,3050,2,0.22499999999999987,145900.85075378418,3050,0,0.22499999999999987,146207.95303344727,3050,0,0.22499999999999987,358256.6651611328,3050,0,0.22499999999999987,141665.84230041504,3050,2,0.22499999999999987,135813.80229187012,3050,2,0.22499999999999987,135875.24491882324,3050,2,0.22499999999999987,94670.9178314209,48800,2,0.925,96815.81901550293,48800,2,0.925,8090179.729690552,2524,4398,400,2532,400,400,400,400,400,400,400,400,400,400,400,400,400,400,400,400,400,400,400,2426,400,5048,2483,3128,400,400,400,5055,0,47.36842346191406,0,50,0,0,0,47.619049072265625,100,0,50,45,0,50,0,50,50,0,50,50,0,50,50,0,45,0,15.000000953674316,50,0,0,50,0,20475,15889,86351,67,40,20475,13174,84246,67,52,66718990336,8589930496,23111516160,524288
199,1790686270208,444857.9629058838,3050,0,0.21875,91827.33847045898,16133.333333333334,0,0.93125,93351.3111114502,16133.333333333334,2,0.93125,96010.15803527832,16133.333333333334,2,0.93125,98993.50215148926,16133.333333333334,2,0.93125,90584.90203857422,16133.333333333334,2,0.93125,88483.88873291016,16133.333333333334,0,0.93125,140892.5827178955,3050,2,0.21875,145901.150680542,3050,0,0.21875,146208.24324035645,3050,2,0.21875,358257.01316833496,3050,0,0.21875,141666.12335205078,3050,2,0.21875,135814.08488464355,3050,2,0.21875,135875.52214050293,3050,2,0.21875,94671.10214233398,16133.333333333334,2,0.93125,96815.99871826172,16133.333333333334,2,0.93125,8090200.393768311,2524,4398,400,2532,400,400,400,400,400,400,400,400,400,400,400,400,400,400,400,400,400,400,400,2426,400,5048,2483,3128,400,400,400,5055,0,52.38095474243164,25,52.6315803527832,0,0,0,52.6315803527832,100,0,52.6315803527832,55,0,50,0,52.6315803527832,52.6315803527832,0,55,50,0,52.38095474243164,50,0,55,0,15.789472579956055,52.6315803527832,0,0,50,0,20475,15889,87360,69,49,20475,13174,83456,66,50,66718990336,8589930496,23116226560,524288
199,1790686270408,444860.1852722168,3050,0,0.21875,91827.57334899902,48800,2,0.93125,93351.48588562012,48800,2,0.93125,96010.33084106445,48800,2,0.93125,98993.6736907959,48800,2,0.93125,90585.1393737793,48800,2,0.93125,88484.12831115723,48800,2,0.93125,140892.86193847656,3050,2,0.21875,145901.44537353516,3050,2,0.21875,146208.5319366455,3050,2,0.21875,358257.35470581055,3050,0,0.21875,141666.40365600586,3050,2,0.21875,135814.36666870117,3050,2,0.21875,135875.7970275879,3050,2,0.21875,94671.27589416504,48800,2,0.93125,96816.17198181152,48800,2,0.93125,8090220.844955444,2524,4398,400,2532,400,400,400,400,400,400,400,400,400,400,400,400,400,400,400,400,400,400,400,2426,400,5048,2483,3128,400,400,400,5055,0,55,0,52.38095474243164,0,0,0,55,100,0,52.38095474243164,52.38095474243164,0,55,0,52.38095474243164,52.38095474243164,0,50,55,0,52.6315803527832,55,0,55,0,9.523809432983398,52.38095474243164,0,0,55,0,20475,15889,87400,68,51,20475,13174,83531,67,50,66718990336,8589930496,23116226560,524288
199,1790686270608,444862.40406799316,3050,0,0.21875,91827.80583190918,48800,2,0.925,93351.65853881836,48800,2,0.925,96010.50148010254,48800,2,0.925,98993.8433380127,48800,2,0.925,90585.37425231934,48800,2,0.925,88484.36375427246,48800,2,0.925,140893.13661193848,3050,0,0.21875,145901.7334136963,3050,2,0.21875,146208.89532470703,3050,2,0.21875,358257.7153015137,3050,2,0.21875,141666.67596435547,3050,2,0.21875,135814.6446685791,3050,2,0.21875,135876.0664215088,3050,2,0.21875,94671.44612121582,48800,2,0.925,96816.34240722656,48800,2,0.925,8090241.355194092,2524,4398,400,2532,400,400,400,400,400,400,400,400,400,400,400,400,400,400,400,400,400,400,400,2426,400,5048,2483,3128,400,400,400,5055,0,50,0,52.6315803527832,0,0,0,50,100,0,52.6315803527832,52.6315803527832,0,52.38095474243164,0,52.6315803527832,52.6315803527832,0,55,50,0,52.38095474243164,52.6315803527832,4.761904716491699,50,0,10,52.6315803527832,0,0,50,0,20475,15889,86847,66,47,20475,13174,84486,68,51,66718990336,8589930496,23116226560,524288
199,1790686270808,444864.626083374,3050,0,0.22499999999999987,91828.03941345215,48800,2,0.55,93351.83204650879,48800,2,0.55,96010.67329406738,48800,2,0.55,98994.01411437988,48800,2,0.55,90585.61065673828,48800,2,0.55,88484.59944152832,48800,2,0.93125,140893.41288757324,3050,2,0.22499999999999987,145902.0259552002,3050,2,0.22499999999999987,146209.26147460938,3050,2,0.22499999999999987,358258.09074401855,3050,2,0.22499999999999987,141666.95137023926,3050,2,0.22499999999999987,135814.92137145996,3050,2,0.22499999999999987,135876.3361968994,3050,2,0.22499999999999987,94671.6176147461,48800,2,0.55,96816.51512145996,48800,2,0.55,8090261.878967285,2524,4398,400,2532,400,400,400,400,400,400,400,400,400,400,400,400,400,400,400,400,400,400,400,2426,400,5048,2483,3128,400,400,400,5055,4.761904716491699,55,0,52.38095474243164,0,0,0,55,100,0,52.38095474243164,55,0,52.6315803527832,0,52.38095474243164,52.38095474243164,0,52.38095474243164,55,0,55,52.38095474243164,0,55,0,10.526315689086914,52.38095474243164,0,0,55,0,20475,15889,86349,67,42,20475,13174,84512,68,52,66718990336,8589930496,23116148736,524288
199,1790686271008,444866.84910583496,3050,0,0.23124999999999996,91828.25329589844,16133.333333333334,0,0.3999999999999999,93351.99137878418,16133.333333333334,0,0.3999999999999999,96010.8306274414,16133.333333333334,0,0.3999999999999999,98994.17066955566,16133.333333333334,0,0.3999999999999999,90585.82652282715,16133.333333333334,0,0.3999999999999999,88484.81336975098,16133.333333333334,0,0.3999999999999999,140893.6701812744,3050,0,0.23124999999999996,145902.30905151367,3050,0,0.23124999999999996,146209.62019348145,3050,0,0.23124999999999996,358258.46339416504,3050,0,0.23124999999999996,141667.21063232422,3050,0,0.23124999999999996,135815.17614746094,3050,0,0.23124999999999996,135876.58590698242,3050,0,0.23124999999999996,94671.77473449707,16133.333333333334,0,0.3999999999999999,96816.67335510254,16133.333333333334,0,0.3999999999999999,8090282.0662231445,2524,4398,400,2532,400,400,400,400,400,400,400,400,400,400,400,400,400,400,400,400,400,400,400,2426,400,5048,2483,3128,400,400,400,5055,4.761904716491699,55,0,52.38095474243164,0,0,0,55,100,0,52.38095474243164,55,0,52.6315803527832,0,52.38095474243164,52.38095474243164,0,52.38095474243164,55,0,55,52.38095474243164,0,55,0,10.526315689086914,52.38095474243164,0,0,55,0,20475,15889,86871,68,43,20475,13174,83746,66,49,66718990336,8589930496,23109566464,524288
199,1790686271208,444869.07194519043,3050,0,0.23124999999999996,91828.46231079102,16133.333333333334,0,0.3999999999999999,93352.15071105957,16133.333333333334,0,0.3999999999999999,96011.02490234375,16133.333333333334,0,0.3999999999999999,98994.3246307373,16133.333333333334,0,0.3999999999999999,90586.03755187988,16133.333333333334,0,0.3999999999999999,88485.02172851563,16133.333333333334,0,0.3999999999999999,140893.9255218506,3050,0,0.23124999999999996,145902.57194519043,3050,0,0.23124999999999996,146209.9529724121,3050,0,0.23124999999999996,358258.81468200684,3050,0,0.23124999999999996,141667.4659576416,3050,0,0.23124999999999996,135815.42471313477,3050,0,0.23124999999999996,135876.83374023438,3050,0,0.23124999999999996,94671.92868041992,16133.333333333334,0,0.3999999999999999,96816.83047485352,16133.333333333334,0,0.3999999999999999,8090302.28175354,2524,4398,400,2532,400,400,400,400,400,400,400,400,400,400,400,400,400,400,400,400,400,400,400,2426,400,5048,2483,3128,400,400,400,5055,0,47.5,0,47.5,7.500000476837158,0,0,47.5,100,0,47.5,47.5,0,47.5,2.4390242099761963,48.71794891357422,48.71794891357422,0,47.5,47.5,0,47.5,47.5,0,47.5,0,17.073171615600586,47.5,0,0,47.5,0,20475,15889,87400,69,53,20475,13174,83573,66,49,66718990336,8589930496,23127162880,524288
24,1790686271408,444871.0842590332,3050,2,0.25,91828.63647460938,16133.333333333334,2,0.3999999999999999,93352.28428649902,16133.333333333334,2,0.3999999999999999,96011.17729187012,16133.333333333334,2,0.3999999999999999,98994.5140838623,16133.333333333334,0,0.3999999999999999,90586.20918273926,16133.333333333334,2,0.3999999999999999,88485.20503234863,16133.333333333334,0,0.40625,140894.13386535645,3050,0,0.25,145902.80729675293,3050,2,0.25,146210.22412109375,3050,2,0.25,358259.0983276367,3050,2,0.25,141667.67440795898,3050,2,0.25,135815.62731933594,3050,2,0.25,135877.03590393066,3050,2,0.25,94672.06758117676,16133.333333333334,0,0.3999999999999999,96816.95962524414,16133.333333333334,2,0.3999999999999999,8090321.831161499,2524,4398,400,2532,400,400,400,400,400,400,400,400,400,400,400,400,400,400,400,400,400,400,400,2426,400,5048,2483,3128,400,400,400,5055,0,36.842105865478516,0,36.842105865478516,10,5,0,35,90,0,36.842105865478516,35,0,38.095237731933594,0,35,35,0,36.842105865478516,35,0,36.842105865478516,36.842105865478516,0,35,4.761904716491699,5.263157844543457,36.842105865478516,0,0,35,0,20475,15889,87294,66,53,20475,13174,84089,68,49,66718990336,8589930496,23103094784,524288
