Delta,Time,CORE0_ENERGY (J),CORE0_FREQ (MHZ),CORE0_PSTATE,CORE0_VOLT (V),CORE10_ENERGY (J),CORE10_FREQ (MHZ),CORE10_PSTATE,CORE10_VOLT (V),CORE11_ENERGY (J),CORE11_FREQ (MHZ),CORE11_PSTATE,CORE11_VOLT (V),CORE12_ENERGY (J),CORE12_FREQ (MHZ),CORE12_PSTATE,CORE12_VOLT (V),CORE13_ENERGY (J),CORE13_FREQ (MHZ),CORE13_PSTATE,CORE13_VOLT (V),CORE14_ENERGY (J),CORE14_FREQ (MHZ),CORE14_PSTATE,CORE14_VOLT (V),CORE15_ENERGY (J),CORE15_FREQ (MHZ),CORE15_PSTATE,CORE15_VOLT (V),CORE1_ENERGY (J),CORE1_FREQ (MHZ),CORE1_PSTATE,CORE1_VOLT (V),CORE2_ENERGY (J),CORE2_FREQ (MHZ),CORE2_PSTATE,CORE2_VOLT (V),CORE3_ENERGY (J),CORE3_FREQ (MHZ),CORE3_PSTATE,CORE3_VOLT (V),CORE4_ENERGY (J),CORE4_FREQ (MHZ),CORE4_PSTATE,CORE4_VOLT (V),CORE5_ENERGY (J),CORE5_FREQ (MHZ),CORE5_PSTATE,CORE5_VOLT (V),CORE6_ENERGY (J),CORE6_FREQ (MHZ),CORE6_PSTATE,CORE6_VOLT (V),CORE7_ENERGY (J),CORE7_FREQ (MHZ),CORE7_PSTATE,CORE7_VOLT (V),CORE8_ENERGY (J),CORE8_FREQ (MHZ),CORE8_PSTATE,CORE8_VOLT (V),CORE9_ENERGY (J),CORE9_FREQ (MHZ),CORE9_PSTATE,CORE9_VOLT (V),CPU_ENERGY (J),CPU_FREQUENCY_0,CPU_FREQUENCY_1,CPU_FREQUENCY_10,CPU_FREQUENCY_11,CPU_FREQUENCY_12,CPU_FREQUENCY_13,CPU_FREQUENCY_14,CPU_FREQUENCY_15,CPU_FREQUENCY_16,CPU_FREQUENCY_17,CPU_FREQUENCY_18,CPU_FREQUENCY_19,CPU_FREQUENCY_2,CPU_FREQUENCY_20,CPU_FREQUENCY_21,CPU_FREQUENCY_22,CPU_FREQUENCY_23,CPU_FREQUENCY_24,CPU_FREQUENCY_25,CPU_FREQUENCY_26,CPU_FREQUENCY_27,CPU_FREQUENCY_28,CPU_FREQUENCY_29,CPU_FREQUENCY_3,CPU_FREQUENCY_30,CPU_FREQUENCY_31,CPU_FREQUENCY_4,CPU_FREQUENCY_5,CPU_FREQUENCY_6,CPU_FREQUENCY_7,CPU_FREQUENCY_8,CPU_FREQUENCY_9,CPU_USAGE_0,CPU_USAGE_1,CPU_USAGE_10,CPU_USAGE_11,CPU_USAGE_12,CPU_USAGE_13,CPU_USAGE_14,CPU_USAGE_15,CPU_USAGE_16,CPU_USAGE_17,CPU_USAGE_18,CPU_USAGE_19,CPU_USAGE_2,CPU_USAGE_20,CPU_USAGE_21,CPU_USAGE_22,CPU_USAGE_23,CPU_USAGE_24,CPU_USAGE_25,CPU_USAGE_26,CPU_USAGE_27,CPU_USAGE_28,CPU_USAGE_29,CPU_USAGE_3,CPU_USAGE_30,CPU_USAGE_31,CPU_USAGE_4,CPU_USAGE_5,CPU_USAGE_6,CPU_USAGE_7,CPU_USAGE_8,CPU_USAGE_9,GPU0_MEMORY_TOTAL,GPU0_MEMORY_USED,GPU0_POWER (mWatts),GPU0_TEMPERATURE,GPU0_USAGE,GPU1_MEMORY_TOTAL,GPU1_MEMORY_USED,GPU1_POWER (mWatts),GPU1_TEMPERATURE,GPU1_USAGE,TOTAL_MEMORY,TOTAL_SWAP,USED_MEMORY,USED_SWAP
0,1790685986904,443213.7807312012,3050,0,0.31874999999999987,91581.2147064209,48800,2,0.40625,93120.26403808594,48800,2,0.40625,95776.70924377441,48800,2,0.40625,98697.62326049805,48800,2,0.40625,90334.49980163574,48800,2,0.40625,88202.81625366211,48800,2,0.40625,140502.47131347656,3050,2,0.31874999999999987,145487.6396331787,3050,2,0.31874999999999987,145809.46479797363,3050,0,0.31874999999999987,357001.0430755615,3050,2,0.31874999999999987,141281.7027130127,3050,2,0.31874999999999987,135418.46073913574,3050,2,0.31874999999999987,135499.85202026367,3050,2,0.31874999999999987,94406.5394744873,48800,2,0.40625,96559.2884979248,48800,2,0.40625,8062896.803237915,5377,4276,2495,5056,2467,400,400,400,5395,400,400,400,5137,400,3441,400,400,400,400,400,1679,400,400,5345,400,2762,4908,2206,5348,5073,5059,2515,3.4482758045196533,3.4482758045196533,3.4482758045196533,3.4482758045196533,0,3.4482758045196533,0,0,0,0,0,0,3.3333334922790527,3.4482758045196533,0,0,0,0,0,0,0,0,3.4482758045196533,0,0,0,0,0,3.4482758045196533,0,0,0,20475,15889,36918,60,0,20475,13174,34213,63,0,66718990336,8589930496,22399672320,524288
199,1790685986904,443213.90168762207,3050,0,0.26875000000000004,91581.21501159668,16133.333333333334,2,0.625,93120.26435852051,16133.333333333334,2,0.625,95776.7095489502,16133.333333333334,2,0.625,98697.62356567383,16133.333333333334,2,0.625,90334.50273132324,16133.333333333334,2,0.625,88202.81655883789,16133.333333333334,2,0.4125000000000001,140502.47616577148,3050,0,0.26875000000000004,145487.65078735352,3050,0,0.26875000000000004,145809.4674987793,3050,2,0.26875000000000004,357001.04347229004,3050,2,0.26875000000000004,141281.70571899414,3050,2,0.26875000000000004,135418.46168518066,3050,2,0.26875000000000004,135499.85256958008,3050,2,0.26875000000000004,94406.5765838623,16133.333333333334,2,0.625,96559.33604431152,16133.333333333334,0,0.625,8062898.680099487,5377,4276,2495,5056,2467,400,400,400,5395,400,400,400,5137,400,3441,400,400,400,400,400,1679,400,400,5345,400,2762,4908,2206,5348,5073,5059,2515,3.4482758045196533,3.4482758045196533,3.4482758045196533,3.4482758045196533,0,3.4482758045196533,0,0,0,0,0,0,3.3333334922790527,3.4482758045196533,0,0,0,0,0,0,0,0,3.4482758045196533,0,0,0,0,0,3.4482758045196533,0,0,0,20475,15889,36918,60,0,20475,13174,34213,63,0,66718990336,8589930496,22406053888,524288
199,1790685987104,443215.04328918457,3050,0,0.30000000000000004,91581.53988647461,16133.333333333334,2,0.38749999999999996,93120.5969543457,16133.333333333334,2,0.38749999999999996,95777.03378295898,16133.333333333334,2,0.38749999999999996,98697.95024108887,16133.333333333334,2,0.38749999999999996,90334.82675170898,16133.333333333334,2,0.38749999999999996,88203.13648986816,16133.333333333334,2,0.38749999999999996,140502.9855041504,3050,2,0.30000000000000004,145488.17211914063,3050,2,0.30000000000000004,145809.9500579834,3050,0,0.30000000000000004,357001.56022644043,3050,0,0.30000000000000004,141282.21588134766,3050,0,0.30000000000000004,135418.947555542,3050,2,0.30000000000000004,135500.36087036133,3050,2,0.30000000000000004,94406.90483093262,16133.333333333334,2,0.38749999999999996,96560.03804016113,16133.333333333334,0,0.38749999999999996,8062920.309661865,5377,4276,2495,5056,2467,400,400,400,5395,400,400,400,5137,400,3441,400,400,400,400,400,1679,400,400,5345,400,2762,4908,2206,5348,5073,5059,2515,65.21739196777344,24,20.833332061767578,32,24,24,40,30.76923179626465,42.30769348144531,40,24,24,41.666664123535156,40,41.666664123535156,26.923078536987305,40,42.30769348144531,24,40,41.666664123535156,42.30769348144531,40,28,24,24,24,24,41.666664123535156,24,24,56,20475,15889,37890,64,60,20475,13174,34213,63,0,66718990336,8589930496,22562361344,524288
199,1790685987304,443215.9258880615,3050,0,0.2437499999999999,91581.71229553223,16133.333333333334,0,0.3999999999999999,93120.77067565918,16133.333333333334,0,0.3999999999999999,95777.20593261719,16133.333333333334,0,0.3999999999999999,98698.68190002441,16133.333333333334,0,0.3999999999999999,90334.9983215332,16133.333333333334,0,0.3999999999999999,88203.36457824707,16133.333333333334,2,0.3999999999999999,140503.2568359375,3050,0,0.2437499999999999,145488.42901611328,3050,0,0.2437499999999999,145810.2141265869,3050,0,0.2437499999999999,357001.83627319336,3050,0,0.2437499999999999,141282.48208618164,3050,0,0.2437499999999999,135419.2053375244,3050,0,0.2437499999999999,135500.63139343262,3050,0,0.2437499999999999,94407.08013916016,16133.333333333334,0,0.3999999999999999,96560.36972045898,16133.333333333334,0,0.3999999999999999,8062939.337753296,5377,4276,2495,5056,2467,400,400,400,5395,400,400,400,5137,400,3441,400,400,400,400,400,1679,400,400,5345,400,2762,4908,2206,5348,5073,5059,2515,65.21739196777344,24,20.833332061767578,32,24,24,40,30.76923179626465,42.30769348144531,40,24,24,41.666664123535156,40,41.666664123535156,26.923078536987305,40,42.30769348144531,24,40,41.666664123535156,42.30769348144531,40,28,24,24,24,24,41.666664123535156,24,24,56,20475,15889,53571,66,89,20475,13174,34213,63,0,66718990336,8589930496,22561800192,524288
199,1790685987504,443217.10733032227,48800,2,0.4375,91581.88346862793,16133.333333333334,2,0.40625,93120.94351196289,16133.333333333334,2,0.40625,95777.3780670166,16133.333333333334,0,0.40625,98699.38661193848,16133.333333333334,2,0.40625,90335.16870117188,16133.333333333334,2,0.40625,88203.42565917969,16133.333333333334,0,0.40625,140503.52279663086,48800,2,0.4375,145488.68725585938,48800,2,0.4375,145810.47366333008,48800,2,0.4375,357002.10569763184,48800,2,0.4375,141282.73832702637,48800,2,0.4375,135419.45600891113,48800,2,0.4375,135500.89210510254,48800,2,0.4375,94407.2547454834,16133.333333333334,2,0.40625,96560.61419677734,16133.333333333334,0,0.40625,8062958.369735718,5377,4276,2495,5056,2467,400,400,400,5395,400,400,400,5137,400,3441,400,400,400,400,400,1679,400,400,5345,400,2762,4908,2206,5348,5073,5059,2515,53.658538818359375,0,0,0,0,41.46341323852539,52.499996185302734,23.076923370361328,51.28205490112305,52.499996185302734,0,0,51.28205490112305,51.28205490112305,50,0,52.499996185302734,51.28205490112305,0,51.28205490112305,51.219512939453125,50,51.28205490112305,50,0,0,0,0,50,0,0,45,20475,15889,64883,66,90,20475,13174,34177,62,0,66718990336,8589930496,22564016128,524288
199,1790685987704,443217.7984161377,3050,0,0.28125,91582.05403137207,16133.333333333334,0,0.40625,93121.14814758301,16133.333333333334,0,0.40625,95777.58241271973,16133.333333333334,0,0.40625,98700.28468322754,16133.333333333334,0,0.40625,90335.33749389648,16133.333333333334,0,0.40625,88203.61863708496,16133.333333333334,2,0.40625,140503.8484802246,3050,2,0.28125,145488.95973205566,3050,2,0.28125,145810.79949951172,3050,2,0.28125,357002.37200927734,3050,2,0.28125,141282.99867248535,3050,2,0.28125,135419.7067565918,3050,2,0.28125,135501.16760253906,3050,0,0.28125,94407.43225097656,16133.333333333334,0,0.40625,96560.92202758789,16133.333333333334,0,0.40625,8062977.490768433,5377,4276,2495,5056,2467,400,400,400,5395,400,400,400,5137,400,3441,400,400,400,400,400,1679,400,400,5345,400,2762,4908,2206,5348,5073,5059,2515,53.658538818359375,0,0,0,0,41.46341323852539,52.499996185302734,23.076923370361328,51.28205490112305,52.499996185302734,0,0,51.28205490112305,51.28205490112305,50,0,52.499996185302734,51.28205490112305,0,51.28205490112305,51.219512939453125,50,51.28205490112305,50,0,0,0,0,50,0,0,45,20475,15889,73305,67,88,20475,13174,34177,62,0,66718990336,8589930496,22535868416,524288
199,1790685987904,443219.0105743408,3050,0,0.25,91582.23114013672,16133.333333333334,0,0.3999999999999999,93121.36306762695,16133.333333333334,0,0.3999999999999999,95777.75981140137,16133.333333333334,0,0.3999999999999999,98700.87561035156,16133.333333333334,0,0.3999999999999999,90335.51307678223,16133.333333333334,0,0.3999999999999999,88203.78637695313,16133.333333333334,0,0.3999999999999999,140504.1883392334,3050,0,0.25,145489.24543762207,3050,0,0.25,145811.0623626709,3050,0,0.25,357002.64266967773,3050,0,0.25,141283.26635742188,3050,0,0.25,135419.96899414063,3050,0,0.25,135501.4343109131,3050,0,0.25,94407.61517333984,16133.333333333334,0,0.3999999999999999,96561.19898986816,16133.333333333334,0,0.3999999999999999,8062997.06741333,5377,4276,2495,5056,2467,400,400,400,5395,400,400,400,5137,400,3441,400,400,400,400,400,1679,400,400,5345,400,2762,4908,2206,5348,5073,5059,2515,53.84615707397461,47.5,0,0,2.5,45,50,12.5,35,2.5,46.34146499633789,42.5,12.5,5,51.219512939453125,0,50,51.219512939453125,0,50,50,51.28205490112305,50,20,0,0,43.90243911743164,2.4390242099761963,50,2.5,0,57.5,20475,15889,79647,67,91,20475,13174,34177,62,0,66718990336,8589930496,22538080256,524288
199,1790685988104,443221.071975708,3050,0,0.23750000000000004,91582.38562011719,48800,2,0.59375,93121.54797363281,48800,2,0.59375,95777.91319274902,16133.333333333334,2,0.54375,98701.02976989746,16133.333333333334,2,0.54375,90335.66561889648,16133.333333333334,2,0.54375,88203.99272155762,16133.333333333334,2,0.54375,140504.52027893066,3050,2,0.23750000000000004,145489.5076904297,3050,2,0.23750000000000004,145811.3828277588,3050,0,0.23750000000000004,357002.92098999023,3050,2,0.23750000000000004,141283.52445983887,3050,2,0.23750000000000004,135420.22148132324,3050,2,0.23750000000000004,135501.69277954102,3050,2,0.23750000000000004,94407.77532958984,48800,2,0.59375,96561.3529510498,48800,2,0.59375,8063016.842834473,5377,4276,2495,5056,2467,400,400,400,5395,400,400,400,5137,400,3441,400,400,400,400,400,1679,400,400,5345,400,2762,4908,2206,5348,5073,5059,2515,100,47.619049072265625,0,0,0,0,47.619049072265625,50,0,0,45,47.619049072265625,0,10,47.36842346191406,0,45,47.36842346191406,0,50,47.36842346191406,47.619049072265625,47.619049072265625,14.285715103149414,0,0,50,0,50,0,0,50,20475,15889,124502,68,92,20475,13174,34177,62,0,66718990336,8589930496,22537605120,524288
199,1790685988304,443223.1384277344,3050,0,0.2437499999999999,91582.54780578613,16133.333333333334,0,0.3999999999999999,93121.74403381348,16133.333333333334,0,0.3999999999999999,95778.07485961914,16133.333333333334,0,0.3999999999999999,98701.19050598145,16133.333333333334,0,0.3999999999999999,90335.82762145996,16133.333333333334,0,0.3999999999999999,88204.21319580078,16133.333333333334,0,0.3999999999999999,140504.87158203125,3050,0,0.2437499999999999,145489.8077392578,3050,0,0.2437499999999999,145811.6436767578,3050,0,0.2437499999999999,357003.25494384766,3050,0,0.2437499999999999,141283.7943725586,3050,0,0.2437499999999999,135420.48587036133,3050,0,0.2437499999999999,135501.9630432129,3050,0,0.2437499999999999,94407.94418334961,16133.333333333334,0,0.3999999999999999,96561.51362609863,16133.333333333334,0,0.3999999999999999,8063036.822601318,5377,4276,2495,5056,2467,400,400,400,5395,400,400,400,5137,400,3441,400,400,400,400,400,1679,400,400,5345,400,2762,4908,2206,5348,5073,5059,2515,100,52.6315803527832,0,0,0,0,52.6315803527832,50,0,0,55,52.6315803527832,0,10,52.38095474243164,0,55,50,0,50,52.38095474243164,50,52.6315803527832,0,0,0,55,0,50,0,0,50,20475,15889,127692,68,92,20475,13174,34177,62,0,66718990336,8589930496,22537048064,524288
199,1790685988505,443225.21563720703,3050,0,0.23124999999999996,91582.70712280273,16133.333333333334,2,0.925,93121.93653869629,16133.333333333334,2,0.925,95778.23532104492,16133.333333333334,0,0.925,98701.34794616699,16133.333333333334,2,0.925,90335.98580932617,16133.333333333334,2,0.925,88204.42666625977,16133.333333333334,2,0.925,140505.21591186523,3050,2,0.23124999999999996,145490.1610107422,3050,2,0.23124999999999996,145811.90214538574,3050,2,0.23124999999999996,357003.5992126465,3050,0,0.23124999999999996,141284.11170959473,3050,2,0.23124999999999996,135420.74807739258,3050,2,0.23124999999999996,135502.22679138184,3050,2,0.23124999999999996,94408.1082611084,16133.333333333334,2,0.925,96561.67054748535,16133.333333333334,2,0.925,8063056.859802246,5377,4276,2495,5056,2467,400,400,400,5395,400,400,400,5137,400,3441,400,400,400,400,400,1679,400,400,5345,400,2762,4908,2206,5348,5073,5059,2515,100,50,0,0,0,0,50,50,0,0,50,47.619049072265625,0,15.000000953674316,50,0,50,52.38095474243164,0,50,50,50,50,0,0,0,50,0,50,0,0,50,20475,15889,128022,68,92,20475,13174,34317,62,0,66718990336,8589930496,22536343552,524288
199,1790685988705,443227.3017272949,3050,0,0.2437499999999999,91582.89440917969,16133.333333333334,0,0.40625,93122.14068603516,16133.333333333334,0,0.40625,95778.40766906738,16133.333333333334,0,0.40625,98701.5443725586,16133.333333333334,0,0.40625,90336.14738464355,16133.333333333334,0,0.40625,88204.58770751953,16133.333333333334,2,0.40625,140505.5763092041,3050,0,0.2437499999999999,145490.5265045166,3050,0,0.2437499999999999,145812.1690826416,3050,0,0.2437499999999999,357003.9817504883,3050,0,0.2437499999999999,141284.47039794922,3050,0,0.2437499999999999,135421.00437927246,3050,0,0.2437499999999999,135502.49504089355,3050,0,0.2437499999999999,94408.27616882324,16133.333333333334,0,0.40625,96561.8486328125,16133.333333333334,0,0.40625,8063077.140945435,5377,4276,2495,5056,2467,400,400,400,5395,400,400,400,5137,400,3441,400,400,400,400,400,1679,400,400,5345,400,2762,4908,2206,5348,5073,5059,2515,100,50,0,0,0,0,50,50,0,0,50,47.619049072265625,0,15.000000953674316,50,0,50,52.38095474243164,0,50,50,50,50,0,0,0,50,0,50,0,0,50,20475,15889,128280,68,91,20475,13174,34317,62,0,66718990336,8589930496,22528823296,524288
199,1790685988905,443229.41400146484,3050,0,0.23124999999999996,91583.1275024414,48800,2,0.93125,93122.34457397461,48800,2,0.93125,95778.58296203613,48800,2,0.93125,98701.71159362793,48800,2,0.93125,90336.31517028809,48800,2,0.93125,88204.72337341309,48800,2,0.93125,140505.94387817383,3050,2,0.23124999999999996,145490.9012145996,3050,2,0.23124999999999996,145812.44198608398,3050,2,0.23124999999999996,357004.32946777344,3050,2,0.23124999999999996,141284.8391418457,3050,2,0.23124999999999996,135421.28233337402,3050,2,0.23124999999999996,135502.77363586426,3050,2,0.23124999999999996,94408.44987487793,48800,2,0.93125,96562.01667785645,48800,2,0.93125,8063097.454086304,5377,4276,2495,5056,2467,400,400,400,5395,400,400,400,5137,400,3441,400,400,400,400,400,1679,400,400,5345,400,2762,4908,2206,5348,5073,5059,2515,52.499996185302734,50,42.5,0,0,5,50,34.14634323120117,65,2.4390242099761963,7.317072868347168,51.28205490112305,51.219512939453125,52.499996185302734,50,0,50,50,0,4.761904716491699,50,51.28205490112305,51.219512939453125,0,0,0,17.5,0,50,0,0,50,20475,15889,128509,69,92,20475,13174,34317,62,0,66718990336,8589930496,22533832704,524288
199,1790685989105,443231.53663635254,3050,0,0.23750000000000004,91583.32975769043,16133.333333333334,0,0.60625,93122.5235748291,16133.333333333334,0,0.60625,95778.73373413086,16133.333333333334,0,0.60625,98701.85835266113,16133.333333333334,0,0.60625,90336.46287536621,16133.333333333334,0,0.60625,88204.92370605469,16133.333333333334,0,0.60625,140506.2702178955,3050,0,0.23750000000000004,145491.23908996582,3050,0,0.23750000000000004,145812.69102478027,3050,0,0.23750000000000004,357004.6582336426,3050,0,0.23750000000000004,141285.17085266113,3050,0,0.23750000000000004,135421.52868652344,3050,0,0.23750000000000004,135503.02659606934,3050,0,0.23750000000000004,94408.60545349121,16133.333333333334,0,0.60625,96562.1662902832,16133.333333333334,0,0.60625,8063117.179397583,5377,4276,2495,5056,2467,400,400,400,5395,400,400,400,5137,400,3441,400,400,400,400,400,1679,400,400,5345,400,2762,4908,2206,5348,5073,5059,2515,52.499996185302734,50,42.5,0,0,5,50,34.14634323120117,65,2.4390242099761963,7.317072868347168,51.28205490112305,51.219512939453125,52.499996185302734,50,0,50,50,0,4.761904716491699,50,51.28205490112305,51.219512939453125,0,0,0,17.5,0,50,0,0,50,20475,15889,128757,68,91,20475,13174,34317,62,0,66718990336,8589930496,22534078464,524288
199,1790685989305,443233.65852355957,3050,0,0.23124999999999996,91583.56869506836,16133.333333333334,0,0.3999999999999999,93122.73558044434,16133.333333333334,0,0.3999999999999999,95778.91239929199,16133.333333333334,0,0.3999999999999999,98702.03221130371,16133.333333333334,0,0.3999999999999999,90336.63739013672,16133.333333333334,0,0.3999999999999999,88205.15979003906,16133.333333333334,0,0.3999999999999999,140506.64346313477,3050,0,0.23124999999999996,145491.60340881348,3050,0,0.23124999999999996,145812.97717285156,3050,0,0.23124999999999996,357005.0146179199,3050,0,0.23124999999999996,141285.54579162598,3050,0,0.23124999999999996,135421.8172302246,3050,0,0.23124999999999996,135503.3202972412,3050,0,0.23124999999999996,94408.78796386719,16133.333333333334,0,0.3999999999999999,96562.34297180176,16133.333333333334,0,0.3999999999999999,8063137.625152588,5377,4276,2495,5056,2467,400,400,400,5395,400,400,400,5137,400,3441,400,400,400,400,400,1679,400,400,5345,400,2762,4908,2206,5348,5073,5059,2515,0,50,50,0,0,0,50,51.28205490112305,100,0,0,50,51.28205490112305,50,50,0,50,50,0,0,50,50,50,0,0,0,10,0,51.219512939453125,0,0,50,20475,15889,128627,68,91,20475,13174,34317,62,0,66718990336,8589930496,22534074368,524288
199,1790685989505,443235.7847290039,3050,0,0.23124999999999996,91583.77168273926,48800,2,0.625,93122.91413879395,48800,2,0.625,95779.0629119873,48800,2,0.625,98702.17886352539,48800,2,0.625,90336.78511047363,48800,2,0.625,88205.35862731934,48800,2,0.625,140506.9663696289,3050,2,0.23124999999999996,145491.91151428223,3050,2,0.23124999999999996,145813.23258972168,3050,2,0.23124999999999996,357005.34339904785,3050,2,0.23124999999999996,141285.87284851074,3050,0,0.23124999999999996,135422.06661987305,3050,2,0.23124999999999996,135503.57907104492,3050,2,0.23124999999999996,94408.94424438477,16133.333333333334,0,0.93125,96562.49250793457,48800,2,0.625,8063157.596694946,5377,4276,2495,5056,2467,400,400,400,5395,400,400,400,5137,400,3441,400,400,400,400,400,1679,400,400,5345,400,2762,4908,2206,5348,5073,5059,2515,0,50,45,0,0,0,47.619049072265625,45,100,0,0,45,45,45,47.36842346191406,0,45,45,0,0,47.36842346191406,47.619049072265625,45,0,0,0,10,0,47.36842346191406,0,0,47.36842346191406,20475,15889,128587,68,92,20475,13174,34307,62,0,66718990336,8589930496,22534074368,524288
199,1790685989705,443237.9087524414,3050,0,0.23750000000000004,91584.01210021973,16133.333333333334,0,0.3999999999999999,93123.10362243652,16133.333333333334,0,0.3999999999999999,95779.28842163086,16133.333333333334,0,0.3999999999999999,98702.35716247559,16133.333333333334,0,0.3999999999999999,90336.96574401855,16133.333333333334,0,0.3999999999999999,88205.59550476074,16133.333333333334,0,0.3999999999999999,140507.33168029785,3050,0,0.23750000000000004,145492.26106262207,3050,0,0.23750000000000004,145813.51641845703,3050,0,0.23750000000000004,357005.6945953369,3050,0,0.23750000000000004,141286.2442932129,3050,0,0.23750000000000004,135422.34469604492,3050,0,0.23750000000000004,135503.87030029297,3050,0,0.23750000000000004,94409.19004821777,16133.333333333334,0,0.3999999999999999,96562.67422485352,16133.333333333334,0,0.3999999999999999,8063178.06388855,5377,4276,2495,5056,2467,400,400,400,5395,400,400,400,5137,400,3441,400,400,400,400,400,1679,400,400,5345,400,2762,4908,2206,5348,5073,5059,2515,0,50,45,0,0,0,47.619049072265625,45,100,0,0,45,45,45,47.36842346191406,0,45,45,0,0,47.36842346191406,47.619049072265625,45,0,0,0,10,0,47.36842346191406,0,0,47.36842346191406,20475,15889,128638,68,92,20475,13174,34307,62,0,66718990336,8589930496,22549147648,524288
199,1790685989905,443240.04486083984,3050,0,0.23124999999999996,91584.22036743164,48800,2,0.56875,93123.25605773926,48800,2,0.56875,95779.45246887207,48800,2,0.56875,98702.51791381836,48800,2,0.56875,90337.12435913086,48800,2,0.56875,88205.80123901367,48800,2,0.56875,140507.66749572754,3050,2,0.23124999999999996,145492.60591125488,3050,2,0.23124999999999996,145813.78019714355,3050,2,0.23124999999999996,357006.0300292969,3050,2,0.23124999999999996,141286.5896911621,3050,0,0.23124999999999996,135422.61476135254,3050,2,0.23124999999999996,135504.12692260742,3050,0,0.23124999999999996,94409.39904785156,48800,2,0.56875,96562.83352661133,48800,2,0.56875,8063198.241577148,5377,4276,2495,5056,2467,400,400,400,5395,400,400,400,5137,400,3441,400,400,400,400,400,1679,400,400,5345,400,2762,4908,2206,5348,5073,5059,2515,0,50,50,0,25,0,50,50,100,0,0,51.219512939453125,50,50,50,0,50,51.28205490112305,2.5,0,51.219512939453125,32.5,50,0,0,0,12.5,0,50,2.4390242099761963,2.5,50,20475,15889,128656,68,92,20475,13174,34307,62,0,66718990336,8589930496,22537396224,524288
199,1790685990105,443242.13830566406,3050,0,0.23750000000000004,91584.43737792969,16133.333333333334,0,0.40625,93123.4157409668,16133.333333333334,0,0.40625,95779.61763000488,16133.333333333334,0,0.40625,98702.67994689941,16133.333333333334,0,0.40625,90337.28857421875,16133.333333333334,0,0.40625,88206.02333068848,16133.333333333334,0,0.40625,140508.01808166504,3050,0,0.23750000000000004,145492.96224975586,3050,0,0.23750000000000004,145814.0635986328,3050,0,0.23750000000000004,357006.3693084717,3050,0,0.23750000000000004,141286.95176696777,3050,0,0.23750000000000004,135422.88514709473,3050,0,0.23750000000000004,135504.3973388672,3050,0,0.23750000000000004,94409.62033081055,16133.333333333334,0,0.40625,96562.99333190918,16133.333333333334,0,0.40625,8063218.358001709,5377,4276,2495,5056,2467,400,400,400,5395,400,400,400,5137,400,3441,400,400,400,400,400,1679,400,400,5345,400,2762,4908,2206,5348,5073,5059,2515,0,50,50,0,25,0,50,50,100,0,0,51.219512939453125,50,50,50,0,50,51.28205490112305,2.5,0,51.219512939453125,32.5,50,0,0,0,12.5,0,50,2.4390242099761963,2.5,50,20475,15889,128306,68,88,20475,13174,34307,62,0,66718990336,8589930496,22537117696,524288
199,1790685990305,443244.2720336914,3050,0,0.23124999999999996,91584.66073608398,48800,2,0.925,93123.57914733887,48800,2,0.925,95779.78552246094,48800,2,0.925,98702.84349060059,48800,2,0.925,90337.45169067383,48800,2,0.925,88206.24655151367,48800,2,0.925,140508.38201904297,3050,2,0.23124999999999996,145493.2615966797,3050,0,0.23124999999999996,145814.3472442627,3050,0,0.23124999999999996,357006.725189209,3050,0,0.23124999999999996,141287.3122253418,3050,2,0.23124999999999996,135423.16162109375,3050,2,0.23124999999999996,135504.66914367676,3050,2,0.23124999999999996,94409.84423828125,48800,2,0.925,96563.15661621094,48800,2,0.925,8063238.499832153,5377,4276,2495,5056,2467,400,400,400,5395,400,400,400,5137,400,3441,400,400,400,400,400,1679,400,400,5345,400,2762,4908,2206,5348,5073,5059,2515,0,51.219512939453125,52.499996185302734,0,50,0,51.28205490112305,52.499996185302734,100,0,0,51.28205490112305,51.219512939453125,52.499996185302734,51.219512939453125,0,52.499996185302734,51.219512939453125,0,0,50,0,52.499996185302734,0,0,0,12.5,0,51.219512939453125,0,0,51.219512939453125,20475,15889,128341,69,92,20475,13174,34307,62,0,66718990336,8589930496,22537117696,524288
199,1790685990505,443246.28048706055,3050,0,0.25,91584.86152648926,16133.333333333334,0,0.40625,93123.72874450684,16133.333333333334,0,0.40625,95779.93762207031,16133.333333333334,0,0.40625,98702.99183654785,16133.333333333334,0,0.40625,90337.60144042969,16133.333333333334,0,0.40625,88206.45056152344,16133.333333333334,0,0.40625,140508.72857666016,3050,0,0.25,145493.53497314453,3050,0,0.25,145814.60606384277,3050,0,0.25,357007.1266479492,3050,0,0.25,141287.64178466797,3050,0,0.25,135423.42066955566,3050,0,0.25,135504.92073059082,3050,0,0.25,94410.0454864502,16133.333333333334,0,0.40625,96563.30310058594,16133.333333333334,0,0.40625,8063258.263397217,5377,4276,2495,5056,2467,400,400,400,5395,400,400,400,5137,400,3441,400,400,400,400,400,1679,400,400,5345,400,2762,4908,2206,5348,5073,5059,2515,0,51.219512939453125,52.499996185302734,0,50,0,51.28205490112305,52.499996185302734,100,0,0,51.28205490112305,51.219512939453125,52.499996185302734,51.219512939453125,0,52.499996185302734,51.219512939453125,0,0,50,0,52.499996185302734,0,0,0,12.5,0,51.219512939453125,0,0,51.219512939453125,20475,15889,128487,69,91,20475,13174,34321,62,0,66718990336,8589930496,22537117696,524288
199,1790685990705,443247.55059814453,3050,0,0.23124999999999996,91585.10124206543,16133.333333333334,0,0.3999999999999999,93123.9158782959,16133.333333333334,0,0.3999999999999999,95780.1185760498,16133.333333333334,0,0.3999999999999999,98703.17092895508,16133.333333333334,0,0.3999999999999999,90337.78053283691,16133.333333333334,0,0.3999999999999999,88206.69389343262,16133.333333333334,0,0.3999999999999999,140509.05799865723,3050,0,0.23124999999999996,145494.22006225586,3050,0,0.23124999999999996,145814.9550628662,3050,0,0.23124999999999996,357007.93086242676,3050,0,0.23124999999999996,141288.01889038086,3050,0,0.23124999999999996,135423.7029876709,3050,0,0.23124999999999996,135505.2322845459,3050,0,0.23124999999999996,94410.28846740723,16133.333333333334,0,0.3999999999999999,96563.50686645508,16133.333333333334,0,0.3999999999999999,8063278.883560181,5377,4276,2495,5056,2467,400,400,400,5395,400,400,400,5137,400,3441,400,400,400,400,400,1679,400,400,5345,400,2762,4908,2206,5348,5073,5059,2515,32.5,51.28205490112305,50,0,50,0,50,50,47.5,0,0,50,55,50,46.153846740722656,0,50,50,0,0,51.28205490112305,0,51.219512939453125,10,0,0,25.641027450561523,7.317072868347168,46.153846740722656,0,0,51.28205490112305,20475,15889,128442,69,91,20475,13174,34321,62,0,66718990336,8589930496,22510333952,524288
199,1790685990905,443249.65364074707,3050,0,0.23124999999999996,91585.31727600098,48800,2,0.925,93124.09519958496,48800,2,0.925,95780.27420043945,48800,2,0.925,98703.35054016113,48800,2,0.925,90337.95536804199,48800,2,0.925,88206.88618469238,48800,2,0.925,140509.33451843262,3050,2,0.23124999999999996,145494.50233459473,3050,0,0.23124999999999996,145815.3584136963,3050,0,0.23124999999999996,357008.21382141113,3050,0,0.23124999999999996,141288.3385925293,3050,0,0.23124999999999996,135423.95626831055,3050,2,0.23124999999999996,135505.48016357422,3050,0,0.23124999999999996,94410.52262878418,48800,2,0.925,96563.68537902832,48800,2,0.925,8063299.093185425,5377,4276,2495,5056,2467,400,400,400,5395,400,400,400,5137,400,3441,400,400,400,400,400,1679,400,400,5345,400,2762,4908,2206,5348,5073,5059,2515,100,45,45,0,47.36842346191406,31.57894515991211,27.272727966308594,45,0,0,10,45,36.842105865478516,45,47.619049072265625,0,45,47.36842346191406,0,0,45,0,20,10,25,0,0,0,45,0,10,54.54545593261719,20475,15889,128497,69,92,20475,13174,34321,62,0,66718990336,8589930496,22523142144,524288
199,1790685991105,443251.74685668945,3050,0,0.23750000000000004,91585.55293273926,16133.333333333334,0,0.3999999999999999,93124.26635742188,16133.333333333334,0,0.3999999999999999,95780.46179199219,16133.333333333334,0,0.3999999999999999,98703.51936340332,16133.333333333334,0,0.3999999999999999,90338.12474060059,16133.333333333334,0,0.3999999999999999,88207.10284423828,16133.333333333334,0,0.3999999999999999,140509.6318359375,3050,0,0.23750000000000004,145494.80891418457,3050,0,0.23750000000000004,145815.73303222656,3050,0,0.23750000000000004,357008.5612792969,3050,0,0.23750000000000004,141288.62187194824,3050,0,0.23750000000000004,135424.236618042,3050,0,0.23750000000000004,135505.75917053223,3050,0,0.23750000000000004,94410.77349853516,16133.333333333334,0,0.3999999999999999,96563.8576965332,16133.333333333334,0,0.3999999999999999,8063319.425827026,5377,4276,2495,5056,2467,400,400,400,5395,400,400,400,5137,400,3441,400,400,400,400,400,1679,400,400,5345,400,2762,4908,2206,5348,5073,5059,2515,100,45,45,0,47.36842346191406,31.57894515991211,27.272727966308594,45,0,0,10,45,36.842105865478516,45,47.619049072265625,0,45,47.36842346191406,0,0,45,0,20,10,25,0,0,0,45,0,10,54.54545593261719,20475,15889,128508,69,92,20475,13174,34321,62,0,66718990336,8589930496,22525325312,524288
199,1790685991305,443253.8957519531,3050,0,0.22499999999999987,91585.77221679688,16133.333333333334,2,0.93125,93124.41668701172,16133.333333333334,2,0.93125,95780.6109008789,16133.333333333334,0,0.93125,98703.66886901855,16133.333333333334,0,0.93125,90338.27372741699,16133.333333333334,2,0.93125,88207.2915802002,16133.333333333334,2,0.93125,140509.92100524902,3050,2,0.22499999999999987,145495.10173034668,3050,2,0.22499999999999987,145816.09559631348,3050,0,0.22499999999999987,357008.8785247803,3050,2,0.22499999999999987,141288.88371276855,3050,2,0.22499999999999987,135424.49006652832,3050,2,0.22499999999999987,135506.01011657715,3050,2,0.22499999999999987,94410.97412109375,16133.333333333334,2,0.93125,96564.00508117676,16133.333333333334,2,0.93125,8063339.438674927,5377,4276,2495,5056,2467,400,400,400,5395,400,400,400,5137,400,3441,400,400,400,400,400,1679,400,400,5345,400,2762,4908,2206,5348,5073,5059,2515,70,52.499996185302734,50,0,52.38095474243164,50,0,50,31.707317352294922,2.4390242099761963,50,51.219512939453125,0,51.219512939453125,50,0,50,51.219512939453125,0,0,50,0,0,2.5641026496887207,51.28205490112305,0,0,0,51.28205490112305,0,2.5,51.28205490112305,20475,15889,128850,69,92,20475,13174,34321,62,0,66718990336,8589930496,22527070208,524288
199,1790685991505,443256.0701751709,3050,0,0.23750000000000004,91585.99610900879,16133.333333333334,0,0.3999999999999999,93124.58390808105,16133.333333333334,0,0.3999999999999999,95780.77606201172,16133.333333333334,0,0.3999999999999999,98703.83435058594,16133.333333333334,0,0.3999999999999999,90338.43943786621,16133.333333333334,0,0.3999999999999999,88207.49967956543,16133.333333333334,0,0.3999999999999999,140510.1930999756,3050,0,0.23750000000000004,145495.39529418945,3050,0,0.23750000000000004,145816.45039367676,3050,0,0.23750000000000004,357009.23110961914,3050,0,0.23750000000000004,141289.16026306152,3050,0,0.23750000000000004,135424.7621459961,3050,0,0.23750000000000004,135506.27729797363,3050,0,0.23750000000000004,94411.19593811035,16133.333333333334,0,0.3999999999999999,96564.16793823242,16133.333333333334,0,0.3999999999999999,8063359.523895264,5377,4276,2495,5056,2467,400,400,400,5395,400,400,400,5137,400,3441,400,400,400,400,400,1679,400,400,5345,400,2762,4908,2206,5348,5073,5059,2515,70,52.499996185302734,50,0,52.38095474243164,50,0,50,31.707317352294922,2.4390242099761963,50,51.219512939453125,0,51.219512939453125,50,0,50,51.219512939453125,0,0,50,0,0,2.5641026496887207,51.28205490112305,0,0,0,51.28205490112305,0,2.5,51.28205490112305,20475,15889,128887,69,92,20475,13174,34305,61,0,66718990336,8589930496,22519328768,524288
199,1790685991706,443258.2057647705,3050,0,0.23124999999999996,91586.22050476074,16133.333333333334,0,0.6,93124.78884887695,16133.333333333334,0,0.6,95780.99334716797,16133.333333333334,0,0.6,98704.0005493164,16133.333333333334,0,0.6,90338.60620117188,16133.333333333334,2,0.6,88207.7064819336,16133.333333333334,2,0.6,140510.4630432129,3050,2,0.23124999999999996,145495.6962890625,3050,2,0.23124999999999996,145816.8010559082,3050,0,0.23124999999999996,357009.58015441895,3050,0,0.23124999999999996,141289.43701171875,3050,0,0.23124999999999996,135425.0429840088,3050,2,0.23124999999999996,135506.5520172119,3050,0,0.23124999999999996,94411.43188476563,16133.333333333334,0,0.6,96564.32518005371,16133.333333333334,2,0.6,8063379.752700806,5377,4276,2495,5056,2467,400,400,400,5395,400,400,400,5137,400,3441,400,400,400,400,400,1679,400,400,5345,400,2762,4908,2206,5348,5073,5059,2515,0,50,52.499996185302734,0,51.28205490112305,51.219512939453125,0,50,100,0,51.28205490112305,50,2.4390242099761963,50,50,0,52.499996185302734,50,0,0,51.219512939453125,0,0,0,50,0,12.5,0,50,0,0,50,20475,15889,128829,69,92,20475,13174,34305,61,0,66718990336,8589930496,22525927424,524288
199,1790685991906,443260.3321990967,3050,0,0.23750000000000004,91586.4436340332,16133.333333333334,0,0.3999999999999999,93124.98469543457,16133.333333333334,0,0.3999999999999999,95781.15803527832,16133.333333333334,0,0.3999999999999999,98704.18687438965,16133.333333333334,0,0.3999999999999999,90338.79244995117,16133.333333333334,0,0.3999999999999999,88207.91789245605,16133.333333333334,0,0.3999999999999999,140510.7306213379,3050,0,0.23750000000000004,145495.9880218506,3050,0,0.23750000000000004,145817.14297485352,3050,0,0.23750000000000004,357009.92964172363,3050,0,0.23750000000000004,141289.7272796631,3050,0,0.23750000000000004,135425.31979370117,3050,0,0.23750000000000004,135506.8154449463,3050,0,0.23750000000000004,94411.66484069824,16133.333333333334,0,0.3999999999999999,96564.49833679199,16133.333333333334,0,0.3999999999999999,8063400.100143433,5377,4276,2495,5056,2467,400,400,400,5395,400,400,400,5137,400,3441,400,400,400,400,400,1679,400,400,5345,400,2762,4908,2206,5348,5073,5059,2515,0,50,52.499996185302734,0,51.28205490112305,51.219512939453125,0,50,100,0,51.28205490112305,50,2.4390242099761963,50,50,0,52.499996185302734,50,0,0,51.219512939453125,0,0,0,50,0,12.5,0,50,0,0,50,20475,15889,128862,69,92,20475,13174,34305,61,0,66718990336,8589930496,22532435968,524288
199,1790685992106,443262.45739746094,3050,0,0.23124999999999996,91586.66598510742,16133.333333333334,2,0.925,93125.14863586426,16133.333333333334,2,0.925,95781.32104492188,16133.333333333334,0,0.925,98704.34829711914,16133.333333333334,2,0.925,90338.95513916016,16133.333333333334,2,0.925,88208.12417602539,16133.333333333334,2,0.925,140511.00520324707,3050,2,0.23124999999999996,145496.28442382813,3050,2,0.23124999999999996,145817.4948425293,3050,2,0.23124999999999996,357010.28004455566,3050,0,0.23124999999999996,141290.0849456787,3050,2,0.23124999999999996,135425.6002960205,3050,2,0.23124999999999996,135507.08631896973,3050,2,0.23124999999999996,94411.82870483398,48800,2,0.925,96564.66172790527,16133.333333333334,2,0.925,8063420.311859131,5377,4276,2495,5056,2467,400,400,400,5395,400,400,400,5137,400,3441,400,400,400,400,400,1679,400,400,5345,400,2762,4908,2206,5348,5073,5059,2515,0,51.219512939453125,50,0,50,51.28205490112305,43.589744567871094,51.219512939453125,100,0,50,51.28205490112305,0,50,50,0,50,50,0,0,50,0,0,0,12.195121765136719,0,14.634145736694336,0,50,0,4.878048419952393,50,20475,15889,128843,69,92,20475,13174,34305,61,0,66718990336,8589930496,22530670592,524288
199,1790685992306,443264.58039855957,3050,0,0.23750000000000004,91586.87269592285,16133.333333333334,0,0.40625,93125.3013305664,16133.333333333334,0,0.40625,95781.47346496582,16133.333333333334,0,0.40625,98704.49903869629,16133.333333333334,0,0.40625,90339.1068725586,16133.333333333334,0,0.40625,88208.31628417969,16133.333333333334,0,0.40625,140511.26860046387,3050,0,0.23750000000000004,145496.5817565918,3050,0,0.23750000000000004,145817.86112976074,3050,0,0.23750000000000004,357010.60331726074,3050,0,0.23750000000000004,141290.41607666016,3050,0,0.23750000000000004,135425.86260986328,3050,0,0.23750000000000004,135507.33813476563,3050,0,0.23750000000000004,94411.97932434082,16133.333333333334,0,0.40625,96564.8136138916,16133.333333333334,0,0.40625,8063440.124130249,5377,4276,2495,5056,2467,400,400,400,5395,400,400,400,5137,400,3441,400,400,400,400,400,1679,400,400,5345,400,2762,4908,2206,5348,5073,5059,2515,0,51.219512939453125,50,0,50,51.28205490112305,43.589744567871094,51.219512939453125,100,0,50,51.28205490112305,0,50,50,0,50,50,0,0,50,0,0,0,12.195121765136719,0,14.634145736694336,0,50,0,4.878048419952393,50,20475,15889,128935,70,91,20475,13174,34305,61,0,66718990336,8589930496,22530928640,524288
199,1790685992506,443266.7074737549,3050,0,0.23124999999999996,91587.10612487793,48800,2,0.39375000000000004,93125.47521972656,48800,2,0.39375000000000004,95781.64421081543,48800,2,0.39375000000000004,98704.66844177246,48800,2,0.39375000000000004,90339.27890014648,48800,2,0.39375000000000004,88208.53329467773,48800,2,0.39375000000000004,140511.54837036133,3050,2,0.23124999999999996,145496.8943786621,3050,2,0.23124999999999996,145818.22413635254,3050,2,0.23124999999999996,357010.95861816406,3050,2,0.23124999999999996,141290.78298950195,3050,2,0.23124999999999996,135426.15391540527,3050,2,0.23124999999999996,135507.61782836914,3050,2,0.23124999999999996,94412.14926147461,48800,2,0.39375000000000004,96564.98651123047,48800,2,0.39375000000000004,8063460.422790527,5377,4276,2495,5056,2467,400,400,400,5395,400,400,400,5137,400,3441,400,400,400,400,400,1679,400,400,5345,400,2762,4908,2206,5348,5073,5059,2515,0,51.28205490112305,50,0,50,50,51.219512939453125,51.28205490112305,100,0,51.219512939453125,50,0,51.28205490112305,51.28205490112305,0,50,50,0,0,51.28205490112305,0,0,4.878048419952393,0,0,10.256410598754883,2.4390242099761963,51.219512939453125,0,0,50,20475,15889,128815,69,91,20475,13174,34211,61,0,66718990336,8589930496,22530928640,524288
199,1790685992706,443268.8364868164,3050,0,0.22499999999999987,91587.31382751465,48800,2,0.925,93125.64334106445,48800,2,0.925,95781.80648803711,48800,2,0.925,98704.82949829102,48800,2,0.925,90339.43891906738,48800,2,0.925,88208.7350769043,48800,2,0.925,140511.81015014648,3050,2,0.22499999999999987,145497.19680786133,3050,0,0.22499999999999987,145818.56300354004,3050,2,0.22499999999999987,357011.2874908447,3050,2,0.22499999999999987,141291.1286468506,3050,0,0.22499999999999987,135426.43377685547,3050,2,0.22499999999999987,135507.92652893066,3050,2,0.22499999999999987,94412.33020019531,48800,2,0.925,96565.14643859863,48800,2,0.925,8063480.608825684,5377,4276,2495,5056,2467,400,400,400,5395,400,400,400,5137,400,3441,400,400,400,400,400,1679,400,400,5345,400,2762,4908,2206,5348,5073,5059,2515,0,45,47.619049072265625,0,47.619049072265625,47.36842346191406,47.36842346191406,45,100,0,45,47.619049072265625,4.761904716491699,47.619049072265625,47.619049072265625,0,45,50,0,0,47.619049072265625,0,0,0,0,0,10,0,45,0,5,50,20475,15889,128782,69,91,20475,13174,34211,61,0,66718990336,8589930496,22524284928,524288
199,1790685992906,443270.96354675293,3050,0,0.23750000000000004,91587.52981567383,16133.333333333334,0,0.3999999999999999,93125.81436157227,16133.333333333334,0,0.3999999999999999,95781.97477722168,16133.333333333334,0,0.3999999999999999,98704.9966583252,16133.333333333334,0,0.3999999999999999,90339.6063079834,16133.333333333334,0,0.3999999999999999,88208.95515441895,16133.333333333334,0,0.3999999999999999,140512.09072875977,3050,0,0.23750000000000004,145497.51641845703,3050,0,0.23750000000000004,145818.96084594727,3050,0,0.23750000000000004,357011.6371307373,3050,0,0.23750000000000004,141291.53968811035,3050,0,0.23750000000000004,135426.73077392578,3050,0,0.23750000000000004,135508.2638092041,3050,0,0.23750000000000004,94412.50149536133,16133.333333333334,0,0.3999999999999999,96565.31355285645,16133.333333333334,0,0.3999999999999999,8063500.957443237,5377,4276,2495,5056,2467,400,400,400,5395,400,400,400,5137,400,3441,400,400,400,400,400,1679,400,400,5345,400,2762,4908,2206,5348,5073,5059,2515,0,45,47.619049072265625,0,47.619049072265625,47.36842346191406,47.36842346191406,45,100,0,45,47.619049072265625,4.761904716491699,47.619049072265625,47.619049072265625,0,45,50,0,0,47.619049072265625,0,0,0,0,0,10,0,45,0,5,50,20475,15889,128851,69,91,20475,13174,34211,61,0,66718990336,8589930496,22510260224,524288
199,1790685993106,443273.0925292969,3050,0,0.23124999999999996,91587.72834777832,16133.333333333334,0,0.59375,93125.97019958496,16133.333333333334,2,0.59375,95782.12998962402,16133.333333333334,0,0.59375,98705.15017700195,16133.333333333334,2,0.59375,90339.75958251953,16133.333333333334,2,0.59375,88209.15444946289,16133.333333333334,0,0.59375,140512.35606384277,3050,2,0.23124999999999996,145497.81562805176,3050,2,0.23124999999999996,145819.3378753662,3050,2,0.23124999999999996,357011.8977508545,3050,0,0.23124999999999996,141291.9181213379,3050,2,0.23124999999999996,135427.0009765625,3050,2,0.23124999999999996,135508.5708770752,3050,2,0.23124999999999996,94412.65850830078,16133.333333333334,2,0.59375,96565.46704101563,16133.333333333334,0,0.59375,8063520.984619141,5377,4276,2495,5056,2467,400,400,400,5395,400,400,400,5137,400,3441,400,400,400,400,400,1679,400,400,5345,400,2762,4908,2206,5348,5073,5059,2515,0,50,52.499996185302734,0,51.28205490112305,51.219512939453125,50,50,100,0,20,50,33.333335876464844,7.692307949066162,50,0,52.499996185302734,50,0,0,50,0,0,12.5,0,0,45,5,51.28205490112305,0,0,50,20475,15889,128767,69,92,20475,13174,34211,61,0,66718990336,8589930496,22499852288,524288
199,1790685993306,443275.22438049316,3050,0,0.23750000000000004,91587.92976379395,16133.333333333334,0,0.3999999999999999,93126.12899780273,16133.333333333334,0,0.3999999999999999,95782.2875213623,16133.333333333334,0,0.3999999999999999,98705.30673217773,16133.333333333334,0,0.3999999999999999,90339.91680908203,16133.333333333334,0,0.3999999999999999,88209.35595703125,16133.333333333334,0,0.3999999999999999,140512.62796020508,3050,0,0.23750000000000004,145498.11959838867,3050,0,0.23750000000000004,145819.6876220703,3050,0,0.23750000000000004,357012.2072906494,3050,0,0.23750000000000004,141292.30801391602,3050,0,0.23750000000000004,135427.2788848877,3050,0,0.23750000000000004,135508.88175964355,3050,0,0.23750000000000004,94412.8184967041,16133.333333333334,0,0.3999999999999999,96565.62564086914,16133.333333333334,0,0.3999999999999999,8063540.876754761,5377,4276,2495,5056,2467,400,400,400,5395,400,400,400,5137,400,3441,400,400,400,400,400,1679,400,400,5345,400,2762,4908,2206,5348,5073,5059,2515,0,50,52.499996185302734,0,51.28205490112305,51.219512939453125,50,50,100,0,20,50,33.333335876464844,7.692307949066162,50,0,52.499996185302734,50,0,0,50,0,0,12.5,0,0,45,5,51.28205490112305,0,0,50,20475,15889,128768,70,92,20475,13174,34211,61,0,66718990336,8589930496,22501654528,524288
199,1790685993506,443277.3529510498,3050,0,0.23124999999999996,91588.13729858398,48800,2,0.59375,93126.29232788086,48800,2,0.59375,95782.45207214355,48800,2,0.59375,98705.46830749512,48800,2,0.59375,90340.07815551758,48800,2,0.59375,88209.56370544434,48800,2,0.59375,140512.89459228516,3050,2,0.23124999999999996,145498.41954040527,3050,2,0.23124999999999996,145820.07540893555,3050,2,0.23124999999999996,357012.4811401367,3050,2,0.23124999999999996,141292.70175170898,3050,2,0.23124999999999996,135427.56074523926,3050,2,0.23124999999999996,135509.19715881348,3050,2,0.23124999999999996,94412.98065185547,48800,2,0.59375,96565.78790283203,48800,2,0.59375,8063561.133453369,5377,4276,2495,5056,2467,400,400,400,5395,400,400,400,5137,400,3441,400,400,400,400,400,1679,400,400,5345,400,2762,4908,2206,5348,5073,5059,2515,0,51.219512939453125,50,0,50,50,50,51.219512939453125,100,0,0,50,51.219512939453125,0,50,0,50,50,0,0,51.28205490112305,0,0,2.5,0,0,51.219512939453125,7.692307949066162,50,0,0,50,20475,15889,128776,69,92,20475,13174,34141,61,0,66718990336,8589930496,22482116608,524288
199,1790685993706,443279.48626708984,3050,0,0.23750000000000004,91588.33720397949,16133.333333333334,0,0.40625,93126.4946899414,16133.333333333334,0,0.40625,95782.61427307129,16133.333333333334,0,0.40625,98705.63150024414,16133.333333333334,0,0.40625,90340.25714111328,16133.333333333334,0,0.40625,88209.76863098145,16133.333333333334,0,0.40625,140513.1648864746,3050,0,0.23750000000000004,145498.7167816162,3050,0,0.23750000000000004,145820.4192352295,3050,0,0.23750000000000004,357012.87159729004,3050,0,0.23750000000000004,141293.0867614746,3050,0,0.23750000000000004,135427.83924865723,3050,0,0.23750000000000004,135509.5068511963,3050,0,0.23750000000000004,94413.13771057129,16133.333333333334,0,0.40625,96565.94644165039,16133.333333333334,0,0.40625,8063581.295547485,5377,4276,2495,5056,2467,400,400,400,5395,400,400,400,5137,400,3441,400,400,400,400,400,1679,400,400,5345,400,2762,4908,2206,5348,5073,5059,2515,0,51.219512939453125,50,0,50,50,50,51.219512939453125,100,0,0,50,51.219512939453125,0,50,0,50,50,0,0,51.28205490112305,0,0,2.5,0,0,51.219512939453125,7.692307949066162,50,0,0,50,20475,15889,128912,70,91,20475,13174,34141,61,0,66718990336,8589930496,22506373120,524288
199,1790685993906,443281.63105773926,3050,0,0.22499999999999987,91588.556640625,48800,2,0.39375000000000004,93126.67042541504,48800,2,0.39375000000000004,95782.79513549805,48800,2,0.39375000000000004,98705.80227661133,48800,2,0.39375000000000004,90340.43341064453,48800,2,0.39375000000000004,88209.98448181152,48800,2,0.39375000000000004,140513.47775268555,3050,2,0.22499999999999987,145499.03494262695,3050,0,0.22499999999999987,145820.79655456543,3050,2,0.22499999999999987,357013.31495666504,3050,2,0.22499999999999987,141293.453414917,3050,0,0.22499999999999987,135428.13873291016,3050,2,0.22499999999999987,135509.83184814453,3050,2,0.22499999999999987,94413.31161499023,48800,2,0.39375000000000004,96566.11619567871,48800,2,0.39375000000000004,8063601.837524414,5377,4276,2495,5056,2467,400,400,400,5395,400,400,400,5137,400,3441,400,400,400,400,400,1679,400,400,5345,400,2762,4908,2206,5348,5073,5059,2515,0,52.499996185302734,50,0,50,50,51.219512939453125,51.28205490112305,100,0,2.5641026496887207,51.28205490112305,45,5,51.28205490112305,0,50,50,0,0,50,0,0,5,0,0,55,7.317072868347168,50,0,0,50,20475,15889,128953,70,92,20475,13174,34141,61,0,66718990336,8589930496,22539317248,524288
199,1790685994106,443283.7724761963,3050,0,0.22499999999999987,91588.74667358398,48800,2,0.925,93126.82090759277,48800,2,0.925,95782.94673156738,48800,2,0.925,98705.95063781738,48800,2,0.925,90340.5866394043,16133.333333333334,2,0.925,88210.17474365234,16133.333333333334,2,0.925,140513.7469177246,3050,2,0.22499999999999987,145499.34072875977,3050,0,0.22499999999999987,145821.17204284668,3050,0,0.22499999999999987,357013.6205749512,3050,0,0.22499999999999987,141293.7998046875,3050,0,0.22499999999999987,135428.419921875,3050,0,0.22499999999999987,135510.12213134766,3050,0,0.22499999999999987,94413.46662902832,48800,2,0.925,96566.26945495605,48800,2,0.925,8063621.824081421,5377,4276,2495,5056,2467,400,400,400,5395,400,400,400,5137,400,3441,400,400,400,400,400,1679,400,400,5345,400,2762,4908,2206,5348,5073,5059,2515,0,47.36842346191406,45,0,47.619049072265625,47.36842346191406,47.36842346191406,45,100,0,0,47.619049072265625,50,14.285715103149414,47.619049072265625,0,45,47.619049072265625,0,0,47.619049072265625,0,0,25,0,4.761904716491699,25,0,47.619049072265625,0,0,50,20475,15889,128847,70,92,20475,13174,34141,61,0,66718990336,8589930496,22531559424,524288
199,1790685994306,443285.8997955322,3050,0,0.23750000000000004,91588.96385192871,16133.333333333334,0,0.3999999999999999,93126.98976135254,16133.333333333334,0,0.3999999999999999,95783.11645507813,16133.333333333334,0,0.3999999999999999,98706.1194152832,16133.333333333334,0,0.3999999999999999,90340.7565612793,16133.333333333334,0,0.3999999999999999,88210.39276123047,16133.333333333334,0,0.3999999999999999,140514.02630615234,3050,0,0.23750000000000004,145499.65254211426,3050,0,0.23750000000000004,145821.53552246094,3050,0,0.23750000000000004,357013.97494506836,3050,0,0.23750000000000004,141294.16542053223,3050,0,0.23750000000000004,135428.70875549316,3050,0,0.23750000000000004,135510.44676208496,3050,0,0.23750000000000004,94413.63642883301,16133.333333333334,0,0.3999999999999999,96566.43788146973,16133.333333333334,0,0.3999999999999999,8063642.091094971,5377,4276,2495,5056,2467,400,400,400,5395,400,400,400,5137,400,3441,400,400,400,400,400,1679,400,400,5345,400,2762,4908,2206,5348,5073,5059,2515,0,47.36842346191406,45,0,47.619049072265625,47.36842346191406,47.36842346191406,45,100,0,0,47.619049072265625,50,14.285715103149414,47.619049072265625,0,45,47.619049072265625,0,0,47.619049072265625,0,0,25,0,4.761904716491699,25,0,47.619049072265625,0,0,50,20475,15889,128904,70,92,20475,13174,34141,61,0,66718990336,8589930496,22531559424,524288
199,1790685994506,443288.04650878906,3050,0,0.22499999999999987,91589.15426635742,16133.333333333334,2,0.5875,93127.13850402832,16133.333333333334,2,0.5875,95783.26586914063,16133.333333333334,2,0.5875,98706.26856994629,16133.333333333334,0,0.5875,90340.90789794922,16133.333333333334,2,0.5875,88210.58255004883,16133.333333333334,2,0.5875,140514.2820739746,3050,2,0.22499999999999987,145499.9341583252,3050,0,0.22499999999999987,145821.86442565918,3050,2,0.22499999999999987,357014.3109741211,3050,0,0.22499999999999987,141294.50602722168,3050,2,0.22499999999999987,135428.96168518066,3050,2,0.22499999999999987,135510.74075317383,3050,0,0.22499999999999987,94413.78727722168,48800,2,0.40625,96566.58563232422,16133.333333333334,2,0.5875,8063661.979614258,5377,4276,2495,5056,2467,400,400,400,5395,400,400,400,5137,400,3441,400,400,400,400,400,1679,400,400,5345,400,2762,4908,2206,5348,5073,5059,2515,0,50,52.499996185302734,0,51.28205490112305,51.219512939453125,50,50,100,0,0,50,50,12.5,50,15.000000953674316,51.219512939453125,51.28205490112305,0,0,50,0,0,0,0,0,51.28205490112305,0,35.897438049316406,0,0,50,20475,15889,128910,70,92,20475,13174,34032,60,0,66718990336,8589930496,22531559424,524288
199,1790685994706,443290.1869506836,3050,0,0.23124999999999996,91589.34924316406,16133.333333333334,0,0.3999999999999999,93127.30754089355,16133.333333333334,0,0.3999999999999999,95783.46133422852,16133.333333333334,0,0.3999999999999999,98706.44010925293,16133.333333333334,0,0.3999999999999999,90341.08335876465,16133.333333333334,0,0.3999999999999999,88210.79788208008,16133.333333333334,0,0.3999999999999999,140514.55125427246,3050,0,0.23124999999999996,145500.23399353027,3050,0,0.23124999999999996,145822.22758483887,3050,0,0.23124999999999996,357014.67387390137,3050,0,0.23124999999999996,141294.8824005127,3050,0,0.23124999999999996,135429.24797058105,3050,0,0.23124999999999996,135511.05586242676,3050,0,0.23124999999999996,94413.95938110352,16133.333333333334,0,0.3999999999999999,96566.77563476563,16133.333333333334,0,0.3999999999999999,8063682.321212769,5377,4276,2495,5056,2467,400,400,400,5395,400,400,400,5137,400,3441,400,400,400,400,400,1679,400,400,5345,400,2762,4908,2206,5348,5073,5059,2515,0,50,52.499996185302734,0,51.28205490112305,51.219512939453125,50,50,100,0,0,50,50,12.5,50,15.000000953674316,51.219512939453125,51.28205490112305,0,0,50,0,0,0,0,0,51.28205490112305,0,35.897438049316406,0,0,50,20475,15889,128904,70,92,20475,13174,34032,60,0,66718990336,8589930496,22529757184,524288
199,1790685994906,443292.3174133301,3050,0,0.23124999999999996,91589.50924682617,48800,2,0.93125,93127.46621704102,48800,2,0.93125,95783.65702819824,48800,2,0.93125,98706.59965515137,16133.333333333334,2,0.93125,90341.2452545166,16133.333333333334,2,0.93125,88211.00201416016,16133.333333333334,2,0.93125,140514.82215881348,3050,2,0.23124999999999996,145500.529296875,3050,0,0.23124999999999996,145822.57495117188,3050,0,0.23124999999999996,357015.01959228516,3050,0,0.23124999999999996,141295.24075317383,3050,2,0.23124999999999996,135429.51501464844,3050,2,0.23124999999999996,135511.36456298828,3050,0,0.23124999999999996,94414.11962890625,48800,2,0.93125,96566.93450927734,48800,2,0.93125,8063702.463500977,5377,4276,2495,5056,2467,400,400,400,5395,400,400,400,5137,400,3441,400,400,400,400,400,1679,400,400,5345,400,2762,4908,2206,5348,5073,5059,2515,0,48.780487060546875,50,0,50,50,50,52.499996185302734,100,2.5,0,51.28205490112305,52.499996185302734,23.076923370361328,50,41.02564239501953,51.28205490112305,50,0,0,51.28205490112305,0,0,0,0,0,37.5,0,9.756096839904785,2.4390242099761963,0,52.499996185302734,20475,15889,128822,70,91,20475,13174,34032,60,0,66718990336,8589930496,22526554112,524288
199,1790685995106,443294.45280456543,3050,0,0.2437499999999999,91589.68145751953,16133.333333333334,0,0.40625,93127.62565612793,16133.333333333334,0,0.40625,95783.8475189209,16133.333333333334,0,0.40625,98706.75950622559,16133.333333333334,0,0.40625,90341.40675354004,16133.333333333334,0,0.40625,88211.17384338379,16133.333333333334,0,0.40625,140515.07559204102,3050,0,0.2437499999999999,145500.8257598877,3050,0,0.2437499999999999,145822.92181396484,3050,0,0.2437499999999999,357015.3258972168,3050,0,0.2437499999999999,141295.70352172852,3050,0,0.2437499999999999,135429.79458618164,3050,0,0.2437499999999999,135511.6612548828,3050,0,0.23750000000000004,94414.28657531738,16133.333333333334,0,0.40625,96567.14956665039,16133.333333333334,0,0.40625,8063722.694473267,5377,4276,2495,5056,2467,400,400,400,5395,400,400,400,5137,400,3441,400,400,400,400,400,1679,400,400,5345,400,2762,4908,2206,5348,5073,5059,2515,0,48.780487060546875,50,0,50,50,50,52.499996185302734,100,2.5,0,51.28205490112305,52.499996185302734,23.076923370361328,50,41.02564239501953,51.28205490112305,50,0,0,51.28205490112305,0,0,0,0,0,37.5,0,9.756096839904785,2.4390242099761963,0,52.499996185302734,20475,15889,128875,70,91,20475,13174,34032,60,0,66718990336,8589930496,22518431744,524288
199,1790685995306,443296.58712768555,3050,0,0.23750000000000004,91589.85124206543,16133.333333333334,0,0.3999999999999999,93127.79458618164,16133.333333333334,0,0.3999999999999999,95784.0553894043,16133.333333333334,0,0.3999999999999999,98706.92784118652,16133.333333333334,0,0.3999999999999999,90341.57859802246,16133.333333333334,0,0.3999999999999999,88211.39311218262,16133.333333333334,0,0.3999999999999999,140515.35580444336,3050,0,0.23750000000000004,145501.14002990723,3050,0,0.23750000000000004,145823.29885864258,3050,0,0.23750000000000004,357015.76832580566,3050,0,0.23750000000000004,141296.0735321045,3050,0,0.23750000000000004,135430.08374023438,3050,0,0.23750000000000004,135511.9893951416,3050,0,0.23750000000000004,94414.46412658691,16133.333333333334,0,0.3999999999999999,96567.31945800781,16133.333333333334,0,0.3999999999999999,8063743.051849365,5377,4276,2495,5056,2467,400,400,400,5395,400,400,400,5137,400,3441,400,400,400,400,400,1679,400,400,5345,400,2762,4908,2206,5348,5073,5059,2515,0,0,15.000000953674316,0,50,51.28205490112305,50,45,100,50,0,50,50,7.500000476837158,51.28205490112305,0,50,50,9.756096839904785,40,50,0,0,0,0,0,47.5,15.000000953674316,51.28205490112305,0,0,50,20475,15889,128943,70,92,20475,13174,34032,60,0,66718990336,8589930496,22518431744,524288
198,1790685995508,443298.74684143066,3050,0,0.22499999999999987,91589.99887084961,16133.333333333334,2,0.6625,93127.94180297852,16133.333333333334,2,0.41874999999999996,95784.23631286621,16133.333333333334,0,0.41874999999999996,98707.07624816895,16133.333333333334,0,0.41874999999999996,90341.72840881348,16133.333333333334,2,0.41874999999999996,88211.5814819336,16133.333333333334,0,0.41874999999999996,140515.60971069336,3050,0,0.22499999999999987,145501.41847229004,3050,2,0.22499999999999987,145823.6473236084,3050,0,0.22499999999999987,357016.10578918457,3050,0,0.22499999999999987,141296.39474487305,3050,2,0.22499999999999987,135430.34577941895,3050,2,0.22499999999999987,135512.27682495117,3050,0,0.22499999999999987,94414.61219787598,16133.333333333334,2,0.6625,96567.46688842773,16133.333333333334,2,0.6625,8063763.14074707,5377,4276,2495,5056,2467,400,400,400,5395,400,400,400,5137,400,3441,400,400,400,400,400,1679,400,400,5345,400,2762,4908,2206,5348,5073,5059,2515,0,0,0,0,47.619049072265625,47.619049072265625,47.619049072265625,50,100,47.619049072265625,0,47.619049072265625,47.619049072265625,10,47.619049072265625,0,47.619049072265625,47.619049072265625,0,50,47.619049072265625,0,0,0,0,0,45,0,42.85714340209961,0,0,45,20475,15889,128811,70,91,20475,13174,34007,60,0,66718990336,8589930496,22518161408,524288
199,1790685995707,443300.85635375977,3050,0,0.23124999999999996,91590.20072937012,16133.333333333334,0,0.3999999999999999,93128.14097595215,16133.333333333334,0,0.3999999999999999,95784.45388793945,16133.333333333334,0,0.3999999999999999,98707.3091430664,16133.333333333334,0,0.3999999999999999,90341.90910339355,16133.333333333334,0,0.3999999999999999,88211.734375,16133.333333333334,0,0.3999999999999999,140515.90034484863,3050,0,0.23124999999999996,145501.73626708984,3050,0,0.23124999999999996,145824.0163116455,3050,0,0.23124999999999996,357016.4635772705,3050,0,0.23124999999999996,141296.71430969238,3050,0,0.23124999999999996,135430.64682006836,3050,0,0.23124999999999996,135512.60484313965,3050,0,0.23124999999999996,94414.78749084473,16133.333333333334,0,0.3999999999999999,96567.65971374512,16133.333333333334,0,0.3999999999999999,8063783.499282837,5377,4276,2495,5056,2467,400,400,400,5395,400,400,400,5137,400,3441,400,400,400,400,400,1679,400,400,5345,400,2762,4908,2206,5348,5073,5059,2515,0,0,0,0,47.619049072265625,47.619049072265625,47.619049072265625,50,100,47.619049072265625,0,47.619049072265625,47.619049072265625,10,47.619049072265625,0,47.619049072265625,47.619049072265625,0,50,47.619049072265625,0,0,0,0,0,45,0,42.85714340209961,0,0,45,20475,15889,128854,70,91,20475,13174,34007,60,0,66718990336,8589930496,22510546944,524288
199,1790685995907,443302.9913635254,3050,0,0.22499999999999987,91590.35903930664,48800,2,0.925,93128.2979888916,48800,2,0.925,95784.64654541016,48800,2,0.925,98707.509765625,48800,2,0.925,90342.06663513184,48800,2,0.925,88211.9358215332,48800,2,0.925,140516.18473815918,3050,0,0.22499999999999987,145502.0372467041,3050,0,0.22499999999999987,145824.3650817871,3050,0,0.22499999999999987,357016.80670166016,3050,0,0.22499999999999987,141296.97383117676,3050,2,0.22499999999999987,135430.91845703125,3050,2,0.22499999999999987,135512.85704040527,3050,2,0.22499999999999987,94414.9455871582,48800,2,0.925,96567.81616210938,48800,2,0.925,8063803.495925903,5377,4276,2495,5056,2467,400,400,400,5395,400,400,400,5137,400,3441,400,400,400,400,400,1679,400,400,5345,400,2762,4908,2206,5348,5073,5059,2515,12.820513725280762,0,0,0,51.28205490112305,51.28205490112305,51.28205490112305,40,92.30769348144531,51.28205490112305,7.500000476837158,37.5,43.589744567871094,20,50,0,43.589744567871094,51.28205490112305,41.02564239501953,50,51.28205490112305,0,0,12.820513725280762,0,0,45,0,52.499996185302734,0,0,20,20475,15889,129044,71,91,20475,13174,34007,60,0,66718990336,8589930496,22506852352,524288
199,1790685996107,443303.9253845215,3050,0,0.25,91590.58360290527,16133.333333333334,0,0.40625,93128.52682495117,16133.333333333334,0,0.40625,95784.83415222168,16133.333333333334,0,0.40625,98708.05471801758,16133.333333333334,0,0.40625,90342.23229980469,16133.333333333334,0,0.40625,88212.17179870605,16133.333333333334,2,0.40625,140516.52557373047,3050,0,0.25,145502.36433410645,3050,0,0.25,145824.8313293457,3050,2,0.25,357017.3913269043,3050,0,0.25,141297.23315429688,3050,0,0.25,135431.1971435547,3050,0,0.25,135513.1707763672,3050,0,0.25,94415.13656616211,16133.333333333334,0,0.40625,96567.9888458252,16133.333333333334,0,0.40625,8063823.651794434,5377,4276,2495,5056,2467,400,400,400,5395,400,400,400,5137,400,3441,400,400,400,400,400,1679,400,400,5345,400,2762,4908,2206,5348,5073,5059,2515,38.095237731933594,4.761904716491699,5,0,42.105262756347656,65,50,45,47.619049072265625,47.36842346191406,47.36842346191406,0,0,50,50,0,5,47.36842346191406,50,47.36842346191406,50,0,0,42.85714340209961,0,0,30.000001907348633,0,45,40,10,0,20475,15889,129064,71,90,20475,13174,34007,60,0,66718990336,8589930496,22486171648,524288
199,1790685996307,443305.0339202881,3050,0,0.23124999999999996,91590.76208496094,16133.333333333334,0,0.39375000000000004,93128.70272827148,16133.333333333334,0,0.39375000000000004,95785.1209564209,16133.333333333334,0,0.39375000000000004,98708.50874328613,16133.333333333334,0,0.39375000000000004,90342.49256896973,16133.333333333334,0,0.39375000000000004,88212.17710876465,16133.333333333334,2,0.39375000000000004,140516.84550476074,3050,0,0.23124999999999996,145502.72370910645,3050,0,0.23124999999999996,145825.1611480713,3050,0,0.23124999999999996,357017.7518005371,3050,0,0.23124999999999996,141297.51068115234,3050,0,0.23124999999999996,135431.5059967041,3050,0,0.23124999999999996,135513.49584960938,3050,0,0.23124999999999996,94415.3148803711,16133.333333333334,0,0.39375000000000004,96568.2696685791,16133.333333333334,0,0.39375000000000004,8063843.20854187,5377,4276,2495,5056,2467,400,400,400,5395,400,400,400,5137,400,3441,400,400,400,400,400,1679,400,400,5345,400,2762,4908,2206,5348,5073,5059,2515,38.095237731933594,4.761904716491699,5,0,42.105262756347656,65,50,45,47.619049072265625,47.36842346191406,47.36842346191406,0,0,50,50,0,5,47.36842346191406,50,47.36842346191406,50,0,0,42.85714340209961,0,0,30.000001907348633,0,45,40,10,0,20475,15889,128796,71,90,20475,13174,34007,60,0,66718990336,8589930496,22503460864,524288
199,1790685996507,443305.480758667,3050,2,0.26875000000000004,91590.92726135254,16133.333333333334,2,0.38749999999999996,93128.87478637695,16133.333333333334,2,0.38749999999999996,95785.2896270752,16133.333333333334,2,0.38749999999999996,98709.8392944336,16133.333333333334,0,0.38749999999999996,90342.72108459473,16133.333333333334,2,0.38749999999999996,88212.32763671875,16133.333333333334,2,0.38749999999999996,140517.10011291504,3050,2,0.26875000000000004,145502.98596191406,3050,2,0.26875000000000004,145825.46954345703,3050,2,0.26875000000000004,357018.01889038086,3050,2,0.26875000000000004,141297.76239013672,3050,2,0.26875000000000004,135431.76211547852,3050,0,0.26875000000000004,135513.78411865234,3050,2,0.26875000000000004,94415.4789428711,16133.333333333334,2,0.38749999999999996,96568.43574523926,16133.333333333334,2,0.38749999999999996,8063861.87298584,5377,4276,2495,5056,2467,400,400,400,5395,400,400,400,5137,400,3441,400,400,400,400,400,1679,400,400,5345,400,2762,4908,2206,5348,5073,5059,2515,28.205129623413086,0,0,0,51.219512939453125,72.5,15.000000953674316,15.000000953674316,50,51.219512939453125,50,10.256410598754883,2.5,50,50,4.761904716491699,0,50,50,50,51.219512939453125,0,5,47.5,27.5,0,32.5,0,48.71794891357422,51.28205490112305,0,5,20475,15889,128723,71,90,20475,13174,33973,60,0,66718990336,8589930496,22503718912,524288
199,1790685996707,443307.20722961426,3050,0,0.2437499999999999,91591.09684753418,16133.333333333334,0,0.3999999999999999,93129.04444885254,16133.333333333334,0,0.3999999999999999,95785.46287536621,16133.333333333334,0,0.3999999999999999,98710.30435180664,16133.333333333334,0,0.3999999999999999,90342.95028686523,16133.333333333334,0,0.3999999999999999,88212.43447875977,16133.333333333334,2,0.3999999999999999,140517.38829040527,3050,0,0.2437499999999999,145503.25924682617,3050,0,0.2437499999999999,145825.80264282227,3050,0,0.2437499999999999,357018.291305542,3050,0,0.2437499999999999,141298.03366088867,3050,0,0.2437499999999999,135432.03826904297,3050,0,0.2437499999999999,135514.0936126709,3050,0,0.2437499999999999,94415.67658996582,16133.333333333334,0,0.3999999999999999,96568.66078186035,16133.333333333334,0,0.3999999999999999,8063881.499557495,5377,4276,2495,5056,2467,400,400,400,5395,400,400,400,5137,400,3441,400,400,400,400,400,1679,400,400,5345,400,2762,4908,2206,5348,5073,5059,2515,89.47368621826172,0,0,0,50,52.38095474243164,0,25,52.6315803527832,50,50,0,0,50,50,0,0,52.38095474243164,20,52.38095474243164,50,0,0,50,52.38095474243164,0,0,0,52.38095474243164,50,0,30.000001907348633,20475,15889,128639,71,91,20475,13174,33973,60,0,66718990336,8589930496,22524563456,524288
199,1790685996907,443308.2276916504,3050,2,0.575,91591.3585357666,16133.333333333334,2,0.38749999999999996,93129.22091674805,16133.333333333334,2,0.39375000000000004,95785.6410369873,16133.333333333334,2,0.39375000000000004,98710.78231811523,16133.333333333334,0,0.39375000000000004,90343.18962097168,16133.333333333334,2,0.39375000000000004,88212.4645690918,16133.333333333334,2,0.39375000000000004,140517.67359924316,3050,2,0.575,145503.538772583,3050,0,0.575,145826.12886047363,3050,2,0.575,357018.63494873047,3050,2,0.575,141298.29914855957,3050,2,0.575,135432.31100463867,3050,0,0.575,135514.41061401367,3050,0,0.575,94415.89765930176,16133.333333333334,2,0.38749999999999996,96569.36357116699,16133.333333333334,2,0.38749999999999996,8063901.298339844,5377,4276,2495,5056,2467,400,400,400,5395,400,400,400,5137,400,3441,400,400,400,400,400,1679,400,400,5345,400,2762,4908,2206,5348,5073,5059,2515,42.85714340209961,0,25,0,25,63.15789031982422,0,0,50,50,52.38095474243164,0,4.761904716491699,55,52.6315803527832,0,0,50,10,50,50,28.571430206298828,0,52.6315803527832,52.6315803527832,0,15.000000953674316,0,50,52.38095474243164,0,60.000003814697266,20475,15889,128723,71,91,20475,13174,33973,60,0,66718990336,8589930496,22528389120,524288
199,1790685997107,443309.02348327637,3050,0,0.2437499999999999,91591.52117919922,16133.333333333334,2,0.38749999999999996,93129.3809967041,16133.333333333334,2,0.38749999999999996,95785.80238342285,16133.333333333334,2,0.38749999999999996,98711.1654663086,16133.333333333334,0,0.38749999999999996,90343.42956542969,16133.333333333334,2,0.38749999999999996,88212.58097839355,16133.333333333334,2,0.38749999999999996,140518.15756225586,3050,0,0.2437499999999999,145503.95845031738,3050,2,0.2437499999999999,145826.57997131348,3050,2,0.2437499999999999,357018.98641967773,3050,2,0.2437499999999999,141298.56405639648,3050,2,0.2437499999999999,135432.57864379883,3050,0,0.2437499999999999,135514.7141571045,3050,2,0.2437499999999999,94416.36402893066,16133.333333333334,0,0.38749999999999996,96569.60160827637,16133.333333333334,2,0.38749999999999996,8063920.925445557,5377,4276,2495,5056,2467,400,400,400,5395,400,400,400,5137,400,3441,400,400,400,400,400,1679,400,400,5345,400,2762,4908,2206,5348,5073,5059,2515,40,10,0,0,0,25,30.000001907348633,23.809524536132813,47.619049072265625,45,36.842105865478516,14.285715103149414,10.526315689086914,45,47.619049072265625,0,0,47.36842346191406,45,47.36842346191406,50,47.36842346191406,19.047618865966797,40,19.047618865966797,0,15.789472579956055,0,45,45,20,10,20475,15889,128729,71,91,20475,13174,33973,60,0,66718990336,8589930496,22518083584,524288
199,1790685997307,443309.9112854004,3050,0,0.23750000000000004,91591.70008850098,16133.333333333334,0,0.39375000000000004,93129.55610656738,16133.333333333334,0,0.39375000000000004,95785.97969055176,16133.333333333334,0,0.39375000000000004,98711.50415039063,16133.333333333334,0,0.39375000000000004,90343.75712585449,16133.333333333334,0,0.39375000000000004,88212.82453918457,16133.333333333334,2,0.39375000000000004,140518.45388793945,3050,0,0.23750000000000004,145504.22386169434,3050,0,0.23750000000000004,145826.99430847168,3050,0,0.23750000000000004,357019.3315887451,3050,0,0.23750000000000004,141298.8719329834,3050,0,0.23750000000000004,135433.24409484863,3050,0,0.23750000000000004,135515.06843566895,3050,0,0.23750000000000004,94416.68392944336,16133.333333333334,0,0.39375000000000004,96569.85485839844,16133.333333333334,0,0.39375000000000004,8063940.861938477,5377,4276,2495,5056,2467,400,400,400,5395,400,400,400,5137,400,3441,400,400,400,400,400,1679,400,400,5345,400,2762,4908,2206,5348,5073,5059,2515,40,10,0,0,0,25,30.000001907348633,23.809524536132813,47.619049072265625,45,36.842105865478516,14.285715103149414,10.526315689086914,45,47.619049072265625,0,0,47.36842346191406,45,47.36842346191406,50,47.36842346191406,19.047618865966797,40,19.047618865966797,0,15.789472579956055,0,45,45,20,10,20475,15889,128704,70,91,20475,13174,33973,60,0,66718990336,8589930496,22518079488,524288
199,1790685997507,443310.91818237305,48800,2,0.51875,91591.87060546875,16133.333333333334,2,0.38749999999999996,93129.72584533691,16133.333333333334,2,0.38749999999999996,95786.14772033691,16133.333333333334,2,0.38749999999999996,98712.38388061523,16133.333333333334,0,0.38749999999999996,90343.98141479492,16133.333333333334,2,0.38749999999999996,88212.94847106934,16133.333333333334,2,0.38749999999999996,140518.71952819824,48800,2,0.51875,145504.5382232666,48800,2,0.51875,145827.32341003418,48800,2,0.51875,357019.663192749,48800,2,0.51875,141299.14819335938,48800,2,0.51875,135433.49810791016,48800,2,0.51875,135515.36653137207,48800,2,0.51875,94416.89617919922,16133.333333333334,2,0.38749999999999996,96570.09375,16133.333333333334,2,0.38749999999999996,8063960.208572388,5377,4276,2495,5056,2467,400,400,400,5395,400,400,400,5137,400,3441,400,400,400,400,400,1679,400,400,5345,400,2762,4908,2206,5348,5073,5059,2515,38.46154022216797,0,0,0,0,65,50,20,51.28205490112305,52.499996185302734,40,52.499996185302734,4.878048419952393,51.219512939453125,50,7.692307949066162,0,51.219512939453125,52.499996185302734,51.219512939453125,50,51.219512939453125,0,17.073171615600586,0,0,12.195121765136719,0,52.499996185302734,52.499996185302734,5,10,20475,15889,128646,71,91,20475,13174,33919,60,0,66718990336,8589930496,22518079488,524288
199,1790685997707,443312.325302124,3050,0,0.25,91592.04766845703,16133.333333333334,0,0.39375000000000004,93129.91618347168,16133.333333333334,0,0.39375000000000004,95786.31813049316,16133.333333333334,0,0.39375000000000004,98712.96826171875,16133.333333333334,0,0.39375000000000004,90344.24301147461,16133.333333333334,0,0.39375000000000004,88213.15187072754,16133.333333333334,0,0.39375000000000004,140518.99137878418,3050,0,0.25,145504.86109924316,3050,0,0.25,145827.65487670898,3050,0,0.25,357019.98762512207,3050,0,0.25,141299.42532348633,3050,0,0.25,135433.75636291504,3050,0,0.25,135515.65548706055,3050,0,0.25,94417.10475158691,16133.333333333334,0,0.39375000000000004,96570.31913757324,16133.333333333334,0,0.39375000000000004,8063979.776153564,5377,4276,2495,5056,2467,400,400,400,5395,400,400,400,5137,400,3441,400,400,400,400,400,1679,400,400,5345,400,2762,4908,2206,5348,5073,5059,2515,38.46154022216797,0,0,0,0,65,50,20,51.28205490112305,52.499996185302734,40,52.499996185302734,4.878048419952393,51.219512939453125,50,7.692307949066162,0,51.219512939453125,52.499996185302734,51.219512939453125,50,51.219512939453125,0,17.073171615600586,0,0,12.195121765136719,0,52.499996185302734,52.499996185302734,5,10,20475,15889,128828,71,91,20475,13174,33919,60,0,66718990336,8589930496,22519050240,524288
199,1790685997907,443313.41299438477,3050,0,0.23750000000000004,91592.23193359375,16133.333333333334,0,0.38749999999999996,93130.1021270752,16133.333333333334,0,0.38749999999999996,95786.50398254395,16133.333333333334,0,0.39375000000000004,98713.78739929199,16133.333333333334,0,0.39375000000000004,90344.49211120605,16133.333333333334,0,0.39375000000000004,88213.35461425781,16133.333333333334,0,0.39375000000000004,140519.269241333,3050,0,0.23750000000000004,145505.2120361328,3050,0,0.23750000000000004,145828.00881958008,3050,0,0.23750000000000004,357020.33042907715,3050,0,0.23750000000000004,141299.71743774414,3050,0,0.23750000000000004,135434.02452087402,3050,0,0.23750000000000004,135515.93186950684,3050,0,0.23750000000000004,94417.33226013184,16133.333333333334,0,0.38749999999999996,96570.5638885498,16133.333333333334,0,0.38749999999999996,8063999.419494629,5377,4276,2495,5056,2467,400,400,400,5395,400,400,400,5137,400,3441,400,400,400,400,400,1679,400,400,5345,400,2762,4908,2206,5348,5073,5059,2515,55,0,0,0,0,60.97561264038086,50,35.897438049316406,51.219512939453125,51.219512939453125,50,42.5,0,51.28205490112305,52.499996185302734,0,2.4390242099761963,52.499996185302734,50,51.28205490112305,52.499996185302734,52.499996185302734,0,7.692307949066162,0,0,10.256410598754883,0,50,51.28205490112305,0,0,20475,15889,128790,71,90,20475,13174,33919,60,0,66718990336,8589930496,22516649984,524288
199,1790685998107,443314.3468322754,3050,0,0.23750000000000004,91592.39956665039,16133.333333333334,2,0.61875,93130.26704406738,16133.333333333334,2,0.61875,95786.66900634766,16133.333333333334,2,0.61875,98714.6849975586,16133.333333333334,0,0.61875,90344.75329589844,16133.333333333334,2,0.61875,88213.53602600098,16133.333333333334,2,0.61875,140519.52572631836,3050,2,0.23750000000000004,145505.52668762207,3050,0,0.23750000000000004,145828.35627746582,3050,0,0.23750000000000004,357020.64515686035,3050,0,0.23750000000000004,141299.9778137207,3050,0,0.23750000000000004,135434.26777648926,3050,0,0.23750000000000004,135516.19500732422,3050,2,0.23750000000000004,94417.5366821289,16133.333333333334,2,0.61875,96570.78140258789,16133.333333333334,2,0.61875,8064018.751663208,5377,4276,2495,5056,2467,400,400,400,5395,400,400,400,5137,400,3441,400,400,400,400,400,1679,400,400,5345,400,2762,4908,2206,5348,5073,5059,2515,42.85714340209961,5,0,0,0,80,50,25,47.36842346191406,47.36842346191406,50,0,0,47.619049072265625,45,0,0,45,50,47.619049072265625,45,45,0,50,0,0,10,0,50,47.619049072265625,0,0,20475,15889,128736,71,90,20475,13174,33919,60,0,66718990336,8589930496,22532530176,524288
199,1790685998307,443315.31997680664,3050,0,0.2437499999999999,91592.56956481934,16133.333333333334,0,0.3999999999999999,93130.43826293945,16133.333333333334,0,0.3999999999999999,95786.84057617188,16133.333333333334,0,0.3999999999999999,98715.44705200195,16133.333333333334,0,0.3999999999999999,90344.98469543457,16133.333333333334,0,0.3999999999999999,88213.72431945801,16133.333333333334,2,0.3999999999999999,140519.82153320313,3050,0,0.2437499999999999,145505.88835144043,3050,0,0.2437499999999999,145828.8911895752,3050,0,0.2437499999999999,357021.0020751953,3050,0,0.2437499999999999,141300.27326965332,3050,0,0.2437499999999999,135434.53866577148,3050,0,0.2437499999999999,135516.4532623291,3050,0,0.2437499999999999,94417.74705505371,16133.333333333334,0,0.3999999999999999,96571.00746154785,16133.333333333334,0,0.3999999999999999,8064038.384750366,5377,4276,2495,5056,2467,400,400,400,5395,400,400,400,5137,400,3441,400,400,400,400,400,1679,400,400,5345,400,2762,4908,2206,5348,5073,5059,2515,42.85714340209961,5,0,0,0,80,50,25,47.36842346191406,47.36842346191406,50,0,0,47.619049072265625,45,0,0,45,50,47.619049072265625,45,45,0,50,0,0,10,0,50,47.619049072265625,0,0,20475,15889,128705,71,90,20475,13174,33919,60,0,66718990336,8589930496,22532788224,524288
199,1790685998507,443316.0301208496,3050,0,0.23750000000000004,91592.75321960449,16133.333333333334,0,0.39375000000000004,93130.62107849121,16133.333333333334,0,0.39375000000000004,95787.02239990234,16133.333333333334,0,0.39375000000000004,98716.1244354248,16133.333333333334,0,0.39375000000000004,90345.28065490723,16133.333333333334,0,0.38749999999999996,88214.18717956543,16133.333333333334,0,0.38749999999999996,140520.09007263184,3050,0,0.23750000000000004,145506.2463684082,3050,0,0.23750000000000004,145829.24140930176,3050,0,0.23750000000000004,357021.33253479004,3050,0,0.23750000000000004,141300.55737304688,3050,0,0.23750000000000004,135434.8025817871,3050,0,0.23750000000000004,135516.71336364746,3050,0,0.23750000000000004,94417.96746826172,16133.333333333334,0,0.39375000000000004,96571.27310180664,16133.333333333334,0,0.39375000000000004,8064057.834640503,5377,4276,2495,5056,2467,400,400,400,5395,400,400,400,5137,400,3441,400,400,400,400,400,1679,400,400,5345,400,2762,4908,2206,5348,5073,5059,2515,32.5,2.5,0,0,0,50,52.499996185302734,40,51.219512939453125,52.499996185302734,51.219512939453125,0,0,51.28205490112305,52.499996185302734,21.95121955871582,0,52.499996185302734,50,51.28205490112305,52.499996185302734,52.499996185302734,17.5,58.536582946777344,0,0,14.634145736694336,7.692307949066162,30.000001907348633,51.28205490112305,2.5,2.5,20475,15889,128687,71,90,20475,13174,33858,59,0,66718990336,8589930496,22532784128,524288
199,1790685998707,443316.7915649414,3050,0,0.2437499999999999,91592.92346191406,48800,2,0.56875,93130.7915802002,48800,2,0.56875,95787.39433288574,48800,2,0.56875,98716.69006347656,48800,2,0.56875,90345.52618408203,48800,2,0.93125,88214.39744567871,16133.333333333334,2,0.93125,140520.34716796875,3050,2,0.2437499999999999,145506.59031677246,3050,2,0.2437499999999999,145829.568069458,3050,2,0.2437499999999999,357021.6569213867,3050,2,0.2437499999999999,141300.8151550293,3050,0,0.2437499999999999,135435.05526733398,3050,2,0.2437499999999999,135516.958694458,3050,2,0.2437499999999999,94418.15821838379,48800,2,0.56875,96571.67135620117,48800,2,0.56875,8064076.940475464,5377,4276,2495,5056,2467,400,400,400,5395,400,400,400,5137,400,3441,400,400,400,400,400,1679,400,400,5345,400,2762,4908,2206,5348,5073,5059,2515,30.000001907348633,0,0,0,15.000000953674316,45,35,20,47.36842346191406,45,47.36842346191406,0,0,47.619049072265625,45,47.36842346191406,0,45,47.36842346191406,47.619049072265625,45,40,47.36842346191406,45,0,4.761904716491699,10.526315689086914,0,0,45,0,15.000000953674316,20475,15889,128579,71,91,20475,13174,33858,59,0,66718990336,8589930496,22533304320,524288
199,1790685998907,443317.5272216797,3050,0,0.2437499999999999,91593.10252380371,16133.333333333334,0,0.3999999999999999,93130.9691772461,16133.333333333334,0,0.3999999999999999,95787.6304473877,16133.333333333334,0,0.3999999999999999,98717.13656616211,16133.333333333334,0,0.3999999999999999,90345.76606750488,16133.333333333334,0,0.3999999999999999,88214.57720947266,16133.333333333334,0,0.3999999999999999,140520.61833190918,3050,0,0.2437499999999999,145506.94218444824,3050,0,0.2437499999999999,145829.90997314453,3050,0,0.2437499999999999,357021.98208618164,3050,0,0.2437499999999999,141301.08172607422,3050,0,0.2437499999999999,135435.32180786133,3050,0,0.2437499999999999,135517.2113647461,3050,0,0.2437499999999999,94418.39175415039,16133.333333333334,0,0.3999999999999999,96572.38977050781,16133.333333333334,0,0.3999999999999999,8064096.266159058,5377,4276,2495,5056,2467,400,400,400,5395,400,400,400,5137,400,3441,400,400,400,400,400,1679,400,400,5345,400,2762,4908,2206,5348,5073,5059,2515,30.000001907348633,0,0,0,15.000000953674316,45,35,20,47.36842346191406,45,47.36842346191406,0,0,47.619049072265625,45,47.36842346191406,0,45,47.36842346191406,47.619049072265625,45,40,47.36842346191406,45,0,4.761904716491699,10.526315689086914,0,0,45,0,15.000000953674316,20475,15889,128568,72,91,20475,13174,33858,59,0,66718990336,8589930496,22533562368,524288
199,1790685999108,443318.2249908447,3050,2,0.28125,91593.2840423584,16133.333333333334,2,0.38749999999999996,93131.14883422852,16133.333333333334,2,0.38749999999999996,95787.86654663086,16133.333333333334,2,0.38749999999999996,98718.1245880127,16133.333333333334,2,0.38749999999999996,90346.09327697754,16133.333333333334,0,0.38749999999999996,88214.75135803223,16133.333333333334,0,0.38749999999999996,140520.8915863037,3050,2,0.28125,145507.29942321777,3050,2,0.28125,145830.24603271484,3050,2,0.28125,357022.31217956543,3050,0,0.28125,141301.34999084473,3050,0,0.28125,135435.59020996094,3050,2,0.28125,135517.46841430664,3050,2,0.28125,94418.57046508789,16133.333333333334,2,0.38749999999999996,96572.62431335449,16133.333333333334,2,0.38749999999999996,8064115.294769287,5377,4276,2495,5056,2467,400,400,400,5395,400,400,400,5137,400,3441,400,400,400,400,400,1679,400,400,5345,400,2762,4908,2206,5348,5073,5059,2515,25,0,0,0,0,37.5,52.499996185302734,12.5,50,50,50,30.76923179626465,0,51.28205490112305,51.28205490112305,50,0,52.499996185302734,51.219512939453125,51.28205490112305,51.28205490112305,51.28205490112305,51.219512939453125,20,0,0,14.634145736694336,0,0,51.219512939453125,2.4390242099761963,17.948719024658203,20475,15889,128631,71,91,20475,13174,33858,59,0,66718990336,8589930496,22533558272,524288
199,1790685999308,443319.05683898926,3050,0,0.2749999999999999,91593.45309448242,16133.333333333334,2,0.61875,93131.31057739258,16133.333333333334,2,0.61875,95788.33763122559,16133.333333333334,2,0.61875,98718.3441772461,16133.333333333334,2,0.61875,90346.39050292969,16133.333333333334,2,0.61875,88215.02732849121,16133.333333333334,0,0.61875,140521.15682983398,3050,2,0.2749999999999999,145507.64527893066,3050,2,0.2749999999999999,145830.76629638672,3050,2,0.2749999999999999,357022.68533325195,3050,0,0.2749999999999999,141301.61282348633,3050,0,0.2749999999999999,135435.92988586426,3050,2,0.2749999999999999,135517.7106781006,3050,2,0.2749999999999999,94418.73728942871,16133.333333333334,2,0.61875,96572.97407531738,16133.333333333334,2,0.61875,8064134.580307007,5377,4276,2495,5056,2467,400,400,400,5395,400,400,400,5137,400,3441,400,400,400,400,400,1679,400,400,5345,400,2762,4908,2206,5348,5073,5059,2515,31.57894515991211,0,5,0,20,0,55,20,47.619049072265625,47.36842346191406,45,45,0,14.285715103149414,47.619049072265625,10,0,45,45,45,45,45,47.36842346191406,35,0,5,40,0,26.3157901763916,47.36842346191406,0,14.285715103149414,20475,15889,128649,71,91,20475,13174,25361,59,0,66718990336,8589930496,22533611520,524288
199,1790685999508,443319.9273529053,3050,0,0.2437499999999999,91593.69703674316,16133.333333333334,0,0.3999999999999999,93131.48976135254,16133.333333333334,0,0.3999999999999999,95788.75692749023,16133.333333333334,0,0.3999999999999999,98718.62655639648,16133.333333333334,0,0.3999999999999999,90346.6530456543,16133.333333333334,0,0.3999999999999999,88215.06687927246,16133.333333333334,0,0.3999999999999999,140521.42720031738,3050,0,0.2437499999999999,145507.99891662598,3050,0,0.2437499999999999,145831.10244750977,3050,0,0.2437499999999999,357023.09423828125,3050,0,0.2437499999999999,141301.8904724121,3050,0,0.2437499999999999,135436.18408203125,3050,0,0.2437499999999999,135517.96313476563,3050,0,0.2437499999999999,94419.22430419922,16133.333333333334,0,0.3999999999999999,96573.30953979492,16133.333333333334,0,0.3999999999999999,8064153.771392822,5377,4276,2495,5056,2467,400,400,400,5395,400,400,400,5137,400,3441,400,400,400,400,400,1679,400,400,5345,400,2762,4908,2206,5348,5073,5059,2515,31.57894515991211,0,5,0,20,0,55,20,47.619049072265625,47.36842346191406,45,45,0,14.285715103149414,47.619049072265625,10,0,45,45,45,45,45,47.36842346191406,35,0,5,40,0,26.3157901763916,47.36842346191406,0,14.285715103149414,20475,15889,128769,71,91,20475,13174,25361,58,0,66718990336,8589930496,22540279808,524288
199,1790685999708,443320.8960876465,48800,2,0.58125,91593.88049316406,16133.333333333334,2,0.38749999999999996,93131.67481994629,16133.333333333334,2,0.38749999999999996,95788.93864440918,16133.333333333334,2,0.38749999999999996,98719.58348083496,16133.333333333334,0,0.38749999999999996,90346.88438415527,16133.333333333334,2,0.38749999999999996,88215.1416015625,16133.333333333334,0,0.38749999999999996,140521.71133422852,48800,2,0.58125,145508.35809326172,48800,2,0.58125,145831.44758605957,48800,2,0.58125,357023.4998321533,48800,2,0.4750000000000001,141302.20184326172,3050,2,0.4750000000000001,135436.44995117188,3050,2,0.4750000000000001,135518.22604370117,3050,2,0.4750000000000001,94419.4084777832,16133.333333333334,2,0.38749999999999996,96573.57208251953,16133.333333333334,2,0.38749999999999996,8064172.883682251,5377,4276,2495,5056,2467,400,400,400,5395,400,400,400,5137,400,3441,400,400,400,400,400,1679,400,400,5345,400,2762,4908,2206,5348,5073,5059,2515,37.5,0,0,0,10,30.000001907348633,52.499996185302734,5,51.28205490112305,51.219512939453125,52.499996185302734,52.499996185302734,0,12.820513725280762,51.28205490112305,0,0,52.499996185302734,52.499996185302734,52.499996185302734,52.499996185302734,52.499996185302734,50,0,0,0,52.499996185302734,2.5,51.219512939453125,51.219512939453125,10,5,20475,15889,128618,72,90,20475,13174,25361,58,0,66718990336,8589930496,22531485696,524288
199,1790685999908,443321.99575805664,3050,0,0.25624999999999987,91594.05209350586,16133.333333333334,0,0.39375000000000004,93131.84574890137,16133.333333333334,0,0.39375000000000004,95789.10897827148,16133.333333333334,0,0.39375000000000004,98720.38459777832,16133.333333333334,0,0.39375000000000004,90347.19499206543,16133.333333333334,0,0.39375000000000004,88215.17286682129,16133.333333333334,0,0.39375000000000004,140521.98063659668,3050,0,0.25624999999999987,145508.7049255371,3050,0,0.25624999999999987,145831.7703857422,3050,0,0.25624999999999987,357023.822845459,3050,0,0.25,141302.4663848877,3050,0,0.25,135436.6990814209,3050,0,0.25,135518.4687347412,3050,0,0.25,94419.5811920166,16133.333333333334,0,0.39375000000000004,96573.79493713379,16133.333333333334,0,0.39375000000000004,8064191.727798462,5377,4276,2495,5056,2467,400,400,400,5395,400,400,400,5137,400,3441,400,400,400,400,400,1679,400,400,5345,400,2762,4908,2206,5348,5073,5059,2515,37.5,0,0,0,10,30.000001907348633,52.499996185302734,5,51.28205490112305,51.219512939453125,52.499996185302734,52.499996185302734,0,12.820513725280762,51.28205490112305,0,0,52.499996185302734,52.499996185302734,52.499996185302734,52.499996185302734,52.499996185302734,50,0,0,0,52.499996185302734,2.5,51.219512939453125,51.219512939453125,10,5,20475,15889,128762,72,91,20475,13174,25361,58,0,66718990336,8589930496,22534299648,524288
199,1790686000108,443323.19873046875,3050,0,0.2437499999999999,91594.23277282715,16133.333333333334,0,0.3999999999999999,93132.02717590332,16133.333333333334,0,0.3999999999999999,95789.2865600586,16133.333333333334,0,0.3999999999999999,98720.8225402832,16133.333333333334,0,0.3999999999999999,90347.4253540039,16133.333333333334,0,0.3999999999999999,88215.3139038086,16133.333333333334,0,0.3999999999999999,140522.2633972168,3050,0,0.2437499999999999,145509.0529937744,3050,0,0.2437499999999999,145832.11990356445,3050,0,0.2437499999999999,357024.1936645508,3050,0,0.2437499999999999,141302.7491607666,3050,0,0.2437499999999999,135436.96893310547,3050,0,0.2437499999999999,135518.73207092285,3050,0,0.2437499999999999,94419.76396179199,16133.333333333334,0,0.3999999999999999,96574.33117675781,16133.333333333334,0,0.3999999999999999,8064210.871551514,5377,4276,2495,5056,2467,400,400,400,5395,400,400,400,5137,400,3441,400,400,400,400,400,1679,400,400,5345,400,2762,4908,2206,5348,5073,5059,2515,50,0,0,0,0,30.000001907348633,53.84615707397461,5.128205299377441,52.499996185302734,52.499996185302734,50,50,2.4390242099761963,17.073171615600586,51.219512939453125,0,0,50,22.5,50,50,50,52.499996185302734,0,0,0,50,2.4390242099761963,51.28205490112305,51.28205490112305,0,40,20475,15889,128823,72,91,20475,13174,25361,58,0,66718990336,8589930496,22543302656,524288
199,1790686000308,443324.10444641113,3050,0,0.21875,91594.39706420898,16133.333333333334,0,0.40625,93132.19062805176,16133.333333333334,0,0.40625,95789.44946289063,16133.333333333334,2,0.40625,98721.16687011719,16133.333333333334,2,0.40625,90347.6711730957,16133.333333333334,2,0.40625,88215.37664794922,16133.333333333334,2,0.40625,140522.53674316406,3050,2,0.21875,145509.31646728516,3050,2,0.21875,145832.47760009766,3050,2,0.21875,357025.083984375,3050,0,0.21875,141303.0545654297,3050,2,0.21875,135437.23207092285,3050,2,0.21875,135519.0001525879,3050,2,0.21875,94419.92944335938,16133.333333333334,2,0.40625,96574.74737548828,16133.333333333334,2,0.40625,8064230.387863159,5377,4276,2495,5056,2467,400,400,400,5395,400,400,400,5137,400,3441,400,400,400,400,400,1679,400,400,5345,400,2762,4908,2206,5348,5073,5059,2515,35,0,0,0,0,15.000000953674316,42.85714340209961,4.761904716491699,45,45,50,47.619049072265625,0,42.105262756347656,47.36842346191406,0,0,47.36842346191406,10.526315689086914,47.619049072265625,47.619049072265625,47.619049072265625,45,15.789472579956055,0,0,35,15.000000953674316,47.619049072265625,47.619049072265625,0,55,20475,15889,128803,71,91,20475,13174,15603,58,0,66718990336,8589930496,22528614400,524288
199,1790686000508,443324.4742126465,3050,0,0.22499999999999987,91594.56513977051,16133.333333333334,0,0.3999999999999999,93132.35926818848,16133.333333333334,0,0.3999999999999999,95789.61726379395,16133.333333333334,0,0.3999999999999999,98721.39393615723,16133.333333333334,0,0.3999999999999999,90347.77130126953,16133.333333333334,0,0.3999999999999999,88215.42951965332,16133.333333333334,0,0.3999999999999999,140522.83450317383,3050,0,0.22499999999999987,145509.59741210938,3050,0,0.22499999999999987,145832.75941467285,3050,0,0.22499999999999987,357027.3243713379,3050,0,0.22499999999999987,141303.40534973145,3050,0,0.22499999999999987,135437.52449035645,3050,0,0.22499999999999987,135519.26809692383,3050,0,0.22499999999999987,94420.10118103027,16133.333333333334,0,0.3999999999999999,96575.00634765625,16133.333333333334,0,0.3999999999999999,8064250.43850708,5377,4276,2495,5056,2467,400,400,400,5395,400,400,400,5137,400,3441,400,400,400,400,400,1679,400,400,5345,400,2762,4908,2206,5348,5073,5059,2515,35,0,0,0,0,15.000000953674316,42.85714340209961,4.761904716491699,45,45,50,47.619049072265625,0,42.105262756347656,47.36842346191406,0,0,47.36842346191406,10.526315689086914,47.619049072265625,47.619049072265625,47.619049072265625,45,15.789472579956055,0,0,35,15.000000953674316,47.619049072265625,47.619049072265625,0,55,20475,15889,128767,72,92,20475,13174,15603,58,0,66718990336,8589930496,22537641984,524288
199,1790686000708,443324.84396362305,3050,2,0.2124999999999999,91594.76875305176,48800,2,0.925,93132.54487609863,48800,2,0.925,95789.81539916992,48800,2,0.925,98721.6273803711,48800,2,0.925,90348.07862854004,48800,2,0.925,88215.66090393066,48800,2,0.925,140523.12716674805,3050,2,0.2124999999999999,145509.8900604248,3050,2,0.2124999999999999,145833.05264282227,3050,2,0.2124999999999999,357029.5866699219,3050,0,0.2124999999999999,141303.69355773926,3050,2,0.2124999999999999,135437.8257598877,3050,2,0.2124999999999999,135519.55102539063,3050,2,0.2124999999999999,94420.27764892578,48800,2,0.925,96575.23809814453,48800,2,0.925,8064270.983795166,5377,4276,2495,5056,2467,400,400,400,5395,400,400,400,5137,400,3441,400,400,400,400,400,1679,400,400,5345,400,2762,4908,2206,5348,5073,5059,2515,12.820513725280762,0,2.5,0,0,0,35,32.5,50,50,50,50,0,100,50,0,0,50,50,51.28205490112305,51.28205490112305,51.28205490112305,51.219512939453125,0,2.5,0,0,20.512821197509766,50,52.499996185302734,0,12.820513725280762,20475,15889,129025,72,92,20475,13174,15603,58,0,66718990336,8589930496,22539722752,524288
199,1790686000908,443325.2746582031,3050,0,0.22499999999999987,91594.9925994873,16133.333333333334,0,0.3999999999999999,93132.70932006836,16133.333333333334,0,0.3999999999999999,95790.0406036377,16133.333333333334,0,0.3999999999999999,98721.84989929199,16133.333333333334,0,0.3999999999999999,90348.30767822266,16133.333333333334,0,0.3999999999999999,88215.8824005127,16133.333333333334,0,0.3999999999999999,140523.4111175537,3050,0,0.22499999999999987,145510.17837524414,3050,0,0.22499999999999987,145833.3265991211,3050,0,0.22499999999999987,357031.8303833008,3050,0,0.22499999999999987,141303.97326660156,3050,0,0.22499999999999987,135438.11697387695,3050,0,0.22499999999999987,135519.81912231445,3050,0,0.22499999999999987,94420.44421386719,16133.333333333334,0,0.3999999999999999,96575.46771240234,16133.333333333334,0,0.3999999999999999,8064291.213531494,5377,4276,2495,5056,2467,400,400,400,5395,400,400,400,5137,400,3441,400,400,400,400,400,1679,400,400,5345,400,2762,4908,2206,5348,5073,5059,2515,12.820513725280762,0,2.5,0,0,0,35,32.5,50,50,50,50,0,100,50,0,0,50,50,51.28205490112305,51.28205490112305,51.28205490112305,51.219512939453125,0,2.5,0,0,20.512821197509766,50,52.499996185302734,0,12.820513725280762,20475,15889,129174,72,91,20475,13174,15603,58,0,66718990336,8589930496,22538309632,524288
199,1790686001108,443325.7114562988,3050,2,0.21875,91595.22018432617,48800,2,0.925,93132.87420654297,48800,2,0.925,95790.26692199707,48800,2,0.925,98722.07611083984,48800,2,0.925,90348.53877258301,48800,2,0.925,88216.10762023926,48800,2,0.925,140523.70832824707,3050,2,0.21875,145510.4719543457,3050,2,0.21875,145833.6030883789,3050,2,0.21875,357034.01583862305,3050,0,0.21875,141304.269241333,3050,2,0.21875,135438.40991210938,3050,2,0.21875,135520.0961151123,3050,2,0.21875,94420.6117401123,48800,2,0.925,96575.69384765625,48800,2,0.925,8064311.632156372,5377,4276,2495,5056,2467,400,400,400,5395,400,400,400,5137,400,3441,400,400,400,400,400,1679,400,400,5345,400,2762,4908,2206,5348,5073,5059,2515,17.073171615600586,0,0,0,0,0,50,48.71794891357422,50,50,50,10,0,100,50,7.692307949066162,27.5,52.38095474243164,50,50,50,50,50,40,0,0,0,0,42.5,22.5,2.4390242099761963,2.4390242099761963,20475,15889,129082,72,92,20475,13174,15603,58,0,66718990336,8589930496,22538047488,524288
199,1790686001308,443326.1210784912,3050,0,0.23124999999999996,91595.46011352539,16133.333333333334,0,0.3999999999999999,93133.07006835938,16133.333333333334,0,0.3999999999999999,95790.505859375,16133.333333333334,0,0.3999999999999999,98722.31434631348,16133.333333333334,0,0.3999999999999999,90348.78372192383,16133.333333333334,0,0.3999999999999999,88216.35600280762,16133.333333333334,0,0.3999999999999999,140524.01235961914,3050,0,0.23124999999999996,145510.76416015625,3050,0,0.23124999999999996,145833.8916015625,3050,0,0.23124999999999996,357036.0803527832,3050,0,0.23124999999999996,141304.5675201416,3050,0,0.23124999999999996,135438.72714233398,3050,0,0.23124999999999996,135520.37898254395,3050,0,0.23124999999999996,94420.79237365723,16133.333333333334,0,0.3999999999999999,96575.9026184082,16133.333333333334,0,0.3999999999999999,8064332.062240601,5377,4276,2495,5056,2467,400,400,400,5395,400,400,400,5137,400,3441,400,400,400,400,400,1679,400,400,5345,400,2762,4908,2206,5348,5073,5059,2515,17.073171615600586,0,0,0,0,0,50,48.71794891357422,50,50,50,10,0,100,50,7.692307949066162,27.5,52.38095474243164,50,50,50,50,50,40,0,0,0,0,42.5,22.5,2.4390242099761963,2.4390242099761963,20475,15889,128279,73,83,20475,13174,15603,58,0,66718990336,8589930496,22513487872,524288
199,1790686001508,443326.49015808105,3050,0,0.21875,91595.69441223145,16133.333333333334,0,0.3999999999999999,93133.24060058594,16133.333333333334,0,0.3999999999999999,95790.7360534668,16133.333333333334,0,0.3999999999999999,98722.54672241211,16133.333333333334,0,0.3999999999999999,90349.0196685791,16133.333333333334,0,0.3999999999999999,88216.52841186523,16133.333333333334,0,0.3999999999999999,140524.3801727295,3050,0,0.21875,145511.06971740723,3050,0,0.21875,145834.17558288574,3050,0,0.21875,357038.3084716797,3050,0,0.21875,141304.8583831787,3050,0,0.21875,135439.05834960938,3050,0,0.21875,135520.65560913086,3050,0,0.21875,94420.96347045898,16133.333333333334,0,0.3999999999999999,96576.07357788086,16133.333333333334,0,0.3999999999999999,8064352.488067627,5377,4276,2495,5056,2467,400,400,400,5395,400,400,400,5137,400,3441,400,400,400,400,400,1679,400,400,5345,400,2762,4908,2206,5348,5073,5059,2515,15.000000953674316,0,0,0,0,0,55,52.6315803527832,50,50,52.38095474243164,0,0,100,52.6315803527832,0,52.38095474243164,50,52.6315803527832,55,52.6315803527832,55,52.38095474243164,52.6315803527832,0,0,0,0,55,0,0,0,20475,15889,127351,72,92,20475,13174,14284,57,0,66718990336,8589930496,22517358592,524288
199,1790686001708,443326.84535217285,3050,2,0.2124999999999999,91595.90937805176,48800,2,0.925,93133.3973236084,48800,2,0.925,95790.92961120605,48800,2,0.925,98722.75497436523,48800,2,0.925,90349.23266601563,48800,2,0.925,88216.68618774414,48800,2,0.925,140524.74801635742,3050,2,0.2124999999999999,145511.35400390625,3050,2,0.2124999999999999,145834.44244384766,3050,2,0.2124999999999999,357040.5673980713,3050,0,0.2124999999999999,141305.13792419434,3050,2,0.2124999999999999,135439.37573242188,3050,2,0.2124999999999999,135520.9235534668,3050,2,0.2124999999999999,94421.11659240723,48800,2,0.925,96576.25173950195,48800,2,0.925,8064372.728775024,5377,4276,2495,5056,2467,400,400,400,5395,400,400,400,5137,400,3441,400,400,400,400,400,1679,400,400,5345,400,2762,4908,2206,5348,5073,5059,2515,10.526315689086914,0,0,0,0,0,45,47.619049072265625,45,47.36842346191406,45,0,0,100,45,0,45,47.619049072265625,45,45,45,45,47.36842346191406,47.619049072265625,0,0,0,0,45,0,0,4.761904716491699,20475,15889,127401,72,92,20475,13174,14284,57,0,66718990336,8589930496,22519369728,524288
199,1790686001908,443327.25271606445,3050,0,0.22499999999999987,91596.14245605469,16133.333333333334,0,0.3999999999999999,93133.57225036621,16133.333333333334,0,0.3999999999999999,95791.10047912598,16133.333333333334,0,0.3999999999999999,98722.98698425293,16133.333333333334,0,0.3999999999999999,90349.46977233887,16133.333333333334,0,0.3999999999999999,88216.85455322266,16133.333333333334,0,0.3999999999999999,140525.13389587402,3050,0,0.22499999999999987,145511.66548156738,3050,0,0.22499999999999987,145834.7241973877,3050,0,0.22499999999999987,357042.79360961914,3050,0,0.22499999999999987,141305.42864990234,3050,0,0.22499999999999987,135439.70672607422,3050,0,0.22499999999999987,135521.20220947266,3050,0,0.22499999999999987,94421.28762817383,16133.333333333334,0,0.3999999999999999,96576.42330932617,16133.333333333334,0,0.3999999999999999,8064393.046905518,5377,4276,2495,5056,2467,400,400,400,5395,400,400,400,5137,400,3441,400,400,400,400,400,1679,400,400,5345,400,2762,4908,2206,5348,5073,5059,2515,10.526315689086914,0,0,0,0,0,45,47.619049072265625,45,47.36842346191406,45,0,0,100,45,0,45,47.619049072265625,45,45,45,45,47.36842346191406,47.619049072265625,0,0,0,0,45,0,0,4.761904716491699,20475,15889,127425,72,92,20475,13174,14284,57,0,66718990336,8589930496,22518554624,524288
199,1790686002108,443327.581451416,3050,2,0.2124999999999999,91596.35830688477,48800,2,0.4125000000000001,93133.73165893555,48800,2,0.4125000000000001,95791.25772094727,48800,2,0.4125000000000001,98723.20156860352,48800,2,0.4125000000000001,90349.68659973145,48800,2,0.4125000000000001,88217.01376342773,48800,2,0.4125000000000001,140525.52127075195,3050,2,0.2124999999999999,145511.98106384277,3050,2,0.2124999999999999,145834.99716186523,3050,2,0.2124999999999999,357045.04724121094,3050,0,0.2124999999999999,141305.70904541016,3050,2,0.2124999999999999,135440.0421295166,3050,2,0.2124999999999999,135521.46830749512,3050,2,0.2124999999999999,94421.44575500488,48800,2,0.4125000000000001,96576.57983398438,48800,2,0.4125000000000001,8064413.307815552,5377,4276,2495,5056,2467,400,400,400,5395,400,400,400,5137,400,3441,400,400,400,400,400,1679,400,400,5345,400,2762,4908,2206,5348,5073,5059,2515,12.195121765136719,2.5,0,0,0,0,50,50,52.499996185302734,51.219512939453125,20,12.820513725280762,35,100,15.000000953674316,0,15.000000953674316,50,51.219512939453125,50,51.219512939453125,50,50,35,0,0,0,37.5,50,35,0,0,20475,15889,127455,73,92,20475,13174,14284,57,0,66718990336,8589930496,22517129216,524288
199,1790686002308,443327.950881958,3050,0,0.22499999999999987,91596.57760620117,16133.333333333334,0,0.3999999999999999,93133.89730834961,16133.333333333334,0,0.3999999999999999,95791.42224121094,16133.333333333334,0,0.3999999999999999,98723.40731811523,16133.333333333334,0,0.3999999999999999,90349.91506958008,16133.333333333334,0,0.3999999999999999,88217.19728088379,16133.333333333334,0,0.3999999999999999,140525.89016723633,3050,0,0.22499999999999987,145512.2791748047,3050,0,0.22499999999999987,145835.27270507813,3050,0,0.22499999999999987,357047.28259277344,3050,0,0.22499999999999987,141305.98385620117,3050,0,0.22499999999999987,135440.3768157959,3050,0,0.22499999999999987,135521.73825073242,3050,0,0.22499999999999987,94421.6083984375,16133.333333333334,0,0.3999999999999999,96576.7492980957,16133.333333333334,0,0.3999999999999999,8064433.661636353,5377,4276,2495,5056,2467,400,400,400,5395,400,400,400,5137,400,3441,400,400,400,400,400,1679,400,400,5345,400,2762,4908,2206,5348,5073,5059,2515,12.195121765136719,2.5,0,0,0,0,50,50,52.499996185302734,51.219512939453125,20,12.820513725280762,35,100,15.000000953674316,0,15.000000953674316,50,51.219512939453125,50,51.219512939453125,50,50,35,0,0,0,37.5,50,35,0,0,20475,15889,127682,72,90,20475,13174,14136,57,0,66718990336,8589930496,22535950336,524288
199,1790686002508,443328.33084106445,3050,2,0.2124999999999999,91596.81484985352,48800,2,0.575,93134.07746887207,48800,2,0.575,95791.59930419922,48800,2,0.575,98723.59687805176,48800,2,0.575,90350.1431427002,48800,2,0.575,88217.36602783203,48800,2,0.575,140526.27185058594,3050,2,0.2124999999999999,145512.5923614502,3050,2,0.2124999999999999,145835.5571899414,3050,2,0.2124999999999999,357049.5453338623,3050,0,0.2124999999999999,141306.2653503418,3050,2,0.2124999999999999,135440.7112121582,3050,2,0.2124999999999999,135522.01570129395,3050,2,0.2124999999999999,94421.77809143066,48800,2,0.575,96576.95547485352,48800,2,0.575,8064454.192718506,5377,4276,2495,5056,2467,400,400,400,5395,400,400,400,5137,400,3441,400,400,400,400,400,1679,400,400,5345,400,2762,4908,2206,5348,5073,5059,2515,15.384615898132324,0,0,0,0,2.5641026496887207,51.219512939453125,50,50,50,0,51.219512939453125,50,100,0,17.073171615600586,0,37.5,50,50,51.28205490112305,51.219512939453125,50,0,0,2.5,0,50,33.333335876464844,51.219512939453125,12.5,7.692307949066162,20475,15889,128840,72,92,20475,13174,14136,57,0,66718990336,8589930496,22520324096,524288
199,1790686002708,443328.76794433594,3050,0,0.21875,91597.03834533691,16133.333333333334,0,0.40625,93134.24388122559,16133.333333333334,0,0.40625,95791.78480529785,16133.333333333334,0,0.40625,98723.76629638672,16133.333333333334,0,0.40625,90350.37254333496,16133.333333333334,0,0.40625,88217.55874633789,16133.333333333334,0,0.40625,140526.6511077881,3050,0,0.21875,145512.89125061035,3050,0,0.21875,145835.85357666016,3050,0,0.21875,357051.7908477783,3050,0,0.21875,141306.54345703125,3050,0,0.21875,135441.03271484375,3050,0,0.21875,135522.27868652344,3050,0,0.21875,94421.9467163086,16133.333333333334,0,0.40625,96577.12086486816,16133.333333333334,0,0.40625,8064474.564743042,5377,4276,2495,5056,2467,400,400,400,5395,400,400,400,5137,400,3441,400,400,400,400,400,1679,400,400,5345,400,2762,4908,2206,5348,5073,5059,2515,15.384615898132324,0,0,0,0,2.5641026496887207,51.219512939453125,50,50,50,0,51.219512939453125,50,100,0,17.073171615600586,0,37.5,50,50,51.28205490112305,51.219512939453125,50,0,0,2.5,0,50,33.333335876464844,51.219512939453125,12.5,7.692307949066162,20475,15889,129010,72,92,20475,13174,14136,57,0,66718990336,8589930496,22516670464,524288
199,1790686002909,443329.22470092773,3050,2,0.2124999999999999,91597.2671508789,48800,2,0.93125,93134.41633605957,48800,2,0.93125,95792.00077819824,48800,2,0.93125,98723.9359741211,48800,2,0.93125,90350.60823059082,48800,2,0.93125,88217.7300567627,48800,2,0.93125,140527.04263305664,3050,0,0.2124999999999999,145513.20387268066,3050,0,0.2124999999999999,145836.15563964844,3050,2,0.2124999999999999,357054.05587768555,3050,0,0.2124999999999999,141306.83589172363,3050,2,0.2124999999999999,135441.36683654785,3050,2,0.2124999999999999,135522.56732177734,3050,2,0.2124999999999999,94422.11703491211,48800,2,0.93125,96577.29164123535,48800,2,0.93125,8064495.070114136,5377,4276,2495,5056,2467,400,400,400,5395,400,400,400,5137,400,3441,400,400,400,400,400,1679,400,400,5345,400,2762,4908,2206,5348,5073,5059,2515,15.000000953674316,0,0,0,0,0,51.28205490112305,50,50,50,0,50,50,100,0,51.28205490112305,0,0,32.5,52.499996185302734,50,51.28205490112305,50,0,0,2.4390242099761963,0,51.219512939453125,0,50,52.499996185302734,17.5,20475,15889,128980,72,92,20475,13174,14136,57,0,66718990336,8589930496,22515769344,524288
199,1790686003108,443329.59730529785,3050,0,0.22499999999999987,91597.47239685059,16133.333333333334,0,0.63125,93134.57501220703,16133.333333333334,0,0.63125,95792.19364929199,16133.333333333334,0,0.63125,98724.09118652344,16133.333333333334,0,0.63125,90350.81883239746,16133.333333333334,0,0.63125,88217.88665771484,16133.333333333334,0,0.63125,140527.37774658203,3050,0,0.22499999999999987,145513.49633789063,3050,0,0.22499999999999987,145836.43772888184,3050,0,0.22499999999999987,357056.3026275635,3050,0,0.22499999999999987,141307.10195922852,3050,0,0.22499999999999987,135441.66912841797,3050,0,0.22499999999999987,135522.83670043945,3050,0,0.22499999999999987,94422.26969909668,16133.333333333334,0,0.63125,96577.44319152832,16133.333333333334,0,0.63125,8064515.151779175,5377,4276,2495,5056,2467,400,400,400,5395,400,400,400,5137,400,3441,400,400,400,400,400,1679,400,400,5345,400,2762,4908,2206,5348,5073,5059,2515,15.000000953674316,0,0,0,0,0,51.28205490112305,50,50,50,0,50,50,100,0,51.28205490112305,0,0,32.5,52.499996185302734,50,51.28205490112305,50,0,0,2.4390242099761963,0,51.219512939453125,0,50,52.499996185302734,17.5,20475,15889,128983,72,92,20475,13174,14136,57,0,66718990336,8589930496,22532755456,524288
199,1790686003309,443330.0196838379,3050,0,0.2124999999999999,91597.70820617676,16133.333333333334,0,0.3999999999999999,93134.75257873535,16133.333333333334,0,0.3999999999999999,95792.41465759277,16133.333333333334,2,0.39375000000000004,98724.26391601563,16133.333333333334,2,0.39375000000000004,90351.05690002441,16133.333333333334,2,0.39375000000000004,88218.06031799316,16133.333333333334,0,0.39375000000000004,140527.71740722656,3050,0,0.2124999999999999,145513.82891845703,3050,0,0.2124999999999999,145836.74363708496,3050,0,0.2124999999999999,357058.5712585449,3050,0,0.2124999999999999,141307.39755249023,3050,0,0.2124999999999999,135442.0057220459,3050,0,0.2124999999999999,135523.1300201416,3050,0,0.2124999999999999,94422.44241333008,16133.333333333334,0,0.3999999999999999,96577.61558532715,16133.333333333334,0,0.3999999999999999,8064535.660369873,5377,4276,2495,5056,2467,400,400,400,5395,400,400,400,5137,400,3441,400,400,400,400,400,1679,400,400,5345,400,2762,4908,2206,5348,5073,5059,2515,2.5,10,0,0,0,0,50,50,50,50,0,50,51.28205490112305,100,0,50,0,0,0,50,50,50,50,0,0,0,0,50,2.4390242099761963,51.28205490112305,50,50,20475,15889,128896,72,92,20475,13174,14002,57,0,66718990336,8589930496,22506373120,524288
199,1790686003509,443330.42085266113,3050,0,0.21875,91597.95416259766,16133.333333333334,0,0.40625,93134.9672088623,16133.333333333334,2,0.40625,95792.6421661377,16133.333333333334,0,0.40625,98724.44155883789,16133.333333333334,0,0.40625,90351.2738494873,16133.333333333334,0,0.40625,88218.22518920898,16133.333333333334,0,0.40625,140527.9999847412,3050,0,0.21875,145514.15643310547,3050,2,0.21875,145837.0319671631,3050,0,0.21875,357060.8213043213,3050,0,0.21875,141307.6784515381,3050,0,0.21875,135442.30615234375,3050,2,0.21875,135523.39349365234,3050,0,0.21875,94422.63008117676,16133.333333333334,0,0.4125000000000001,96577.80883789063,16133.333333333334,2,0.40625,8064556.253601074,5377,4276,2495,5056,2467,400,400,400,5395,400,400,400,5137,400,3441,400,400,400,400,400,1679,400,400,5345,400,2762,4908,2206,5348,5073,5059,2515,15.000000953674316,0,15.000000953674316,9.523809432983398,9.523809432983398,0,45,45,45,47.36842346191406,0,45,47.619049072265625,100,0,45,0,0,0,45,45,47.619049072265625,50,9.090909004211426,0,0,0,45,0,45,45,45,20475,15889,128839,72,92,20475,13174,14002,56,0,66718990336,8589930496,22528638976,524288
199,1790686003709,443330.7877807617,3050,0,0.21875,91598.18992614746,16133.333333333334,0,0.3999999999999999,93135.18217468262,16133.333333333334,0,0.3999999999999999,95792.86671447754,16133.333333333334,0,0.3999999999999999,98724.65023803711,16133.333333333334,0,0.3999999999999999,90351.53785705566,16133.333333333334,0,0.3999999999999999,88218.4146118164,16133.333333333334,0,0.3999999999999999,140528.3350830078,3050,0,0.21875,145514.59149169922,3050,0,0.21875,145837.3445892334,3050,0,0.21875,357063.07453918457,3050,0,0.21875,141308.04110717773,3050,0,0.21875,135442.66471862793,3050,0,0.21875,135523.65687561035,3050,0,0.21875,94422.82107543945,16133.333333333334,0,0.3999999999999999,96578.05764770508,16133.333333333334,0,0.3999999999999999,8064577.115905762,5377,4276,2495,5056,2467,400,400,400,5395,400,400,400,5137,400,3441,400,400,400,400,400,1679,400,400,5345,400,2762,4908,2206,5348,5073,5059,2515,0,10,0,5,0,0,55,55,55,52.38095474243164,0,55,60.000003814697266,100,4.761904716491699,55,0,0,0,55,55,55,52.6315803527832,0,0,0,0,55,5,47.619049072265625,55,55,20475,15889,128801,73,92,20475,13174,14002,56,0,66718990336,8589930496,22539137024,524288
199,1790686003909,443331.14044189453,3050,0,0.2124999999999999,91598.38691711426,48800,2,0.63125,93135.33926391602,48800,2,0.63125,95793.05513000488,48800,2,0.63125,98724.8083190918,48800,2,0.63125,90351.75575256348,48800,2,0.63125,88218.57566833496,48800,2,0.63125,140528.61280822754,3050,0,0.2124999999999999,145514.95703125,3050,0,0.2124999999999999,145837.6194000244,3050,0,0.2124999999999999,357065.3271179199,3050,0,0.2124999999999999,141308.3553314209,3050,0,0.2124999999999999,135442.9761505127,3050,2,0.2124999999999999,135523.9225769043,3050,2,0.2124999999999999,94422.9775390625,48800,2,0.63125,96578.26710510254,48800,2,0.63125,8064597.27772522,5377,4276,2495,5056,2467,400,400,400,5395,400,400,400,5137,400,3441,400,400,400,400,400,1679,400,400,5345,400,2762,4908,2206,5348,5073,5059,2515,15.000000953674316,0,0,0,0,0,45,47.36842346191406,45,47.36842346191406,0,47.36842346191406,45,100,10.526315689086914,20,0,0,0,45,45,45,47.619049072265625,0,0,0,0,35,26.3157901763916,47.36842346191406,45,47.36842346191406,20475,15889,128821,72,92,20475,13174,14002,56,0,66718990336,8589930496,22537891840,524288
199,1790686004109,443331.51042175293,3050,0,0.21875,91598.60801696777,16133.333333333334,0,0.3999999999999999,93135.53533935547,16133.333333333334,0,0.3999999999999999,95793.28402709961,16133.333333333334,0,0.3999999999999999,98725.04745483398,16133.333333333334,0,0.3999999999999999,90352.00787353516,16133.333333333334,0,0.3999999999999999,88218.75520324707,16133.333333333334,0,0.3999999999999999,140528.92543029785,3050,0,0.21875,145515.3554840088,3050,0,0.21875,145837.9266052246,3050,0,0.21875,357067.5803527832,3050,0,0.21875,141308.6880493164,3050,0,0.21875,135443.30374145508,3050,0,0.21875,135524.20922851563,3050,0,0.21875,94423.15086364746,16133.333333333334,0,0.3999999999999999,96578.49800109863,16133.333333333334,0,0.3999999999999999,8064618.010894775,5377,4276,2495,5056,2467,400,400,400,5395,400,400,400,5137,400,3441,400,400,400,400,400,1679,400,400,5345,400,2762,4908,2206,5348,5073,5059,2515,15.000000953674316,0,0,0,0,0,45,47.36842346191406,45,47.36842346191406,0,47.36842346191406,45,100,10.526315689086914,20,0,0,0,45,45,45,47.619049072265625,0,0,0,0,35,26.3157901763916,47.36842346191406,45,47.36842346191406,20475,15889,128874,73,92,20475,13174,14002,56,0,66718990336,8589930496,22522277888,524288
199,1790686004309,443331.87174987793,3050,0,0.2124999999999999,91598.81834411621,48800,2,0.925,93135.69624328613,48800,2,0.925,95793.49110412598,48800,2,0.925,98725.21000671387,48800,2,0.925,90352.22764587402,48800,2,0.925,88218.9195098877,48800,2,0.925,140529.21417236328,3050,2,0.2124999999999999,145515.74481201172,3050,2,0.2124999999999999,145838.2144165039,3050,2,0.2124999999999999,357069.8097229004,3050,0,0.2124999999999999,141309.01586914063,3050,0,0.2124999999999999,135443.62551879883,3050,2,0.2124999999999999,135524.4847869873,3050,2,0.2124999999999999,94423.31300354004,48800,2,0.925,96578.71731567383,48800,2,0.925,8064638.296127319,5377,4276,2495,5056,2467,400,400,400,5395,400,400,400,5137,400,3441,400,400,400,400,400,1679,400,400,5345,400,2762,4908,2206,5348,5073,5059,2515,15.000000953674316,0,0,0,0,4.878048419952393,52.499996185302734,51.219512939453125,52.499996185302734,51.219512939453125,0,51.219512939453125,52.499996185302734,100,51.219512939453125,0,0,0,0,51.28205490112305,52.499996185302734,52.499996185302734,50,0,2.4390242099761963,0,0,0,51.219512939453125,51.219512939453125,51.28205490112305,51.219512939453125,20475,15889,128631,73,92,20475,13174,13796,56,0,66718990336,8589930496,22522277888,524288
199,1790686004509,443332.3358154297,3050,0,0.21875,91599.02445983887,16133.333333333334,0,0.40625,93135.85409545898,16133.333333333334,0,0.40625,95793.68957519531,16133.333333333334,0,0.40625,98725.36817932129,16133.333333333334,0,0.40625,90352.43881225586,16133.333333333334,0,0.40625,88219.07913208008,16133.333333333334,0,0.40625,140529.51321411133,3050,0,0.21875,145516.1223602295,3050,0,0.21875,145838.49333190918,3050,0,0.21875,357072.0585784912,3050,0,0.21875,141309.3282775879,3050,0,0.21875,135443.93867492676,3050,0,0.21875,135524.74967956543,3050,0,0.21875,94423.47091674805,16133.333333333334,0,0.40625,96578.93362426758,16133.333333333334,0,0.40625,8064658.651275635,5377,4276,2495,5056,2467,400,400,400,5395,400,400,400,5137,400,3441,400,400,400,400,400,1679,400,400,5345,400,2762,4908,2206,5348,5073,5059,2515,15.000000953674316,0,0,0,0,4.878048419952393,52.499996185302734,51.219512939453125,52.499996185302734,51.219512939453125,0,51.219512939453125,52.499996185302734,100,51.219512939453125,0,0,0,0,51.28205490112305,52.499996185302734,52.499996185302734,50,0,2.4390242099761963,0,0,0,51.219512939453125,51.219512939453125,51.28205490112305,51.219512939453125,20475,15889,128681,73,92,20475,13174,13796,56,0,66718990336,8589930496,22523305984,524288
199,1790686004709,443332.7250366211,3050,2,0.2124999999999999,91599.24913024902,48800,2,0.39375000000000004,93136.02990722656,48800,2,0.39375000000000004,95793.91084289551,48800,2,0.39375000000000004,98725.54206848145,48800,2,0.39375000000000004,90352.67323303223,48800,2,0.39375000000000004,88219.25466918945,48800,2,0.39375000000000004,140529.82623291016,3050,2,0.2124999999999999,145516.55853271484,3050,2,0.2124999999999999,145838.8018798828,3050,2,0.2124999999999999,357074.3103942871,3050,0,0.2124999999999999,141309.68928527832,3050,2,0.2124999999999999,135444.28915405273,3050,2,0.2124999999999999,135525.05058288574,3050,2,0.2124999999999999,94423.64918518066,48800,2,0.39375000000000004,96579.16806030273,48800,2,0.39375000000000004,8064679.413528442,5377,4276,2495,5056,2467,400,400,400,5395,400,400,400,5137,400,3441,400,400,400,400,400,1679,400,400,5345,400,2762,4908,2206,5348,5073,5059,2515,26.829269409179688,0,0,0,0,0,50,50,50,50,2.5,50,50,100,50,0,0,0,0,51.219512939453125,50,50,51.28205490112305,0,0,0,0,0,50,50,51.219512939453125,50,20475,15889,128974,73,92,20475,13174,13796,56,0,66718990336,8589930496,22532866048,524288
199,1790686004909,443333.1385040283,3050,2,0.21875,91599.44160461426,48800,2,0.93125,93136.18144226074,48800,2,0.93125,95794.10209655762,48800,2,0.93125,98725.69911193848,48800,2,0.93125,90352.88035583496,48800,2,0.93125,88219.41088867188,48800,2,0.93125,140530.10021972656,3050,0,0.21875,145516.9242553711,3050,0,0.21875,145839.07067871094,3050,2,0.21875,357076.5186920166,3050,0,0.21875,141310.01054382324,3050,2,0.21875,135444.59915161133,3050,2,0.21875,135525.3140258789,3050,2,0.21875,94423.80087280273,48800,2,0.93125,96579.37335205078,48800,2,0.93125,8064699.396240234,5377,4276,2495,5056,2467,400,400,400,5395,400,400,400,5137,400,3441,400,400,400,400,400,1679,400,400,5345,400,2762,4908,2206,5348,5073,5059,2515,15.000000953674316,0,0,0,0,0,45,47.36842346191406,45,47.36842346191406,0,47.36842346191406,45,100,25,0,0,0,20,45,45,45,47.619049072265625,0,0,0,0,20,47.36842346191406,47.36842346191406,45,25,20475,15889,128903,73,92,20475,13174,13796,56,0,66718990336,8589930496,22522773504,524288
199,1790686005109,443333.59295654297,3050,0,0.21875,91599.65870666504,16133.333333333334,0,0.3999999999999999,93136.35244750977,16133.333333333334,0,0.3999999999999999,95794.31854248047,16133.333333333334,0,0.3999999999999999,98725.87065124512,16133.333333333334,0,0.3999999999999999,90353.11366271973,16133.333333333334,0,0.3999999999999999,88219.58218383789,16133.333333333334,0,0.3999999999999999,140530.40420532227,3050,0,0.21875,145517.32066345215,3050,0,0.21875,145839.39729309082,3050,0,0.21875,357078.7001647949,3050,0,0.21875,141310.19134521484,3050,0,0.21875,135444.94537353516,3050,0,0.21875,135525.60160827637,3050,0,0.21875,94423.96954345703,16133.333333333334,0,0.3999999999999999,96579.60249328613,16133.333333333334,0,0.3999999999999999,8064719.564163208,5377,4276,2495,5056,2467,400,400,400,5395,400,400,400,5137,400,3441,400,400,400,400,400,1679,400,400,5345,400,2762,4908,2206,5348,5073,5059,2515,15.000000953674316,0,0,0,0,0,45,47.36842346191406,45,47.36842346191406,0,47.36842346191406,45,100,25,0,0,0,20,45,45,45,47.619049072265625,0,0,0,0,20,47.36842346191406,47.36842346191406,45,25,20475,15889,128811,73,92,20475,13174,13796,56,0,66718990336,8589930496,22523543552,524288
199,1790686005309,443334.22943115234,3050,0,0.28749999999999987,91599.87083435059,16133.333333333334,0,0.3999999999999999,93136.5082397461,48800,2,0.39375000000000004,95794.51512145996,48800,2,0.39375000000000004,98726.04263305664,48800,2,0.39375000000000004,90353.3832244873,48800,2,0.39375000000000004,88219.75924682617,48800,2,0.39375000000000004,140530.69955444336,3050,2,0.28749999999999987,145517.6965484619,3050,2,0.28749999999999987,145839.74411010742,3050,2,0.28749999999999987,357080.1298675537,3050,2,0.28749999999999987,141310.51222229004,3050,2,0.28749999999999987,135445.37562561035,3050,2,0.28749999999999987,135525.9779510498,3050,2,0.28749999999999987,94424.17962646484,16133.333333333334,0,0.3999999999999999,96579.81492614746,16133.333333333334,2,0.3999999999999999,8064739.913742065,5377,4276,2495,5056,2467,400,400,400,5395,400,400,400,5137,400,3441,400,400,400,400,400,1679,400,400,5345,400,2762,4908,2206,5348,5073,5059,2515,20,0,0,0,0,0,52.499996185302734,48.780487060546875,51.28205490112305,50,0,50,50,77.5,0,0,0,0,51.28205490112305,50,51.28205490112305,50,50,15.000000953674316,0,0,10,37.5,46.34146499633789,52.499996185302734,52.499996185302734,0,20475,15889,128996,73,92,20475,13174,13801,56,0,66718990336,8589930496,22523543552,524288
199,1790686005509,443334.7095489502,3050,0,0.22499999999999987,91600.08477783203,16133.333333333334,0,0.3999999999999999,93136.67562866211,16133.333333333334,0,0.3999999999999999,95794.72801208496,16133.333333333334,0,0.3999999999999999,98726.20971679688,16133.333333333334,0,0.3999999999999999,90353.61431884766,16133.333333333334,0,0.3999999999999999,88219.90321350098,16133.333333333334,0,0.3999999999999999,140531.18147277832,3050,0,0.22499999999999987,145518.09603881836,3050,0,0.22499999999999987,145840.0534210205,3050,0,0.22499999999999987,357082.096282959,3050,0,0.22499999999999987,141310.84707641602,3050,0,0.22499999999999987,135445.7020111084,3050,0,0.22499999999999987,135526.2642364502,3050,0,0.22499999999999987,94424.36024475098,16133.333333333334,0,0.3999999999999999,96580.06115722656,16133.333333333334,0,0.3999999999999999,8064760.107330322,5377,4276,2495,5056,2467,400,400,400,5395,400,400,400,5137,400,3441,400,400,400,400,400,1679,400,400,5345,400,2762,4908,2206,5348,5073,5059,2515,15.789472579956055,15.000000953674316,0,0,0,0,50,36.842105865478516,52.38095474243164,52.38095474243164,42.85714340209961,50,15.000000953674316,0,0,0,0,0,50,50,52.38095474243164,52.6315803527832,50,0,0,5,95,52.6315803527832,52.6315803527832,50,52.6315803527832,10,20475,15889,128955,73,91,20475,13174,13801,56,0,66718990336,8589930496,22540058624,524288
199,1790686005709,443335.0957336426,3050,2,0.21875,91600.30714416504,16133.333333333334,2,0.5875,93136.85366821289,16133.333333333334,0,0.5875,95794.94186401367,16133.333333333334,2,0.5875,98726.37580871582,16133.333333333334,2,0.5875,90353.84042358398,16133.333333333334,2,0.5875,88220.07727050781,16133.333333333334,2,0.5875,140531.4766845703,3050,2,0.21875,145518.48736572266,3050,2,0.21875,145840.35929870605,3050,2,0.21875,357084.26806640625,3050,0,0.21875,141311.16647338867,3050,2,0.21875,135446.02925109863,3050,2,0.21875,135526.58894348145,3050,2,0.21875,94424.53356933594,16133.333333333334,2,0.5875,96580.29350280762,16133.333333333334,2,0.5875,8064780.705001831,5377,4276,2495,5056,2467,400,400,400,5395,400,400,400,5137,400,3441,400,400,400,400,400,1679,400,400,5345,400,2762,4908,2206,5348,5073,5059,2515,19.047618865966797,0,0,0,0,0,50,50,50,50,47.36842346191406,50,0,0,0,5,0,0,50,55,52.38095474243164,47.619049072265625,50,0,0,0,100,50,47.619049072265625,50,47.619049072265625,5,20475,15889,129054,73,91,20475,13174,13801,56,0,66718990336,8589930496,22515863552,524288
199,1790686005909,443335.4956970215,3050,0,0.22499999999999987,91600.47163391113,16133.333333333334,0,0.3999999999999999,93137.01721191406,16133.333333333334,0,0.3999999999999999,95795.10438537598,16133.333333333334,0,0.3999999999999999,98726.53480529785,16133.333333333334,0,0.3999999999999999,90354.06121826172,16133.333333333334,0,0.3999999999999999,88220.2407989502,16133.333333333334,0,0.3999999999999999,140531.76501464844,3050,0,0.22499999999999987,145518.84770202637,3050,0,0.22499999999999987,145840.65519714355,3050,0,0.22499999999999987,357086.4446411133,3050,0,0.22499999999999987,141311.45513916016,3050,0,0.22499999999999987,135446.34341430664,3050,0,0.22499999999999987,135526.86921691895,3050,0,0.22499999999999987,94424.69538879395,16133.333333333334,0,0.3999999999999999,96580.48695373535,16133.333333333334,0,0.3999999999999999,8064800.67338562,5377,4276,2495,5056,2467,400,400,400,5395,400,400,400,5137,400,3441,400,400,400,400,400,1679,400,400,5345,400,2762,4908,2206,5348,5073,5059,2515,15.789472579956055,0,0,0,0,0,50,50,50,50,50,50,0,0,0,50,0,20,50,50,50,50,50,0,0,0,100,50,0,50,31.57894515991211,0,20475,15889,128957,73,92,20475,13174,13801,56,0,66718990336,8589930496,22520274944,524288
199,1790686006109,443335.893951416,3050,2,0.2124999999999999,91600.63830566406,48800,2,0.925,93137.18991088867,48800,2,0.925,95795.26986694336,48800,2,0.925,98726.6964263916,48800,2,0.925,90354.28645324707,48800,2,0.925,88220.41035461426,48800,2,0.925,140532.10781860352,3050,2,0.2124999999999999,145519.2378540039,3050,2,0.2124999999999999,145840.9582824707,3050,0,0.2124999999999999,357088.6326446533,3050,0,0.2124999999999999,141311.74270629883,3050,2,0.2124999999999999,135446.66400146484,3050,2,0.2124999999999999,135527.16459655762,3050,2,0.2124999999999999,94424.85829162598,48800,2,0.925,96580.68724060059,48800,2,0.925,8064821.0495147705,5377,4276,2495,5056,2467,400,400,400,5395,400,400,400,5137,400,3441,400,400,400,400,400,1679,400,400,5345,400,2762,4908,2206,5348,5073,5059,2515,9.523809432983398,10,0,4.761904716491699,0,0,50,50,50,50,52.38095474243164,50,0,0,0,50,0,50,50,50,50,50,50,0,0,0,100,50,0,50,0,0,20475,15889,128820,73,92,20475,13174,13801,56,0,66718990336,8589930496,22516408320,524288
199,1790686006309,443336.26054382324,3050,0,0.22499999999999987,91600.79411315918,16133.333333333334,0,0.40625,93137.34671020508,16133.333333333334,0,0.40625,95795.42710876465,16133.333333333334,0,0.40625,98726.84924316406,16133.333333333334,0,0.40625,90354.49966430664,16133.333333333334,0,0.40625,88220.56968688965,16133.333333333334,0,0.40625,140532.4167327881,3050,0,0.22499999999999987,145519.59042358398,3050,0,0.22499999999999987,145841.2499847412,3050,0,0.22499999999999987,357090.8006286621,3050,0,0.22499999999999987,141312.01652526855,3050,0,0.22499999999999987,135446.96969604492,3050,0,0.22499999999999987,135527.43544006348,3050,0,0.22499999999999987,94425.0118560791,16133.333333333334,0,0.40625,96580.87295532227,16133.333333333334,0,0.40625,8064841.087692261,5377,4276,2495,5056,2467,400,400,400,5395,400,400,400,5137,400,3441,400,400,400,400,400,1679,400,400,5345,400,2762,4908,2206,5348,5073,5059,2515,9.523809432983398,10,0,4.761904716491699,0,0,50,50,50,50,52.38095474243164,50,0,0,0,50,0,50,50,50,50,50,50,0,0,0,100,50,0,50,0,0,20475,15889,128909,73,92,20475,13174,13749,56,0,66718990336,8589930496,22520524800,524288
199,1790686006509,443336.6384277344,3050,2,0.21875,91600.96287536621,48800,2,0.93125,93137.51661682129,48800,2,0.93125,95795.60131835938,48800,2,0.93125,98727.01530456543,48800,2,0.93125,90354.7300567627,48800,2,0.93125,88220.73831176758,48800,2,0.93125,140532.72547912598,3050,2,0.21875,145519.98262023926,3050,2,0.21875,145841.5606994629,3050,2,0.21875,357092.988861084,3050,0,0.21875,141312.30827331543,3050,2,0.21875,135447.31117248535,3050,2,0.21875,135527.77555847168,3050,2,0.21875,94425.17910766602,48800,2,0.93125,96581.07604980469,48800,2,0.93125,8064861.392196655,5377,4276,2495,5056,2467,400,400,400,5395,400,400,400,5137,400,3441,400,400,400,400,400,1679,400,400,5345,400,2762,4908,2206,5348,5073,5059,2515,15.000000953674316,0,0,0,0,0,50,50,50,50,50,51.219512939453125,0,0,0,50,0,50,50,50,50,51.28205490112305,51.28205490112305,0,0,0,100,51.219512939453125,0,50,0,0,20475,15889,128953,73,92,20475,13174,13749,55,0,66718990336,8589930496,22519922688,524288
199,1790686006709,443337.0098876953,3050,0,0.22499999999999987,91601.12892150879,16133.333333333334,0,0.40625,93137.6957244873,16133.333333333334,0,0.40625,95795.7657623291,16133.333333333334,0,0.40625,98727.17384338379,16133.333333333334,0,0.40625,90354.94747924805,16133.333333333334,0,0.40625,88220.90116882324,16133.333333333334,0,0.40625,140533.0189666748,3050,0,0.22499999999999987,145520.34843444824,3050,0,0.22499999999999987,145841.8868713379,3050,0,0.22499999999999987,357095.14627075195,3050,0,0.22499999999999987,141312.59254455566,3050,0,0.22499999999999987,135447.62016296387,3050,0,0.22499999999999987,135528.13369750977,3050,0,0.22499999999999987,94425.38372802734,16133.333333333334,0,0.40625,96581.29237365723,16133.333333333334,0,0.40625,8064881.800872803,5377,4276,2495,5056,2467,400,400,400,5395,400,400,400,5137,400,3441,400,400,400,400,400,1679,400,400,5345,400,2762,4908,2206,5348,5073,5059,2515,15.000000953674316,0,0,0,0,0,50,50,50,50,50,51.219512939453125,0,0,0,50,0,50,50,50,50,51.28205490112305,51.28205490112305,0,0,0,100,51.219512939453125,0,50,0,0,20475,15889,128915,73,92,20475,13174,13749,55,0,66718990336,8589930496,22521212928,524288
199,1790686006909,443337.57011413574,3050,0,0.23124999999999996,91601.3023071289,48800,2,0.39375000000000004,93137.8706817627,48800,2,0.39375000000000004,95795.93760681152,48800,2,0.39375000000000004,98727.34664916992,48800,2,0.39375000000000004,90355.18238830566,48800,2,0.39375000000000004,88221.07176208496,48800,2,0.39375000000000004,140533.32722473145,3050,0,0.23124999999999996,145520.75114440918,3050,0,0.23124999999999996,145842.18817138672,3050,2,0.23124999999999996,357097.11738586426,3050,0,0.23124999999999996,141312.89506530762,3050,2,0.23124999999999996,135447.95231628418,3050,2,0.23124999999999996,135528.43229675293,3050,2,0.23124999999999996,94425.55709838867,48800,2,0.39375000000000004,96581.49952697754,48800,2,0.39375000000000004,8064902.105895996,5377,4276,2495,5056,2467,400,400,400,5395,400,400,400,5137,400,3441,400,400,400,400,400,1679,400,400,5345,400,2762,4908,2206,5348,5073,5059,2515,20.512821197509766,0,0,0,0,0,47.5,50,51.219512939453125,50,51.28205490112305,35.897438049316406,0,0,0,48.780487060546875,0,50,37.5,51.219512939453125,50,51.219512939453125,50,15.384615898132324,5,0,95,50,0,51.219512939453125,7.500000476837158,17.5,20475,15889,128796,73,92,20475,13174,13749,55,0,66718990336,8589930496,22520393728,524288
199,1790686007110,443338.1186828613,3050,0,0.21875,91601.45486450195,48800,2,0.925,93138.0230102539,16133.333333333334,2,0.93125,95796.08920288086,16133.333333333334,2,0.93125,98727.49719238281,16133.333333333334,0,0.93125,90355.38632202148,16133.333333333334,0,0.93125,88221.2244720459,16133.333333333334,0,0.93125,140533.6218109131,3050,0,0.21875,145521.1199645996,3050,0,0.21875,145842.91455078125,3050,0,0.21875,357098.6317138672,3050,0,0.21875,141313.16081237793,3050,0,0.21875,135448.37655639648,3050,0,0.21875,135528.70581054688,3050,0,0.21875,94425.70614624023,48800,2,0.925,96581.68356323242,48800,2,0.925,8064922.164138794,5377,4276,2495,5056,2467,400,400,400,5395,400,400,400,5137,400,3441,400,400,400,400,400,1679,400,400,5345,400,2762,4908,2206,5348,5073,5059,2515,20,0,0,0,0,0,0,47.619049072265625,45,47.36842346191406,45,28.571430206298828,0,0,0,0,0,45,0,45,45,45,47.619049072265625,33.333335876464844,47.619049072265625,0,80,45,47.36842346191406,47.36842346191406,0,45,20475,15889,128804,73,92,20475,13174,13749,55,0,66718990336,8589930496,22516334592,524288
199,1790686007310,443338.8647766113,3050,0,0.23124999999999996,91601.63090515137,16133.333333333334,0,0.3999999999999999,93138.19844055176,16133.333333333334,0,0.3999999999999999,95796.26225280762,16133.333333333334,0,0.3999999999999999,98727.66931152344,16133.333333333334,0,0.3999999999999999,90355.62367248535,16133.333333333334,0,0.3999999999999999,88221.40055847168,16133.333333333334,0,0.3999999999999999,140533.9377593994,3050,0,0.23124999999999996,145521.53065490723,3050,0,0.23124999999999996,145843.32362365723,3050,0,0.23124999999999996,357100.27293395996,3050,0,0.23124999999999996,141313.45672607422,3050,0,0.23124999999999996,135448.82670593262,3050,2,0.23124999999999996,135529.00785827637,3050,0,0.23124999999999996,94425.8786315918,16133.333333333334,0,0.3999999999999999,96581.8929901123,16133.333333333334,0,0.3999999999999999,8064942.567276001,5377,4276,2495,5056,2467,400,400,400,5395,400,400,400,5137,400,3441,400,400,400,400,400,1679,400,400,5345,400,2762,4908,2206,5348,5073,5059,2515,20,0,0,0,0,0,0,47.619049072265625,45,47.36842346191406,45,28.571430206298828,0,0,0,0,0,45,0,45,45,45,47.619049072265625,33.333335876464844,47.619049072265625,0,80,45,47.36842346191406,47.36842346191406,0,45,20475,15889,128798,74,92,20475,13174,13633,55,0,66718990336,8589930496,22520201216,524288
199,1790686007510,443339.20625305176,3050,2,0.2124999999999999,91601.7798461914,48800,2,0.93125,93138.34658813477,16133.333333333334,2,0.93125,95796.40850830078,16133.333333333334,2,0.93125,98727.81484985352,16133.333333333334,0,0.93125,90355.82450866699,16133.333333333334,2,0.93125,88221.5492401123,16133.333333333334,0,0.93125,140534.22290039063,3050,0,0.2124999999999999,145521.88418579102,3050,0,0.2124999999999999,145843.66175842285,3050,0,0.2124999999999999,357102.42610168457,3050,0,0.2124999999999999,141313.7133178711,3050,2,0.2124999999999999,135449.12879943848,3050,2,0.2124999999999999,135529.2834625244,3050,2,0.2124999999999999,94426.02453613281,48800,2,0.93125,96582.06958007813,48800,2,0.93125,8064962.334411621,5377,4276,2495,5056,2467,400,400,400,5395,400,400,400,5137,400,3441,400,400,400,400,400,1679,400,400,5345,400,2762,4908,2206,5348,5073,5059,2515,24.390243530273438,0,0,0,0,0,0,50,52.499996185302734,50,50,50,0,0,0,0,0,50,0,50,51.28205490112305,50,50,5,50,0,92.5,50,45,50,0,50,20475,15889,128935,73,92,20475,13174,13633,55,0,66718990336,8589930496,22520201216,524288
199,1790686007710,443339.9867553711,3050,0,0.21875,91601.95805358887,16133.333333333334,0,0.40625,93138.53218078613,16133.333333333334,0,0.40625,95796.58526611328,16133.333333333334,0,0.40625,98727.98767089844,16133.333333333334,0,0.40625,90356.06492614746,16133.333333333334,0,0.40625,88221.72987365723,16133.333333333334,0,0.40625,140534.55097961426,3050,0,0.21875,145522.29042053223,3050,0,0.21875,145844.0555114746,3050,0,0.21875,357104.1586303711,3050,0,0.21875,141314.0199432373,3050,0,0.21875,135449.6354827881,3050,0,0.21875,135529.60902404785,3050,0,0.21875,94426.19972229004,16133.333333333334,0,0.40625,96582.29092407227,16133.333333333334,0,0.40625,8064983.132781982,5377,4276,2495,5056,2467,400,400,400,5395,400,400,400,5137,400,3441,400,400,400,400,400,1679,400,400,5345,400,2762,4908,2206,5348,5073,5059,2515,24.390243530273438,0,0,0,0,0,0,50,52.499996185302734,50,50,50,0,0,0,0,0,50,0,50,51.28205490112305,50,50,5,50,0,92.5,50,45,50,0,50,20475,15889,128844,74,92,20475,13174,13633,55,0,66718990336,8589930496,22538694656,524288
199,1790686007910,443340.33822631836,3050,0,0.2124999999999999,91602.11990356445,16133.333333333334,0,0.55625,93138.69731140137,16133.333333333334,0,0.55625,95796.74523925781,16133.333333333334,0,0.55625,98728.14874267578,16133.333333333334,0,0.55625,90356.27352905273,16133.333333333334,0,0.55625,88221.8445892334,16133.333333333334,0,0.55625,140534.8423614502,3050,0,0.2124999999999999,145522.6570892334,3050,2,0.2124999999999999,145844.4194946289,3050,0,0.2124999999999999,357106.34504699707,3050,0,0.2124999999999999,141314.2957458496,3050,2,0.2124999999999999,135449.95753479004,3050,2,0.2124999999999999,135529.89527893066,3050,2,0.2124999999999999,94426.36323547363,16133.333333333334,2,0.55625,96582.50375366211,16133.333333333334,0,0.55625,8065003.325042725,5377,4276,2495,5056,2467,400,400,400,5395,400,400,400,5137,400,3441,400,400,400,400,400,1679,400,400,5345,400,2762,4908,2206,5348,5073,5059,2515,32.5,0,0,0,0,0,22.5,42.5,42.5,51.219512939453125,50,50,0,12.195121765136719,5,0,0,52.499996185302734,17.073171615600586,51.28205490112305,51.219512939453125,50,50,0,23.076923370361328,2.4390242099761963,85,47.5,53.658538818359375,50,0,45,20475,15889,128956,74,90,20475,13174,13633,55,0,66718990336,8589930496,22534238208,524288
199,1790686008110,443340.7006225586,3050,0,0.22499999999999987,91602.28234863281,16133.333333333334,0,0.3999999999999999,93138.8618774414,16133.333333333334,0,0.3999999999999999,95796.90870666504,16133.333333333334,0,0.3999999999999999,98728.31446838379,16133.333333333334,0,0.3999999999999999,90356.49203491211,16133.333333333334,0,0.3999999999999999,88222.00849914551,16133.333333333334,0,0.3999999999999999,140535.1305999756,3050,0,0.22499999999999987,145523.02726745605,3050,0,0.22499999999999987,145844.79208374023,3050,0,0.22499999999999987,357108.52909851074,3050,0,0.22499999999999987,141314.5714111328,3050,0,0.22499999999999987,135450.2760925293,3050,0,0.22499999999999987,135530.18296813965,3050,0,0.22499999999999987,94426.52597045898,16133.333333333334,0,0.3999999999999999,96582.69888305664,16133.333333333334,0,0.3999999999999999,8065023.583969116,5377,4276,2495,5056,2467,400,400,400,5395,400,400,400,5137,400,3441,400,400,400,400,400,1679,400,400,5345,400,2762,4908,2206,5348,5073,5059,2515,32.5,0,0,0,0,0,22.5,42.5,42.5,51.219512939453125,50,50,0,12.195121765136719,5,0,0,52.499996185302734,17.073171615600586,51.28205490112305,51.219512939453125,50,50,0,23.076923370361328,2.4390242099761963,85,47.5,53.658538818359375,50,0,45,20475,15889,128934,73,92,20475,13174,13633,55,0,66718990336,8589930496,22534737920,524288
199,1790686008310,443341.0579071045,3050,0,0.2124999999999999,91602.44578552246,16133.333333333334,2,0.93125,93139.0265045166,16133.333333333334,2,0.93125,95797.07141113281,16133.333333333334,2,0.93125,98728.48184204102,16133.333333333334,2,0.93125,90356.71156311035,16133.333333333334,2,0.93125,88222.17332458496,16133.333333333334,2,0.93125,140535.42948913574,3050,2,0.2124999999999999,145523.40394592285,3050,2,0.2124999999999999,145845.1611480713,3050,0,0.2124999999999999,357110.71209716797,3050,0,0.2124999999999999,141314.85165405273,3050,2,0.2124999999999999,135450.5987701416,3050,2,0.2124999999999999,135530.467086792,3050,2,0.2124999999999999,94426.68814086914,48800,2,0.56875,96582.89505004883,48800,2,0.56875,8065043.789840698,5377,4276,2495,5056,2467,400,400,400,5395,400,400,400,5137,400,3441,400,400,400,400,400,1679,400,400,5345,400,2762,4908,2206,5348,5073,5059,2515,12.820513725280762,0,0,0,0,0,50,51.28205490112305,50,50,51.219512939453125,51.28205490112305,2.4390242099761963,0,50,0,0,50,0,50,50,50,50,0,0,0,100,0,50,50,0,51.28205490112305,20475,15889,128945,74,92,20475,13174,13537,55,0,66718990336,8589930496,22534737920,524288
199,1790686008510,443341.41397094727,3050,0,0.22499999999999987,91602.60221862793,16133.333333333334,0,0.40625,93139.18515014648,16133.333333333334,0,0.40625,95797.23071289063,16133.333333333334,0,0.40625,98728.64013671875,16133.333333333334,0,0.40625,90356.9217376709,16133.333333333334,0,0.40625,88222.33270263672,16133.333333333334,0,0.40625,140535.71447753906,3050,0,0.22499999999999987,145523.7619934082,3050,0,0.22499999999999987,145845.51693725586,3050,0,0.22499999999999987,357112.89179992676,3050,0,0.22499999999999987,141315.11799621582,3050,0,0.22499999999999987,135450.90879821777,3050,0,0.22499999999999987,135530.7417755127,3050,0,0.22499999999999987,94426.84355163574,16133.333333333334,0,0.40625,96583.0871887207,16133.333333333334,0,0.40625,8065063.876083374,5377,4276,2495,5056,2467,400,400,400,5395,400,400,400,5137,400,3441,400,400,400,400,400,1679,400,400,5345,400,2762,4908,2206,5348,5073,5059,2515,12.820513725280762,0,0,0,0,0,50,51.28205490112305,50,50,51.219512939453125,51.28205490112305,2.4390242099761963,0,50,0,0,50,0,50,50,50,50,0,0,0,100,0,50,50,0,51.28205490112305,20475,15889,129052,74,92,20475,13174,13537,55,0,66718990336,8589930496,22534737920,524288
199,1790686008710,443341.7918701172,3050,0,0.20625000000000004,91602.77983093262,16133.333333333334,0,0.39375000000000004,93139.36242675781,16133.333333333334,0,0.39375000000000004,95797.40795898438,16133.333333333334,2,0.39375000000000004,98728.84080505371,16133.333333333334,0,0.39375000000000004,90357.1566772461,16133.333333333334,2,0.39375000000000004,88222.53231811523,16133.333333333334,2,0.39375000000000004,140536.0245513916,3050,0,0.20625000000000004,145524.15980529785,3050,0,0.20625000000000004,145845.92826843262,3050,2,0.20625000000000004,357115.07176208496,3050,0,0.20625000000000004,141315.4066619873,3050,0,0.20625000000000004,135451.25469970703,3050,0,0.20625000000000004,135531.05801391602,3050,0,0.20625000000000004,94427.01544189453,16133.333333333334,0,0.39375000000000004,96583.31785583496,16133.333333333334,2,0.39375000000000004,8065084.639968872,5377,4276,2495,5056,2467,400,400,400,5395,400,400,400,5137,400,3441,400,400,400,400,400,1679,400,400,5345,400,2762,4908,2206,5348,5073,5059,2515,15.000000953674316,0,0,0,2.5,5,50,51.219512939453125,50,50,50,51.219512939453125,0,0,50,0,0,50,0,51.219512939453125,50,52.499996185302734,51.28205490112305,2.5,0,2.5,100,0,51.28205490112305,51.219512939453125,0,53.658538818359375,20475,15889,128969,74,92,20475,13174,13537,55,0,66718990336,8589930496,22538543104,524288
199,1790686008910,443342.1474914551,3050,2,0.20625000000000004,91602.94534301758,48800,2,0.575,93139.53192138672,48800,2,0.575,95797.57341003418,48800,2,0.575,98729.00965881348,48800,2,0.575,90357.3744506836,48800,2,0.575,88222.6982421875,48800,2,0.575,140536.31497192383,3050,2,0.20625000000000004,145524.52632141113,3050,2,0.20625000000000004,145846.28285217285,3050,2,0.20625000000000004,357117.26861572266,3050,0,0.20625000000000004,141315.6824645996,3050,2,0.20625000000000004,135451.5749206543,3050,2,0.20625000000000004,135531.37913513184,3050,2,0.20625000000000004,94427.17742919922,48800,2,0.575,96583.53494262695,48800,2,0.575,8065105.07333374,5377,4276,2495,5056,2467,400,400,400,5395,400,400,400,5137,400,3441,400,400,400,400,400,1679,400,400,5345,400,2762,4908,2206,5348,5073,5059,2515,15.000000953674316,4.761904716491699,0,0,0,5,50,45,50,50,47.36842346191406,45,0,33.333335876464844,47.36842346191406,45,0,45,0,45,50,45,47.619049072265625,0,0,0,65,0,0,47.36842346191406,0,45,20475,15889,128652,74,89,20475,13174,13537,55,0,66718990336,8589930496,22520631296,524288
199,1790686009110,443342.5679473877,3050,0,0.22499999999999987,91603.11726379395,16133.333333333334,0,0.3999999999999999,93139.70448303223,16133.333333333334,0,0.3999999999999999,95797.74597167969,16133.333333333334,0,0.3999999999999999,98729.18029785156,16133.333333333334,0,0.3999999999999999,90357.60415649414,16133.333333333334,0,0.3999999999999999,88222.86740112305,16133.333333333334,0,0.3999999999999999,140536.61444091797,3050,0,0.22499999999999987,145524.91122436523,3050,0,0.22499999999999987,145846.66429138184,3050,0,0.22499999999999987,357119.4627227783,3050,0,0.22499999999999987,141315.966506958,3050,0,0.22499999999999987,135451.90115356445,3050,0,0.22499999999999987,135531.6894378662,3050,0,0.22499999999999987,94427.34901428223,16133.333333333334,0,0.3999999999999999,96583.76300048828,16133.333333333334,0,0.3999999999999999,8065125.410217285,5377,4276,2495,5056,2467,400,400,400,5395,400,400,400,5137,400,3441,400,400,400,400,400,1679,400,400,5345,400,2762,4908,2206,5348,5073,5059,2515,10.526315689086914,0,0,0,4.761904716491699,0,50,55,50,50,52.38095474243164,55,0,100,52.38095474243164,55,0,55,0,55,50,55,50,0,0,0,0,0,0,52.38095474243164,0,55,20475,15889,128892,74,91,20475,13174,13537,55,0,66718990336,8589930496,22521159680,524288
199,1790686009310,443342.9712219238,3050,2,0.2124999999999999,91603.28103637695,16133.333333333334,2,0.925,93139.86700439453,16133.333333333334,2,0.925,95797.9091796875,16133.333333333334,2,0.925,98729.34153747559,16133.333333333334,0,0.925,90357.82160949707,16133.333333333334,2,0.925,88223.02561950684,16133.333333333334,2,0.59375,140536.90534973145,3050,0,0.2124999999999999,145525.28269958496,3050,0,0.2124999999999999,145847.03143310547,3050,2,0.2124999999999999,357121.6525115967,3050,0,0.2124999999999999,141316.24243164063,3050,0,0.2124999999999999,135452.1849975586,3050,0,0.2124999999999999,135531.97415161133,3050,2,0.2124999999999999,94427.51181030273,16133.333333333334,2,0.925,96583.9758605957,16133.333333333334,2,0.925,8065145.694366455,5377,4276,2495,5056,2467,400,400,400,5395,400,400,400,5137,400,3441,400,400,400,400,400,1679,400,400,5345,400,2762,4908,2206,5348,5073,5059,2515,15.000000953674316,0,0,0,0,0,50,47.36842346191406,50,50,50,47.36842346191406,0,100,50,47.619049072265625,0,50,0,50,50,47.619049072265625,50,0,0,0,0,0,0,50,0,47.619049072265625,20475,15889,128996,74,92,20475,13174,13469,55,0,66718990336,8589930496,22521155584,524288
199,1790686009510,443343.33796691895,3050,0,0.22499999999999987,91603.44343566895,16133.333333333334,0,0.3999999999999999,93140.02850341797,16133.333333333334,0,0.3999999999999999,95798.07064819336,16133.333333333334,0,0.3999999999999999,98729.4995880127,16133.333333333334,0,0.3999999999999999,90358.03756713867,16133.333333333334,0,0.3999999999999999,88223.18215942383,16133.333333333334,0,0.3999999999999999,140537.19036865234,3050,0,0.22499999999999987,145525.64601135254,3050,0,0.22499999999999987,145847.3949432373,3050,0,0.22499999999999987,357123.84454345703,3050,0,0.22499999999999987,141316.51177978516,3050,0,0.22499999999999987,135452.46243286133,3050,0,0.22499999999999987,135532.26498413086,3050,0,0.22499999999999987,94427.67402648926,16133.333333333334,0,0.3999999999999999,96584.18815612793,16133.333333333334,0,0.3999999999999999,8065165.743713379,5377,4276,2495,5056,2467,400,400,400,5395,400,400,400,5137,400,3441,400,400,400,400,400,1679,400,400,5345,400,2762,4908,2206,5348,5073,5059,2515,15.000000953674316,0,0,0,0,0,50,47.36842346191406,50,50,50,47.36842346191406,0,100,50,47.619049072265625,0,50,0,50,50,47.619049072265625,50,0,0,0,0,0,0,50,0,47.619049072265625,20475,15889,129068,74,92,20475,13174,13469,55,0,66718990336,8589930496,22521155584,524288
199,1790686009710,443343.7097015381,3050,0,0.21875,91603.61236572266,16133.333333333334,2,0.6375,93140.19534301758,16133.333333333334,2,0.6375,95798.24052429199,16133.333333333334,2,0.6375,98729.66513061523,16133.333333333334,2,0.6375,90358.26602172852,16133.333333333334,2,0.6375,88223.3493347168,16133.333333333334,0,0.6375,140537.4934539795,3050,2,0.21875,145526.03393554688,3050,2,0.21875,145847.77005004883,3050,2,0.21875,357126.0396270752,3050,0,0.21875,141316.79614257813,3050,2,0.21875,135452.76034545898,3050,2,0.21875,135532.54998779297,3050,2,0.21875,94427.84419250488,16133.333333333334,0,0.6375,96584.41239929199,16133.333333333334,0,0.6375,8065186.107131958,5377,4276,2495,5056,2467,400,400,400,5395,400,400,400,5137,400,3441,400,400,400,400,400,1679,400,400,5345,400,2762,4908,2206,5348,5073,5059,2515,15.000000953674316,0,0,0,0,0,50,51.219512939453125,50,50,50,51.219512939453125,0,100,50,51.28205490112305,0,50,0,50,50,51.28205490112305,50,0,0,0,0,0,0,50,0,51.28205490112305,20475,15889,128930,74,92,20475,13174,13469,55,0,66718990336,8589930496,22521155584,524288
199,1790686009910,443344.06840515137,3050,0,0.22499999999999987,91603.78588867188,16133.333333333334,0,0.6,93140.36605834961,16133.333333333334,0,0.6,95798.4072265625,16133.333333333334,0,0.6,98729.87973022461,16133.333333333334,0,0.6,90358.43940734863,16133.333333333334,0,0.6,88223.51837158203,16133.333333333334,0,0.6,140537.77673339844,3050,0,0.22499999999999987,145526.38444519043,3050,0,0.22499999999999987,145848.1280517578,3050,0,0.22499999999999987,357128.2331237793,3050,0,0.22499999999999987,141317.05317687988,3050,0,0.22499999999999987,135453.04598999023,3050,0,0.22499999999999987,135532.84294128418,3050,0,0.22499999999999987,94428.01411437988,16133.333333333334,0,0.6,96584.60932922363,16133.333333333334,0,0.6,8065206.492538452,5377,4276,2495,5056,2467,400,400,400,5395,400,400,400,5137,400,3441,400,400,400,400,400,1679,400,400,5345,400,2762,4908,2206,5348,5073,5059,2515,15.000000953674316,0,0,0,0,20,5,45,50,50,50,45,0,100,50,47.619049072265625,0,47.619049072265625,0,45,50,45,50,0,45,0,0,0,0,47.36842346191406,0,52.38095474243164,20475,15889,128771,74,92,20475,13174,13469,55,0,66718990336,8589930496,22517665792,524288
199,1790686010110,443344.4468536377,3050,0,0.22499999999999987,91603.96095275879,16133.333333333334,0,0.3999999999999999,93140.5390625,16133.333333333334,0,0.3999999999999999,95798.58203125,16133.333333333334,0,0.3999999999999999,98730.0565032959,16133.333333333334,0,0.3999999999999999,90358.61625671387,16133.333333333334,0,0.3999999999999999,88223.68885803223,16133.333333333334,0,0.3999999999999999,140538.07963562012,3050,0,0.22499999999999987,145526.78546142578,3050,0,0.22499999999999987,145848.51406860352,3050,0,0.22499999999999987,357130.42559814453,3050,0,0.22499999999999987,141317.3444366455,3050,0,0.22499999999999987,135453.34977722168,3050,0,0.22499999999999987,135533.1562347412,3050,0,0.22499999999999987,94428.19062805176,16133.333333333334,0,0.3999999999999999,96584.78230285645,16133.333333333334,0,0.3999999999999999,8065227.050262451,5377,4276,2495,5056,2467,400,400,400,5395,400,400,400,5137,400,3441,400,400,400,400,400,1679,400,400,5345,400,2762,4908,2206,5348,5073,5059,2515,15.000000953674316,0,0,0,0,0,0,55,55,52.38095474243164,52.6315803527832,55,0,100,52.6315803527832,52.6315803527832,0,36.842105865478516,0,55,52.38095474243164,55,55,0,55,0,0,0,0,52.38095474243164,20,52.6315803527832,20475,15889,129002,74,92,20475,13174,13469,55,0,66718990336,8589930496,22516355072,524288
199,1790686010311,443344.79847717285,3050,2,0.2124999999999999,91604.11199951172,48800,2,0.56875,93140.68676757813,48800,2,0.56875,95798.73104858398,48800,2,0.56875,98730.21875,48800,2,0.56875,90358.76654052734,48800,2,0.56875,88223.83757019043,48800,2,0.56875,140538.35577392578,3050,2,0.2124999999999999,145527.13987731934,3050,2,0.2124999999999999,145848.85655212402,3050,2,0.2124999999999999,357132.635345459,3050,0,0.2124999999999999,141317.59896850586,3050,2,0.2124999999999999,135453.6235961914,3050,2,0.2124999999999999,135533.43507385254,3050,2,0.2124999999999999,94428.34272766113,48800,2,0.56875,96584.93281555176,48800,2,0.56875,8065246.974487305,5377,4276,2495,5056,2467,400,400,400,5395,400,400,400,5137,400,3441,400,400,400,400,400,1679,400,400,5345,400,2762,4908,2206,5348,5073,5059,2515,10.526315689086914,0,0,0,0,0,0,45,45,47.36842346191406,47.619049072265625,45,0,100,47.619049072265625,47.619049072265625,0,0,0,45,47.36842346191406,45,45,0,45,0,0,0,0,47.36842346191406,45,47.619049072265625,20475,15889,128958,74,92,20475,13174,13448,55,0,66718990336,8589930496,22516355072,524288
199,1790686010510,443345.16984558105,3050,0,0.22499999999999987,91604.28135681152,16133.333333333334,0,0.3999999999999999,93140.85433959961,16133.333333333334,0,0.3999999999999999,95798.8998260498,16133.333333333334,0,0.3999999999999999,98730.42497253418,16133.333333333334,0,0.3999999999999999,90358.93907165527,16133.333333333334,0,0.3999999999999999,88224.0090637207,16133.333333333334,0,0.3999999999999999,140538.65870666504,3050,0,0.22499999999999987,145527.5417327881,3050,0,0.22499999999999987,145849.22720336914,3050,0,0.22499999999999987,357134.81575012207,3050,0,0.22499999999999987,141317.87629699707,3050,0,0.22499999999999987,135453.91415405273,3050,0,0.22499999999999987,135533.72300720215,3050,0,0.22499999999999987,94428.51196289063,16133.333333333334,0,0.3999999999999999,96585.10372924805,16133.333333333334,0,0.3999999999999999,8065267.315841675,5377,4276,2495,5056,2467,400,400,400,5395,400,400,400,5137,400,3441,400,400,400,400,400,1679,400,400,5345,400,2762,4908,2206,5348,5073,5059,2515,10.526315689086914,0,0,0,0,0,0,45,45,47.36842346191406,47.619049072265625,45,0,100,47.619049072265625,47.619049072265625,0,0,0,45,47.36842346191406,45,45,0,45,0,0,0,0,47.36842346191406,45,47.619049072265625,20475,15889,129080,74,91,20475,13174,13448,54,0,66718990336,8589930496,22516355072,524288
199,1790686010711,443345.53692626953,3050,2,0.2124999999999999,91604.44577026367,48800,2,0.93125,93141.01467895508,48800,2,0.93125,95799.06091308594,48800,2,0.93125,98730.61817932129,48800,2,0.93125,90359.10147094727,48800,2,0.93125,88224.17301940918,48800,2,0.93125,140538.9548187256,3050,2,0.2124999999999999,145527.90803527832,3050,2,0.2124999999999999,145849.60765075684,3050,2,0.2124999999999999,357137.0219421387,3050,0,0.2124999999999999,141318.1474609375,3050,2,0.2124999999999999,135454.2066040039,3050,2,0.2124999999999999,135534.00784301758,3050,2,0.2124999999999999,94428.67387390137,48800,2,0.93125,96585.26539611816,48800,2,0.93125,8065287.468505859,5377,4276,2495,5056,2467,400,400,400,5395,400,400,400,5137,400,3441,400,400,400,400,400,1679,400,400,5345,400,2762,4908,2206,5348,5073,5059,2515,17.073171615600586,0,0,0,0,0,0,52.499996185302734,51.219512939453125,50,50,52.499996185302734,2.5,97.5,50,50,0,0,0,52.499996185302734,50,51.219512939453125,51.219512939453125,0,51.219512939453125,0,5,0,0,51.219512939453125,51.219512939453125,50,20475,15889,129014,74,92,20475,13174,13448,54,0,66718990336,8589930496,22516350976,524288
199,1790686010911,443345.91664123535,3050,0,0.22499999999999987,91604.65139770508,16133.333333333334,0,0.40625,93141.19300842285,16133.333333333334,0,0.40625,95799.2406616211,16133.333333333334,0,0.40625,98730.83117675781,16133.333333333334,0,0.40625,90359.28662109375,16133.333333333334,0,0.40625,88224.34191894531,16133.333333333334,0,0.40625,140539.2382965088,3050,0,0.22499999999999987,145528.25912475586,3050,0,0.22499999999999987,145849.97485351563,3050,0,0.22499999999999987,357139.22383117676,3050,0,0.22499999999999987,141318.41049194336,3050,0,0.22499999999999987,135454.49960327148,3050,0,0.22499999999999987,135534.30061340332,3050,0,0.22499999999999987,94428.87181091309,16133.333333333334,0,0.40625,96585.46664428711,16133.333333333334,0,0.40625,8065308.004333496,5377,4276,2495,5056,2467,400,400,400,5395,400,400,400,5137,400,3441,400,400,400,400,400,1679,400,400,5345,400,2762,4908,2206,5348,5073,5059,2515,17.073171615600586,0,0,0,0,0,0,52.499996185302734,51.219512939453125,50,50,52.499996185302734,2.5,97.5,50,50,0,0,0,52.499996185302734,50,51.219512939453125,51.219512939453125,0,51.219512939453125,0,5,0,0,51.219512939453125,51.219512939453125,50,20475,15889,128848,74,92,20475,13174,13448,54,0,66718990336,8589930496,22520143872,524288
199,1790686011111,443346.37159729004,3050,2,0.2124999999999999,91604.82302856445,48800,2,0.5375000000000001,93141.36294555664,48800,2,0.5375000000000001,95799.41595458984,48800,2,0.5375000000000001,98731.00048828125,48800,2,0.5375000000000001,90359.45584106445,48800,2,0.5375000000000001,88224.51303100586,48800,2,0.5375000000000001,140539.5480041504,3050,2,0.2124999999999999,145528.64645385742,3050,2,0.2124999999999999,145850.3561859131,3050,2,0.2124999999999999,357141.4256744385,3050,0,0.2124999999999999,141318.69290161133,3050,2,0.2124999999999999,135454.79859924316,3050,2,0.2124999999999999,135534.5962677002,3050,2,0.2124999999999999,94429.04655456543,48800,2,0.5375000000000001,96585.67462158203,48800,2,0.5375000000000001,8065328.452545166,5377,4276,2495,5056,2467,400,400,400,5395,400,400,400,5137,400,3441,400,400,400,400,400,1679,400,400,5345,400,2762,4908,2206,5348,5073,5059,2515,17.073171615600586,0,7.317072868347168,0,0,17.5,45,50,50,50,15.000000953674316,50,37.5,73.17073059082031,50,51.28205490112305,2.4390242099761963,0,0,50,50,51.28205490112305,38.46154022216797,0,7.500000476837158,0,27.5,0,0,50,55,51.28205490112305,20475,15889,128802,74,92,20475,13174,13448,54,0,66718990336,8589930496,22512660480,524288
199,1790686011311,443346.710067749,3050,0,0.2124999999999999,91604.97448730469,16133.333333333334,0,0.93125,93141.51438903809,16133.333333333334,0,0.93125,95799.57159423828,16133.333333333334,0,0.625,98731.1494140625,16133.333333333334,0,0.625,90359.60653686523,16133.333333333334,0,0.625,88224.66412353516,16133.333333333334,0,0.625,140539.82563781738,3050,0,0.2124999999999999,145528.98770141602,3050,0,0.2124999999999999,145850.7021331787,3050,0,0.2124999999999999,357143.62715148926,3050,0,0.2124999999999999,141318.94932556152,3050,0,0.2124999999999999,135455.06956481934,3050,0,0.2124999999999999,135534.873336792,3050,0,0.2124999999999999,94429.19874572754,16133.333333333334,0,0.93125,96585.85569763184,16133.333333333334,0,0.93125,8065348.429824829,5377,4276,2495,5056,2467,400,400,400,5395,400,400,400,5137,400,3441,400,400,400,400,400,1679,400,400,5345,400,2762,4908,2206,5348,5073,5059,2515,17.073171615600586,0,7.317072868347168,0,0,17.5,45,50,50,50,15.000000953674316,50,37.5,73.17073059082031,50,51.28205490112305,2.4390242099761963,0,0,50,50,51.28205490112305,38.46154022216797,0,7.500000476837158,0,27.5,0,0,50,55,51.28205490112305,20475,15889,128869,74,92,20475,13174,13516,54,0,66718990336,8589930496,22521692160,524288
199,1790686011511,443347.09799194336,3050,0,0.21875,91605.1487121582,16133.333333333334,0,0.3999999999999999,93141.68801879883,16133.333333333334,0,0.3999999999999999,95799.74835205078,16133.333333333334,0,0.3999999999999999,98731.32034301758,16133.333333333334,0,0.3999999999999999,90359.77798461914,16133.333333333334,0,0.3999999999999999,88224.83599853516,16133.333333333334,0,0.3999999999999999,140540.13748168945,3050,0,0.21875,145529.3773803711,3050,0,0.21875,145851.09901428223,3050,0,0.21875,357145.8271636963,3050,0,0.21875,141319.23468017578,3050,0,0.21875,135455.37406921387,3050,0,0.21875,135535.17155456543,3050,0,0.21875,94429.37182617188,16133.333333333334,0,0.3999999999999999,96586.06343078613,16133.333333333334,0,0.3999999999999999,8065368.820388794,5377,4276,2495,5056,2467,400,400,400,5395,400,400,400,5137,400,3441,400,400,400,400,400,1679,400,400,5345,400,2762,4908,2206,5348,5073,5059,2515,12.820513725280762,0,0,0,0,0,50,50,50,51.219512939453125,0,50,50,100,52.499996185302734,50,0,0,0,50,51.219512939453125,50,51.219512939453125,0,0,0,0,0,0,50,50,51.219512939453125,20475,15889,128848,75,92,20475,13174,13516,54,0,66718990336,8589930496,22521688064,524288
199,1790686011711,443347.43586730957,3050,0,0.2124999999999999,91605.29867553711,16133.333333333334,0,0.60625,93141.83805847168,16133.333333333334,2,0.60625,95799.90306091309,16133.333333333334,2,0.60625,98731.46890258789,16133.333333333334,2,0.60625,90359.92742919922,16133.333333333334,2,0.60625,88224.98657226563,16133.333333333334,2,0.60625,140540.41691589355,3050,2,0.2124999999999999,145529.71997070313,3050,2,0.2124999999999999,145851.44941711426,3050,0,0.2124999999999999,357148.02949523926,3050,0,0.2124999999999999,141319.4892578125,3050,2,0.2124999999999999,135455.64135742188,3050,2,0.2124999999999999,135535.46815490723,3050,2,0.2124999999999999,94429.52331542969,16133.333333333334,2,0.60625,96586.24440002441,16133.333333333334,2,0.60625,8065388.78187561,5377,4276,2495,5056,2467,400,400,400,5395,400,400,400,5137,400,3441,400,400,400,400,400,1679,400,400,5345,400,2762,4908,2206,5348,5073,5059,2515,15.000000953674316,0,0,0,0,0,45,45,47.36842346191406,47.36842346191406,0,45,45,95.23809814453125,45,47.619049072265625,0,0,0,47.619049072265625,45,47.619049072265625,45,0,0,0,0,0,0,50,45,45,20475,15889,128762,74,91,20475,13174,13516,54,0,66718990336,8589930496,22521688064,524288
199,1790686011911,443347.8260650635,3050,0,0.21875,91605.48376464844,16133.333333333334,0,0.3999999999999999,93142.03750610352,16133.333333333334,0,0.3999999999999999,95800.10592651367,16133.333333333334,0,0.3999999999999999,98731.65371704102,16133.333333333334,0,0.3999999999999999,90360.21075439453,16133.333333333334,0,0.3999999999999999,88225.18539428711,16133.333333333334,0,0.3999999999999999,140540.7313232422,3050,0,0.21875,145530.11772155762,3050,0,0.21875,145851.80700683594,3050,0,0.21875,357150.2444000244,3050,0,0.21875,141319.79415893555,3050,0,0.21875,135455.94174194336,3050,0,0.21875,135535.80728149414,3050,0,0.21875,94429.73080444336,16133.333333333334,0,0.3999999999999999,96586.46482849121,16133.333333333334,0,0.3999999999999999,8065409.494812012,5377,4276,2495,5056,2467,400,400,400,5395,400,400,400,5137,400,3441,400,400,400,400,400,1679,400,400,5345,400,2762,4908,2206,5348,5073,5059,2515,15.000000953674316,0,0,0,0,0,45,45,47.36842346191406,47.36842346191406,0,45,45,95.23809814453125,45,47.619049072265625,0,0,0,47.619049072265625,45,47.619049072265625,45,0,0,0,0,0,0,50,45,45,20475,15889,128882,74,91,20475,13174,13516,54,0,66718990336,8589930496,22529904640,524288
199,1790686012111,443348.14486694336,3050,2,0.2124999999999999,91605.64738464355,48800,2,0.40625,93142.19856262207,48800,2,0.40625,95800.27043151855,48800,2,0.40625,98731.81509399414,48800,2,0.40625,90360.41241455078,48800,2,0.40625,88225.34507751465,48800,2,0.40625,140541.0227355957,3050,2,0.2124999999999999,145530.48643493652,3050,2,0.2124999999999999,145852.1235961914,3050,0,0.2124999999999999,357152.48930358887,3050,0,0.2124999999999999,141320.08627319336,3050,0,0.2124999999999999,135456.22039794922,3050,2,0.2124999999999999,135536.12547302246,3050,2,0.2124999999999999,94429.91526794434,48800,2,0.40625,96586.65641784668,48800,2,0.40625,8065429.777557373,5377,4276,2495,5056,2467,400,400,400,5395,400,400,400,5137,400,3441,400,400,400,400,400,1679,400,400,5345,400,2762,4908,2206,5348,5073,5059,2515,7.500000476837158,0,0,0,0,0,52.499996185302734,50,50,50,0,23.076923370361328,51.28205490112305,20,50,50,0,0,0,50,51.28205490112305,50,50,22.5,0,5,80,14.634145736694336,0,50,52.499996185302734,50,20475,15889,128854,74,92,20475,13174,13516,54,0,66718990336,8589930496,22528585728,524288
199,1790686012311,443348.5012817383,3050,0,0.21875,91605.81587219238,16133.333333333334,0,0.3999999999999999,93142.36337280273,16133.333333333334,0,0.3999999999999999,95800.43617248535,16133.333333333334,0,0.3999999999999999,98731.97943115234,16133.333333333334,0,0.3999999999999999,90360.62353515625,16133.333333333334,0,0.3999999999999999,88225.50942993164,16133.333333333334,0,0.3999999999999999,140541.33512878418,3050,0,0.21875,145530.85995483398,3050,0,0.21875,145852.43948364258,3050,0,0.21875,357154.72717285156,3050,0,0.21875,141320.4281616211,3050,0,0.21875,135456.50929260254,3050,0,0.21875,135536.44255065918,3050,0,0.21875,94430.1420135498,16133.333333333334,0,0.3999999999999999,96586.85983276367,16133.333333333334,0,0.3999999999999999,8065450.1031188965,5377,4276,2495,5056,2467,400,400,400,5395,400,400,400,5137,400,3441,400,400,400,400,400,1679,400,400,5345,400,2762,4908,2206,5348,5073,5059,2515,7.500000476837158,0,0,0,0,0,52.499996185302734,50,50,50,0,23.076923370361328,51.28205490112305,20,50,50,0,0,0,50,51.28205490112305,50,50,22.5,0,5,80,14.634145736694336,0,50,52.499996185302734,50,20475,15889,128695,74,92,20475,13174,13508,54,0,66718990336,8589930496,22531960832,524288
199,1790686012511,443348.86421203613,3050,0,0.2124999999999999,91605.97895812988,16133.333333333334,2,0.93125,93142.5209350586,16133.333333333334,2,0.93125,95800.59455871582,16133.333333333334,2,0.93125,98732.13681030273,16133.333333333334,2,0.93125,90360.82528686523,16133.333333333334,2,0.93125,88225.66677856445,16133.333333333334,2,0.93125,140541.64018249512,3050,2,0.2124999999999999,145531.22734069824,3050,2,0.2124999999999999,145852.72172546387,3050,2,0.2124999999999999,357156.96865844727,3050,0,0.2124999999999999,141320.76164245605,3050,0,0.2124999999999999,135456.79971313477,3050,2,0.2124999999999999,135536.7516937256,3050,2,0.2124999999999999,94430.35726928711,48800,2,0.93125,96587.05276489258,16133.333333333334,2,0.93125,8065470.296432495,5377,4276,2495,5056,2467,400,400,400,5395,400,400,400,5137,400,3441,400,400,400,400,400,1679,400,400,5345,400,2762,4908,2206,5348,5073,5059,2515,15.000000953674316,0,0,0,0,0,50,50,50,50,0,0,50,0,50,50,0,0,2.5,51.28205490112305,50,50,50,50,0,0,100,0,0,50,50,50,20475,15889,128470,74,92,20475,13174,13508,54,0,66718990336,8589930496,22531960832,524288
199,1790686012711,443349.23139953613,3050,0,0.22499999999999987,91606.13815307617,16133.333333333334,0,0.40625,93142.67707824707,16133.333333333334,0,0.40625,95800.7515411377,16133.333333333334,0,0.40625,98732.29267883301,16133.333333333334,0,0.40625,90361.02551269531,16133.333333333334,0,0.40625,88225.82301330566,16133.333333333334,0,0.40625,140541.93800354004,3050,0,0.22499999999999987,145531.58157348633,3050,0,0.22499999999999987,145852.9976196289,3050,0,0.22499999999999987,357159.20362854004,3050,0,0.22499999999999987,141321.0920715332,3050,0,0.22499999999999987,135457.08070373535,3050,0,0.22499999999999987,135537.05613708496,3050,0,0.22499999999999987,94430.5703125,16133.333333333334,0,0.40625,96587.2426147461,16133.333333333334,0,0.40625,8065490.4322052,5377,4276,2495,5056,2467,400,400,400,5395,400,400,400,5137,400,3441,400,400,400,400,400,1679,400,400,5345,400,2762,4908,2206,5348,5073,5059,2515,15.000000953674316,0,0,0,0,0,50,50,50,50,0,0,50,0,50,50,0,0,2.5,51.28205490112305,50,50,50,50,0,0,100,0,0,50,50,50,20475,15889,128438,74,92,20475,13174,13508,54,0,66718990336,8589930496,22531956736,524288
199,1790686012911,443349.608001709,3050,0,0.20625000000000004,91606.31579589844,48800,2,0.575,93142.85511779785,48800,2,0.575,95800.95314025879,48800,2,0.575,98732.47024536133,48800,2,0.575,90361.26208496094,48800,2,0.93125,88225.98265075684,16133.333333333334,2,0.93125,140542.24281311035,3050,2,0.20625000000000004,145531.90007019043,3050,0,0.20625000000000004,145853.30506896973,3050,2,0.20625000000000004,357161.4393005371,3050,0,0.20625000000000004,141321.44952392578,3050,2,0.20625000000000004,135457.32862854004,3050,2,0.20625000000000004,135537.3896484375,3050,2,0.20625000000000004,94430.80488586426,48800,2,0.575,96587.45933532715,48800,2,0.575,8065510.937210083,5377,4276,2495,5056,2467,400,400,400,5395,400,400,400,5137,400,3441,400,400,400,400,400,1679,400,400,5345,400,2762,4908,2206,5348,5073,5059,2515,15.000000953674316,20.512821197509766,12.5,12.5,2.4390242099761963,0,37.5,48.780487060546875,51.219512939453125,30.000001907348633,15.000000953674316,24.390243530273438,35.71428680419922,0,50,35.897438049316406,0,0,22.5,37.5,37.5,51.28205490112305,51.28205490112305,32.5,17.5,0,100,0,9.756096839904785,51.28205490112305,51.28205490112305,32.5,20475,15889,128645,74,92,20475,13174,13508,54,0,66718990336,8589930496,22535196672,524288
199,1790686013111,443351.14714050293,3050,0,0.16874999999999996,91606.46775817871,16133.333333333334,0,0.59375,93143.00944519043,16133.333333333334,0,0.59375,95801.11477661133,16133.333333333334,0,0.59375,98732.62594604492,16133.333333333334,0,0.59375,90361.45779418945,16133.333333333334,0,0.59375,88226.13537597656,16133.333333333334,0,0.59375,140542.87907409668,3050,0,0.16874999999999996,145532.2791748047,3050,0,0.16874999999999996,145853.6199645996,3050,0,0.16874999999999996,357161.83238220215,3050,0,0.16874999999999996,141321.7924194336,3050,0,0.16874999999999996,135457.7841949463,3050,0,0.16874999999999996,135537.7080230713,3050,0,0.16874999999999996,94431.01261901855,16133.333333333334,0,0.59375,96587.64172363281,16133.333333333334,0,0.59375,8065531.040710449,5377,4276,2495,5056,2467,400,400,400,5395,400,400,400,5137,400,3441,400,400,400,400,400,1679,400,400,5345,400,2762,4908,2206,5348,5073,5059,2515,73.68421173095703,61.904762268066406,50,47.619049072265625,0,0,0,50,47.36842346191406,0,47.619049072265625,47.36842346191406,0,25,50,0,0,0,47.619049072265625,0,0,47.619049072265625,47.619049072265625,10,50,0,25,0,42.105262756347656,47.619049072265625,47.619049072265625,0,20475,15889,128700,74,91,20475,13174,13508,54,0,66718990336,8589930496,22518595584,524288
199,1790686013311,443351.4867553711,3050,0,0.21875,91606.63960266113,16133.333333333334,0,0.3999999999999999,93143.18135070801,16133.333333333334,0,0.3999999999999999,95801.28688049316,16133.333333333334,0,0.3999999999999999,98732.80111694336,16133.333333333334,0,0.3999999999999999,90361.67938232422,16133.333333333334,0,0.3999999999999999,88226.29364013672,16133.333333333334,0,0.3999999999999999,140543.7625427246,3050,0,0.21875,145532.69158935547,3050,0,0.21875,145853.9831390381,3050,0,0.21875,357163.64443969727,3050,0,0.21875,141322.17112731934,3050,0,0.21875,135458.0505218506,3050,0,0.21875,135538.07304382324,3050,0,0.21875,94431.24934387207,16133.333333333334,0,0.3999999999999999,96587.84889221191,16133.333333333334,0,0.3999999999999999,8065551.862380981,5377,4276,2495,5056,2467,400,400,400,5395,400,400,400,5137,400,3441,400,400,400,400,400,1679,400,400,5345,400,2762,4908,2206,5348,5073,5059,2515,0,30.000001907348633,55,55,0,0,0,50,52.38095474243164,35,55,52.38095474243164,0,0,52.38095474243164,0,45,0,55,0,0,55,55,5,52.38095474243164,0,95,0,47.619049072265625,15.000000953674316,55,0,20475,15889,128823,75,92,20475,13174,13402,54,0,66718990336,8589930496,22505615360,524288
199,1790686013511,443351.84564208984,3050,2,0.2124999999999999,91606.79383850098,16133.333333333334,2,0.58125,93143.33459472656,16133.333333333334,2,0.6375,95801.4393157959,48800,2,0.6375,98732.95722961426,48800,2,0.6375,90361.87336730957,48800,2,0.6375,88226.44725036621,48800,2,0.6375,140544.05534362793,3050,2,0.2124999999999999,145533.05096435547,3050,0,0.2124999999999999,145854.2479248047,3050,2,0.2124999999999999,357165.9077606201,3050,0,0.2124999999999999,141322.4900970459,3050,2,0.2124999999999999,135458.25881958008,3050,2,0.2124999999999999,135538.3982849121,3050,2,0.2124999999999999,94431.45826721191,16133.333333333334,2,0.58125,96588.03205871582,16133.333333333334,2,0.58125,8065572.063903809,5377,4276,2495,5056,2467,400,400,400,5395,400,400,400,5137,400,3441,400,400,400,400,400,1679,400,400,5345,400,2762,4908,2206,5348,5073,5059,2515,15.000000953674316,0,45,47.36842346191406,0,0,0,45,50,50,47.36842346191406,50,0,0,47.36842346191406,0,45,4.761904716491699,45,0,0,45,45,0,47.36842346191406,0,100,0,30.000001907348633,20,45,0,20475,15889,128881,75,91,20475,13174,13402,54,0,66718990336,8589930496,22521868288,524288
199,1790686013711,443352.21534729004,3050,0,0.21875,91606.95610046387,16133.333333333334,0,0.3999999999999999,93143.4966430664,16133.333333333334,0,0.3999999999999999,95801.60090637207,16133.333333333334,0,0.3999999999999999,98733.12265014648,16133.333333333334,0,0.3999999999999999,90362.08026123047,16133.333333333334,0,0.3999999999999999,88226.60917663574,16133.333333333334,0,0.3999999999999999,140544.357421875,3050,0,0.21875,145533.43240356445,3050,0,0.21875,145854.52452087402,3050,0,0.21875,357168.15773010254,3050,0,0.21875,141322.82760620117,3050,0,0.21875,135458.6153717041,3050,0,0.21875,135538.7123413086,3050,0,0.21875,94431.68049621582,16133.333333333334,0,0.3999999999999999,96588.22802734375,16133.333333333334,0,0.3999999999999999,8065592.302902222,5377,4276,2495,5056,2467,400,400,400,5395,400,400,400,5137,400,3441,400,400,400,400,400,1679,400,400,5345,400,2762,4908,2206,5348,5073,5059,2515,15.000000953674316,0,45,47.36842346191406,0,0,0,45,50,50,47.36842346191406,50,0,0,47.36842346191406,0,45,4.761904716491699,45,0,0,45,45,0,47.36842346191406,0,100,0,30.000001907348633,20,45,0,20475,15889,128774,75,90,20475,13174,13402,54,0,66718990336,8589930496,22521868288,524288
199,1790686013911,443352.59814453125,3050,2,0.2124999999999999,91607.13064575195,48800,2,0.93125,93143.67388916016,48800,2,0.93125,95801.77684020996,48800,2,0.93125,98733.30072021484,48800,2,0.93125,90362.30352783203,48800,2,0.93125,88226.78684997559,48800,2,0.93125,140544.67140197754,3050,2,0.2124999999999999,145533.83430480957,3050,2,0.2124999999999999,145854.8049621582,3050,2,0.2124999999999999,357170.44023132324,3050,0,0.2124999999999999,141323.17826843262,3050,2,0.2124999999999999,135459.01234436035,3050,2,0.2124999999999999,135539.04272460938,3050,2,0.2124999999999999,94431.91836547852,48800,2,0.93125,96588.45819091797,48800,2,0.93125,8065613.018432617,5377,4276,2495,5056,2467,400,400,400,5395,400,400,400,5137,400,3441,400,400,400,400,400,1679,400,400,5345,400,2762,4908,2206,5348,5073,5059,2515,15.000000953674316,2.5,52.499996185302734,51.219512939453125,0,2.4390242099761963,0,51.219512939453125,51.219512939453125,51.219512939453125,51.219512939453125,51.219512939453125,0,0,51.219512939453125,0,52.499996185302734,0,52.499996185302734,0,0,52.499996185302734,52.499996185302734,0,51.219512939453125,0,100,0,51.219512939453125,0,52.499996185302734,0,20475,15889,128800,74,92,20475,13174,13402,54,0,66718990336,8589930496,22514630656,524288
199,1790686014111,443352.9121246338,3050,0,0.20625000000000004,91607.2852935791,16133.333333333334,0,0.625,93143.83305358887,16133.333333333334,0,0.625,95801.94680786133,16133.333333333334,0,0.625,98733.46493530273,16133.333333333334,0,0.625,90362.55102539063,16133.333333333334,0,0.625,88226.94833374023,16133.333333333334,0,0.625,140544.98782348633,3050,0,0.20625000000000004,145534.22157287598,3050,0,0.20625000000000004,145855.06016540527,3050,0,0.20625000000000004,357172.70948791504,3050,0,0.20625000000000004,141323.52197265625,3050,0,0.20625000000000004,135459.39782714844,3050,0,0.20625000000000004,135539.33723449707,3050,0,0.20625000000000004,94432.14453125,16133.333333333334,0,0.625,96588.64431762695,16133.333333333334,0,0.625,8065633.276779175,5377,4276,2495,5056,2467,400,400,400,5395,400,400,400,5137,400,3441,400,400,400,400,400,1679,400,400,5345,400,2762,4908,2206,5348,5073,5059,2515,15.000000953674316,2.5,52.499996185302734,51.219512939453125,0,2.4390242099761963,0,51.219512939453125,51.219512939453125,51.219512939453125,51.219512939453125,51.219512939453125,0,0,51.219512939453125,0,52.499996185302734,0,52.499996185302734,0,0,52.499996185302734,52.499996185302734,0,51.219512939453125,0,100,0,51.219512939453125,0,52.499996185302734,0,20475,15889,128555,75,91,20475,13174,13402,54,0,66718990336,8589930496,22513016832,524288
199,1790686014311,443353.23641967773,3050,0,0.21875,91607.45538330078,16133.333333333334,0,0.3999999999999999,93144.0054321289,16133.333333333334,0,0.3999999999999999,95802.11904907227,16133.333333333334,0,0.3999999999999999,98733.64001464844,16133.333333333334,0,0.3999999999999999,90362.76921081543,16133.333333333334,0,0.3999999999999999,88227.11874389648,16133.333333333334,0,0.3999999999999999,140545.30024719238,3050,0,0.21875,145534.64335632324,3050,0,0.21875,145855.35313415527,3050,0,0.21875,357174.99282836914,3050,0,0.21875,141323.888381958,3050,0,0.21875,135459.79180908203,3050,0,0.21875,135539.75756835938,3050,0,0.21875,94432.37605285645,16133.333333333334,0,0.3999999999999999,96588.85021972656,16133.333333333334,0,0.3999999999999999,8065653.903121948,5377,4276,2495,5056,2467,400,400,400,5395,400,400,400,5137,400,3441,400,400,400,400,400,1679,400,400,5345,400,2762,4908,2206,5348,5073,5059,2515,2.4390242099761963,7.317072868347168,50,51.219512939453125,0,0,7.692307949066162,52.499996185302734,50,50,50,50,0,0,51.219512939453125,0,51.219512939453125,0,50,0,0,50,51.219512939453125,0,51.219512939453125,0,100,0,52.499996185302734,7.317072868347168,51.219512939453125,0,20475,15889,128349,75,91,20475,13174,13337,54,0,66718990336,8589930496,22530301952,524288
199,1790686014512,443353.5907897949,3050,2,0.20625000000000004,91607.61111450195,48800,2,0.40625,93144.16496276855,48800,2,0.40625,95802.27461242676,48800,2,0.40625,98733.79997253418,48800,2,0.40625,90362.96696472168,48800,2,0.40625,88227.27070617676,48800,2,0.40625,140545.58805847168,3050,0,0.20625000000000004,145535.02546691895,3050,0,0.20625000000000004,145855.62362670898,3050,2,0.20625000000000004,357177.292388916,3050,0,0.20625000000000004,141324.22119140625,3050,0,0.20625000000000004,135460.15754699707,3050,0,0.20625000000000004,135540.09832763672,3050,2,0.20625000000000004,94432.58599853516,48800,2,0.40625,96589.03636169434,48800,2,0.40625,8065674.172958374,5377,4276,2495,5056,2467,400,400,400,5395,400,400,400,5137,400,3441,400,400,400,400,400,1679,400,400,5345,400,2762,4908,2206,5348,5073,5059,2515,15.000000953674316,0,47.619049072265625,47.36842346191406,0,0,0,45,47.36842346191406,47.36842346191406,50,47.36842346191406,0,0,47.36842346191406,4.761904716491699,45,0,47.619049072265625,0,0,47.619049072265625,45,0,47.36842346191406,0,100,0,45,0,47.36842346191406,0,20475,15889,128340,75,92,20475,13174,13337,53,0,66718990336,8589930496,22529785856,524288
199,1790686014712,443354.0042877197,3050,0,0.2124999999999999,91607.77249145508,16133.333333333334,0,0.3999999999999999,93144.32733154297,16133.333333333334,0,0.3999999999999999,95802.44041442871,16133.333333333334,0,0.3999999999999999,98733.96748352051,16133.333333333334,0,0.3999999999999999,90363.17680358887,16133.333333333334,0,0.3999999999999999,88227.43458557129,16133.333333333334,0,0.3999999999999999,140545.89904785156,3050,0,0.2124999999999999,145535.42539978027,3050,0,0.2124999999999999,145855.90292358398,3050,0,0.2124999999999999,357179.5644226074,3050,0,0.2124999999999999,141324.5669708252,3050,0,0.2124999999999999,135460.54148864746,3050,0,0.2124999999999999,135540.45742797852,3050,0,0.2124999999999999,94432.80700683594,16133.333333333334,0,0.3999999999999999,96589.23278808594,16133.333333333334,0,0.3999999999999999,8065694.562515259,5377,4276,2495,5056,2467,400,400,400,5395,400,400,400,5137,400,3441,400,400,400,400,400,1679,400,400,5345,400,2762,4908,2206,5348,5073,5059,2515,15.000000953674316,0,47.619049072265625,47.36842346191406,0,0,0,45,47.36842346191406,47.36842346191406,50,47.36842346191406,0,0,47.36842346191406,4.761904716491699,45,0,47.619049072265625,0,0,47.619049072265625,45,0,47.36842346191406,0,100,0,45,0,47.36842346191406,0,20475,15889,128502,75,92,20475,13174,13337,53,0,66718990336,8589930496,22529785856,524288
199,1790686014912,443354.3914642334,3050,2,0.20625000000000004,91607.94816589355,48800,2,0.925,93144.52940368652,48800,2,0.925,95802.63694763184,48800,2,0.925,98734.13809204102,48800,2,0.925,90363.35858154297,48800,2,0.925,88227.60690307617,48800,2,0.925,140546.2088623047,3050,0,0.20625000000000004,145535.82711791992,3050,0,0.20625000000000004,145856.18634033203,3050,2,0.20625000000000004,357181.8514404297,3050,0,0.20625000000000004,141324.91554260254,3050,2,0.20625000000000004,135460.93696594238,3050,0,0.20625000000000004,135540.83032226563,3050,2,0.20625000000000004,94433.02491760254,48800,2,0.925,96589.44689941406,48800,2,0.925,8065715.095275879,5377,4276,2495,5056,2467,400,400,400,5395,400,400,400,5137,400,3441,400,400,400,400,400,1679,400,400,5345,400,2762,4908,2206,5348,5073,5059,2515,15.384615898132324,0,50,50,4.878048419952393,0,0,50,51.219512939453125,51.219512939453125,35,36.585365295410156,12.820513725280762,0,50,0,52.499996185302734,0,51.28205490112305,0,0,50,50,15.000000953674316,51.219512939453125,0,100,0,52.499996185302734,0,50,0,20475,15889,128352,75,92,20475,13174,13337,53,0,66718990336,8589930496,22526918656,524288
199,1790686015112,443354.7605743408,3050,0,0.21875,91608.11039733887,16133.333333333334,0,0.40625,93144.7313079834,16133.333333333334,0,0.40625,95802.80421447754,16133.333333333334,0,0.40625,98734.35391235352,16133.333333333334,0,0.40625,90363.52700805664,16133.333333333334,0,0.40625,88227.77345275879,16133.333333333334,0,0.40625,140546.53678894043,3050,0,0.21875,145536.20431518555,3050,0,0.21875,145856.45292663574,3050,0,0.21875,357184.1206359863,3050,0,0.21875,141325.2528076172,3050,0,0.21875,135461.30772399902,3050,0,0.21875,135541.17837524414,3050,0,0.21875,94433.2279510498,16133.333333333334,0,0.40625,96589.65510559082,16133.333333333334,0,0.40625,8065735.646255493,5377,4276,2495,5056,2467,400,400,400,5395,400,400,400,5137,400,3441,400,400,400,400,400,1679,400,400,5345,400,2762,4908,2206,5348,5073,5059,2515,15.384615898132324,0,50,50,4.878048419952393,0,0,50,51.219512939453125,51.219512939453125,35,36.585365295410156,12.820513725280762,0,50,0,52.499996185302734,0,51.28205490112305,0,0,50,50,15.000000953674316,51.219512939453125,0,100,0,52.499996185302734,0,50,0,20475,15889,128462,75,92,20475,13174,13337,53,0,66718990336,8589930496,22534623232,524288
199,1790686015312,443355.1341705322,3050,2,0.2124999999999999,91608.28289794922,48800,2,0.5375000000000001,93144.94674682617,48800,2,0.5375000000000001,95802.97496032715,48800,2,0.5375000000000001,98734.52456665039,48800,2,0.5375000000000001,90363.70184326172,48800,2,0.5375000000000001,88227.94425964355,48800,2,0.5375000000000001,140546.84587097168,3050,0,0.2124999999999999,145536.59852600098,3050,2,0.2124999999999999,145856.74507141113,3050,2,0.2124999999999999,357186.35960388184,3050,0,0.2124999999999999,141325.62045288086,3050,2,0.2124999999999999,135461.70318603516,3050,0,0.2124999999999999,135541.56135559082,3050,2,0.2124999999999999,94433.443359375,48800,2,0.5375000000000001,96589.82766723633,48800,2,0.5375000000000001,8065756.157150269,5377,4276,2495,5056,2467,400,400,400,5395,400,400,400,5137,400,3441,400,400,400,400,400,1679,400,400,5345,400,2762,4908,2206,5348,5073,5059,2515,15.000000953674316,2.5641026496887207,51.28205490112305,52.38095474243164,0,5.128205299377441,0,52.499996185302734,50,50,2.4390242099761963,0,51.219512939453125,0,51.219512939453125,0,50,0,50,0,2.4390242099761963,51.28205490112305,52.499996185302734,50,50,0,100,0,50,0,51.219512939453125,0,20475,15889,128601,75,92,20475,13174,13302,53,0,66718990336,8589930496,22534623232,524288
30,1790686015512,443355.53143310547,48800,2,0.2749999999999999,91608.53970336914,48800,2,0.40625,93145.2091217041,48800,2,0.40625,95803.18113708496,48800,2,0.40625,98734.7296295166,48800,2,0.40625,90363.87686157227,48800,2,0.40625,88228.04998779297,48800,2,0.40625,140547.18508911133,48800,2,0.2749999999999999,145537.03665161133,48800,2,0.2749999999999999,145857.06520080566,48800,2,0.2749999999999999,357187.79220581055,48800,2,0.2749999999999999,141326.01815795898,48800,2,0.2749999999999999,135462.14157104492,48800,2,0.2749999999999999,135541.97729492188,48800,2,0.2749999999999999,94433.69828796387,48800,2,0.40625,96590.09686279297,48800,2,0.40625,8065776.153366089,5377,4276,2495,5056,2467,400,400,400,5395,400,400,400,5137,400,3441,400,400,400,400,400,1679,400,400,5345,400,2762,4908,2206,5348,5073,5059,2515,10,0,61.904762268066406,63.15789031982422,0,0,20,25,60.000003814697266,60.000003814697266,0,0,60.000003814697266,30.000001907348633,60.000003814697266,0,60.000003814697266,0,60.000003814697266,5,0,60.000003814697266,60.000003814697266,60.000003814697266,26.3157901763916,0,70,0,60.000003814697266,0,60.000003814697266,0,20475,15889,127125,71,72,20475,13174,13302,53,0,66718990336,8589930496,22504427520,524288
