Delta,Time,CORE0_ENERGY (J),CORE0_FREQ (MHZ),CORE0_PSTATE,CORE0_VOLT (V),CORE10_ENERGY (J),CORE10_FREQ (MHZ),CORE10_PSTATE,CORE10_VOLT (V),CORE11_ENERGY (J),CORE11_FREQ (MHZ),CORE11_PSTATE,CORE11_VOLT (V),CORE12_ENERGY (J),CORE12_FREQ (MHZ),CORE12_PSTATE,CORE12_VOLT (V),CORE13_ENERGY (J),CORE13_FREQ (MHZ),CORE13_PSTATE,CORE13_VOLT (V),CORE14_ENERGY (J),CORE14_FREQ (MHZ),CORE14_PSTATE,CORE14_VOLT (V),CORE15_ENERGY (J),CORE15_FREQ (MHZ),CORE15_PSTATE,CORE15_VOLT (V),CORE1_ENERGY (J),CORE1_FREQ (MHZ),CORE1_PSTATE,CORE1_VOLT (V),CORE2_ENERGY (J),CORE2_FREQ (MHZ),CORE2_PSTATE,CORE2_VOLT (V),CORE3_ENERGY (J),CORE3_FREQ (MHZ),CORE3_PSTATE,CORE3_VOLT (V),CORE4_ENERGY (J),CORE4_FREQ (MHZ),CORE4_PSTATE,CORE4_VOLT (V),CORE5_ENERGY (J),CORE5_FREQ (MHZ),CORE5_PSTATE,CORE5_VOLT (V),CORE6_ENERGY (J),CORE6_FREQ (MHZ),CORE6_PSTATE,CORE6_VOLT (V),CORE7_ENERGY (J),CORE7_FREQ (MHZ),CORE7_PSTATE,CORE7_VOLT (V),CORE8_ENERGY (J),CORE8_FREQ (MHZ),CORE8_PSTATE,CORE8_VOLT (V),CORE9_ENERGY (J),CORE9_FREQ (MHZ),CORE9_PSTATE,CORE9_VOLT (V),CPU_ENERGY (J),CPU_FREQUENCY_0,CPU_FREQUENCY_1,CPU_FREQUENCY_10,CPU_FREQUENCY_11,CPU_FREQUENCY_12,CPU_FREQUENCY_13,CPU_FREQUENCY_14,CPU_FREQUENCY_15,CPU_FREQUENCY_16,CPU_FREQUENCY_17,CPU_FREQUENCY_18,CPU_FREQUENCY_19,CPU_FREQUENCY_2,CPU_FREQUENCY_20,CPU_FREQUENCY_21,CPU_FREQUENCY_22,CPU_FREQUENCY_23,CPU_FREQUENCY_24,CPU_FREQUENCY_25,CPU_FREQUENCY_26,CPU_FREQUENCY_27,CPU_FREQUENCY_28,CPU_FREQUENCY_29,CPU_FREQUENCY_3,CPU_FREQUENCY_30,CPU_FREQUENCY_31,CPU_FREQUENCY_4,CPU_FREQUENCY_5,CPU_FREQUENCY_6,CPU_FREQUENCY_7,CPU_FREQUENCY_8,CPU_FREQUENCY_9,CPU_USAGE_0,CPU_USAGE_1,CPU_USAGE_10,CPU_USAGE_11,CPU_USAGE_12,CPU_USAGE_13,CPU_USAGE_14,CPU_USAGE_15,CPU_USAGE_16,CPU_USAGE_17,CPU_USAGE_18,CPU_USAGE_19,CPU_USAGE_2,CPU_USAGE_20,CPU_USAGE_21,CPU_USAGE_22,CPU_USAGE_23,CPU_USAGE_24,CPU_USAGE_25,CPU_USAGE_26,CPU_USAGE_27,CPU_USAGE_28,CPU_USAGE_29,CPU_USAGE_3,CPU_USAGE_30,CPU_USAGE_31,CPU_USAGE_4,CPU_USAGE_5,CPU_USAGE_6,CPU_USAGE_7,CPU_USAGE_8,CPU_USAGE_9,GPU0_MEMORY_TOTAL,GPU0_MEMORY_USED,GPU0_POWER (mWatts),GPU0_TEMPERATURE,GPU0_USAGE,GPU1_MEMORY_TOTAL,GPU1_MEMORY_USED,GPU1_POWER (mWatts),GPU1_TEMPERATURE,GPU1_USAGE,TOTAL_MEMORY,TOTAL_SWAP,USED_MEMORY,USED_SWAP
0,1791366207883,1129239.7001037598,3050,0,0.3125,113954.24584960938,16133.333333333334,0,0.64375,113006.95587158203,16133.333333333334,0,0.64375,114486.83709716797,16133.333333333334,0,0.64375,124986.89025878906,16133.333333333334,0,0.64375,113384.33227539063,16133.333333333334,0,0.64375,121846.27395629883,16133.333333333334,0,0.64375,199280.9434967041,3050,0,0.3125,200543.8738861084,3050,0,0.3125,197054.7158355713,3050,0,0.3125,441717.8565826416,3050,2,0.3125,189001.21632385254,3050,0,0.3125,187999.27433776855,3050,0,0.3125,182011.67756652832,3050,0,0.3125,117139.36979675293,16133.333333333334,0,0.64375,119217.60305786133,16133.333333333334,0,0.64375,14494632.591293335,5402,5377,3070,5049,2479,2488,5047,400,400,2838,400,2707,2478,400,3076,400,2443,400,400,400,400,400,400,2632,400,2491,2485,4522,2497,2505,2518,2468,0,3.5714287757873535,0,0,0,3.5714287757873535,0,0,3.5714287757873535,3.5714287757873535,0,0,0,3.5714287757873535,3.5714287757873535,0,0,0,3.5714287757873535,3.5714287757873535,3.5714287757873535,3.5714287757873535,3.5714287757873535,7.142857551574707,3.5714287757873535,0,0,0,0,3.4482758045196533,6.896551609039307,0,20475,15905,8807,45,0,20475,13200,12541,51,0,66718994432,8589930496,32293851136,524288
200,1791366207883,1129239.7636871338,3050,0,0.30000000000000004,113954.24620056152,16133.333333333334,2,0.41874999999999996,113006.95617675781,16133.333333333334,2,0.41874999999999996,114486.83946228027,16133.333333333334,0,0.41874999999999996,124986.89056396484,16133.333333333334,2,0.41874999999999996,113384.33256530762,16133.333333333334,2,0.41874999999999996,121846.27423095703,16133.333333333334,2,0.41874999999999996,199280.9454345703,3050,2,0.30000000000000004,200543.87461853027,3050,2,0.30000000000000004,197054.71656799316,3050,2,0.30000000000000004,441717.85707092285,3050,2,0.30000000000000004,189001.21704101563,3050,2,0.30000000000000004,187999.27505493164,3050,2,0.3062499999999999,182011.67825317383,3050,2,0.3062499999999999,117139.37017822266,16133.333333333334,2,0.41874999999999996,119217.60610961914,16133.333333333334,2,0.41874999999999996,14494634.798538208,5402,5377,3070,5049,2479,2488,5047,400,400,2838,400,2707,2478,400,3076,400,2443,400,400,400,400,400,400,2632,400,2491,2485,4522,2497,2505,2518,2468,0,3.5714287757873535,0,0,0,3.5714287757873535,0,0,3.5714287757873535,3.5714287757873535,0,0,0,3.5714287757873535,3.5714287757873535,0,0,0,3.5714287757873535,3.5714287757873535,3.5714287757873535,3.5714287757873535,3.5714287757873535,7.142857551574707,3.5714287757873535,0,0,0,0,3.4482758045196533,6.896551609039307,0,20475,15905,8834,45,0,20475,13200,12541,51,0,66718994432,8589930496,32293851136,524288
200,1791366208084,1129239.8303527832,48800,2,1.16875,113954.24633789063,48800,2,0.95,113006.95629882813,48800,2,0.95,114486.84028625488,48800,2,0.95,124986.89068603516,48800,2,0.95,113384.33290100098,48800,2,0.95,121846.27435302734,48800,2,0.95,199280.94619750977,48800,2,1.16875,200543.8752593994,48800,2,1.16875,197054.71719360352,48800,2,1.16875,441717.8578033447,48800,2,1.16875,189001.2176361084,48800,2,1.16875,187999.275680542,48800,2,1.16875,182011.6788482666,48800,2,1.16875,117139.37031555176,48800,2,1.16875,119217.60623168945,48800,2,0.95,14494644.646820068,5402,5377,3070,5049,2479,2488,5047,400,400,2838,400,2707,2478,400,3076,400,2443,400,400,400,400,400,400,2632,400,2491,2485,4522,2497,2505,2518,2468,25.925926208496094,0,0,0,0,0,0,0,0,0,0,0,0,0,0,0,0,0,0,0,0,0,0,0,0,0,0,0,0,0,0,0,20475,15905,8834,44,0,20475,13200,12541,51,0,66718994432,8589930496,32293851136,524288
200,1791366208284,1129239.897781372,48800,2,1.16875,113954.24647521973,48800,2,1.05,113006.95643615723,48800,2,1.05,114486.84075927734,48800,2,1.05,124986.89082336426,48800,2,1.05,113384.33303833008,48800,2,1.05,121846.27450561523,48800,2,1.05,199280.94692993164,48800,2,1.16875,200543.87591552734,48800,2,1.16875,197054.71784973145,48800,2,1.16875,441717.858505249,48800,2,1.16875,189001.21823120117,48800,2,1.16875,187999.27629089355,48800,2,1.16875,182011.67944335938,48800,2,1.16875,117139.37048339844,48800,2,1.05,119217.60638427734,48800,2,1.05,14494654.441574097,5402,5377,3070,5049,2479,2488,5047,400,400,2838,400,2707,2478,400,3076,400,2443,400,400,400,400,400,400,2632,400,2491,2485,4522,2497,2505,2518,2468,15.000000953674316,0,0,0,0,0,0,0,0,0,0,0,0,0,0,0,0,0,0,0,0,0,0,0,0,0,0,0,0,0,0,0,20475,15905,8834,44,0,20475,13200,12541,51,0,66718994432,8589930496,32293851136,524288
200,1791366208484,1129239.9669189453,48800,2,1.16875,113954.24659729004,48800,2,1.1125,113006.95652770996,48800,2,1.1125,114486.8412475586,48800,2,1.1125,124986.89093017578,48800,2,1.1125,113384.33317565918,48800,2,1.1125,121846.27462768555,48800,2,0.93125,199280.9489593506,3050,2,1.1125,200543.87655639648,3050,2,1.1125,197054.71850585938,3050,2,1.1125,441717.8592681885,3050,2,1.1125,189001.21885681152,3050,2,1.1125,187999.2769317627,3050,2,1.1125,182011.68005371094,3050,2,1.1125,117139.37062072754,48800,2,1.1125,119217.60647583008,48800,2,1.1125,14494664.074935913,5402,5377,3070,5049,2479,2488,5047,400,400,2838,400,2707,2478,400,3076,400,2443,400,400,400,400,400,400,2632,400,2491,2485,4522,2497,2505,2518,2468,10,0,0,0,0,0,0,0,0,0,0,0,0,0,0,0,0,0,0,0,0,0,0,0,0,0,0,0,0,0,0,0,20475,15905,8834,44,0,20475,13200,12541,51,0,66718994432,8589930496,32286515200,524288
200,1791366208685,1129240.0352783203,48800,2,1.16875,113954.24668884277,48800,2,1.16875,113006.9566192627,48800,2,0.94375,114486.84147644043,48800,2,0.94375,124986.89102172852,48800,2,0.94375,113384.33326721191,48800,2,0.94375,121846.27473449707,48800,2,0.94375,199280.95022583008,48800,2,1.16875,200543.87718200684,48800,2,1.16875,197054.71913146973,48800,2,1.16875,441717.8599700928,48800,2,1.16875,189001.2194671631,48800,2,1.16875,187999.27754211426,48800,2,1.16875,182011.6806793213,48800,2,1.16875,117139.37072753906,48800,2,1.16875,119217.60659790039,48800,2,1.16875,14494673.789016724,5402,5377,3070,5049,2479,2488,5047,400,400,2838,400,2707,2478,400,3076,400,2443,400,400,400,400,400,400,2632,400,2491,2485,4522,2497,2505,2518,2468,15.000000953674316,0,0,0,0,0,0,0,0,0,0,0,0,0,0,0,0,0,0,0,0,0,0,0,0,0,0,0,0,0,0,0,20475,15905,8834,44,0,20475,13200,12512,51,0,66718994432,8589930496,32294514688,524288
200,1791366208885,1129240.0993041992,48800,2,1.16875,113954.24678039551,48800,2,1.025,113006.95668029785,48800,2,1.025,114486.84158325195,48800,2,1.025,124986.89108276367,48800,2,1.025,113384.33334350586,48800,2,1.025,121846.27479553223,48800,2,1.025,199280.951171875,48800,2,1.16875,200543.8777923584,48800,2,1.16875,197054.71969604492,48800,2,1.16875,441717.86067199707,48800,2,1.16875,189001.22003173828,48800,2,1.16875,187999.27815246582,48800,2,1.16875,182011.68124389648,48800,2,1.16875,117139.3708190918,48800,2,1.025,119217.60684204102,48800,2,1.025,14494683.426651001,5402,5377,3070,5049,2479,2488,5047,400,400,2838,400,2707,2478,400,3076,400,2443,400,400,400,400,400,400,2632,400,2491,2485,4522,2497,2505,2518,2468,10,0,0,0,0,0,0,0,0,0,0,0,0,0,0,0,0,0,0,0,0,0,0,0,0,0,0,0,0,0,0,0,20475,15905,8971,44,0,20475,13200,12512,51,0,66718994432,8589930496,32294514688,524288
200,1791366209085,1129240.167602539,48800,2,1.16875,113954.24687194824,48800,2,1.1125,113006.95677185059,48800,2,1.1125,114486.84172058105,48800,2,1.1125,124986.8911743164,48800,2,1.1125,113384.3334350586,48800,2,1.1125,121846.27488708496,48800,2,0.93125,199280.95260620117,48800,2,1.16875,200543.87841796875,3050,2,1.09375,197054.7202911377,3050,2,1.09375,441717.86138916016,3050,2,1.09375,189001.22061157227,3050,2,1.09375,187999.27876281738,3050,2,1.09375,182011.68182373047,3050,2,1.09375,117139.37091064453,48800,2,1.1125,119217.60708618164,48800,2,1.1125,14494693.287139893,5402,5377,3070,5049,2479,2488,5047,400,400,2838,400,2707,2478,400,3076,400,2443,400,400,400,400,400,400,2632,400,2491,2485,4522,2497,2505,2518,2468,19.047618865966797,0,0,0,0,0,0,0,0,0,0,0,0,0,0,0,0,0,0,0,0,0,0,0,0,0,4.761904716491699,0,0,0,0,0,20475,15905,8971,44,0,20475,13200,12512,51,0,66718994432,8589930496,32294510592,524288
200,1791366209286,1129240.2341156006,48800,2,1.13125,113954.24696350098,48800,2,1.13125,113006.95683288574,48800,2,0.93125,114486.84182739258,48800,2,0.93125,124986.89123535156,48800,2,0.93125,113384.33352661133,48800,2,0.93125,121846.27494812012,48800,2,0.93125,199280.9542388916,48800,2,1.13125,200543.87899780273,48800,2,1.13125,197054.7208251953,48800,2,1.13125,441717.8620147705,48800,2,1.13125,189001.22114562988,48800,2,1.13125,187999.27932739258,48800,2,1.13125,182011.68237304688,48800,2,1.13125,117139.37103271484,48800,2,1.13125,119217.60722351074,48800,2,1.13125,14494703.015441895,5402,5377,3070,5049,2479,2488,5047,400,400,2838,400,2707,2478,400,3076,400,2443,400,400,400,400,400,400,2632,400,2491,2485,4522,2497,2505,2518,2468,10.526315689086914,0,0,0,0,0,0,0,0,0,0,0,0,0,0,0,0,0,0,0,0,0,0,0,0,0,0,0,0,0,0,0,20475,15905,8971,44,0,20475,13200,12512,51,0,66718994432,8589930496,32294510592,524288
199,1791366209486,1129240.301208496,48800,2,1.16875,113954.24710083008,48800,2,1.025,113006.95697021484,48800,2,1.025,114486.84201049805,48800,2,1.025,124986.89138793945,48800,2,1.025,113384.33367919922,48800,2,1.025,121846.27508544922,48800,2,1.025,199280.95503234863,48800,2,1.16875,200543.88130187988,48800,2,1.16875,197054.72149658203,48800,2,1.16875,441717.8628234863,48800,2,1.16875,189001.2218017578,48800,2,1.16875,187999.28002929688,48800,2,1.16875,182011.6830291748,48800,2,1.16875,117139.37118530273,48800,2,1.025,119217.60772705078,48800,2,1.025,14494712.867172241,5402,5377,3070,5049,2479,2488,5047,400,400,2838,400,2707,2478,400,3076,400,2443,400,400,400,400,400,400,2632,400,2491,2485,4522,2497,2505,2518,2468,14.285715103149414,0,0,0,0,0,0,0,0,0,0,0,0,0,0,0,0,0,0,0,0,0,0,0,0,0,0,0,0,0,0,0,20475,15905,8971,44,0,20475,13200,12512,51,0,66718994432,8589930496,32291434496,524288
200,1791366209686,1129240.3674316406,48800,2,1.16875,113954.24722290039,48800,2,1.16875,113006.95707702637,48800,2,1.16875,114486.84213256836,16133.333333333334,2,1.025,124986.89149475098,16133.333333333334,2,1.025,113384.33380126953,16133.333333333334,2,1.025,121846.27522277832,16133.333333333334,0,1.025,199280.95655822754,48800,2,1.16875,200543.88203430176,48800,2,1.16875,197054.72221374512,48800,2,1.16875,441717.86361694336,48800,2,1.16875,189001.22247314453,48800,2,1.16875,187999.28073120117,48800,2,1.16875,182011.68367004395,48800,2,1.16875,117139.37130737305,48800,2,1.16875,119217.60800170898,48800,2,1.16875,14494722.684921265,5402,5377,3070,5049,2479,2488,5047,400,400,2838,400,2707,2478,400,3076,400,2443,400,400,400,400,400,400,2632,400,2491,2485,4522,2497,2505,2518,2468,10.526315689086914,0,0,0,0,0,0,0,0,0,0,0,0,0,0,0,0,0,0,0,0,0,0,0,0,0,0,0,0,0,0,0,20475,15905,8971,44,0,20475,13200,12475,51,0,66718994432,8589930496,32291434496,524288
200,1791366209887,1129240.4333953857,48800,2,1.0125000000000002,113954.2474822998,48800,2,1.0375,113006.95733642578,48800,2,1.0375,114486.84240722656,48800,2,0.93125,124986.89175415039,48800,2,0.93125,113384.33406066895,48800,2,0.93125,121846.27546691895,48800,2,0.93125,199280.95808410645,48800,2,1.0125000000000002,200543.8826904297,48800,2,1.0125000000000002,197054.72288513184,48800,2,1.0125000000000002,441717.8644104004,48800,2,1.0125000000000002,189001.22312927246,48800,2,1.0125000000000002,187999.28141784668,48800,2,1.0125000000000002,182011.68434143066,48800,2,1.0125000000000002,117139.37155151367,48800,2,1.0375,119217.60838317871,48800,2,1.0375,14494732.600753784,5402,5377,3070,5049,2479,2488,5047,400,400,2838,400,2707,2478,400,3076,400,2443,400,400,400,400,400,400,2632,400,2491,2485,4522,2497,2505,2518,2468,14.285715103149414,0,0,0,0,0,0,0,0,0,0,0,0,0,0,0,0,0,0,0,0,0,0,0,0,0,0,0,0,0,0,0,20475,15905,9115,44,0,20475,13200,12475,51,0,66718994432,8589930496,32288874496,524288
200,1791366210087,1129240.4987182617,48800,2,1.175,113954.24754333496,48800,2,1.03125,113006.95739746094,48800,2,1.03125,114486.84248352051,48800,2,1.03125,124986.89181518555,48800,2,1.03125,113384.33413696289,48800,2,1.03125,121846.2755279541,48800,2,1.03125,199280.9588317871,48800,2,1.175,200543.88331604004,48800,2,1.175,197054.7235107422,48800,2,1.175,441717.8650970459,48800,2,1.175,189001.22373962402,48800,2,1.175,187999.28204345703,48800,2,1.175,182011.68493652344,48800,2,1.175,117139.3716430664,48800,2,1.03125,119217.60855102539,48800,2,1.03125,14494742.306060791,5402,5377,3070,5049,2479,2488,5047,400,400,2838,400,2707,2478,400,3076,400,2443,400,400,400,400,400,400,2632,400,2491,2485,4522,2497,2505,2518,2468,10.526315689086914,0,0,0,0,0,0,0,0,0,0,0,0,0,0,0,0,0,0,0,0,0,0,0,0,0,0,0,0,0,0,0,20475,15905,9115,44,0,20475,13200,12475,51,0,66718994432,8589930496,32288870400,524288
200,1791366210287,1129240.5669555664,48800,2,1.175,113954.24768066406,48800,2,1.10625,113006.95751953125,48800,2,1.10625,114486.84265136719,48800,2,1.10625,124986.89198303223,48800,2,1.10625,113384.33428955078,48800,2,1.10625,121846.2756652832,48800,2,0.93125,199280.96031188965,48800,2,1.175,200543.8839111328,3050,2,1.1125,197054.72407531738,3050,2,1.1125,441717.8657836914,3050,2,1.1125,189001.22430419922,3050,2,1.1125,187999.28262329102,3050,2,1.1125,182011.68550109863,3050,2,1.1125,117139.3717956543,48800,2,1.10625,119217.60885620117,48800,2,1.10625,14494752.115020752,5402,5377,3070,5049,2479,2488,5047,400,400,2838,400,2707,2478,400,3076,400,2443,400,400,400,400,400,400,2632,400,2491,2485,4522,2497,2505,2518,2468,18.18181800842285,0,0,0,0,0,0,0,0,0,0,0,0,0,0,0,0,0,0,0,0,0,0,0,0,0,0,0,0,0,0,0,20475,15905,9115,44,0,20475,13200,12475,51,0,66718994432,8589930496,32288870400,524288
200,1791366210488,1129240.6357421875,48800,2,1.1375,113954.24775695801,48800,2,1.14375,113006.9575958252,48800,2,0.93125,114486.84275817871,48800,2,0.93125,124986.89205932617,48800,2,0.93125,113384.33436584473,48800,2,0.93125,121846.27572631836,48800,2,0.93125,199280.96237182617,48800,2,1.1375,200543.88456726074,48800,2,1.1375,197054.72468566895,48800,2,1.1375,441717.8665008545,48800,2,1.1375,189001.22491455078,48800,2,1.1375,187999.28324890137,48800,2,1.1375,182011.68612670898,48800,2,1.1375,117139.37190246582,48800,2,1.14375,119217.60899353027,48800,2,1.14375,14494761.845657349,5402,5377,3070,5049,2479,2488,5047,400,400,2838,400,2707,2478,400,3076,400,2443,400,400,400,400,400,400,2632,400,2491,2485,4522,2497,2505,2518,2468,10.526315689086914,0,0,0,0,0,0,0,0,0,0,0,0,0,0,0,0,0,0,0,0,0,0,0,0,0,0,0,0,0,0,0,20475,15905,9115,44,0,20475,13200,12475,51,0,66718994432,8589930496,32286117888,524288
200,1791366210688,1129240.7021942139,48800,2,1.175,113954.24786376953,48800,2,1.0375,113006.95770263672,48800,2,1.0375,114486.84288024902,48800,2,1.0375,124986.89218139648,48800,2,1.0375,113384.33447265625,48800,2,1.0375,121846.27583312988,48800,2,1.0375,199280.96299743652,48800,2,1.175,200543.8851928711,48800,2,1.175,197054.72526550293,48800,2,1.175,441717.8672027588,48800,2,1.175,189001.22549438477,48800,2,1.175,187999.28382873535,48800,2,1.175,182011.68670654297,48800,2,1.175,117139.37200927734,48800,2,1.0375,119217.60926818848,48800,2,1.0375,14494771.590408325,5402,5377,3070,5049,2479,2488,5047,400,400,2838,400,2707,2478,400,3076,400,2443,400,400,400,400,400,400,2632,400,2491,2485,4522,2497,2505,2518,2468,15.000000953674316,0,0,0,0,0,0,0,0,0,0,0,0,0,0,0,0,0,0,0,0,0,0,0,0,0,0,0,0,0,0,0,20475,15905,9115,44,0,20475,13200,12450,51,0,66718994432,8589930496,32286117888,524288
200,1791366210888,1129240.772201538,48800,2,0.55625,113954.24794006348,48800,2,1.09375,113006.95777893066,48800,2,1.09375,114486.84297180176,48800,2,1.09375,124986.89228820801,48800,2,1.09375,113384.33456420898,48800,2,1.09375,121846.2759399414,48800,2,0.93125,199280.96459960938,3050,2,1.1,200543.88577270508,3050,2,1.1,197054.7258453369,3050,2,1.1,441717.86784362793,3050,2,1.1,189001.22607421875,3050,2,1.1,187999.28440856934,3050,2,1.1,182011.68728637695,3050,2,1.1,117139.37210083008,48800,2,1.09375,119217.60952758789,48800,2,1.09375,14494781.349609375,5402,5377,3070,5049,2479,2488,5047,400,400,2838,400,2707,2478,400,3076,400,2443,400,400,400,400,400,400,2632,400,2491,2485,4522,2497,2505,2518,2468,10,0,0,0,0,0,0,0,0,0,0,0,0,0,0,0,0,0,0,0,0,0,0,0,0,0,0,0,0,0,0,0,20475,15905,9078,44,0,20475,13200,12450,51,0,66718994432,8589930496,32286113792,524288
199,1791366211089,1129240.844467163,48800,2,1.00625,113954.24803161621,48800,2,1.0125000000000002,113006.95788574219,48800,2,0.93125,114486.84307861328,48800,2,0.93125,124986.89239501953,48800,2,0.93125,113384.33465576172,48800,2,0.93125,121846.27603149414,48800,2,0.93125,199280.9659729004,48800,2,1.00625,200543.88648986816,48800,2,1.00625,197054.7265472412,48800,2,1.00625,441717.8686218262,48800,2,1.00625,189001.22674560547,48800,2,1.00625,187999.28507995605,48800,2,1.00625,182011.68795776367,48800,2,1.00625,117139.37222290039,48800,2,1.0125000000000002,119217.6098022461,48800,2,1.0125000000000002,14494791.242340088,5402,5377,3070,5049,2479,2488,5047,400,400,2838,400,2707,2478,400,3076,400,2443,400,400,400,400,400,400,2632,400,2491,2485,4522,2497,2505,2518,2468,15.000000953674316,0,0,0,0,0,0,0,0,0,0,0,0,0,0,0,0,0,0,0,0,0,0,0,0,0,0,0,0,0,0,0,20475,15905,9078,44,0,20475,13200,12450,51,0,66718994432,8589930496,32286113792,524288
199,1791366211289,1129240.9128417969,48800,2,0.48750000000000004,113954.24812316895,48800,2,0.925,113006.95794677734,48800,2,0.925,114486.8431854248,48800,2,0.925,124986.89247131348,48800,2,0.925,113384.33473205566,48800,2,0.925,121846.2760925293,48800,2,0.925,199280.96659851074,48800,2,0.48750000000000004,200543.88708496094,48800,2,0.48750000000000004,197054.7271270752,48800,2,0.48750000000000004,441717.8692932129,48800,2,0.48750000000000004,189001.22732543945,48800,2,0.48750000000000004,187999.28565979004,48800,2,0.48750000000000004,182011.68853759766,48800,2,0.48750000000000004,117139.37232971191,48800,2,0.925,119217.61004638672,48800,2,0.925,14494800.959533691,5402,5377,3070,5049,2479,2488,5047,400,400,2838,400,2707,2478,400,3076,400,2443,400,400,400,400,400,400,2632,400,2491,2485,4522,2497,2505,2518,2468,10,0,0,0,0,0,0,0,0,0,0,0,0,0,0,0,0,0,0,0,0,0,0,0,0,0,0,0,0,0,0,0,20475,15905,9078,44,0,20475,13200,12450,51,0,66718994432,8589930496,32286113792,524288
199,1791366211489,1129240.9804534912,48800,2,0.59375,113954.24826049805,48800,2,0.93125,113006.95805358887,48800,2,0.93125,114486.8433227539,48800,2,0.93125,124986.89259338379,48800,2,0.93125,113384.33485412598,48800,2,0.93125,121846.27619934082,48800,2,0.93125,199280.96737670898,48800,2,0.59375,200543.88772583008,48800,2,0.59375,197054.72816467285,48800,2,0.59375,441717.8699951172,48800,2,0.59375,189001.22793579102,48800,2,0.59375,187999.2862701416,48800,2,0.59375,182011.68914794922,48800,2,0.59375,117139.3724822998,48800,2,0.93125,119217.61039733887,48800,2,0.93125,14494810.67124939,5402,5377,3070,5049,2479,2488,5047,400,400,2838,400,2707,2478,400,3076,400,2443,400,400,400,400,400,400,2632,400,2491,2485,4522,2497,2505,2518,2468,10.526315689086914,0,0,0,0,0,0,0,0,0,0,0,0,0,0,0,0,0,0,0,0,0,0,0,0,0,0,0,0,0,0,0,20475,15905,9078,44,0,20475,13200,12450,51,0,66718994432,8589930496,32274620416,524288
199,1791366211689,1129241.014328003,3050,2,0.9375,113954.24836730957,48800,2,0.925,113006.95816040039,48800,2,0.925,114486.84344482422,48800,2,0.925,124986.8927154541,48800,2,0.925,113384.3349609375,48800,2,0.925,121846.27632141113,48800,2,0.925,199280.97012329102,3050,2,0.9375,200543.8884124756,3050,2,0.9375,197054.75343322754,3050,2,0.9375,441717.8924102783,3050,0,0.9375,189001.22860717773,3050,2,0.9375,187999.28694152832,3050,2,0.5875,182011.68981933594,3050,2,0.5875,117139.37260437012,48800,2,0.925,119217.61070251465,48800,2,0.925,14494820.429992676,5402,5377,3070,5049,2479,2488,5047,400,400,2838,400,2707,2478,400,3076,400,2443,400,400,400,400,400,400,2632,400,2491,2485,4522,2497,2505,2518,2468,5,0,0,0,0,0,0,0,0,0,0,0,0,0,0,0,0,0,0,0,0,0,0,5,0,0,4.761904716491699,0,0,0,0,0,20475,15905,9078,44,0,20475,13200,12455,51,0,66718994432,8589930496,32269160448,524288
200,1791366211889,1129241.0164642334,48800,2,1.1375,113954.2484588623,48800,2,0.93125,113006.95823669434,48800,2,0.93125,114486.84355163574,48800,2,0.93125,124986.89280700684,48800,2,0.93125,113384.33503723145,48800,2,0.93125,121846.27641296387,48800,2,0.93125,199280.9708251953,48800,2,1.1375,200543.88920593262,48800,2,1.1375,197054.75413513184,48800,2,1.1375,441717.96075439453,48800,2,1.1375,189001.22930908203,48800,2,1.1375,187999.2876586914,48800,2,1.1375,182011.69052124023,48800,2,1.1375,117139.37269592285,48800,2,0.93125,119217.6109161377,48800,2,0.93125,14494830.266571045,5402,5377,3070,5049,2479,2488,5047,400,400,2838,400,2707,2478,400,3076,400,2443,400,400,400,400,400,400,2632,400,2491,2485,4522,2497,2505,2518,2468,0,0,0,0,0,0,0,0,0,0,0,0,0,0,0,0,0,0,0,0,0,0,0,0,0,0,10.526315689086914,0,0,0,0,0,20475,15905,9040,44,0,20475,13200,12455,51,0,66718994432,8589930496,32286339072,524288
199,1791366212089,1129241.0181274414,48800,2,1.05,113954.24856567383,48800,2,1.0875,113006.95831298828,48800,2,1.0875,114486.84365844727,48800,2,1.0875,124986.89289855957,48800,2,1.0875,113384.33514404297,48800,2,1.0875,121846.2765045166,48800,2,1.0875,199280.9713897705,48800,2,1.05,200543.88975524902,48800,2,1.05,197054.75471496582,3050,2,1.08125,441718.0266265869,3050,2,1.08125,189001.22985839844,3050,2,1.08125,187999.2882080078,3050,2,1.08125,182011.69107055664,3050,2,1.08125,117139.37280273438,48800,2,1.0875,119217.61103820801,48800,2,1.0875,14494839.956466675,5402,5377,3070,5049,2479,2488,5047,400,400,2838,400,2707,2478,400,3076,400,2443,400,400,400,400,400,400,2632,400,2491,2485,4522,2497,2505,2518,2468,4.761904716491699,0,0,0,0,0,0,0,0,0,0,0,0,0,0,0,0,0,0,0,0,0,0,0,0,0,15.000000953674316,0,0,0,0,0,20475,15905,9040,44,0,20475,13200,12455,51,0,66718994432,8589930496,32286339072,524288
200,1791366212290,1129241.0862121582,48800,2,1.1125,113954.24870300293,16133.333333333334,2,0.63125,113006.9584197998,16133.333333333334,2,0.63125,114486.84379577637,16133.333333333334,2,0.63125,124986.8930053711,16133.333333333334,2,0.63125,113384.33529663086,16133.333333333334,2,0.63125,121846.27661132813,48800,2,0.41874999999999996,199280.9726409912,3050,2,0.91875,200543.8903503418,3050,2,0.91875,197054.7553100586,3050,2,0.91875,441718.0273284912,3050,2,0.91875,189001.23043823242,3050,2,0.91875,187999.2887878418,3050,2,0.91875,182011.69165039063,3050,2,0.91875,117139.37294006348,16133.333333333334,2,0.63125,119217.61123657227,16133.333333333334,0,0.63125,14494849.693389893,5402,5377,3070,5049,2479,2488,5047,400,400,2838,400,2707,2478,400,3076,400,2443,400,400,400,400,400,400,2632,400,2491,2485,4522,2497,2505,2518,2468,14.285715103149414,0,0,0,0,0,0,0,0,0,0,0,0,0,0,0,0,0,0,0,0,0,0,0,0,0,0,0,0,0,0,0,20475,15905,9040,44,0,20475,13200,12455,51,0,66718994432,8589930496,32302592000,524288
200,1791366212490,1129241.1560058594,48800,2,1.05,113954.24882507324,48800,2,0.94375,113006.95852661133,48800,2,0.94375,114486.84391784668,48800,2,0.94375,124986.89311218262,48800,2,0.94375,113384.33540344238,48800,2,0.94375,121846.27671813965,48800,2,0.94375,199280.9739227295,48800,2,1.05,200543.89097595215,48800,2,1.05,197054.75595092773,48800,2,1.05,441718.02827453613,48800,2,1.05,189001.23106384277,48800,2,1.05,187999.28942871094,48800,2,1.05,182011.69227600098,48800,2,1.05,117139.37306213379,48800,2,1.05625,119217.61149597168,48800,2,1.05625,14494859.316421509,5402,5377,3070,5049,2479,2488,5047,400,400,2838,400,2707,2478,400,3076,400,2443,400,400,400,400,400,400,2632,400,2491,2485,4522,2497,2505,2518,2468,10.526315689086914,0,0,0,0,0,0,0,0,0,0,0,0,0,0,0,0,0,0,0,0,0,0,0,0,0,0,0,0,0,0,0,20475,15905,9040,44,0,20475,13200,12455,51,0,66718994432,8589930496,32300486656,524288
200,1791366212690,1129241.2225494385,48800,2,1.16875,113954.24897766113,48800,2,1.16875,113006.95863342285,48800,2,1.16875,114486.84405517578,16133.333333333334,2,1.025,124986.89321899414,16133.333333333334,2,1.025,113384.3355102539,16133.333333333334,2,1.025,121846.27687072754,16133.333333333334,2,1.025,199280.97465515137,48800,2,1.16875,200543.89154052734,48800,2,1.16875,197054.7565765381,48800,2,1.16875,441718.02920532227,48800,2,1.16875,189001.23162841797,48800,2,1.16875,187999.28999328613,48800,2,1.16875,182011.69284057617,48800,2,1.16875,117139.37319946289,48800,2,1.16875,119217.61178588867,48800,2,1.16875,14494868.972198486,5402,5377,3070,5049,2479,2488,5047,400,400,2838,400,2707,2478,400,3076,400,2443,400,400,400,400,400,400,2632,400,2491,2485,4522,2497,2505,2518,2468,14.285715103149414,0,0,0,0,0,0,0,0,0,0,0,0,0,0,0,0,0,0,0,0,0,0,0,0,0,0,0,0,0,0,0,20475,15905,9040,44,0,20475,13200,12461,51,0,66718994432,8589930496,32300482560,524288
200,1791366212890,1129241.2922210693,48800,2,1.16875,113954.24911499023,48800,2,1.1125,113006.95874023438,48800,2,1.1125,114486.8441772461,48800,2,1.1125,124986.89332580566,48800,2,1.1125,113384.33561706543,48800,2,1.1125,121846.27699279785,48800,2,1.1125,199280.97608947754,48800,2,1.16875,200543.89212036133,48800,2,1.16875,197054.75720214844,3050,2,1.09375,441718.03102111816,3050,2,1.09375,189001.23220825195,3050,2,1.09375,187999.29057312012,3050,2,1.09375,182011.69342041016,3050,2,1.09375,117139.37333679199,48800,2,1.1125,119217.61199951172,48800,2,1.1125,14494878.640670776,5402,5377,3070,5049,2479,2488,5047,400,400,2838,400,2707,2478,400,3076,400,2443,400,400,400,400,400,400,2632,400,2491,2485,4522,2497,2505,2518,2468,10.526315689086914,0,0,0,0,0,0,0,0,0,0,0,0,0,0,0,0,0,0,0,0,0,0,0,0,0,0,0,0,0,0,0,20475,15905,9050,44,0,20475,13200,12461,51,0,66718994432,8589930496,32300482560,524288
200,1791366213091,1129241.3593292236,48800,2,1.13125,113954.24931335449,48800,2,1.13125,113006.95892333984,48800,2,1.13125,114486.84443664551,48800,2,1.13125,124986.89356994629,48800,2,1.13125,113384.3358001709,48800,2,1.13125,121846.27717590332,48800,2,1.13125,199280.9776611328,48800,2,1.13125,200543.89277648926,48800,2,1.13125,197054.7580718994,48800,2,1.13125,441718.031829834,48800,2,1.13125,189001.2328338623,48800,2,1.13125,187999.29135131836,48800,2,1.13125,182011.6940765381,48800,2,1.13125,117139.3735961914,48800,2,1.13125,119217.61253356934,48800,2,1.13125,14494888.39277649,5402,5377,3070,5049,2479,2488,5047,400,400,2838,400,2707,2478,400,3076,400,2443,400,400,400,400,400,400,2632,400,2491,2485,4522,2497,2505,2518,2468,10,0,0,0,0,0,0,0,0,0,0,0,0,0,0,0,0,0,0,0,0,0,0,0,0,0,0,0,0,0,0,0,20475,15905,9050,44,0,20475,13200,12461,51,0,66718994432,8589930496,32298647552,524288
200,1791366213291,1129241.4260253906,48800,2,1.16875,113954.24946594238,48800,2,1.0375,113006.95906066895,48800,2,1.0375,114486.8445892334,48800,2,1.0375,124986.89370727539,48800,2,1.0375,113384.33595275879,48800,2,1.0375,121846.27731323242,48800,2,1.0375,199280.97862243652,48800,2,1.16875,200543.8934020996,48800,2,1.16875,197054.75874328613,48800,2,1.16875,441718.0328979492,48800,2,1.16875,189001.23344421387,48800,2,1.16875,187999.2919921875,48800,2,1.16875,182011.69470214844,48800,2,1.0437500000000002,117139.37377929688,48800,2,1.0375,119217.61323547363,48800,2,1.0375,14494898.163467407,5402,5377,3070,5049,2479,2488,5047,400,400,2838,400,2707,2478,400,3076,400,2443,400,400,400,400,400,400,2632,400,2491,2485,4522,2497,2505,2518,2468,15.000000953674316,0,0,0,0,0,0,0,0,0,0,0,0,0,0,0,0,0,0,0,0,0,0,0,0,0,0,0,0,0,0,0,20475,15905,9050,44,0,20475,13200,12461,51,0,66718994432,8589930496,32298647552,524288
200,1791366213492,1129241.4941711426,48800,2,1.16875,113954.24960327148,48800,2,1.1125,113006.95918273926,48800,2,1.1125,114486.84474182129,48800,2,1.1125,124986.89384460449,48800,2,1.1125,113384.33609008789,48800,2,1.1125,121846.27743530273,48800,2,1.1125,199280.980758667,3050,2,1.1125,200543.89590454102,3050,2,1.1125,197054.75985717773,3050,2,1.1125,441718.03408813477,3050,2,1.1125,189001.234085083,3050,2,1.1125,187999.292678833,3050,2,1.1125,182011.69534301758,3050,2,1.1125,117139.37400817871,48800,2,1.1125,119217.61373901367,48800,2,1.1125,14494908.03767395,5402,5377,3070,5049,2479,2488,5047,400,400,2838,400,2707,2478,400,3076,400,2443,400,400,400,400,400,400,2632,400,2491,2485,4522,2497,2505,2518,2468,10,0,0,0,0,0,0,0,0,0,0,0,0,0,0,0,0,0,0,0,0,0,0,0,0,0,0,0,0,0,0,0,20475,15905,9050,44,0,20475,13200,12461,51,0,66718994432,8589930496,32297218048,524288
200,1791366213692,1129241.5592956543,48800,2,1.1375,113954.24974060059,48800,2,1.14375,113006.95930480957,48800,2,1.14375,114486.84487915039,48800,2,1.14375,124986.8939666748,48800,2,0.925,113384.3362121582,48800,2,0.925,121846.27755737305,48800,2,0.925,199280.982421875,48800,2,1.1375,200543.8964691162,48800,2,1.1375,197054.7604522705,48800,2,1.1375,441718.0359802246,48800,2,1.1375,189001.2346343994,48800,2,1.1375,187999.2932434082,48800,2,1.1375,182011.69589233398,48800,2,1.1375,117139.3742980957,48800,2,1.14375,119217.61442565918,48800,2,1.14375,14494917.642562866,5402,5377,3070,5049,2479,2488,5047,400,400,2838,400,2707,2478,400,3076,400,2443,400,400,400,400,400,400,2632,400,2491,2485,4522,2497,2505,2518,2468,15.000000953674316,0,0,0,0,0,0,0,0,0,0,0,0,0,0,0,0,0,0,0,0,0,0,0,0,0,0,0,0,0,0,0,20475,15905,9050,44,0,20475,13200,12475,51,0,66718994432,8589930496,32297213952,524288
200,1791366213892,1129241.6263885498,48800,2,1.16875,113954.24998474121,48800,2,1.0375,113006.95950317383,48800,2,1.0375,114486.84512329102,48800,2,1.0375,124986.89418029785,48800,2,1.0375,113384.33644104004,48800,2,1.0375,121846.27778625488,48800,2,1.0375,199280.9835510254,48800,2,1.16875,200543.8971862793,48800,2,1.16875,197054.7611694336,48800,2,1.16875,441718.0368499756,48800,2,1.16875,189001.23529052734,48800,2,1.16875,187999.2940826416,48800,2,1.16875,182011.69674682617,48800,2,1.16875,117139.37460327148,48800,2,1.0375,119217.61518859863,48800,2,1.0375,14494927.318786621,5402,5377,3070,5049,2479,2488,5047,400,400,2838,400,2707,2478,400,3076,400,2443,400,400,400,400,400,400,2632,400,2491,2485,4522,2497,2505,2518,2468,10.526315689086914,0,0,0,0,0,0,0,0,0,0,0,0,0,0,0,0,0,0,0,0,0,0,0,0,0,0,0,0,0,0,0,20475,15905,9053,44,0,20475,13200,12475,51,0,66718994432,8589930496,32297213952,524288
200,1791366214093,1129241.6945648193,48800,2,1.16875,113954.25012207031,48800,2,1.1,113006.95959472656,48800,2,1.1,114486.84524536133,48800,2,1.1,124986.89428710938,48800,2,1.1,113384.33654785156,48800,2,1.1,121846.2778930664,48800,2,0.93125,199280.98500061035,3050,2,1.11875,200543.89779663086,3050,2,1.11875,197054.76181030273,3050,2,1.11875,441718.03840637207,3050,2,1.11875,189001.23585510254,3050,2,1.11875,187999.2946624756,3050,2,1.11875,182011.69731140137,3050,2,1.11875,117139.37471008301,48800,2,1.1,119217.61534118652,48800,2,1.1,14494936.984069824,5402,5377,3070,5049,2479,2488,5047,400,400,2838,400,2707,2478,400,3076,400,2443,400,400,400,400,400,400,2632,400,2491,2485,4522,2497,2505,2518,2468,10,0,0,0,0,0,0,0,0,0,0,0,0,0,0,0,0,0,0,0,0,0,0,0,0,0,0,0,0,0,0,0,20475,15905,9053,44,0,20475,13200,12475,51,0,66718994432,8589930496,32297213952,524288
200,1791366214293,1129241.7636260986,48800,2,1.1375,113954.25024414063,48800,2,1.1375,113006.95970153809,48800,2,0.93125,114486.84536743164,48800,2,0.93125,124986.8943939209,48800,2,0.93125,113384.33666992188,48800,2,0.93125,121846.27799987793,48800,2,0.93125,199280.9862060547,48800,2,1.1375,200543.89837646484,48800,2,1.1375,197054.7624359131,48800,2,1.1375,441718.0390930176,48800,2,1.1375,189001.23641967773,48800,2,1.1375,187999.29524230957,48800,2,1.1375,182011.69789123535,48800,2,1.1375,117139.37495422363,48800,2,1.1375,119217.61599731445,48800,2,1.1375,14494946.702194214,5402,5377,3070,5049,2479,2488,5047,400,400,2838,400,2707,2478,400,3076,400,2443,400,400,400,400,400,400,2632,400,2491,2485,4522,2497,2505,2518,2468,15.000000953674316,0,0,0,0,0,0,0,0,0,0,0,0,0,0,0,0,0,0,0,0,0,0,0,0,0,0,0,0,0,0,0,20475,15905,9053,44,0,20475,13200,12475,51,0,66718994432,8589930496,32294948864,524288
200,1791366214493,1129241.8287963867,48800,2,1.16875,113954.25036621094,48800,2,1.0375,113006.95977783203,48800,2,1.0375,114486.84548950195,48800,2,1.0375,124986.89448547363,48800,2,1.0375,113384.3367767334,48800,2,1.0375,121846.27807617188,48800,2,1.0375,199280.98693847656,48800,2,1.16875,200543.89895629883,48800,2,1.16875,197054.76306152344,48800,2,1.16875,441718.0397338867,48800,2,1.16875,189001.23698425293,48800,2,1.16875,187999.29580688477,48800,2,1.16875,182011.69845581055,48800,2,1.16875,117139.37515258789,48800,2,1.0375,119217.61668395996,48800,2,1.0375,14494956.273422241,5402,5377,3070,5049,2479,2488,5047,400,400,2838,400,2707,2478,400,3076,400,2443,400,400,400,400,400,400,2632,400,2491,2485,4522,2497,2505,2518,2468,14.285715103149414,0,0,0,0,0,0,0,0,0,0,0,0,0,0,0,0,0,0,0,0,0,0,0,0,0,0,0,0,0,0,0,20475,15905,9053,44,0,20475,13200,12475,51,0,66718994432,8589930496,32294944768,524288
200,1791366214694,1129241.8976898193,48800,2,1.16875,113954.25050354004,48800,2,1.11875,113006.95988464355,48800,2,1.11875,114486.84564208984,48800,2,1.11875,124986.89460754395,48800,2,1.11875,113384.33689880371,48800,2,1.11875,121846.27819824219,48800,2,0.93125,199280.98837280273,3050,2,1.1,200543.89952087402,3050,2,1.1,197054.76364135742,3050,2,1.1,441718.0404205322,3050,2,1.1,189001.23751831055,3050,2,1.1,187999.29635620117,3050,2,1.1,182011.69898986816,3050,2,1.1,117139.37582397461,48800,2,1.11875,119217.61798095703,48800,2,1.11875,14494965.942138672,5402,5377,3070,5049,2479,2488,5047,400,400,2838,400,2707,2478,400,3076,400,2443,400,400,400,400,400,400,2632,400,2491,2485,4522,2497,2505,2518,2468,15.000000953674316,0,0,0,0,0,0,0,0,0,0,0,0,0,0,0,0,0,0,0,0,0,0,0,0,0,0,0,0,0,0,0,20475,15905,9053,44,0,20475,13200,12471,50,0,66718994432,8589930496,32294944768,524288
200,1791366214894,1129241.9642333984,48800,2,1.16875,113954.25061035156,48800,2,0.94375,113006.95994567871,48800,2,0.94375,114486.84573364258,48800,2,0.94375,124986.8946685791,48800,2,0.94375,113384.33695983887,48800,2,0.94375,121846.27827453613,48800,2,0.94375,199280.98986816406,48800,2,1.16875,200543.900100708,48800,2,1.16875,197054.76420593262,48800,2,1.16875,441718.04110717773,48800,2,1.16875,189001.23806762695,48800,2,1.16875,187999.29693603516,48800,2,1.16875,182011.69955444336,48800,2,1.16875,117139.37600708008,48800,2,1.16875,119217.61854553223,48800,2,1.16875,14494975.534683228,5402,5377,3070,5049,2479,2488,5047,400,400,2838,400,2707,2478,400,3076,400,2443,400,400,400,400,400,400,2632,400,2491,2485,4522,2497,2505,2518,2468,10,0,0,0,0,0,0,0,0,0,0,0,0,0,0,0,0,0,0,0,0,0,0,0,0,0,0,0,0,0,0,0,20475,15905,9026,44,0,20475,13200,12471,50,0,66718994432,8589930496,32294944768,524288
200,1791366215094,1129242.0304718018,48800,2,1.16875,113954.25074768066,48800,2,1.0375,113006.96005249023,48800,2,1.0375,114486.84587097168,48800,2,1.0375,124986.89476013184,48800,2,1.0375,113384.33708190918,48800,2,1.0375,121846.27836608887,48800,2,1.0375,199280.99096679688,48800,2,1.16875,200543.90071105957,48800,2,1.16875,197054.76484680176,48800,2,1.16875,441718.04190063477,48800,2,1.16875,189001.23864746094,48800,2,1.16875,187999.29751586914,48800,2,1.16875,182011.70013427734,48800,2,1.16875,117139.37660217285,48800,2,1.0375,119217.61917114258,48800,2,1.0375,14494985.249420166,5402,5377,3070,5049,2479,2488,5047,400,400,2838,400,2707,2478,400,3076,400,2443,400,400,400,400,400,400,2632,400,2491,2485,4522,2497,2505,2518,2468,10.526315689086914,0,0,0,0,0,0,0,0,0,0,0,0,0,0,0,0,0,0,0,0,0,0,0,0,0,0,0,0,0,0,0,20475,15905,9026,44,0,20475,13200,12471,50,0,66718994432,8589930496,32294944768,524288
200,1791366215295,1129242.096572876,3050,2,0.96875,113954.25086975098,48800,2,0.9875,113006.96015930176,48800,2,0.9875,114486.84600830078,48800,2,0.93125,124986.89488220215,48800,2,0.93125,113384.33720397949,48800,2,0.93125,121846.27848815918,48800,2,0.93125,199280.99214172363,3050,2,0.96875,200543.90130615234,3050,2,0.96875,197054.76539611816,3050,2,0.96875,441718.04260253906,3050,2,0.96875,189001.23919677734,3050,2,0.96875,187999.29808044434,3050,2,0.96875,182011.70066833496,3050,2,0.96875,117139.37678527832,48800,2,0.9875,119217.61940002441,48800,2,0.9875,14494994.926132202,5402,5377,3070,5049,2479,2488,5047,400,400,2838,400,2707,2478,400,3076,400,2443,400,400,400,400,400,400,2632,400,2491,2485,4522,2497,2505,2518,2468,14.285715103149414,0,0,0,0,0,0,0,0,0,0,0,0,0,0,0,0,0,0,0,0,0,0,0,0,0,0,0,0,0,0,0,20475,15905,9026,44,0,20475,13200,12471,50,0,66718994432,8589930496,32292962304,524288
200,1791366215495,1129242.1639556885,48800,2,1.16875,113954.25091552734,48800,2,0.96875,113006.96020507813,48800,2,0.96875,114486.84605407715,48800,2,0.96875,124986.89492797852,48800,2,0.96875,113384.33724975586,48800,2,0.96875,121846.27853393555,48800,2,0.96875,199280.99333190918,48800,2,1.16875,200543.90190124512,48800,2,1.16875,197054.76599121094,48800,2,1.16875,441718.0433807373,48800,2,1.16875,189001.23976135254,48800,2,1.16875,187999.29866027832,48800,2,1.16875,182011.70123291016,48800,2,1.16875,117139.37727355957,48800,2,0.96875,119217.61987304688,48800,2,0.96875,14495004.523651123,5402,5377,3070,5049,2479,2488,5047,400,400,2838,400,2707,2478,400,3076,400,2443,400,400,400,400,400,400,2632,400,2491,2485,4522,2497,2505,2518,2468,10.526315689086914,0,0,0,0,0,0,0,0,0,0,0,0,0,0,0,0,0,0,0,0,0,0,0,0,0,0,0,0,0,0,0,20475,15905,9026,44,0,20475,13200,12471,50,0,66718994432,8589930496,32292958208,524288
200,1791366215695,1129242.2284088135,48800,2,1.16875,113954.25103759766,48800,2,1.05,113006.96031188965,48800,2,1.05,114486.84620666504,48800,2,1.05,124986.89503479004,48800,2,1.05,113384.33735656738,48800,2,1.05,121846.27864074707,48800,2,1.05,199280.99407958984,48800,2,1.16875,200543.9024963379,48800,2,1.16875,197054.76657104492,48800,2,1.16875,441718.0440826416,48800,2,1.16875,189001.24034118652,48800,2,1.16875,187999.2992553711,48800,2,1.16875,182011.70181274414,3050,2,1.0437500000000002,117139.37741088867,48800,2,1.05,119217.62045288086,48800,2,1.05,14495014.153060913,5402,5377,3070,5049,2479,2488,5047,400,400,2838,400,2707,2478,400,3076,400,2443,400,400,400,400,400,400,2632,400,2491,2485,4522,2497,2505,2518,2468,14.285715103149414,0,0,0,0,0,0,0,0,0,0,0,0,0,0,0,0,0,0,0,0,0,0,0,0,0,0,0,0,0,0,0,20475,15905,9026,44,0,20475,13200,12483,50,0,66718994432,8589930496,32292958208,524288
200,1791366215896,1129242.296447754,48800,2,1.13125,113954.25117492676,48800,2,1.1375,113006.96043395996,48800,2,1.1375,114486.84637451172,48800,2,1.1375,124986.89515686035,48800,2,1.1375,113384.3374786377,48800,2,1.1375,121846.27877807617,48800,2,0.93125,199280.9956817627,48800,2,1.13125,200543.9030609131,48800,2,1.13125,197054.76710510254,48800,2,1.13125,441718.04499816895,48800,2,1.13125,189001.24090576172,48800,2,1.13125,187999.2998199463,48800,2,1.13125,182011.70234680176,48800,2,1.13125,117139.37756347656,48800,2,1.1375,119217.6209564209,48800,2,1.1375,14495023.712661743,5402,5377,3070,5049,2479,2488,5047,400,400,2838,400,2707,2478,400,3076,400,2443,400,400,400,400,400,400,2632,400,2491,2485,4522,2497,2505,2518,2468,10.526315689086914,0,0,0,0,0,0,0,0,0,0,0,0,0,0,0,0,0,0,0,0,0,0,0,0,0,0,0,0,0,0,0,20475,15905,9014,44,0,20475,13200,12483,50,0,66718994432,8589930496,32292958208,524288
200,1791366216096,1129242.3632202148,48800,2,1.16875,113954.25134277344,48800,2,0.9625,113006.96057128906,48800,2,0.9625,114486.84655761719,48800,2,0.9625,124986.89529418945,48800,2,0.9625,113384.3376159668,48800,2,0.9625,121846.27891540527,48800,2,0.9625,199280.99697875977,48800,2,1.16875,200543.90370178223,48800,2,1.16875,197054.76774597168,48800,2,1.16875,441718.045791626,48800,2,1.16875,189001.2415008545,48800,2,1.16875,187999.30046081543,48800,2,1.16875,182011.70295715332,48800,2,1.16875,117139.37773132324,48800,2,1.16875,119217.62159729004,48800,2,0.9625,14495033.30039978,5402,5377,3070,5049,2479,2488,5047,400,400,2838,400,2707,2478,400,3076,400,2443,400,400,400,400,400,400,2632,400,2491,2485,4522,2497,2505,2518,2468,15.000000953674316,0,0,0,0,0,0,0,0,0,0,0,0,0,0,0,0,0,0,0,0,0,0,0,0,0,0,0,0,0,0,0,20475,15905,9014,44,0,20475,13200,12483,50,0,66718994432,8589930496,32292958208,524288
200,1791366216296,1129242.4279632568,48800,2,1.175,113954.2515258789,48800,2,1.0375,113006.96072387695,48800,2,1.0375,114486.84675598145,48800,2,1.0375,124986.89544677734,48800,2,1.0375,113384.33776855469,48800,2,1.0375,121846.27906799316,48800,2,1.0375,199280.99771118164,48800,2,1.175,200543.90426635742,48800,2,1.175,197054.7682800293,48800,2,1.175,441718.04650878906,48800,2,1.175,189001.2420349121,48800,2,1.175,187999.30101013184,48800,2,1.175,182011.70349121094,48800,2,1.175,117139.37791442871,48800,2,1.0375,119217.62278747559,48800,2,1.0375,14495042.968383789,5402,5377,3070,5049,2479,2488,5047,400,400,2838,400,2707,2478,400,3076,400,2443,400,400,400,400,400,400,2632,400,2491,2485,4522,2497,2505,2518,2468,14.285715103149414,0,0,0,0,0,0,0,0,0,0,0,0,0,0,0,0,0,0,0,0,0,0,0,0,0,0,0,0,0,0,0,20475,15905,9014,44,0,20475,13200,12483,50,0,66718994432,8589930496,32292954112,524288
200,1791366216497,1129242.4957580566,48800,2,1.13125,113954.25164794922,48800,2,1.1125,113006.96083068848,48800,2,1.1125,114486.84690856934,48800,2,1.1125,124986.89556884766,48800,2,1.1125,113384.337890625,48800,2,1.1125,121846.27919006348,48800,2,0.925,199281.0001525879,3050,2,1.13125,200543.9048614502,3050,2,1.13125,197054.76889038086,3050,2,1.13125,441718.0473022461,3050,2,1.13125,189001.2425994873,3050,2,1.13125,187999.3016052246,3050,2,1.13125,182011.70405578613,3050,2,1.13125,117139.37805175781,48800,2,1.1125,119217.62313842773,48800,2,1.1125,14495052.599212646,5402,5377,3070,5049,2479,2488,5047,400,400,2838,400,2707,2478,400,3076,400,2443,400,400,400,400,400,400,2632,400,2491,2485,4522,2497,2505,2518,2468,15.000000953674316,0,0,0,0,0,0,0,0,0,0,0,0,0,0,0,0,0,0,0,0,0,0,0,0,0,0,0,0,0,0,4.761904716491699,20475,15905,9014,44,0,20475,13200,12483,50,0,66718994432,8589930496,32291217408,524288
200,1791366216697,1129242.5655670166,48800,2,1.175,113954.25180053711,48800,2,0.95625,113006.96096801758,48800,2,0.95625,114486.8470916748,48800,2,0.95625,124986.89570617676,48800,2,0.95625,113384.3380279541,48800,2,0.95625,121846.27932739258,48800,2,0.95625,199281.0019378662,48800,2,1.175,200543.90545654297,48800,2,1.175,197054.76948547363,48800,2,1.175,441718.04808044434,48800,2,1.175,189001.24319458008,48800,2,1.175,187999.30221557617,48800,2,1.175,182011.7046508789,48800,2,1.175,117139.37821960449,48800,2,1.175,119217.62356567383,48800,2,1.175,14495062.266418457,5402,5377,3070,5049,2479,2488,5047,400,400,2838,400,2707,2478,400,3076,400,2443,400,400,400,400,400,400,2632,400,2491,2485,4522,2497,2505,2518,2468,10,0,0,0,0,0,0,0,0,0,0,0,0,0,0,0,0,0,0,0,0,0,0,0,0,0,0,0,0,0,0,0,20475,15905,9014,44,0,20475,13200,12508,50,0,66718994432,8589930496,32291217408,524288
199,1791366216897,1129242.630142212,48800,2,1.16875,113954.25190734863,48800,2,1.03125,113006.96104431152,48800,2,1.03125,114486.84719848633,48800,2,1.03125,124986.8957824707,48800,2,1.03125,113384.33810424805,48800,2,1.03125,121846.27941894531,48800,2,1.03125,199281.00268554688,48800,2,1.16875,200543.90602111816,48800,2,1.16875,197054.77003479004,48800,2,1.16875,441718.04878234863,48800,2,1.16875,189001.24374389648,48800,2,1.16875,187999.30276489258,48800,2,1.16875,182011.7052001953,48800,2,1.16875,117139.3783416748,48800,2,1.03125,119217.62390136719,48800,2,1.03125,14495071.917404175,5402,5377,3070,5049,2479,2488,5047,400,400,2838,400,2707,2478,400,3076,400,2443,400,400,400,400,400,400,2632,400,2491,2485,4522,2497,2505,2518,2468,10.526315689086914,0,0,0,0,0,0,0,0,0,0,0,0,0,0,0,0,0,0,0,0,0,0,0,0,0,0,0,0,0,0,0,20475,15905,9048,44,0,20475,13200,12508,50,0,66718994432,8589930496,32291217408,524288
199,1791366217097,1129242.6989746094,48800,2,1.03125,113954.25204467773,48800,2,0.95625,113006.96116638184,48800,2,0.95625,114486.84735107422,48800,2,0.95625,124986.8959197998,48800,2,0.95625,113384.33824157715,48800,2,0.95625,121846.27955627441,48800,2,0.95625,199281.00415039063,48800,2,1.03125,200543.9066619873,48800,2,1.03125,197054.77067565918,48800,2,1.03125,441718.0495452881,48800,2,1.03125,189001.24435424805,48800,2,1.03125,187999.30337524414,48800,2,1.03125,182011.70581054688,48800,2,0.94375,117139.37850952148,48800,2,0.95625,119217.62414550781,48800,2,0.95625,14495081.592819214,5402,5377,3070,5049,2479,2488,5047,400,400,2838,400,2707,2478,400,3076,400,2443,400,400,400,400,400,400,2632,400,2491,2485,4522,2497,2505,2518,2468,14.285715103149414,0,0,0,0,0,0,0,0,0,0,0,0,0,0,0,0,0,0,0,0,0,0,0,0,0,0,0,0,0,0,0,20475,15905,9048,44,0,20475,13200,12508,50,0,66718994432,8589930496,32291217408,524288
200,1791366217297,1129242.8328399658,48800,2,1.16875,113954.25216674805,48800,2,1.0125000000000002,113006.96128845215,48800,2,1.0125000000000002,114486.84750366211,48800,2,1.0125000000000002,124986.89604187012,48800,2,1.0125000000000002,113384.33836364746,48800,2,1.0125000000000002,121846.27967834473,48800,2,1.0125000000000002,199281.00579833984,48800,2,1.16875,200543.9074859619,48800,2,1.16875,197054.7714691162,48800,2,1.16875,441718.05056762695,48800,2,1.16875,189001.2451324463,48800,2,1.16875,187999.30418395996,3050,2,1.0125000000000002,182011.70657348633,3050,2,1.0125000000000002,117139.37864685059,48800,2,1.0125000000000002,119217.62448120117,48800,2,1.0125000000000002,14495091.528884888,5402,5377,3070,5049,2479,2488,5047,400,400,2838,400,2707,2478,400,3076,400,2443,400,400,400,400,400,400,2632,400,2491,2485,4522,2497,2505,2518,2468,15.000000953674316,0,0,0,0,0,0,0,0,0,0,0,0,0,0,0,0,0,0,0,0,0,0,0,0,0,0,0,0,0,0,0,20475,15905,9048,44,0,20475,13200,12508,50,0,66718994432,8589930496,32284102656,524288
199,1791366217498,1129242.9242095947,48800,2,1.13125,113954.25234985352,48800,2,1.1375,113006.96144104004,48800,2,1.1375,114486.84767150879,48800,2,1.1375,124986.89619445801,48800,2,1.1375,113384.33851623535,48800,2,1.1375,121846.27983093262,48800,2,0.93125,199281.00714111328,48800,2,1.13125,200543.908203125,48800,2,1.13125,197054.77421569824,48800,2,1.13125,441718.05142211914,48800,2,1.13125,189001.24584960938,48800,2,1.13125,187999.30490112305,48800,2,1.13125,182011.7072906494,48800,2,1.13125,117139.37881469727,48800,2,1.1375,119217.62562561035,48800,2,1.1375,14495101.28817749,5402,5377,3070,5049,2479,2488,5047,400,400,2838,400,2707,2478,400,3076,400,2443,400,400,400,400,400,400,2632,400,2491,2485,4522,2497,2505,2518,2468,10.526315689086914,0,0,0,0,0,0,0,0,0,0,0,0,0,0,0,0,0,0,0,0,0,0,0,0,0,0,0,0,0,0,0,20475,15905,9048,44,0,20475,13200,12508,50,0,66718994432,8589930496,32286515200,524288
200,1791366217698,1129242.9873809814,48800,2,0.91875,113954.25273132324,16133.333333333334,2,0.4125000000000001,113006.96159362793,16133.333333333334,2,0.4125000000000001,114486.84785461426,16133.333333333334,2,0.4125000000000001,124986.8963470459,16133.333333333334,2,0.4125000000000001,113384.33866882324,48800,2,0.4125000000000001,121846.27998352051,48800,2,0.4125000000000001,199281.0078125,48800,2,0.91875,200543.90873718262,48800,2,0.91875,197054.77474975586,48800,2,0.91875,441718.0521392822,48800,2,0.91875,189001.246383667,48800,2,0.91875,187999.30543518066,48800,2,0.91875,182011.70782470703,48800,2,0.91875,117139.37899780273,16133.333333333334,2,0.4125000000000001,119217.62579345703,16133.333333333334,2,0.4125000000000001,14495110.85169983,5402,5377,3070,5049,2479,2488,5047,400,400,2838,400,2707,2478,400,3076,400,2443,400,400,400,400,400,400,2632,400,2491,2485,4522,2497,2505,2518,2468,14.285715103149414,0,0,0,0,0,0,0,0,0,0,0,0,0,0,0,0,0,0,0,0,0,0,0,0,0,0,0,0,0,0,0,20475,15905,9048,44,0,20475,13200,12520,50,0,66718994432,8589930496,32286515200,524288
200,1791366217898,1129243.0527648926,48800,2,1.16875,113954.25343322754,48800,2,1.025,113006.96185302734,48800,2,1.025,114486.84812927246,48800,2,1.025,124986.89660644531,48800,2,1.025,113384.33892822266,48800,2,1.025,121846.28025817871,48800,2,1.025,199281.0092010498,48800,2,1.16875,200543.90928649902,48800,2,1.16875,197054.77543640137,48800,2,1.16875,441718.0529937744,48800,2,1.16875,189001.24710083008,48800,2,1.16875,187999.30599975586,48800,2,1.16875,182011.70838928223,48800,2,1.16875,117139.37927246094,48800,2,1.025,119217.62606811523,48800,2,1.025,14495120.44316101,5402,5377,3070,5049,2479,2488,5047,400,400,2838,400,2707,2478,400,3076,400,2443,400,400,400,400,400,400,2632,400,2491,2485,4522,2497,2505,2518,2468,10.526315689086914,0,0,0,0,0,0,0,0,0,0,0,0,0,0,0,0,0,0,0,0,0,0,0,0,0,0,0,0,0,0,0,20475,15905,9064,44,0,20475,13200,12520,50,0,66718994432,8589930496,32286515200,524288
200,1791366218099,1129243.1202087402,48800,2,0.9875,113954.25381469727,48800,2,1.00625,113006.96202087402,48800,2,1.00625,114486.84832763672,48800,2,1.00625,124986.89678955078,48800,2,0.93125,113384.33911132813,48800,2,0.93125,121846.28044128418,48800,2,0.93125,199281.0106201172,3050,2,0.9875,200543.9098815918,3050,2,0.9875,197054.77627563477,3050,2,0.9875,441718.0544281006,3050,2,0.9875,189001.24768066406,3050,2,0.9875,187999.30659484863,3050,2,0.9875,182011.7089691162,3050,2,0.9875,117139.37948608398,48800,2,1.00625,119217.6262512207,48800,2,1.00625,14495130.102844238,5402,5377,3070,5049,2479,2488,5047,400,400,2838,400,2707,2478,400,3076,400,2443,400,400,400,400,400,400,2632,400,2491,2485,4522,2497,2505,2518,2468,10,0,0,0,0,0,0,0,0,0,0,0,0,0,0,0,0,0,0,0,0,0,0,0,0,0,0,0,0,0,0,0,20475,15905,9064,44,0,20475,13200,12520,50,0,66718994432,8589930496,32284667904,524288
200,1791366218299,1129243.1904144287,48800,2,1.16875,113954.25444030762,48800,2,0.96875,113006.96223449707,48800,2,0.96875,114486.84857177734,48800,2,0.96875,124986.89700317383,48800,2,0.96875,113384.33932495117,48800,2,0.96875,121846.28065490723,48800,2,0.96875,199281.01135253906,48800,2,1.16875,200543.91050720215,48800,2,1.16875,197054.77688598633,48800,2,1.16875,441718.0552215576,48800,2,1.16875,189001.24829101563,48800,2,1.16875,187999.3072052002,48800,2,1.16875,182011.70956420898,48800,2,1.16875,117139.37973022461,48800,2,1.16875,119217.62648010254,48800,2,0.96875,14495139.741409302,5402,5377,3070,5049,2479,2488,5047,400,400,2838,400,2707,2478,400,3076,400,2443,400,400,400,400,400,400,2632,400,2491,2485,4522,2497,2505,2518,2468,15.000000953674316,0,0,0,0,0,0,0,0,0,0,0,0,0,0,0,0,0,0,0,0,0,0,0,0,0,0,0,0,0,0,0,20475,15905,9064,44,0,20475,13200,12520,50,0,66718994432,8589930496,32284667904,524288
200,1791366218499,1129243.257522583,48800,2,1.16875,113954.25497436523,48800,2,1.05,113006.96244812012,48800,2,1.05,114486.84880065918,48800,2,1.05,124986.89721679688,48800,2,1.05,113384.33953857422,48800,2,1.05,121846.28086853027,48800,2,1.05,199281.01400756836,48800,2,1.16875,200543.91102600098,48800,2,1.16875,197054.77740478516,48800,2,1.16875,441718.05598449707,48800,2,1.16875,189001.24879455566,48800,2,1.16875,187999.30772399902,48800,2,1.16875,182011.71006774902,48800,2,1.16875,117139.37997436523,48800,2,1.05,119217.62670898438,48800,2,1.05,14495149.338302612,5402,5377,3070,5049,2479,2488,5047,400,400,2838,400,2707,2478,400,3076,400,2443,400,400,400,400,400,400,2632,400,2491,2485,4522,2497,2505,2518,2468,10,0,0,0,0,0,0,0,0,0,0,0,0,0,0,0,0,0,0,0,0,0,0,0,0,0,0,0,0,0,0,0,20475,15905,9064,44,0,20475,13200,12520,50,0,66718994432,8589930496,32283537408,524288
200,1791366218700,1129243.3242034912,3050,2,1.1125,113954.2555847168,48800,2,1.11875,113006.96264648438,48800,2,1.11875,114486.8490600586,48800,2,0.93125,124986.89743041992,48800,2,0.93125,113384.33975219727,48800,2,0.93125,121846.28108215332,48800,2,0.93125,199281.01620483398,3050,2,1.1125,200543.91201782227,3050,2,1.1125,197054.77835083008,3050,2,1.1125,441718.0568084717,3050,2,1.1125,189001.24967956543,3050,2,1.1125,187999.30836486816,3050,2,1.1125,182011.7106628418,3050,2,1.1125,117139.38020324707,48800,2,1.11875,119217.62692260742,48800,2,1.11875,14495159.021224976,5402,5377,3070,5049,2479,2488,5047,400,400,2838,400,2707,2478,400,3076,400,2443,400,400,400,400,400,400,2632,400,2491,2485,4522,2497,2505,2518,2468,15.000000953674316,0,0,0,0,0,0,0,0,0,0,0,0,0,0,0,0,0,0,0,0,0,0,0,0,0,0,0,0,0,0,0,20475,15905,9064,44,0,20475,13200,12556,50,0,66718994432,8589930496,32282152960,524288
200,1791366218900,1129243.39163208,48800,2,1.16875,113954.25621032715,48800,2,0.95625,113006.96284484863,48800,2,0.95625,114486.84930419922,48800,2,0.95625,124986.89762878418,48800,2,0.95625,113384.33996582031,48800,2,0.95625,121846.28129577637,48800,2,0.95625,199281.01695251465,48800,2,1.16875,200543.91261291504,48800,2,1.16875,197054.7794494629,48800,2,1.16875,441718.0575866699,48800,2,1.16875,189001.2502593994,48800,2,1.16875,187999.30895996094,48800,2,1.16875,182011.711227417,48800,2,1.16875,117139.3804321289,48800,2,1.16875,119217.62713623047,48800,2,0.95625,14495168.695327759,5402,5377,3070,5049,2479,2488,5047,400,400,2838,400,2707,2478,400,3076,400,2443,400,400,400,400,400,400,2632,400,2491,2485,4522,2497,2505,2518,2468,10,0,0,0,0,0,0,0,0,0,0,0,0,0,0,0,0,0,0,0,0,0,0,0,0,0,0,0,0,0,0,0,20475,15905,9025,44,0,20475,13200,12556,50,0,66718994432,8589930496,32282152960,524288
200,1791366219100,1129243.546722412,48800,2,1.16875,113954.25704956055,48800,2,1.0375,113006.96310424805,48800,2,1.0375,114486.84962463379,48800,2,1.0375,124986.8978729248,48800,2,1.0375,113384.34024047852,48800,2,1.0375,121846.28153991699,48800,2,1.0375,199281.01872253418,48800,2,1.16875,200543.91342163086,48800,2,1.16875,197054.78048706055,48800,2,1.16875,441718.05892944336,48800,2,1.16875,189001.25108337402,48800,2,1.16875,187999.30976867676,48800,2,1.16875,182011.71202087402,48800,2,1.16875,117139.38073730469,48800,2,1.0375,119217.62739562988,48800,2,1.0375,14495178.65939331,5402,5377,3070,5049,2479,2488,5047,400,400,2838,400,2707,2478,400,3076,400,2443,400,400,400,400,400,400,2632,400,2491,2485,4522,2497,2505,2518,2468,15.000000953674316,0,0,0,0,0,0,0,0,0,0,0,0,0,0,0,0,0,0,0,0,0,0,0,0,0,0,0,0,0,0,0,20475,15905,9025,44,0,20475,13200,12556,50,0,66718994432,8589930496,32282148864,524288
200,1791366219301,1129243.7070617676,48800,2,1.16875,113954.25762939453,48800,2,1.1,113006.9633026123,48800,2,1.1,114486.84986877441,48800,2,1.1,124986.89808654785,48800,2,1.1,113384.34045410156,48800,2,1.1,121846.28175354004,48800,2,0.93125,199281.02041625977,48800,2,1.10625,200543.91423034668,3050,2,1.10625,197054.7814025879,3050,2,1.10625,441718.0601348877,3050,2,1.10625,189001.25190734863,3050,2,1.10625,187999.31057739258,3050,2,1.10625,182011.71282958984,3050,2,1.10625,117139.38098144531,48800,2,1.1,119217.62762451172,48800,2,1.1,14495188.639205933,5402,5377,3070,5049,2479,2488,5047,400,400,2838,400,2707,2478,400,3076,400,2443,400,400,400,400,400,400,2632,400,2491,2485,4522,2497,2505,2518,2468,14.285715103149414,0,0,0,0,0,0,0,0,0,0,0,0,0,0,0,0,0,0,0,0,0,0,0,0,0,0,0,0,0,0,0,20475,15905,9025,44,0,20475,13200,12556,50,0,66718994432,8589930496,32281157632,524288
200,1791366219501,1129243.7774505615,48800,2,1.13125,113954.25827026367,48800,2,1.1375,113006.96348571777,48800,2,0.93125,114486.85009765625,48800,2,0.93125,124986.89826965332,48800,2,0.93125,113384.34063720703,48800,2,0.93125,121846.28193664551,48800,2,0.93125,199281.0214996338,48800,2,1.13125,200543.91481018066,48800,2,1.13125,197054.7820739746,48800,2,1.13125,441718.0609588623,48800,2,1.13125,189001.25248718262,48800,2,1.13125,187999.31115722656,48800,2,1.13125,182011.71342468262,48800,2,1.13125,117139.38117980957,48800,2,1.1375,119217.62782287598,48800,2,1.1375,14495198.237701416,5402,5377,3070,5049,2479,2488,5047,400,400,2838,400,2707,2478,400,3076,400,2443,400,400,400,400,400,400,2632,400,2491,2485,4522,2497,2505,2518,2468,15.000000953674316,0,0,0,0,0,0,0,0,0,0,0,0,0,0,0,0,0,0,0,0,0,0,0,0,0,0,0,0,0,0,0,20475,15905,9025,44,0,20475,13200,12556,50,0,66718994432,8589930496,32272900096,524288
200,1791366219701,1129243.8425292969,48800,2,1.16875,113954.2589263916,48800,2,1.03125,113006.96371459961,48800,2,1.03125,114486.85037231445,48800,2,1.03125,124986.89849853516,48800,2,1.03125,113384.34088134766,48800,2,1.03125,121846.28216552734,48800,2,1.03125,199281.0224761963,48800,2,1.16875,200543.91542053223,48800,2,1.16875,197054.78268432617,48800,2,1.16875,441718.0616912842,48800,2,1.16875,189001.2530517578,48800,2,1.16875,187999.31173706055,48800,2,1.16875,182011.7139892578,48800,2,1.16875,117139.38145446777,48800,2,1.03125,119217.62809753418,48800,2,1.03125,14495207.819625854,5402,5377,3070,5049,2479,2488,5047,400,400,2838,400,2707,2478,400,3076,400,2443,400,400,400,400,400,400,2632,400,2491,2485,4522,2497,2505,2518,2468,10,0,0,0,0,0,0,0,0,0,0,0,0,0,0,0,0,0,0,0,0,0,0,0,0,0,0,0,0,0,0,0,20475,15905,9025,44,0,20475,13200,12531,50,0,66718994432,8589930496,32280899584,524288
200,1791366219902,1129243.9081115723,48800,2,1.16875,113954.25952148438,48800,2,1.10625,113006.96391296387,48800,2,1.10625,114486.85060119629,48800,2,0.93125,124986.8987121582,48800,2,0.93125,113384.34111022949,48800,2,0.93125,121846.28239440918,48800,2,0.93125,199281.02404785156,48800,2,1.16875,200543.9160003662,3050,2,1.09375,197054.78327941895,3050,2,1.09375,441718.06240844727,3050,2,1.09375,189001.253616333,3050,2,1.09375,187999.31231689453,3050,2,1.09375,182011.714553833,3050,2,1.09375,117139.38168334961,48800,2,1.10625,119217.62831115723,48800,2,1.10625,14495217.451217651,5402,5377,3070,5049,2479,2488,5047,400,400,2838,400,2707,2478,400,3076,400,2443,400,400,400,400,400,400,2632,400,2491,2485,4522,2497,2505,2518,2468,10.526315689086914,0,0,0,0,0,0,0,0,0,0,0,0,0,0,0,0,0,0,0,0,0,0,0,0,0,0,0,0,0,0,0,20475,15905,9013,44,0,20475,13200,12531,50,0,66718994432,8589930496,32281153536,524288
200,1791366220102,1129243.9112701416,48800,2,1.14375,113954.26007080078,48800,2,1.13125,113006.96405029297,48800,2,0.93125,114486.85079956055,48800,2,0.93125,124986.8988494873,48800,2,0.93125,113384.34127807617,48800,2,0.93125,121846.28253173828,48800,2,0.93125,199281.02905273438,48800,2,1.14375,200543.91674804688,48800,2,1.14375,197054.7840423584,48800,2,1.14375,441718.1791229248,48800,2,1.14375,189001.25440979004,48800,2,1.14375,187999.3130493164,48800,2,1.14375,182011.71528625488,48800,2,1.14375,117139.38188171387,48800,2,1.13125,119217.62846374512,48800,2,1.13125,14495227.170425415,5402,5377,3070,5049,2479,2488,5047,400,400,2838,400,2707,2478,400,3076,400,2443,400,400,400,400,400,400,2632,400,2491,2485,4522,2497,2505,2518,2468,0,0,0,0,0,0,0,0,0,0,0,0,0,0,0,0,0,0,0,0,0,0,0,0,0,0,15.000000953674316,0,0,0,0,0,20475,15905,9013,44,0,20475,13200,12531,50,0,66718994432,8589930496,32288710656,524288
200,1791366220302,1129243.9120483398,48800,2,1.16875,113954.26052856445,48800,2,1.0375,113006.96417236328,48800,2,1.0375,114486.85095214844,48800,2,1.0375,124986.89897155762,48800,2,1.0375,113384.34141540527,48800,2,1.0375,121846.28266906738,48800,2,1.0375,199281.02963256836,48800,2,1.16875,200543.91731262207,48800,2,1.16875,197054.78605651855,48800,2,1.16875,441718.246963501,48800,2,1.16875,189001.2550201416,48800,2,1.16875,187999.3135986328,48800,2,1.16875,182011.7158355713,48800,2,1.16875,117139.38203430176,48800,2,1.0375,119217.62860107422,48800,2,1.0375,14495236.773376465,5402,5377,3070,5049,2479,2488,5047,400,400,2838,400,2707,2478,400,3076,400,2443,400,400,400,400,400,400,2632,400,2491,2485,4522,2497,2505,2518,2468,0,0,0,0,0,0,0,0,0,0,0,0,0,0,0,0,0,0,0,0,0,0,0,0,0,0,10,0,0,0,0,0,20475,15905,9013,44,0,20475,13200,12531,50,0,66718994432,8589930496,32286707712,524288
200,1791366220503,1129243.9145507813,48800,2,1.10625,113954.26112365723,48800,2,1.11875,113006.96432495117,48800,2,1.11875,114486.85116577148,48800,2,1.11875,124986.8991394043,48800,2,1.11875,113384.34158325195,48800,2,0.93125,121846.28283691406,48800,2,0.93125,199281.0302581787,3050,2,1.10625,200543.9179840088,3050,2,1.10625,197054.7866973877,3050,2,1.10625,441718.3137359619,3050,0,1.10625,189001.25566101074,3050,2,1.10625,187999.31423950195,3050,2,1.10625,182011.71644592285,3050,2,1.10625,117139.38221740723,48800,2,1.11875,119217.6287689209,48800,2,1.11875,14495246.326705933,5402,5377,3070,5049,2479,2488,5047,400,400,2838,400,2707,2478,400,3076,400,2443,400,400,400,400,400,400,2632,400,2491,2485,4522,2497,2505,2518,2468,0,0,0,0,0,0,0,0,0,0,0,0,0,0,0,0,0,0,0,0,0,0,0,0,0,0,19.047618865966797,0,0,0,0,0,20475,15905,9013,44,0,20475,13200,12531,50,0,66718994432,8589930496,32287195136,524288
200,1791366220703,1129243.9165496826,48800,2,1.0437500000000002,113954.26176452637,48800,2,0.95625,113006.96449279785,48800,2,0.95625,114486.85136413574,48800,2,0.95625,124986.89930725098,48800,2,0.95625,113384.34175109863,48800,2,0.95625,121846.28302001953,48800,2,0.95625,199281.03088378906,48800,2,1.0437500000000002,200543.91871643066,48800,2,1.0437500000000002,197054.78732299805,48800,2,1.0437500000000002,441718.38220214844,48800,2,1.0437500000000002,189001.25631713867,48800,2,1.0437500000000002,187999.31489562988,48800,2,1.0437500000000002,182011.7170562744,48800,2,1.0437500000000002,117139.38241577148,48800,2,1.05,119217.62895202637,48800,2,0.95625,14495255.900558472,5402,5377,3070,5049,2479,2488,5047,400,400,2838,400,2707,2478,400,3076,400,2443,400,400,400,400,400,400,2632,400,2491,2485,4522,2497,2505,2518,2468,0,0,0,0,0,0,0,0,0,0,0,0,0,0,0,0,0,0,0,0,0,0,0,0,0,0,10,0,0,0,0,0,20475,15905,9013,44,0,20475,13200,12454,50,0,66718994432,8589930496,32287027200,524288
200,1791366220903,1129243.9180297852,48800,2,1.16875,113954.26231384277,48800,2,1.025,113006.96464538574,48800,2,1.025,114486.85153198242,48800,2,1.025,124986.89945983887,48800,2,1.025,113384.34190368652,48800,2,1.025,121846.28318786621,48800,2,1.025,199281.031539917,48800,2,1.16875,200543.91943359375,48800,2,1.16875,197054.7879638672,48800,2,1.16875,441718.4489135742,48800,2,1.16875,189001.2569885254,48800,2,1.16875,187999.3155670166,48800,2,1.16875,182011.71769714355,48800,2,1.16875,117139.38258361816,48800,2,1.025,119217.62911987305,48800,2,1.025,14495265.539382935,5402,5377,3070,5049,2479,2488,5047,400,400,2838,400,2707,2478,400,3076,400,2443,400,400,400,400,400,400,2632,400,2491,2485,4522,2497,2505,2518,2468,0,0,0,0,0,0,0,0,0,0,0,0,0,0,0,0,0,0,0,0,0,0,0,0,0,0,15.000000953674316,0,0,0,0,0,20475,15905,9046,44,0,20475,13200,12454,50,0,66718994432,8589930496,32287023104,524288
200,1791366221104,1129243.9194793701,48800,2,1.16875,113954.26292419434,48800,2,1.10625,113006.96487426758,48800,2,1.10625,114486.8518371582,48800,2,1.10625,124986.8996887207,48800,2,1.10625,113384.34216308594,48800,2,1.10625,121846.28341674805,48800,2,0.93125,199281.0322113037,3050,2,1.10625,200543.92012023926,3050,2,1.10625,197054.78861999512,3050,2,1.10625,441718.5173187256,3050,0,1.10625,189001.25762939453,3050,2,1.10625,187999.31622314453,3050,2,1.10625,182011.7183380127,3050,2,1.10625,117139.38284301758,48800,2,1.10625,119217.62934875488,48800,2,1.10625,14495275.2237854,5402,5377,3070,5049,2479,2488,5047,400,400,2838,400,2707,2478,400,3076,400,2443,400,400,400,400,400,400,2632,400,2491,2485,4522,2497,2505,2518,2468,0,0,0,0,0,0,0,0,0,0,0,0,0,0,0,0,0,0,0,0,0,0,0,0,0,0,10,0,0,0,0,0,20475,15905,9046,44,0,20475,13200,12454,50,0,66718994432,8589930496,32287023104,524288
200,1791366221304,1129243.920349121,48800,2,1.16875,113954.26351928711,48800,2,0.94375,113006.96507263184,48800,2,0.94375,114486.85208129883,48800,2,0.94375,124986.89988708496,48800,2,0.94375,113384.3423614502,48800,2,0.94375,121846.2836303711,48800,2,0.94375,199281.03297424316,48800,2,1.16875,200543.92306518555,48800,2,1.16875,197054.78939819336,48800,2,1.16875,441718.58558654785,48800,2,1.16875,189001.26202392578,48800,2,1.16875,187999.32078552246,48800,2,1.16875,182011.71908569336,48800,2,1.16875,117139.38305664063,48800,2,1.16875,119217.62956237793,48800,2,1.16875,14495285.161880493,5402,5377,3070,5049,2479,2488,5047,400,400,2838,400,2707,2478,400,3076,400,2443,400,400,400,400,400,400,2632,400,2491,2485,4522,2497,2505,2518,2468,4.761904716491699,0,0,0,0,0,0,0,0,0,0,0,4.761904716491699,0,0,0,0,0,0,0,0,0,0,0,0,0,15.000000953674316,0,0,0,0,0,20475,15905,9046,44,0,20475,13200,12454,50,0,66718994432,8589930496,32287023104,524288
199,1791366221504,1129243.9219970703,48800,2,1.16875,113954.26391601563,48800,2,1.0437500000000002,113006.96522521973,48800,2,1.0437500000000002,114486.85227966309,48800,2,1.0437500000000002,124986.90003967285,48800,2,1.0437500000000002,113384.34254455566,48800,2,1.0437500000000002,121846.28378295898,48800,2,1.0437500000000002,199281.03367614746,48800,2,1.16875,200543.92387390137,48800,2,1.16875,197054.7917022705,48800,2,1.16875,441718.6544036865,48800,2,1.16875,189001.2627105713,48800,2,1.16875,187999.32151794434,48800,2,1.16875,182011.71975708008,48800,2,1.16875,117139.38325500488,48800,2,1.0437500000000002,119217.6297454834,48800,2,1.0437500000000002,14495294.937774658,5402,5377,3070,5049,2479,2488,5047,400,400,2838,400,2707,2478,400,3076,400,2443,400,400,400,400,400,400,2632,400,2491,2485,4522,2497,2505,2518,2468,0,0,0,0,0,0,0,0,0,0,0,0,0,0,0,0,0,0,0,0,0,0,0,0,0,0,10.526315689086914,0,0,0,0,0,20475,15905,9046,44,0,20475,13200,12454,50,0,66718994432,8589930496,32278765568,524288
200,1791366221705,1129243.923324585,48800,2,0.46875,113954.26463317871,48800,2,0.40625,113006.9655456543,48800,2,0.40625,114486.8526763916,48800,2,0.40625,124986.90036010742,48800,2,0.40625,113384.34288024902,48800,2,0.40625,121846.28411865234,48800,2,0.40625,199281.03437805176,48800,2,0.46875,200543.92459106445,48800,2,0.46875,197054.7924194336,48800,2,0.46875,441718.7212219238,48800,2,0.46875,189001.2634124756,48800,2,0.46875,187999.32223510742,3050,2,0.91875,182011.72045898438,3050,2,0.91875,117139.38360595703,48800,2,0.40625,119217.63008117676,48800,2,0.40625,14495304.645339966,5402,5377,3070,5049,2479,2488,5047,400,400,2838,400,2707,2478,400,3076,400,2443,400,400,400,400,400,400,2632,400,2491,2485,4522,2497,2505,2518,2468,0,0,0,0,0,0,0,0,0,0,0,0,0,0,0,0,0,0,0,0,0,0,0,0,0,0,14.285715103149414,0,0,0,0,0,20475,15905,9046,44,0,20475,13200,12375,50,0,66718994432,8589930496,32295018496,524288
200,1791366221905,1129243.9249420166,48800,2,1.11875,113954.26509094238,48800,2,1.125,113006.9656829834,48800,2,1.125,114486.85287475586,48800,2,1.125,124986.90049743652,48800,2,1.125,113384.34306335449,48800,2,1.125,121846.28428649902,48800,2,0.93125,199281.03498840332,48800,2,1.11875,200543.9252319336,48800,2,1.11875,197054.79304504395,48800,2,1.11875,441718.79234313965,48800,2,1.11875,189001.26400756836,48800,2,1.11875,187999.32286071777,48800,2,1.11875,182011.72105407715,48800,2,1.11875,117139.38383483887,48800,2,1.125,119217.63024902344,48800,2,1.125,14495314.335464478,5402,5377,3070,5049,2479,2488,5047,400,400,2838,400,2707,2478,400,3076,400,2443,400,400,400,400,400,400,2632,400,2491,2485,4522,2497,2505,2518,2468,0,0,0,0,0,0,0,0,0,0,0,0,0,0,0,0,0,0,0,0,0,0,0,0,0,0,10.526315689086914,0,0,0,0,0,20475,15905,9054,44,0,20475,13200,12375,50,0,66718994432,8589930496,32295018496,524288
200,1791366222105,1129243.9258117676,48800,2,1.16875,113954.26553344727,48800,2,0.9875,113006.9658203125,48800,2,0.9875,114486.85307312012,48800,2,0.9875,124986.90065002441,48800,2,0.9875,113384.34321594238,48800,2,0.9875,121846.28443908691,48800,2,0.9875,199281.03562927246,48800,2,1.16875,200543.92587280273,48800,2,1.16875,197054.7936706543,48800,2,1.16875,441718.8606262207,48800,2,1.16875,189001.2646331787,48800,2,1.16875,187999.3235015869,48800,2,1.16875,182011.7216796875,48800,2,1.16875,117139.38401794434,48800,2,0.9875,119217.63040161133,48800,2,0.9875,14495323.877868652,5402,5377,3070,5049,2479,2488,5047,400,400,2838,400,2707,2478,400,3076,400,2443,400,400,400,400,400,400,2632,400,2491,2485,4522,2497,2505,2518,2468,0,0,0,0,0,0,0,0,0,0,0,0,0,0,0,0,0,0,0,0,0,0,0,0,0,0,10,0,0,0,0,0,20475,15905,9054,43,0,20475,13200,12375,50,0,66718994432,8589930496,32295018496,524288
200,1791366222306,1129243.927154541,48800,2,1.16875,113954.26577758789,48800,2,1.0625,113006.96594238281,48800,2,1.0625,114486.8532409668,48800,2,1.0625,124986.90077209473,48800,2,1.0625,113384.3433380127,48800,2,1.0625,121846.28457641602,48800,2,1.0625,199281.0361480713,48800,2,1.16875,200543.92643737793,48800,2,1.16875,197054.79418945313,48800,2,1.16875,441718.92587280273,48800,2,1.16875,189001.26513671875,48800,2,1.16875,187999.32402038574,48800,2,1.16875,182011.72218322754,3050,2,1.05,117139.38418579102,48800,2,1.0625,119217.63055419922,48800,2,1.0625,14495333.542892456,5402,5377,3070,5049,2479,2488,5047,400,400,2838,400,2707,2478,400,3076,400,2443,400,400,400,400,400,400,2632,400,2491,2485,4522,2497,2505,2518,2468,0,0,0,0,0,0,0,0,0,0,0,0,0,0,0,0,0,0,0,0,0,0,0,0,0,0,15.000000953674316,0,0,0,0,0,20475,15905,9054,43,0,20475,13200,12375,50,0,66718994432,8589930496,32295018496,524288
200,1791366222506,1129243.928604126,48800,2,1.1375,113954.26634216309,48800,2,1.13125,113006.96612548828,48800,2,1.13125,114486.85346984863,48800,2,1.13125,124986.9009552002,48800,2,1.13125,113384.34353637695,48800,2,1.13125,121846.28475952148,48800,2,0.93125,199281.03674316406,48800,2,1.1375,200543.92706298828,48800,2,1.1375,197054.7947845459,48800,2,1.1375,441718.9917449951,48800,2,1.1375,189001.26571655273,48800,2,1.1375,187999.32460021973,48800,2,1.1375,182011.72276306152,48800,2,1.1375,117139.38439941406,48800,2,1.13125,119217.63073730469,48800,2,1.13125,14495343.047485352,5402,5377,3070,5049,2479,2488,5047,400,400,2838,400,2707,2478,400,3076,400,2443,400,400,400,400,400,400,2632,400,2491,2485,4522,2497,2505,2518,2468,0,0,0,0,0,0,0,0,0,0,0,0,0,0,0,0,0,0,0,0,0,0,0,0,0,0,14.285715103149414,0,0,0,0,0,20475,15905,9054,43,0,20475,13200,12375,50,0,66718994432,8589930496,32293965824,524288
200,1791366222706,1129243.9294433594,48800,2,1.16875,113954.26672363281,48800,2,0.96875,113006.9662322998,48800,2,0.96875,114486.8536529541,48800,2,0.96875,124986.90106201172,48800,2,0.96875,113384.34368896484,48800,2,0.96875,121846.2848815918,48800,2,0.96875,199281.03732299805,48800,2,1.16875,200543.92767333984,48800,2,1.16875,197054.79536437988,48800,2,1.16875,441719.0602874756,48800,2,1.16875,189001.26629638672,48800,2,1.16875,187999.3251953125,48800,2,1.16875,182011.7233428955,48800,2,1.16875,117139.38456726074,48800,2,1.16875,119217.630859375,48800,2,1.16875,14495352.605133057,5402,5377,3070,5049,2479,2488,5047,400,400,2838,400,2707,2478,400,3076,400,2443,400,400,400,400,400,400,2632,400,2491,2485,4522,2497,2505,2518,2468,0,0,0,0,0,0,0,0,0,0,0,0,0,0,0,0,0,0,0,0,0,0,0,0,0,0,15.000000953674316,0,0,0,0,0,20475,15905,9054,43,0,20475,13200,12300,50,0,66718994432,8589930496,32293961728,524288
200,1791366222907,1129243.9309692383,48800,2,1.16875,113954.26689147949,48800,2,1.0375,113006.96632385254,48800,2,1.0375,114486.8537902832,48800,2,1.0375,124986.90115356445,48800,2,1.0375,113384.34378051758,48800,2,1.0375,121846.28498840332,48800,2,1.0375,199281.03788757324,48800,2,1.16875,200543.92826843262,48800,2,1.16875,197054.7959136963,48800,2,1.16875,441719.1259460449,48800,2,1.16875,189001.26684570313,48800,2,1.16875,187999.3257598877,48800,2,1.16875,182011.7238922119,48800,2,1.16875,117139.38468933105,48800,2,1.0375,119217.63108825684,48800,2,1.0375,14495362.209411621,5402,5377,3070,5049,2479,2488,5047,400,400,2838,400,2707,2478,400,3076,400,2443,400,400,400,400,400,400,2632,400,2491,2485,4522,2497,2505,2518,2468,0,0,0,0,0,0,0,0,0,0,0,0,0,0,0,0,0,0,0,0,0,0,0,0,0,0,10.526315689086914,0,0,0,0,0,20475,15905,9025,43,0,20475,13200,12300,50,0,66718994432,8589930496,32293961728,524288
200,1791366223107,1129243.932434082,3050,2,1.11875,113954.26736450195,48800,2,1.125,113006.96650695801,48800,2,1.125,114486.85400390625,48800,2,1.125,124986.90132141113,48800,2,1.125,113384.34396362305,48800,2,0.93125,121846.28515625,48800,2,0.93125,199281.0384979248,3050,2,1.11875,200543.92889404297,3050,2,1.11875,197054.79649353027,3050,2,1.11875,441719.1954193115,3050,0,1.11875,189001.2674255371,3050,2,1.11875,187999.32637023926,3050,2,1.11875,182011.7244720459,3050,2,1.11875,117139.38488769531,48800,2,1.125,119217.63125610352,48800,2,1.125,14495371.844116211,5402,5377,3070,5049,2479,2488,5047,400,400,2838,400,2707,2478,400,3076,400,2443,400,400,400,400,400,400,2632,400,2491,2485,4522,2497,2505,2518,2468,0,0,0,0,0,0,0,0,0,0,0,0,0,0,0,0,0,0,0,0,0,0,0,0,0,0,14.285715103149414,0,0,0,0,0,20475,15905,9025,43,0,20475,13200,12300,50,0,66718994432,8589930496,32293961728,524288
200,1791366223307,1129243.9335327148,48800,2,1.16875,113954.26783752441,48800,2,0.95625,113006.9666595459,48800,2,0.95625,114486.8542175293,48800,2,0.95625,124986.90147399902,48800,2,0.95625,113384.34413146973,48800,2,0.95625,121846.28532409668,48800,2,0.95625,199281.03915405273,48800,2,1.16875,200543.92961120605,48800,2,1.16875,197054.797164917,48800,2,1.16875,441719.26696777344,48800,2,1.16875,189001.26809692383,48800,2,1.16875,187999.32705688477,48800,2,1.16875,182011.72610473633,48800,2,1.16875,117139.38508605957,48800,2,1.16875,119217.63143920898,48800,2,1.16875,14495381.554504395,5402,5377,3070,5049,2479,2488,5047,400,400,2838,400,2707,2478,400,3076,400,2443,400,400,400,400,400,400,2632,400,2491,2485,4522,2497,2505,2518,2468,0,0,0,0,0,0,0,0,0,0,0,0,0,0,0,0,0,0,0,0,0,0,0,0,0,0,10.526315689086914,0,0,0,0,0,20475,15905,9025,43,0,20475,13200,12300,50,0,66718994432,8589930496,32290897920,524288
200,1791366223507,1129243.935409546,48800,2,1.16875,113954.26797485352,48800,2,1.03125,113006.96673583984,48800,2,1.03125,114486.85432434082,48800,2,1.03125,124986.90155029297,48800,2,1.03125,113384.34422302246,48800,2,1.03125,121846.28540039063,48800,2,1.03125,199281.0397644043,48800,2,1.16875,200543.93028259277,48800,2,1.16875,197054.79777526855,48800,2,1.16875,441719.3361968994,48800,2,1.16875,189001.2686767578,48800,2,1.16875,187999.32768249512,48800,2,1.16875,182011.7266845703,48800,2,1.16875,117139.3851928711,48800,2,1.03125,119217.63153076172,48800,2,1.03125,14495391.140151978,5402,5377,3070,5049,2479,2488,5047,400,400,2838,400,2707,2478,400,3076,400,2443,400,400,400,400,400,400,2632,400,2491,2485,4522,2497,2505,2518,2468,0,0,0,0,0,0,0,0,0,0,0,0,0,0,0,0,0,0,0,0,0,0,0,0,0,0,14.285715103149414,0,0,0,0,0,20475,15905,9025,43,0,20475,13200,12300,50,0,66718994432,8589930496,32283410432,524288
200,1791366223708,1129243.9369812012,48800,2,1.10625,113954.26835632324,48800,2,1.10625,113006.96684265137,48800,2,1.10625,114486.85450744629,48800,2,1.10625,124986.90167236328,48800,2,1.10625,113384.34434509277,48800,2,1.10625,121846.28552246094,48800,2,0.93125,199281.0403289795,3050,2,1.10625,200543.93089294434,3050,2,1.10625,197054.79833984375,3050,2,1.10625,441719.4030456543,3050,0,1.10625,189001.26922607422,3050,2,1.10625,187999.3282623291,3050,2,1.10625,182011.72723388672,3050,2,1.10625,117139.3853302002,48800,2,1.10625,119217.63165283203,48800,2,1.10625,14495400.73664856,5402,5377,3070,5049,2479,2488,5047,400,400,2838,400,2707,2478,400,3076,400,2443,400,400,400,400,400,400,2632,400,2491,2485,4522,2497,2505,2518,2468,0,0,0,0,0,0,0,0,0,0,0,0,0,0,0,0,0,0,0,0,0,0,0,0,0,0,10.526315689086914,0,0,0,0,0,20475,15905,9025,43,0,20475,13200,12291,50,0,66718994432,8589930496,32283668480,524288
200,1791366223908,1129243.9379425049,48800,2,1.16875,113954.26887512207,48800,2,0.94375,113006.96701049805,48800,2,0.94375,114486.85470581055,48800,2,0.94375,124986.90184020996,48800,2,0.94375,113384.34451293945,48800,2,0.94375,121846.2857055664,48800,2,0.94375,199281.04090881348,48800,2,1.16875,200543.93153381348,48800,2,1.16875,197054.79891967773,48800,2,1.16875,441719.4687652588,48800,2,1.16875,189001.2697906494,48800,2,1.16875,187999.32885742188,48800,2,1.16875,182011.7278137207,48800,2,1.16875,117139.38551330566,48800,2,1.16875,119217.6318359375,48800,2,1.16875,14495410.256134033,5402,5377,3070,5049,2479,2488,5047,400,400,2838,400,2707,2478,400,3076,400,2443,400,400,400,400,400,400,2632,400,2491,2485,4522,2497,2505,2518,2468,0,0,0,0,0,0,0,0,0,0,0,0,0,0,0,0,0,0,0,0,0,0,0,0,0,0,14.285715103149414,0,0,0,0,0,20475,15905,9047,43,0,20475,13200,12291,50,0,66718994432,8589930496,32283668480,524288
200,1791366224108,1129243.9395141602,48800,2,1.16875,113954.26918029785,48800,2,1.025,113006.96713256836,48800,2,1.025,114486.85485839844,48800,2,1.025,124986.90196228027,48800,2,1.025,113384.34463500977,48800,2,1.025,121846.28582763672,48800,2,1.025,199281.04147338867,48800,2,1.16875,200543.93217468262,48800,2,1.16875,197054.79949951172,48800,2,1.16875,441719.5364227295,48800,2,1.16875,189001.27033996582,48800,2,1.16875,187999.32945251465,48800,2,1.16875,182011.7283630371,48800,2,1.16875,117139.38565063477,48800,2,1.025,119217.6319732666,48800,2,1.025,14495419.774429321,5402,5377,3070,5049,2479,2488,5047,400,400,2838,400,2707,2478,400,3076,400,2443,400,400,400,400,400,400,2632,400,2491,2485,4522,2497,2505,2518,2468,0,0,0,0,0,0,0,0,0,0,0,0,0,0,0,0,0,0,0,0,0,0,0,0,0,0,15.000000953674316,0,0,0,0,0,20475,15905,9047,43,0,20475,13200,12291,50,0,66718994432,8589930496,32283668480,524288
200,1791366224309,1129243.9410552979,48800,2,1.16875,113954.26959228516,48800,2,1.1,113006.96726989746,48800,2,1.1,114486.85501098633,48800,2,1.1,124986.90211486816,48800,2,1.1,113384.34478759766,48800,2,1.1,121846.2859954834,48800,2,0.925,199281.0421142578,3050,2,1.1,200543.93280029297,3050,2,1.1,197054.80018615723,3050,2,1.1,441719.60304260254,3050,0,1.1,189001.27102661133,3050,2,1.1,187999.330078125,3050,2,1.1,182011.72895812988,3050,2,1.1,117139.38583374023,48800,2,1.1,119217.63215637207,48800,2,1.1,14495429.590515137,5402,5377,3070,5049,2479,2488,5047,400,400,2838,400,2707,2478,400,3076,400,2443,400,400,400,400,400,400,2632,400,2491,2485,4522,2497,2505,2518,2468,0,0,0,0,0,0,0,0,0,0,0,0,0,0,0,0,0,0,0,0,0,0,0,0,0,0,14.285715103149414,0,0,0,0,0,20475,15905,9047,43,0,20475,13200,12291,50,0,66718994432,8589930496,32282611712,524288
200,1791366224509,1129243.9421844482,48800,2,1.125,113954.2699584961,48800,2,1.1375,113006.9673461914,48800,2,1.1375,114486.85510253906,48800,2,0.93125,124986.90219116211,48800,2,0.93125,113384.34487915039,48800,2,0.93125,121846.28607177734,48800,2,0.93125,199281.0427093506,48800,2,1.125,200543.93341064453,48800,2,1.125,197054.80084228516,48800,2,1.125,441719.6727142334,48800,2,1.125,189001.27165222168,48800,2,1.125,187999.33068847656,48800,2,1.125,182011.72956848145,48800,2,1.125,117139.38594055176,48800,2,1.1375,119217.6322631836,48800,2,1.1375,14495439.20072937,5402,5377,3070,5049,2479,2488,5047,400,400,2838,400,2707,2478,400,3076,400,2443,400,400,400,400,400,400,2632,400,2491,2485,4522,2497,2505,2518,2468,0,0,0,0,0,0,0,0,0,0,0,0,0,0,0,0,0,0,0,0,0,0,0,0,0,0,10.526315689086914,0,0,0,0,0,20475,15905,9047,43,0,20475,13200,12291,50,0,66718994432,8589930496,32280539136,524288
200,1791366224709,1129243.9438323975,48800,2,1.16875,113954.2702331543,48800,2,1.01875,113006.96748352051,48800,2,1.01875,114486.85527038574,48800,2,1.01875,124986.90234375,48800,2,1.01875,113384.34503173828,48800,2,1.01875,121846.28620910645,48800,2,1.01875,199281.04328918457,48800,2,1.16875,200543.9340209961,48800,2,1.16875,197054.80145263672,48800,2,1.16875,441719.7371368408,48800,2,1.16875,189001.27223205566,48800,2,1.16875,187999.33128356934,48800,2,1.16875,182011.73013305664,48800,2,1.16875,117139.38612365723,48800,2,1.01875,119217.63241577148,48800,2,1.01875,14495448.910507202,5402,5377,3070,5049,2479,2488,5047,400,400,2838,400,2707,2478,400,3076,400,2443,400,400,400,400,400,400,2632,400,2491,2485,4522,2497,2505,2518,2468,0,0,0,0,0,0,0,0,0,0,0,0,0,0,0,0,0,0,0,0,0,0,0,0,0,0,15.000000953674316,0,0,0,0,0,20475,15905,9047,43,0,20475,13200,12310,49,0,66718994432,8589930496,32280539136,524288
200,1791366224910,1129243.9455566406,48800,2,1.16875,113954.2706451416,48800,2,1.1,113006.96762084961,48800,2,1.1,114486.85543823242,48800,2,1.1,124986.90249633789,48800,2,1.1,113384.34518432617,48800,2,1.1,121846.28637695313,48800,2,0.93125,199281.04389953613,3050,2,1.10625,200543.93464660645,3050,2,1.10625,197054.80206298828,3050,2,1.10625,441719.80628967285,3050,0,1.10625,189001.27294921875,3050,2,1.10625,187999.3318786621,3050,2,1.10625,182011.73069763184,3050,2,1.10625,117139.3862915039,48800,2,1.1,119217.63259887695,48800,2,1.1,14495458.58972168,5402,5377,3070,5049,2479,2488,5047,400,400,2838,400,2707,2478,400,3076,400,2443,400,400,400,400,400,400,2632,400,2491,2485,4522,2497,2505,2518,2468,4.761904716491699,0,0,0,0,0,0,0,0,0,0,0,0,0,0,0,0,0,0,0,0,0,0,0,0,0,10,0,0,0,0,0,20475,15905,9011,43,0,20475,13200,12310,49,0,66718994432,8589930496,32280539136,524288
200,1791366225110,1129243.9463348389,48800,2,1.1375,113954.27114868164,48800,2,1.13125,113006.96780395508,48800,2,0.93125,114486.85563659668,48800,2,0.93125,124986.90266418457,48800,2,0.93125,113384.34535217285,48800,2,0.93125,121846.2865447998,48800,2,0.93125,199281.0445098877,48800,2,1.1375,200543.9352874756,48800,2,1.1375,197054.8027496338,48800,2,1.1375,441719.8743286133,48800,2,1.1375,189001.2735748291,48800,2,1.1375,187999.33250427246,48800,2,1.1375,182011.7313232422,48800,2,1.1375,117139.38650512695,48800,2,1.13125,119217.63279724121,48800,2,1.13125,14495468.220291138,5402,5377,3070,5049,2479,2488,5047,400,400,2838,400,2707,2478,400,3076,400,2443,400,400,400,400,400,400,2632,400,2491,2485,4522,2497,2505,2518,2468,0,0,0,0,0,0,0,0,0,0,0,0,0,0,0,0,0,0,0,0,0,0,0,0,0,0,15.000000953674316,0,0,0,0,0,20475,15905,9011,43,0,20475,13200,12310,49,0,66718994432,8589930496,32280539136,524288
200,1791366225311,1129243.9479064941,48800,2,1.125,113954.27130126953,48800,2,0.95,113006.96786499023,48800,2,0.95,114486.85572814941,48800,2,0.95,124986.90272521973,48800,2,0.95,113384.3454284668,48800,2,0.95,121846.28662109375,48800,2,0.95,199281.04515075684,48800,2,1.125,200543.93585205078,48800,2,1.125,197054.80335998535,48800,2,1.125,441719.94219970703,48800,2,1.125,189001.2741394043,48800,2,1.125,187999.33308410645,48800,2,1.125,182011.73188781738,48800,2,1.125,117139.38661193848,48800,2,0.95,119217.63287353516,48800,2,0.95,14495477.904251099,5402,5377,3070,5049,2479,2488,5047,400,400,2838,400,2707,2478,400,3076,400,2443,400,400,400,400,400,400,2632,400,2491,2485,4522,2497,2505,2518,2468,0,0,0,0,0,0,0,0,0,0,0,0,0,0,0,0,0,0,0,0,0,0,0,0,0,0,14.285715103149414,0,0,0,0,0,20475,15905,9011,43,0,20475,13200,12310,49,0,66718994432,8589930496,32279109632,524288
200,1791366225511,1129243.949142456,3050,2,1.11875,113954.27185058594,48800,2,1.1125,113006.9680480957,48800,2,1.1125,114486.85594177246,48800,2,1.1125,124986.90292358398,48800,2,1.1125,113384.34564208984,48800,2,0.93125,121846.28681945801,48800,2,0.93125,199281.0457458496,3050,2,1.11875,200543.93647766113,3050,2,1.11875,197054.80534362793,3050,2,1.11875,441720.0086669922,3050,0,1.11875,189001.2747039795,3050,2,1.11875,187999.333694458,3050,2,1.11875,182011.73245239258,3050,2,1.11875,117139.38682556152,48800,2,1.1125,119217.6330871582,48800,2,1.1125,14495487.592468262,5402,5377,3070,5049,2479,2488,5047,400,400,2838,400,2707,2478,400,3076,400,2443,400,400,400,400,400,400,2632,400,2491,2485,4522,2497,2505,2518,2468,0,0,0,0,0,0,0,0,0,0,0,0,0,0,0,0,0,0,0,0,0,0,0,0,0,0,10.526315689086914,0,0,0,0,0,20475,15905,9011,43,0,20475,13200,12310,49,0,66718994432,8589930496,32279105536,524288
200,1791366225711,1129243.9505462646,48800,2,1.16875,113954.2724609375,48800,2,0.94375,113006.96830749512,48800,2,0.94375,114486.85621643066,48800,2,0.94375,124986.9031829834,48800,2,0.94375,113384.34590148926,48800,2,0.94375,121846.28707885742,48800,2,0.94375,199281.0464477539,48800,2,1.16875,200543.94094848633,48800,2,1.16875,197054.80613708496,48800,2,1.16875,441720.07626342773,48800,2,1.16875,189001.275390625,48800,2,1.16875,187999.33442687988,48800,2,1.16875,182011.7331390381,48800,2,1.16875,117139.38711547852,48800,2,1.16875,119217.63343811035,48800,2,1.16875,14495497.539108276,5402,5377,3070,5049,2479,2488,5047,400,400,2838,400,2707,2478,400,3076,400,2443,400,400,400,400,400,400,2632,400,2491,2485,4522,2497,2505,2518,2468,0,0,0,0,0,0,0,0,0,0,0,0,0,0,0,0,0,0,0,0,0,0,0,0,0,0,10,0,0,0,0,0,20475,15905,9011,43,0,20475,13200,12351,49,0,66718994432,8589930496,32279105536,524288
200,1791366225912,1129243.9517364502,48800,2,1.16875,113954.27255249023,48800,2,1.03125,113006.96838378906,48800,2,1.03125,114486.8563079834,48800,2,1.03125,124986.90325927734,48800,2,1.03125,113384.3459777832,48800,2,1.03125,121846.28717041016,48800,2,1.03125,199281.0470123291,48800,2,1.16875,200543.94148254395,48800,2,1.16875,197054.80671691895,48800,2,1.16875,441720.14251708984,48800,2,1.16875,189001.27590942383,48800,2,1.16875,187999.3349609375,48800,2,1.16875,182011.7336578369,48800,2,1.16875,117139.3872680664,48800,2,1.03125,119217.63352966309,48800,2,1.03125,14495507.05418396,5402,5377,3070,5049,2479,2488,5047,400,400,2838,400,2707,2478,400,3076,400,2443,400,400,400,400,400,400,2632,400,2491,2485,4522,2497,2505,2518,2468,0,0,0,0,0,0,0,0,0,0,0,0,0,0,0,0,0,0,0,0,0,0,0,0,0,0,15.000000953674316,0,0,0,0,0,20475,15905,8950,43,0,20475,13200,12351,49,0,66718994432,8589930496,32279105536,524288
200,1791366226112,1129243.952911377,48800,2,1.0625,113954.27270507813,48800,2,1.1,113006.96849060059,48800,2,1.1,114486.85643005371,48800,2,1.1,124986.90338134766,48800,2,1.1,113384.34609985352,48800,2,1.1,121846.28729248047,48800,2,0.93125,199281.0475921631,3050,2,1.10625,200543.94204711914,3050,2,1.10625,197054.80731201172,3050,2,1.10625,441720.21116638184,3050,0,1.10625,189001.27644348145,3050,2,1.10625,187999.3355102539,3050,2,1.10625,182011.73419189453,3050,2,1.10625,117139.38777160645,48800,2,1.1,119217.63368225098,48800,2,1.1,14495516.633163452,5402,5377,3070,5049,2479,2488,5047,400,400,2838,400,2707,2478,400,3076,400,2443,400,400,400,400,400,400,2632,400,2491,2485,4522,2497,2505,2518,2468,0,0,0,0,0,0,0,0,0,0,0,0,0,0,0,0,0,0,0,0,0,0,0,0,0,0,10.526315689086914,0,0,0,0,0,20475,15905,8950,43,0,20475,13200,12351,49,0,66718994432,8589930496,32279105536,524288
200,1791366226312,1129243.953704834,48800,2,1.13125,113954.27282714844,48800,2,1.1375,113006.96859741211,48800,2,0.93125,114486.85655212402,48800,2,0.93125,124986.90348815918,48800,2,0.93125,113384.34620666504,48800,2,0.93125,121846.28739929199,48800,2,0.93125,199281.04821777344,48800,2,1.13125,200543.9426727295,48800,2,1.13125,197054.80795288086,48800,2,1.13125,441720.2807922363,48800,2,1.13125,189001.27700805664,48800,2,1.13125,187999.33610534668,48800,2,1.13125,182011.73477172852,48800,2,1.13125,117139.38809204102,48800,2,1.1375,119217.63380432129,48800,2,1.1375,14495526.251541138,5402,5377,3070,5049,2479,2488,5047,400,400,2838,400,2707,2478,400,3076,400,2443,400,400,400,400,400,400,2632,400,2491,2485,4522,2497,2505,2518,2468,0,0,0,0,0,0,0,0,0,0,0,0,0,0,0,0,0,0,0,0,0,0,0,0,0,0,14.285715103149414,0,0,0,0,0,20475,15905,8950,43,0,20475,13200,12351,49,0,66718994432,8589930496,32277848064,524288
200,1791366226513,1129243.9551086426,48800,2,1.16875,113954.27293395996,48800,2,1.0375,113006.96868896484,48800,2,1.0375,114486.85665893555,48800,2,1.0375,124986.90357971191,48800,2,1.0375,113384.34631347656,48800,2,1.0375,121846.28750610352,48800,2,1.0375,199281.0488128662,48800,2,1.16875,200543.9432373047,48800,2,1.16875,197054.8086090088,48800,2,1.16875,441720.34451293945,48800,2,1.16875,189001.27755737305,48800,2,1.16875,187999.3366546631,48800,2,1.16875,182011.73532104492,48800,2,1.16875,117139.3882598877,48800,2,1.0375,119217.6339263916,48800,2,1.0375,14495535.754974365,5402,5377,3070,5049,2479,2488,5047,400,400,2838,400,2707,2478,400,3076,400,2443,400,400,400,400,400,400,2632,400,2491,2485,4522,2497,2505,2518,2468,0,0,0,0,0,0,0,0,0,0,0,0,0,0,0,0,0,0,0,0,0,0,0,0,0,0,10.526315689086914,0,0,0,0,0,20475,15905,8950,43,0,20475,13200,12351,49,0,66718994432,8589930496,32277848064,524288
200,1791366226713,1129243.956817627,3050,2,1.10625,113954.27310180664,48800,2,1.1125,113006.96884155273,48800,2,1.1125,114486.85684204102,48800,2,1.1125,124986.9037475586,48800,2,1.1125,113384.34648132324,48800,2,0.93125,121846.2876739502,48800,2,0.93125,199281.04943847656,3050,2,1.10625,200543.94384765625,3050,2,1.10625,197054.80918884277,3050,2,1.10625,441720.41233825684,3050,0,1.10625,189001.27812194824,3050,2,1.10625,187999.33723449707,3050,2,1.10625,182011.73588562012,3050,2,1.10625,117139.38864135742,48800,2,1.1125,119217.63455200195,48800,2,1.1125,14495545.48677063,5402,5377,3070,5049,2479,2488,5047,400,400,2838,400,2707,2478,400,3076,400,2443,400,400,400,400,400,400,2632,400,2491,2485,4522,2497,2505,2518,2468,0,0,0,0,0,0,0,0,0,0,0,0,0,0,0,0,0,0,0,0,0,0,0,0,0,0,14.285715103149414,0,0,0,0,0,20475,15905,8950,43,0,20475,13200,12434,49,0,66718994432,8589930496,32276918272,524288
200,1791366226913,1129243.9579162598,48800,2,1.16875,113954.27328491211,48800,2,0.94375,113006.96899414063,48800,2,0.94375,114486.85702514648,48800,2,0.94375,124986.90390014648,48800,2,0.94375,113384.34663391113,48800,2,0.94375,121846.28784179688,48800,2,0.94375,199281.05000305176,48800,2,1.16875,200543.94441223145,48800,2,1.16875,197054.80981445313,48800,2,1.16875,441720.4777069092,48800,2,1.16875,189001.27868652344,48800,2,1.16875,187999.33784484863,48800,2,1.16875,182011.73641967773,48800,2,1.16875,117139.38903808594,48800,2,1.16875,119217.63482666016,48800,2,1.16875,14495555.108642578,5402,5377,3070,5049,2479,2488,5047,400,400,2838,400,2707,2478,400,3076,400,2443,400,400,400,400,400,400,2632,400,2491,2485,4522,2497,2505,2518,2468,0,0,0,0,0,0,0,0,0,0,0,0,0,0,0,0,0,0,0,0,0,0,0,4.761904716491699,0,0,10.526315689086914,0,0,0,0,0,20475,15905,8985,43,0,20475,13200,12434,49,0,66718994432,8589930496,32276918272,524288
200,1791366227114,1129243.9596710205,48800,2,1.16875,113954.27337646484,48800,2,1.0375,113006.96905517578,48800,2,1.0375,114486.85710144043,48800,2,1.0375,124986.90394592285,48800,2,1.0375,113384.34671020508,48800,2,1.0375,121846.28788757324,48800,2,1.0375,199281.05061340332,48800,2,1.16875,200543.94497680664,48800,2,1.16875,197054.81044006348,48800,2,1.16875,441720.5439758301,48800,2,1.16875,189001.27923583984,48800,2,1.16875,187999.33839416504,48800,2,1.16875,182011.73696899414,48800,2,1.16875,117139.3892211914,48800,2,1.0375,119217.63493347168,48800,2,1.0375,14495564.67237854,5402,5377,3070,5049,2479,2488,5047,400,400,2838,400,2707,2478,400,3076,400,2443,400,400,400,400,400,400,2632,400,2491,2485,4522,2497,2505,2518,2468,0,0,0,0,0,0,0,0,0,0,0,0,0,0,0,0,0,0,0,0,0,0,0,0,0,0,14.285715103149414,0,0,0,0,0,20475,15905,8985,43,0,20475,13200,12434,49,0,66718994432,8589930496,32276918272,524288
200,1791366227314,1129243.9614562988,3050,2,1.1125,113954.27355957031,48800,2,1.1125,113006.96919250488,48800,2,1.1125,114486.8572845459,48800,2,1.1125,124986.90409851074,48800,2,1.1125,113384.34687805176,48800,2,0.925,121846.28804016113,48800,2,0.925,199281.05116271973,3050,2,1.1125,200543.94555664063,3050,2,1.1125,197054.8110961914,3050,2,1.1125,441720.608795166,3050,0,1.1125,189001.27978515625,3050,2,1.1125,187999.33897399902,3050,2,1.1125,182011.73751831055,3050,2,1.1125,117139.38963317871,48800,2,1.1125,119217.63511657715,48800,2,1.1125,14495574.279800415,5402,5377,3070,5049,2479,2488,5047,400,400,2838,400,2707,2478,400,3076,400,2443,400,400,400,400,400,400,2632,400,2491,2485,4522,2497,2505,2518,2468,0,0,0,0,0,0,0,0,0,0,0,0,0,0,0,0,0,0,0,0,0,0,0,0,0,0,15.000000953674316,0,0,0,0,0,20475,15905,8985,43,0,20475,13200,12434,49,0,66718994432,8589930496,32271081472,524288
200,1791366227514,1129243.9626464844,48800,2,1.16875,113954.27369689941,48800,2,0.95625,113006.9692993164,48800,2,0.95625,114486.85740661621,48800,2,0.95625,124986.90420532227,48800,2,0.95625,113384.34700012207,48800,2,0.95625,121846.28816223145,48800,2,0.95625,199281.0517425537,48800,2,1.16875,200543.9461517334,48800,2,1.16875,197054.8117828369,48800,2,1.16875,441720.6767425537,48800,2,1.16875,189001.28034973145,48800,2,1.16875,187999.339553833,48800,2,1.16875,182011.73809814453,48800,2,1.16875,117139.38989257813,48800,2,1.16875,119217.63525390625,48800,2,1.16875,14495583.850540161,5402,5377,3070,5049,2479,2488,5047,400,400,2838,400,2707,2478,400,3076,400,2443,400,400,400,400,400,400,2632,400,2491,2485,4522,2497,2505,2518,2468,0,0,0,0,0,0,0,0,0,0,0,0,0,0,0,0,0,0,0,0,0,0,0,0,0,0,14.285715103149414,0,0,0,0,0,20475,15905,8985,43,0,20475,13200,12434,49,0,66718994432,8589930496,32279019520,524288
200,1791366227715,1129243.9640350342,48800,2,1.16875,113954.27383422852,48800,2,1.0375,113006.96940612793,48800,2,1.0375,114486.85754394531,48800,2,1.0375,124986.90431213379,48800,2,1.0375,113384.3471069336,48800,2,1.0375,121846.28826904297,48800,2,1.0375,199281.0523223877,48800,2,1.16875,200543.94677734375,48800,2,1.16875,197054.8124847412,48800,2,1.16875,441720.7418060303,48800,2,1.16875,189001.28092956543,48800,2,1.16875,187999.34016418457,48800,2,1.16875,182011.73867797852,48800,2,1.16875,117139.39010620117,48800,2,1.0375,119217.63540649414,48800,2,1.0375,14495593.475479126,5402,5377,3070,5049,2479,2488,5047,400,400,2838,400,2707,2478,400,3076,400,2443,400,400,400,400,400,400,2632,400,2491,2485,4522,2497,2505,2518,2468,0,0,0,0,0,0,0,0,0,0,0,0,0,0,0,0,0,0,0,0,0,0,0,0,0,0,10.526315689086914,0,0,0,0,0,20475,15905,8985,43,0,20475,13200,12425,49,0,66718994432,8589930496,32279019520,524288
200,1791366227915,1129243.9653625488,3050,2,1.11875,113954.2740020752,48800,2,1.1125,113006.96955871582,48800,2,1.1125,114486.85772705078,48800,2,1.1125,124986.90447998047,48800,2,1.1125,113384.34727478027,48800,2,0.93125,121846.28846740723,48800,2,0.93125,199281.05284118652,3050,2,1.11875,200543.94734191895,3050,2,1.11875,197054.81312561035,3050,2,1.11875,441720.80822753906,3050,0,1.11875,189001.28144836426,3050,2,1.11875,187999.3406982422,3050,2,1.11875,182011.73919677734,3050,2,1.11875,117139.39053344727,48800,2,1.1125,119217.6356048584,48800,2,1.1125,14495603.063476563,5402,5377,3070,5049,2479,2488,5047,400,400,2838,400,2707,2478,400,3076,400,2443,400,400,400,400,400,400,2632,400,2491,2485,4522,2497,2505,2518,2468,0,0,0,0,0,0,0,0,0,0,0,0,0,0,0,0,0,0,0,0,0,0,0,0,0,0,10,0,0,0,0,0,20475,15905,8982,43,0,20475,13200,12425,49,0,66718994432,8589930496,32279019520,524288
200,1791366228115,1129243.966293335,48800,2,1.16875,113954.2741394043,48800,2,0.95,113006.96966552734,48800,2,0.95,114486.8578491211,48800,2,0.95,124986.90458679199,48800,2,0.95,113384.3473815918,48800,2,0.95,121846.28857421875,48800,2,0.95,199281.05335998535,48800,2,1.16875,200543.94793701172,48800,2,1.16875,197054.81381225586,48800,2,1.16875,441720.8770904541,48800,2,1.16875,189001.28198242188,48800,2,1.16875,187999.34126281738,48800,2,1.16875,182011.73971557617,48800,2,1.16875,117139.3908996582,48800,2,1.16875,119217.6357421875,48800,2,1.16875,14495612.550567627,5402,5377,3070,5049,2479,2488,5047,400,400,2838,400,2707,2478,400,3076,400,2443,400,400,400,400,400,400,2632,400,2491,2485,4522,2497,2505,2518,2468,0,0,0,0,0,0,0,0,0,0,0,0,0,0,0,0,0,0,0,0,0,0,0,0,0,0,15.000000953674316,0,0,0,0,0,20475,15905,8982,43,0,20475,13200,12425,49,0,66718994432,8589930496,32279015424,524288
200,1791366228316,1129243.9674682617,48800,2,1.175,113954.27421569824,48800,2,1.0375,113006.96974182129,48800,2,1.0375,114486.85794067383,48800,2,1.0375,124986.90464782715,48800,2,1.0375,113384.34744262695,48800,2,1.0375,121846.2886352539,48800,2,1.0375,199281.05389404297,48800,2,1.175,200543.9485015869,48800,2,1.175,197054.81448364258,48800,2,1.175,441720.9411468506,48800,2,1.175,189001.28253173828,48800,2,1.175,187999.3418121338,48800,2,1.175,182011.74026489258,48800,2,1.175,117139.39106750488,48800,2,1.0375,119217.63584899902,48800,2,1.0375,14495622.130508423,5402,5377,3070,5049,2479,2488,5047,400,400,2838,400,2707,2478,400,3076,400,2443,400,400,400,400,400,400,2632,400,2491,2485,4522,2497,2505,2518,2468,0,0,0,0,0,0,0,0,0,0,0,0,0,0,0,0,0,0,0,0,0,0,0,0,0,0,15.000000953674316,0,0,0,0,0,20475,15905,8982,43,0,20475,13200,12425,49,0,66718994432,8589930496,32278056960,524288
200,1791366228516,1129243.9692077637,3050,2,1.11875,113954.27435302734,48800,2,1.10625,113006.96987915039,48800,2,1.10625,114486.85810852051,48800,2,1.10625,124986.90478515625,48800,2,1.10625,113384.34761047363,48800,2,0.93125,121846.28877258301,48800,2,0.93125,199281.05519104004,3050,2,1.11875,200543.9490966797,3050,2,1.11875,197054.81512451172,3050,2,1.11875,441721.01023864746,3050,0,1.11875,189001.28309631348,3050,2,1.11875,187999.34237670898,3050,2,1.11875,182011.74102783203,3050,2,1.11875,117139.3914642334,48800,2,1.10625,119217.63598632813,48800,2,1.10625,14495631.815429688,5402,5377,3070,5049,2479,2488,5047,400,400,2838,400,2707,2478,400,3076,400,2443,400,400,400,400,400,400,2632,400,2491,2485,4522,2497,2505,2518,2468,0,0,0,0,0,0,0,0,0,0,0,0,0,0,0,0,0,0,0,0,0,0,0,0,0,0,10,0,0,0,0,0,20475,15905,8982,43,0,20475,13200,12425,49,0,66718994432,8589930496,32278056960,524288
200,1791366228716,1129243.9701385498,48800,2,1.16875,113954.27453613281,48800,2,0.95,113006.97003173828,48800,2,0.95,114486.85829162598,48800,2,0.95,124986.90493774414,48800,2,0.95,113384.34777832031,48800,2,0.95,121846.2889251709,48800,2,0.95,199281.05577087402,48800,2,1.16875,200543.94967651367,48800,2,1.16875,197054.81578063965,48800,2,1.16875,441721.07638549805,48800,2,1.16875,189001.2836303711,48800,2,1.16875,187999.34295654297,48800,2,1.16875,182011.74156188965,48800,2,1.16875,117139.3918762207,48800,2,1.16875,119217.6362915039,48800,2,1.16875,14495641.350006104,5402,5377,3070,5049,2479,2488,5047,400,400,2838,400,2707,2478,400,3076,400,2443,400,400,400,400,400,400,2632,400,2491,2485,4522,2497,2505,2518,2468,0,0,0,0,0,0,0,0,0,0,0,0,0,0,0,0,0,0,0,0,0,0,0,0,0,0,10.526315689086914,0,0,0,0,0,20475,15905,8982,43,0,20475,13200,12306,49,0,66718994432,8589930496,32278056960,524288
200,1791366228917,1129243.9716339111,48800,2,1.16875,113954.27467346191,48800,2,1.025,113006.9701385498,48800,2,1.025,114486.85842895508,48800,2,1.025,124986.90502929688,48800,2,1.025,113384.34791564941,48800,2,1.025,121846.28904724121,48800,2,1.025,199281.05632019043,48800,2,1.16875,200543.95024108887,48800,2,1.16875,197054.8164215088,48800,2,1.16875,441721.14237976074,48800,2,1.16875,189001.2841796875,48800,2,1.16875,187999.34352111816,48800,2,1.16875,182011.74211120605,48800,2,1.16875,117139.39204406738,48800,2,1.025,119217.63653564453,48800,2,1.025,14495650.908477783,5402,5377,3070,5049,2479,2488,5047,400,400,2838,400,2707,2478,400,3076,400,2443,400,400,400,400,400,400,2632,400,2491,2485,4522,2497,2505,2518,2468,0,0,0,0,0,0,0,0,0,0,0,0,0,0,0,0,0,0,0,0,0,0,0,0,0,0,14.285715103149414,0,0,0,0,0,20475,15905,8989,43,0,20475,13200,12306,49,0,66718994432,8589930496,32278056960,524288
200,1791366229117,1129243.972808838,48800,2,1.16875,113954.27481079102,48800,2,1.1,113006.97024536133,48800,2,1.1,114486.85856628418,48800,2,1.1,124986.9051361084,48800,2,1.1,113384.34803771973,48800,2,1.1,121846.28916931152,48800,2,1.1,199281.0569152832,3050,2,1.1,200543.9508972168,3050,2,1.1,197054.81784057617,3050,2,1.1,441721.20918273926,3050,0,1.1,189001.28477478027,3050,2,1.1,187999.34413146973,3050,2,1.1,182011.74270629883,3050,2,1.1,117139.39219665527,48800,2,1.1,119217.63681030273,48800,2,1.1,14495660.592910767,5402,5377,3070,5049,2479,2488,5047,400,400,2838,400,2707,2478,400,3076,400,2443,400,400,400,400,400,400,2632,400,2491,2485,4522,2497,2505,2518,2468,0,0,0,0,0,0,0,0,0,0,0,0,0,0,0,0,0,0,0,0,0,0,0,0,0,0,15.000000953674316,0,0,0,0,0,20475,15905,8989,43,0,20475,13200,12306,49,0,66718994432,8589930496,32278052864,524288
200,1791366229317,1129243.9736785889,3050,2,0.60625,113954.27493286133,48800,2,0.9375,113006.97035217285,48800,2,0.925,114486.85868835449,48800,2,0.925,124986.90524291992,48800,2,0.925,113384.34814453125,48800,2,0.925,121846.28929138184,48800,2,0.925,199281.05751037598,3050,2,0.60625,200543.95150756836,3050,2,0.60625,197054.8187866211,3050,2,0.60625,441721.27784729004,3050,0,0.60625,189001.28536987305,3050,2,0.60625,187999.34477233887,3050,2,0.60625,182011.7433166504,3050,2,0.60625,117139.39231872559,48800,2,0.9375,119217.63710021973,48800,2,0.9375,14495670.30682373,5402,5377,3070,5049,2479,2488,5047,400,400,2838,400,2707,2478,400,3076,400,2443,400,400,400,400,400,400,2632,400,2491,2485,4522,2497,2505,2518,2468,0,0,0,0,0,0,0,0,0,0,0,0,0,0,0,0,0,0,0,0,0,0,0,0,0,0,14.285715103149414,0,0,0,0,0,20475,15905,8989,43,0,20475,13200,12306,49,0,66718994432,8589930496,32273498112,524288
200,1791366229518,1129243.975479126,48800,2,1.16875,113954.2751159668,48800,2,1.0437500000000002,113006.97050476074,48800,2,1.0437500000000002,114486.85887145996,48800,2,1.0437500000000002,124986.90539550781,48800,2,1.0437500000000002,113384.34832763672,48800,2,1.0437500000000002,121846.2894744873,48800,2,1.0437500000000002,199281.0581665039,48800,2,1.16875,200543.95219421387,48800,2,1.16875,197054.8215484619,48800,2,1.16875,441721.3452453613,48800,2,1.16875,189001.28602600098,48800,2,1.16875,187999.3454284668,48800,2,1.16875,182011.74397277832,3050,2,1.03125,117139.39250183105,48800,2,1.0437500000000002,119217.63745117188,48800,2,1.0437500000000002,14495680.160980225,5402,5377,3070,5049,2479,2488,5047,400,400,2838,400,2707,2478,400,3076,400,2443,400,400,400,400,400,400,2632,400,2491,2485,4522,2497,2505,2518,2468,0,0,0,0,0,0,0,0,0,0,0,0,0,0,0,0,0,0,0,0,0,0,0,0,0,0,10.526315689086914,0,0,0,0,0,20475,15905,8989,43,0,20475,13200,12306,49,0,66718994432,8589930496,32274243584,524288
200,1791366229718,1129243.9767303467,3050,2,1.11875,113954.27537536621,48800,2,1.11875,113006.97074890137,48800,2,1.11875,114486.85914611816,48800,2,1.11875,124986.90563964844,48800,2,0.925,113384.34858703613,48800,2,0.925,121846.28974914551,48800,2,0.925,199281.05877685547,3050,2,1.11875,200543.95288085938,3050,2,1.11875,197054.82235717773,3050,2,1.11875,441721.4112548828,3050,0,1.11875,189001.28665161133,3050,2,1.11875,187999.3461151123,3050,2,1.11875,182011.74461364746,3050,2,1.11875,117139.39273071289,48800,2,1.11875,119217.63793945313,48800,2,1.11875,14495689.975982666,5402,5377,3070,5049,2479,2488,5047,400,400,2838,400,2707,2478,400,3076,400,2443,400,400,400,400,400,400,2632,400,2491,2485,4522,2497,2505,2518,2468,0,0,0,0,0,0,0,0,0,0,0,0,0,0,0,0,0,0,0,0,0,0,0,0,0,0,10.526315689086914,0,0,0,0,0,20475,15905,8989,43,0,20475,13200,12262,49,0,66718994432,8589930496,32274243584,524288
200,1791366229918,1129243.9791412354,48800,2,1.16875,113954.27551269531,48800,2,0.94375,113006.97087097168,48800,2,0.94375,114486.85928344727,48800,2,0.94375,124986.90576171875,48800,2,0.94375,113384.34870910645,48800,2,0.94375,121846.28991699219,48800,2,0.94375,199281.05934143066,48800,2,1.16875,200543.95349121094,48800,2,1.16875,197054.82304382324,48800,2,1.16875,441721.477935791,48800,2,1.16875,189001.2872314453,48800,2,1.16875,187999.34671020508,48800,2,1.16875,182011.74517822266,48800,2,1.16875,117139.39286804199,48800,2,1.16875,119217.63830566406,48800,2,1.16875,14495699.584625244,5402,5377,3070,5049,2479,2488,5047,400,400,2838,400,2707,2478,400,3076,400,2443,400,400,400,400,400,400,2632,400,2491,2485,4522,2497,2505,2518,2468,0,0,0,0,0,0,0,0,0,0,0,0,0,0,0,0,0,0,0,0,0,0,0,0,0,0,14.285715103149414,0,0,0,0,0,20475,15905,8966,43,0,20475,13200,12262,49,0,66718994432,8589930496,32274239488,524288
200,1791366230119,1129243.9817504883,48800,2,1.16875,113954.27563476563,48800,2,1.03125,113006.9709777832,48800,2,1.03125,114486.85940551758,48800,2,1.03125,124986.90586853027,48800,2,1.03125,113384.34881591797,48800,2,1.03125,121846.29005432129,48800,2,1.03125,199281.0598602295,48800,2,1.16875,200543.95407104492,48800,2,1.16875,197054.82369995117,48800,2,1.16875,441721.54510498047,48800,2,1.16875,189001.28775024414,48800,2,1.16875,187999.34725952148,48800,2,1.16875,182011.74569702148,48800,2,1.16875,117139.3929901123,48800,2,1.03125,119217.63864135742,48800,2,1.03125,14495709.128616333,5402,5377,3070,5049,2479,2488,5047,400,400,2838,400,2707,2478,400,3076,400,2443,400,400,400,400,400,400,2632,400,2491,2485,4522,2497,2505,2518,2468,0,0,0,0,0,0,0,0,0,0,0,0,0,0,0,0,0,0,0,0,0,0,0,0,0,0,15.000000953674316,0,0,0,0,0,20475,15905,8966,43,0,20475,13200,12262,49,0,66718994432,8589930496,32274239488,524288
200,1791366230319,1129243.9835357666,48800,2,1.16875,113954.2758026123,48800,2,1.1,113006.9711151123,48800,2,1.1,114486.85957336426,48800,2,1.1,124986.90602111816,48800,2,1.1,113384.34898376465,48800,2,1.1,121846.29023742676,48800,2,0.925,199281.06037902832,3050,2,1.1,200543.95463562012,3050,2,1.1,197054.82429504395,3050,2,1.1,441721.6111755371,3050,0,1.1,189001.28826904297,3050,2,1.1,187999.3478088379,3050,2,1.1,182011.7462158203,3050,2,1.1,117139.39315795898,48800,2,1.1,119217.63902282715,48800,2,1.1,14495718.764709473,5402,5377,3070,5049,2479,2488,5047,400,400,2838,400,2707,2478,400,3076,400,2443,400,400,400,400,400,400,2632,400,2491,2485,4522,2497,2505,2518,2468,0,0,0,0,0,0,0,0,0,0,0,0,0,0,0,0,0,0,0,0,0,0,0,0,0,0,10,0,0,0,0,0,20475,15905,8966,43,0,20475,13200,12262,49,0,66718994432,8589930496,32269209600,524288
200,1791366230519,1129243.9859161377,48800,2,1.1375,113954.2759552002,48800,2,1.14375,113006.9712524414,48800,2,0.93125,114486.85972595215,48800,2,0.93125,124986.90615844727,48800,2,0.93125,113384.34912109375,48800,2,0.93125,121846.29042053223,48800,2,0.93125,199281.06147766113,48800,2,1.1375,200543.95529174805,48800,2,1.1375,197054.82495117188,48800,2,1.1375,441721.680267334,48800,2,1.1375,189001.28886413574,48800,2,1.1375,187999.34843444824,48800,2,1.1375,182011.74682617188,48800,2,1.1375,117139.39332580566,48800,2,1.14375,119217.63946533203,48800,2,1.14375,14495728.444976807,5402,5377,3070,5049,2479,2488,5047,400,400,2838,400,2707,2478,400,3076,400,2443,400,400,400,400,400,400,2632,400,2491,2485,4522,2497,2505,2518,2468,0,0,0,0,0,0,0,0,0,0,0,0,0,0,0,0,0,0,0,0,0,0,0,0,0,0,10.526315689086914,0,0,0,0,0,20475,15905,8966,43,0,20475,13200,12262,49,0,66718994432,8589930496,32276475904,524288
200,1791366230720,1129243.9870910645,48800,2,1.16875,113954.27606201172,48800,2,1.025,113006.97134399414,48800,2,1.025,114486.85983276367,48800,2,1.025,124986.90625,48800,2,1.025,113384.34922790527,48800,2,1.025,121846.29055786133,48800,2,1.025,199281.06198120117,48800,2,1.16875,200543.95581054688,48800,2,1.16875,197054.82551574707,48800,2,1.16875,441721.74673461914,48800,2,1.16875,189001.28936767578,48800,2,1.16875,187999.34895324707,48800,2,1.16875,182011.7473297119,48800,2,1.16875,117139.39344787598,48800,2,1.025,119217.63970947266,48800,2,1.025,14495737.945617676,5402,5377,3070,5049,2479,2488,5047,400,400,2838,400,2707,2478,400,3076,400,2443,400,400,400,400,400,400,2632,400,2491,2485,4522,2497,2505,2518,2468,0,0,0,0,0,0,0,0,0,0,0,0,0,0,0,0,0,0,0,0,0,0,0,0,0,0,18.18181800842285,0,0,0,0,0,20475,15905,8966,43,0,20475,13200,12277,49,0,66718994432,8589930496,32276475904,524288
200,1791366230920,1129243.9886322021,48800,2,1.16875,113954.27619934082,48800,2,1.1,113006.97146606445,48800,2,1.1,114486.85997009277,48800,2,1.1,124986.9063873291,48800,2,1.1,113384.34936523438,48800,2,1.1,121846.2907409668,48800,2,0.93125,199281.06257629395,3050,2,1.1,200543.95642089844,3050,2,1.1,197054.82614135742,3050,2,1.1,441721.8119354248,3050,0,1.1,189001.28994750977,3050,2,1.1,187999.34954833984,3050,2,1.1,182011.7479095459,3050,2,1.1,117139.39360046387,48800,2,1.1,119217.6400604248,48800,2,1.1,14495747.584823608,5402,5377,3070,5049,2479,2488,5047,400,400,2838,400,2707,2478,400,3076,400,2443,400,400,400,400,400,400,2632,400,2491,2485,4522,2497,2505,2518,2468,0,0,0,0,0,0,0,0,0,0,0,0,0,0,0,0,0,0,0,0,0,0,0,0,0,0,15.000000953674316,0,0,0,0,0,20475,15905,8843,43,0,20475,13200,12277,49,0,66718994432,8589930496,32276471808,524288
200,1791366231120,1129243.9894561768,48800,2,1.13125,113954.27630615234,48800,2,1.1375,113006.97157287598,48800,2,1.1375,114486.8600769043,48800,2,0.93125,124986.90647888184,48800,2,0.93125,113384.34945678711,48800,2,0.93125,121846.29086303711,48800,2,0.93125,199281.06312561035,48800,2,1.13125,200543.95698547363,48800,2,1.13125,197054.82676696777,48800,2,1.13125,441721.88192749023,48800,2,1.13125,189001.29049682617,48800,2,1.13125,187999.35009765625,48800,2,1.13125,182011.7484741211,48800,2,1.13125,117139.39370727539,48800,2,1.1375,119217.64038085938,48800,2,1.1375,14495757.134017944,5402,5377,3070,5049,2479,2488,5047,400,400,2838,400,2707,2478,400,3076,400,2443,400,400,400,400,400,400,2632,400,2491,2485,4522,2497,2505,2518,2468,0,0,0,0,0,0,0,0,0,0,0,0,0,0,0,0,0,0,0,0,0,0,0,0,0,0,10.526315689086914,0,0,0,0,0,20475,15905,8843,43,0,20475,13200,12277,49,0,66718994432,8589930496,32276471808,524288
200,1791366231321,1129243.9909820557,48800,2,1.16875,113954.27644348145,48800,2,1.01875,113006.97169494629,48800,2,1.01875,114486.8602142334,48800,2,1.01875,124986.90660095215,48800,2,1.01875,113384.34957885742,48800,2,1.01875,121846.291015625,48800,2,1.01875,199281.06367492676,48800,2,1.16875,200543.95756530762,48800,2,1.16875,197054.82739257813,48800,2,1.16875,441721.94512939453,48800,2,1.16875,189001.29104614258,48800,2,1.16875,187999.35066223145,48800,2,1.16875,182011.7490234375,48800,2,1.16875,117139.39384460449,48800,2,1.01875,119217.64064025879,48800,2,1.01875,14495766.77507019,5402,5377,3070,5049,2479,2488,5047,400,400,2838,400,2707,2478,400,3076,400,2443,400,400,400,400,400,400,2632,400,2491,2485,4522,2497,2505,2518,2468,0,0,0,0,0,0,0,0,0,0,0,0,0,0,0,0,0,0,0,0,0,0,0,0,0,0,14.285715103149414,0,0,0,0,0,20475,15905,8843,43,0,20475,13200,12277,49,0,66718994432,8589930496,32275828736,524288
200,1791366231521,1129243.9924163818,48800,2,1.175,113954.27658081055,48800,2,1.1,113006.9718170166,48800,2,1.1,114486.8603515625,48800,2,1.1,124986.90673828125,48800,2,1.1,113384.34971618652,48800,2,1.1,121846.29119873047,48800,2,1.1,199281.0641937256,48800,2,1.175,200543.9581298828,3050,2,1.09375,197054.8279724121,3050,2,1.09375,441722.0099182129,3050,0,1.09375,189001.2915802002,3050,2,1.09375,187999.35122680664,3050,2,1.09375,182011.74955749512,3050,2,1.09375,117139.39401245117,48800,2,1.1,119217.64100646973,48800,2,1.1,14495776.358703613,5402,5377,3070,5049,2479,2488,5047,400,400,2838,400,2707,2478,400,3076,400,2443,400,400,400,400,400,400,2632,400,2491,2485,4522,2497,2505,2518,2468,0,0,0,0,0,0,0,0,0,0,0,0,0,0,0,0,0,0,0,0,0,0,0,0,0,0,10.526315689086914,0,0,0,0,0,20475,15905,8843,43,0,20475,13200,12277,49,0,66718994432,8589930496,32275828736,524288
200,1791366231721,1129243.993347168,48800,2,1.13125,113954.27673339844,48800,2,1.13125,113006.9719543457,48800,2,0.93125,114486.86050415039,48800,2,0.93125,124986.90687561035,48800,2,0.93125,113384.3498840332,48800,2,0.93125,121846.29133605957,48800,2,0.93125,199281.06480407715,48800,2,1.13125,200543.95877075195,48800,2,1.13125,197054.82864379883,48800,2,1.13125,441722.08030700684,48800,2,1.13125,189001.29219055176,48800,2,1.13125,187999.351852417,48800,2,1.13125,182011.75016784668,48800,2,1.13125,117139.39416503906,48800,2,1.13125,119217.64141845703,48800,2,1.13125,14495785.879226685,5402,5377,3070,5049,2479,2488,5047,400,400,2838,400,2707,2478,400,3076,400,2443,400,400,400,400,400,400,2632,400,2491,2485,4522,2497,2505,2518,2468,0,0,0,0,0,0,0,0,0,0,0,0,0,0,0,0,0,0,0,0,0,0,0,0,0,0,14.285715103149414,0,0,0,0,0,20475,15905,8843,43,0,20475,13200,12297,49,0,66718994432,8589930496,32275828736,524288
200,1791366231922,1129243.9949493408,48800,2,1.16875,113954.27685546875,48800,2,1.0375,113006.97206115723,48800,2,1.0375,114486.8606262207,48800,2,1.0375,124986.90698242188,48800,2,1.0375,113384.34999084473,48800,2,1.0375,121846.29147338867,48800,2,1.0375,199281.0654144287,48800,2,1.16875,200543.9593963623,48800,2,1.16875,197054.82929992676,48800,2,1.16875,441722.1469116211,48800,2,1.16875,189001.29280090332,48800,2,1.16875,187999.35247802734,48800,2,1.16875,182011.75077819824,48800,2,1.16875,117139.39431762695,48800,2,1.0375,119217.64167785645,48800,2,1.0375,14495795.44581604,5402,5377,3070,5049,2479,2488,5047,400,400,2838,400,2707,2478,400,3076,400,2443,400,400,400,400,400,400,2632,400,2491,2485,4522,2497,2505,2518,2468,4.761904716491699,0,0,0,0,0,0,0,0,0,0,0,0,0,0,0,0,0,0,0,0,0,0,0,0,0,10.526315689086914,0,0,0,0,0,20475,15905,8839,43,0,20475,13200,12297,49,0,66718994432,8589930496,32275824640,524288
200,1791366232122,1129243.9957427979,3050,2,1.11875,113954.27699279785,48800,2,1.1125,113006.97218322754,48800,2,1.1125,114486.8607788086,48800,2,1.1125,124986.90711975098,48800,2,1.1125,113384.35012817383,48800,2,1.1125,121846.29164123535,48800,2,0.93125,199281.06593322754,3050,2,1.11875,200543.9599609375,3050,2,1.11875,197054.82987976074,3050,2,1.11875,441722.21241760254,3050,0,1.11875,189001.29331970215,3050,2,1.11875,187999.35301208496,3050,2,1.11875,182011.75129699707,3050,2,1.11875,117139.39447021484,48800,2,1.1125,119217.64204406738,48800,2,1.1125,14495804.974761963,5402,5377,3070,5049,2479,2488,5047,400,400,2838,400,2707,2478,400,3076,400,2443,400,400,400,400,400,400,2632,400,2491,2485,4522,2497,2505,2518,2468,0,0,0,0,0,0,0,0,0,0,0,0,0,0,0,0,0,0,0,0,0,0,0,0,0,0,10.526315689086914,0,0,0,0,0,20475,15905,8839,43,0,20475,13200,12297,49,0,66718994432,8589930496,32275824640,524288
200,1791366232322,1129243.997467041,48800,2,1.01875,113954.27716064453,48800,2,0.93125,113006.97233581543,48800,2,0.93125,114486.86094665527,48800,2,0.93125,124986.90727233887,48800,2,0.93125,113384.35028076172,48800,2,0.93125,121846.29180908203,48800,2,0.93125,199281.06648254395,48800,2,1.01875,200543.96055603027,48800,2,1.01875,197054.8304901123,48800,2,1.01875,441722.28102111816,48800,2,1.01875,189001.29389953613,48800,2,1.01875,187999.35360717773,48800,2,1.01875,182011.75187683105,48800,2,1.01875,117139.39465332031,48800,2,1.025,119217.6424407959,48800,2,1.025,14495814.54902649,5402,5377,3070,5049,2479,2488,5047,400,400,2838,400,2707,2478,400,3076,400,2443,400,400,400,400,400,400,2632,400,2491,2485,4522,2497,2505,2518,2468,0,0,0,0,0,0,0,0,0,0,0,0,0,0,0,0,0,0,0,0,0,0,0,0,0,0,18.18181800842285,0,0,0,0,0,20475,15905,8839,43,0,20475,13200,12297,49,0,66718994432,8589930496,32273588224,524288
200,1791366232523,1129243.9988861084,48800,2,1.16875,113954.27729797363,48800,2,1.0375,113006.97245788574,48800,2,1.0375,114486.86108398438,48800,2,1.0375,124986.90739440918,48800,2,1.0375,113384.35040283203,48800,2,1.0375,121846.29197692871,48800,2,1.0375,199281.06706237793,48800,2,1.16875,200543.96115112305,48800,2,1.16875,197054.83111572266,48800,2,1.16875,441722.3466949463,48800,2,1.16875,189001.29447937012,48800,2,1.16875,187999.35418701172,48800,2,1.16875,182011.75245666504,48800,2,1.16875,117139.3948059082,48800,2,1.0375,119217.6427154541,48800,2,1.0375,14495823.982086182,5402,5377,3070,5049,2479,2488,5047,400,400,2838,400,2707,2478,400,3076,400,2443,400,400,400,400,400,400,2632,400,2491,2485,4522,2497,2505,2518,2468,0,0,0,0,0,0,0,0,0,0,0,0,0,0,0,0,0,0,0,0,0,0,0,0,0,0,10.526315689086914,0,0,0,0,0,20475,15905,8839,43,0,20475,13200,12297,49,0,66718994432,8589930496,32273301504,524288
200,1791366232723,1129243.9998016357,3050,2,1.11875,113954.27749633789,48800,2,1.125,113006.97264099121,48800,2,1.125,114486.86129760742,48800,2,1.125,124986.90759277344,48800,2,1.125,113384.35061645508,48800,2,0.93125,121846.29220581055,48800,2,0.93125,199281.06770324707,3050,2,1.11875,200543.96180725098,3050,2,1.11875,197054.83181762695,3050,2,1.11875,441722.41119384766,3050,0,1.11875,189001.29512023926,3050,2,1.11875,187999.35484313965,3050,2,1.11875,182011.75309753418,3050,2,1.11875,117139.39501953125,48800,2,1.125,119217.6431274414,48800,2,1.125,14495833.717651367,5402,5377,3070,5049,2479,2488,5047,400,400,2838,400,2707,2478,400,3076,400,2443,400,400,400,400,400,400,2632,400,2491,2485,4522,2497,2505,2518,2468,0,0,0,0,0,0,0,0,0,0,0,0,0,0,0,0,0,0,0,0,0,0,0,0,0,0,14.285715103149414,0,0,0,0,0,20475,15905,8839,43,0,20475,13200,12359,49,0,66718994432,8589930496,32273297408,524288
200,1791366232923,1129244.0018463135,48800,2,1.16875,113954.27755737305,48800,2,0.95625,113006.97268676758,48800,2,0.95625,114486.86135864258,48800,2,0.95625,124986.9076385498,48800,2,0.95625,113384.35066223145,48800,2,0.95625,121846.2922668457,48800,2,0.95625,199281.0682373047,48800,2,1.16875,200543.9623413086,48800,2,1.16875,197054.83239746094,48800,2,1.16875,441722.47956848145,48800,2,1.16875,189001.29565429688,48800,2,1.16875,187999.35539245605,48800,2,1.16875,182011.7536315918,48800,2,1.16875,117139.39511108398,48800,2,1.16875,119217.64335632324,48800,2,1.16875,14495843.244125366,5402,5377,3070,5049,2479,2488,5047,400,400,2838,400,2707,2478,400,3076,400,2443,400,400,400,400,400,400,2632,400,2491,2485,4522,2497,2505,2518,2468,0,0,0,0,0,0,0,0,0,0,0,0,0,0,0,0,0,0,0,0,0,0,0,0,0,0,10.526315689086914,0,0,0,0,0,20475,15905,8902,43,0,20475,13200,12359,49,0,66718994432,8589930496,32273297408,524288
200,1791366233124,1129244.00340271,48800,2,1.16875,113954.27770996094,48800,2,1.03125,113006.97283935547,48800,2,1.03125,114486.86151123047,48800,2,1.03125,124986.9077758789,48800,2,1.03125,113384.35079956055,48800,2,1.03125,121846.2924194336,48800,2,1.03125,199281.06884765625,48800,2,1.16875,200543.96298217773,48800,2,1.16875,197054.83308410645,48800,2,1.16875,441722.54608154297,48800,2,1.16875,189001.29624938965,48800,2,1.16875,187999.3560180664,48800,2,1.16875,182011.75421142578,48800,2,1.16875,117139.39529418945,48800,2,1.03125,119217.64367675781,48800,2,1.03125,14495852.799667358,5402,5377,3070,5049,2479,2488,5047,400,400,2838,400,2707,2478,400,3076,400,2443,400,400,400,400,400,400,2632,400,2491,2485,4522,2497,2505,2518,2468,0,0,0,0,0,0,0,0,0,0,0,0,0,0,0,0,0,0,0,0,0,0,0,4.761904716491699,0,0,14.285715103149414,0,0,0,0,0,20475,15905,8902,43,0,20475,13200,12359,49,0,66718994432,8589930496,32273297408,524288
200,1791366233324,1129244.0041351318,3050,2,1.1,113954.27787780762,48800,2,1.1125,113006.97299194336,48800,2,1.1125,114486.86169433594,48800,2,1.1125,124986.90794372559,48800,2,1.1125,113384.35096740723,48800,2,1.1125,121846.29260253906,48800,2,0.925,199281.06936645508,3050,2,1.1,200543.96354675293,3050,2,1.1,197054.83363342285,3050,2,1.1,441722.61100769043,3050,0,1.1,189001.29678344727,3050,2,1.1,187999.3565826416,3050,2,1.1,182011.7547302246,3050,2,1.1,117139.39547729492,48800,2,1.1125,119217.64408874512,48800,2,1.1125,14495862.433227539,5402,5377,3070,5049,2479,2488,5047,400,400,2838,400,2707,2478,400,3076,400,2443,400,400,400,400,400,400,2632,400,2491,2485,4522,2497,2505,2518,2468,0,0,0,0,0,0,0,0,0,0,0,0,0,0,0,0,0,0,0,0,0,0,0,0,0,0,10.526315689086914,0,0,0,0,0,20475,15905,8902,43,0,20475,13200,12359,49,0,66718994432,8589930496,32265359360,524288
200,1791366233524,1129244.0061035156,48800,2,1.13125,113954.27798461914,48800,2,0.93125,113006.9730834961,48800,2,0.93125,114486.86180114746,48800,2,0.93125,124986.90803527832,48800,2,0.93125,113384.35105895996,48800,2,0.93125,121846.29272460938,48800,2,0.93125,199281.07008361816,48800,2,1.13125,200543.9642944336,48800,2,1.13125,197054.8359375,48800,2,1.13125,441722.67839050293,48800,2,1.13125,189001.29747009277,48800,2,1.13125,187999.3572998047,48800,2,1.13125,182011.7554321289,48800,2,1.13125,117139.39558410645,48800,2,1.1375,119217.64437866211,48800,2,1.1375,14495872.181808472,5402,5377,3070,5049,2479,2488,5047,400,400,2838,400,2707,2478,400,3076,400,2443,400,400,400,400,400,400,2632,400,2491,2485,4522,2497,2505,2518,2468,0,0,0,0,0,0,0,0,0,0,0,0,0,0,0,0,0,0,0,0,0,0,0,0,0,0,14.285715103149414,0,0,0,0,0,20475,15905,8902,43,0,20475,13200,12359,49,0,66718994432,8589930496,32274391040,524288
200,1791366233725,1129244.0075683594,48800,2,1.16875,113954.27824401855,48800,2,1.0437500000000002,113006.97332763672,48800,2,1.0437500000000002,114486.86206054688,48800,2,1.0437500000000002,124986.90827941895,48800,2,1.0437500000000002,113384.35131835938,48800,2,1.0437500000000002,121846.29298400879,48800,2,1.0437500000000002,199281.07164001465,48800,2,1.16875,200543.96507263184,48800,2,1.16875,197054.83674621582,48800,2,1.16875,441722.74449157715,48800,2,1.16875,189001.29821777344,48800,2,1.16875,187999.3581085205,48800,2,1.16875,182011.75621032715,48800,2,1.16875,117139.39585876465,48800,2,1.0437500000000002,119217.64479064941,48800,2,1.0437500000000002,14495882.069335938,5402,5377,3070,5049,2479,2488,5047,400,400,2838,400,2707,2478,400,3076,400,2443,400,400,400,400,400,400,2632,400,2491,2485,4522,2497,2505,2518,2468,0,0,0,0,0,0,0,0,0,0,0,0,0,0,0,0,0,0,0,0,0,0,0,0,0,0,10.526315689086914,0,0,0,0,0,20475,15905,8902,43,0,20475,13200,12384,49,0,66718994432,8589930496,32274386944,524288
200,1791366233925,1129244.0083007813,3050,2,1.10625,113954.27839660645,48800,2,1.1125,113006.97346496582,48800,2,1.1125,114486.86222839355,48800,2,1.1125,124986.90843200684,48800,2,1.1125,113384.35147094727,48800,2,1.1125,121846.29313659668,48800,2,0.93125,199281.07220458984,3050,2,1.10625,200543.9656982422,3050,2,1.10625,197054.8373413086,3050,2,1.10625,441722.8101501465,3050,0,1.10625,189001.29879760742,3050,2,1.10625,187999.35870361328,3050,2,1.10625,182011.75677490234,3050,2,1.10625,117139.39602661133,48800,2,1.1125,119217.64515686035,48800,2,1.1125,14495891.713348389,5402,5377,3070,5049,2479,2488,5047,400,400,2838,400,2707,2478,400,3076,400,2443,400,400,400,400,400,400,2632,400,2491,2485,4522,2497,2505,2518,2468,0,0,0,0,0,0,0,0,0,0,0,0,0,0,0,0,0,0,0,0,0,0,0,0,0,0,15.000000953674316,0,0,0,0,0,20475,15905,8932,43,0,20475,13200,12384,49,0,66718994432,8589930496,32274386944,524288
200,1791366234125,1129244.010192871,48800,2,1.16875,113954.27848815918,48800,2,1.16875,113006.97354125977,48800,2,0.95625,114486.86231994629,48800,2,0.95625,124986.90850830078,48800,2,0.95625,113384.35154724121,48800,2,0.95625,121846.29321289063,48800,2,0.95625,199281.0728149414,48800,2,1.16875,200543.96632385254,48800,2,1.16875,197054.83865356445,48800,2,1.16875,441722.8787689209,48800,2,1.16875,189001.29942321777,48800,2,1.16875,187999.35934448242,48800,2,1.16875,182011.7574005127,48800,2,1.16875,117139.39613342285,48800,2,1.16875,119217.64541625977,48800,2,1.16875,14495901.178146362,5402,5377,3070,5049,2479,2488,5047,400,400,2838,400,2707,2478,400,3076,400,2443,400,400,400,400,400,400,2632,400,2491,2485,4522,2497,2505,2518,2468,0,0,0,0,0,0,0,0,0,0,0,0,0,0,0,0,0,0,0,0,0,0,0,0,0,0,14.285715103149414,0,0,0,0,0,20475,15905,8932,43,0,20475,13200,12384,49,0,66718994432,8589930496,32274386944,524288
200,1791366234326,1129244.0116882324,48800,2,1.16875,113954.27862548828,48800,2,1.025,113006.97366333008,48800,2,1.025,114486.86245727539,48800,2,1.025,124986.9086303711,48800,2,1.025,113384.35166931152,48800,2,1.025,121846.29333496094,48800,2,1.025,199281.0735015869,48800,2,1.16875,200543.9670715332,48800,2,1.16875,197054.83935546875,48800,2,1.16875,441722.96464538574,48800,2,1.16875,189001.3000946045,48800,2,1.16875,187999.3600769043,48800,2,1.16875,182011.75805664063,48800,2,1.16875,117139.39627075195,48800,2,1.025,119217.64569091797,48800,2,1.025,14495910.845092773,5402,5377,3070,5049,2479,2488,5047,400,400,2838,400,2707,2478,400,3076,400,2443,400,400,400,400,400,400,2632,400,2491,2485,4522,2497,2505,2518,2468,0,0,0,0,0,0,0,0,0,0,0,0,0,0,0,0,0,0,0,0,0,0,0,0,0,0,15.000000953674316,0,0,0,0,0,20475,15905,8932,43,0,20475,13200,12384,49,0,66718994432,8589930496,32273956864,524288
200,1791366234526,1129244.0124053955,3050,2,1.1,113954.27877807617,48800,2,1.10625,113006.97378540039,48800,2,1.10625,114486.86260986328,48800,2,1.10625,124986.9087677002,48800,2,1.10625,113384.35182189941,48800,2,0.93125,121846.29350280762,48800,2,0.93125,199281.07405090332,3050,2,1.1,200543.96766662598,3050,2,1.1,197054.84014892578,3050,2,1.1,441723.0313873291,3050,0,1.1,189001.3006591797,3050,2,1.1,187999.36067199707,3050,2,1.1,182011.75860595703,3050,2,1.1,117139.39643859863,48800,2,1.10625,119217.6460571289,48800,2,1.10625,14495920.469055176,5402,5377,3070,5049,2479,2488,5047,400,400,2838,400,2707,2478,400,3076,400,2443,400,400,400,400,400,400,2632,400,2491,2485,4522,2497,2505,2518,2468,0,0,0,0,0,0,0,0,0,0,0,0,0,0,0,0,0,0,0,0,0,0,0,0,0,0,10,0,0,0,0,0,20475,15905,8932,43,0,20475,13200,12384,49,0,66718994432,8589930496,32273952768,524288
200,1791366234726,1129244.0141143799,48800,2,1.13125,113954.2788696289,48800,2,1.13125,113006.97384643555,48800,2,0.93125,114486.86270141602,48800,2,0.93125,124986.90882873535,48800,2,0.93125,113384.35188293457,48800,2,0.93125,121846.29356384277,48800,2,0.93125,199281.0746307373,48800,2,1.13125,200543.96826171875,48800,2,1.13125,197054.84077453613,48800,2,1.13125,441723.09983825684,48800,2,1.13125,189001.30126953125,48800,2,1.13125,187999.36126708984,48800,2,1.13125,182011.75918579102,48800,2,1.13125,117139.39651489258,48800,2,1.13125,119217.64627075195,48800,2,1.13125,14495930.050186157,5402,5377,3070,5049,2479,2488,5047,400,400,2838,400,2707,2478,400,3076,400,2443,400,400,400,400,400,400,2632,400,2491,2485,4522,2497,2505,2518,2468,0,0,0,0,0,0,0,0,0,0,0,0,0,0,0,0,0,0,0,0,0,0,0,0,0,0,15.000000953674316,0,0,0,0,0,20475,15905,8932,43,0,20475,13200,12395,48,0,66718994432,8589930496,32273952768,524288
200,1791366234927,1129244.0155029297,48800,2,1.16875,113954.27900695801,48800,2,1.03125,113006.97396850586,48800,2,1.03125,114486.86283874512,48800,2,1.03125,124986.90895080566,48800,2,1.03125,113384.35202026367,48800,2,1.03125,121846.29368591309,48800,2,1.03125,199281.0752105713,48800,2,1.16875,200543.9688873291,48800,2,1.16875,197054.84140014648,48800,2,1.16875,441723.16372680664,48800,2,1.16875,189001.30184936523,48800,2,1.16875,187999.3618927002,48800,2,1.16875,182011.759765625,48800,2,1.16875,117139.39668273926,48800,2,1.03125,119217.64657592773,48800,2,1.03125,14495939.74520874,5402,5377,3070,5049,2479,2488,5047,400,400,2838,400,2707,2478,400,3076,400,2443,400,400,400,400,400,400,2632,400,2491,2485,4522,2497,2505,2518,2468,0,0,0,0,0,0,0,0,0,0,0,0,0,0,0,0,0,0,0,0,0,0,0,0,0,0,10.526315689086914,0,0,0,0,0,20475,15905,8951,43,0,20475,13200,12395,48,0,66718994432,8589930496,32273952768,524288
200,1791366235127,1129244.0164337158,3050,2,1.09375,113954.27917480469,48800,2,1.1,113006.97412109375,48800,2,1.1,114486.86302185059,48800,2,1.1,124986.90910339355,48800,2,1.1,113384.35218811035,48800,2,0.93125,121846.29385375977,48800,2,0.93125,199281.07586669922,3050,2,1.09375,200543.9695892334,3050,2,1.09375,197054.84230041504,3050,2,1.09375,441723.2303009033,3050,0,1.09375,189001.3024749756,3050,2,1.09375,187999.36254882813,3050,2,1.09375,182011.76039123535,3050,2,1.09375,117139.39688110352,48800,2,1.1,119217.64698791504,48800,2,1.1,14495949.276672363,5402,5377,3070,5049,2479,2488,5047,400,400,2838,400,2707,2478,400,3076,400,2443,400,400,400,400,400,400,2632,400,2491,2485,4522,2497,2505,2518,2468,0,0,0,0,0,0,0,0,0,0,0,0,0,0,0,0,0,0,0,0,0,0,0,0,0,0,10,0,0,0,0,0,20475,15905,8951,43,0,20475,13200,12395,48,0,66718994432,8589930496,32273952768,524288
200,1791366235328,1129244.018371582,48800,2,0.99375,113954.27928161621,48800,2,1.1125,113006.9741973877,48800,2,0.925,114486.86312866211,48800,2,0.925,124986.9091796875,48800,2,0.925,113384.35227966309,48800,2,0.925,121846.29393005371,48800,2,0.925,199281.07650756836,48800,2,0.99375,200543.97026062012,48800,2,0.99375,197054.8430480957,48800,2,0.99375,441723.3024749756,48800,2,0.99375,189001.30313110352,48800,2,0.99375,187999.36323547363,48800,2,0.99375,182011.76104736328,48800,2,0.99375,117139.39700317383,48800,2,1.1125,119217.64723205566,48800,2,1.1125,14495958.981536865,5402,5377,3070,5049,2479,2488,5047,400,400,2838,400,2707,2478,400,3076,400,2443,400,400,400,400,400,400,2632,400,2491,2485,4522,2497,2505,2518,2468,0,0,0,0,0,0,0,0,0,0,0,0,0,0,0,0,0,0,0,0,0,0,0,0,0,0,15.000000953674316,0,0,0,0,0,20475,15905,8951,43,0,20475,13200,12395,48,0,66718994432,8589930496,32268115968,524288
200,1791366235528,1129244.0197601318,48800,2,1.16875,113954.2794342041,48800,2,1.025,113006.97430419922,48800,2,1.025,114486.86326599121,48800,2,1.025,124986.90928649902,48800,2,1.025,113384.3524017334,48800,2,1.025,121846.29405212402,48800,2,1.025,199281.0771331787,48800,2,1.16875,200543.97088623047,48800,2,1.16875,197054.84370422363,48800,2,1.16875,441723.36709594727,48800,2,1.16875,189001.30374145508,48800,2,1.16875,187999.36386108398,48800,2,1.16875,182011.76164245605,48800,2,1.16875,117139.39717102051,48800,2,1.025,119217.6474609375,48800,2,1.025,14495968.572174072,5402,5377,3070,5049,2479,2488,5047,400,400,2838,400,2707,2478,400,3076,400,2443,400,400,400,400,400,400,2632,400,2491,2485,4522,2497,2505,2518,2468,0,0,0,0,0,0,0,0,0,0,0,0,0,0,0,0,0,0,0,0,0,0,0,0,0,0,10,0,0,0,0,0,20475,15905,8951,43,0,20475,13200,12395,48,0,66718994432,8589930496,32269537280,524288
200,1791366235728,1129244.0205078125,48800,2,1.16875,113954.27955627441,48800,2,1.1,113006.97439575195,48800,2,1.1,114486.86338806152,48800,2,1.1,124986.90939331055,48800,2,1.1,113384.3525390625,48800,2,1.1,121846.29415893555,48800,2,1.1,199281.0777130127,48800,2,1.1,200543.97148132324,3050,2,1.1,197054.84434509277,3050,2,1.1,441723.43634033203,3050,0,1.1,189001.30432128906,3050,2,1.1,187999.36444091797,3050,2,1.1,182011.76222229004,3050,2,1.1,117139.3973236084,48800,2,1.1,119217.64776611328,48800,2,1.1,14495978.147644043,5402,5377,3070,5049,2479,2488,5047,400,400,2838,400,2707,2478,400,3076,400,2443,400,400,400,400,400,400,2632,400,2491,2485,4522,2497,2505,2518,2468,0,0,0,0,0,0,0,0,0,0,0,0,0,0,0,0,0,0,0,0,0,0,0,0,0,0,15.000000953674316,0,0,0,0,0,20475,15905,8951,43,0,20475,13200,12421,48,0,66718994432,8589930496,32269537280,524288
200,1791366235928,1129244.022201538,48800,2,1.13125,113954.2797088623,48800,2,1.125,113006.97451782227,48800,2,1.125,114486.86352539063,48800,2,0.93125,124986.90951538086,48800,2,0.93125,113384.35266113281,48800,2,0.93125,121846.29428100586,48800,2,0.93125,199281.07829284668,48800,2,1.13125,200543.97212219238,48800,2,1.13125,197054.84495544434,48800,2,1.13125,441723.5054016113,48800,2,1.13125,189001.30490112305,48800,2,1.13125,187999.36506652832,48800,2,1.13125,182011.76280212402,48800,2,1.13125,117139.39747619629,48800,2,1.125,119217.64810180664,48800,2,1.125,14495987.777694702,5402,5377,3070,5049,2479,2488,5047,400,400,2838,400,2707,2478,400,3076,400,2443,400,400,400,400,400,400,2632,400,2491,2485,4522,2497,2505,2518,2468,0,0,0,0,0,0,0,0,0,0,0,0,0,0,0,0,0,0,0,0,0,0,0,0,0,0,15.000000953674316,0,0,0,0,0,20475,15905,8901,42,0,20475,13200,12421,48,0,66718994432,8589930496,32269537280,524288
200,1791366236129,1129244.023513794,48800,2,1.16875,113954.27983093262,48800,2,1.025,113006.974609375,48800,2,1.025,114486.86364746094,48800,2,1.025,124986.9096069336,48800,2,1.025,113384.35275268555,48800,2,1.025,121846.2943725586,48800,2,1.025,199281.07888793945,48800,2,1.16875,200543.97274780273,48800,2,1.16875,197054.84562683105,48800,2,1.16875,441723.5744934082,48800,2,1.16875,189001.30549621582,48800,2,1.16875,187999.3656616211,48800,2,1.16875,182011.7633972168,48800,2,1.16875,117139.3975982666,48800,2,1.025,119217.6483001709,48800,2,1.025,14495997.231903076,5402,5377,3070,5049,2479,2488,5047,400,400,2838,400,2707,2478,400,3076,400,2443,400,400,400,400,400,400,2632,400,2491,2485,4522,2497,2505,2518,2468,0,0,0,0,0,0,0,0,0,0,0,0,0,0,0,0,0,0,0,0,0,0,0,0,0,0,10,0,0,0,0,0,20475,15905,8901,42,0,20475,13200,12421,48,0,66718994432,8589930496,32269537280,524288
200,1791366236329,1129244.024307251,48800,2,1.16875,113954.2799987793,48800,2,1.1,113006.97476196289,48800,2,1.1,114486.86381530762,48800,2,1.1,124986.90977478027,48800,2,1.1,113384.35292053223,48800,2,1.1,121846.29454040527,48800,2,1.1,199281.07948303223,48800,2,1.09375,200543.97340393066,3050,2,1.09375,197054.8462677002,3050,2,1.09375,441723.6415863037,3050,0,1.09375,189001.3060913086,3050,2,1.09375,187999.36627197266,3050,2,1.09375,182011.76399230957,3050,2,1.09375,117139.39779663086,48800,2,1.1,119217.64869689941,48800,2,1.1,14496006.932174683,5402,5377,3070,5049,2479,2488,5047,400,400,2838,400,2707,2478,400,3076,400,2443,400,400,400,400,400,400,2632,400,2491,2485,4522,2497,2505,2518,2468,0,0,0,0,0,0,0,0,0,0,0,0,0,0,0,0,0,0,0,0,0,0,0,0,0,0,15.000000953674316,0,0,0,0,0,20475,15905,8901,42,0,20475,13200,12421,48,0,66718994432,8589930496,32269209600,524288
200,1791366236529,1129244.0261383057,48800,2,1.1375,113954.28015136719,48800,2,1.13125,113006.97489929199,48800,2,0.93125,114486.86396789551,48800,2,0.93125,124986.90991210938,48800,2,0.93125,113384.35305786133,48800,2,0.93125,121846.29469299316,48800,2,0.93125,199281.08004760742,48800,2,1.1375,200543.97401428223,48800,2,1.1375,197054.84689331055,48800,2,1.1375,441723.7119293213,48800,2,1.1375,189001.30667114258,48800,2,1.1375,187999.36685180664,48800,2,1.1375,182011.76457214355,48800,2,1.1375,117139.39794921875,48800,2,1.13125,119217.64906311035,48800,2,1.13125,14496016.46850586,5402,5377,3070,5049,2479,2488,5047,400,400,2838,400,2707,2478,400,3076,400,2443,400,400,400,400,400,400,2632,400,2491,2485,4522,2497,2505,2518,2468,0,0,0,0,0,0,0,0,0,0,0,0,0,0,0,0,0,0,0,0,0,0,0,0,0,0,14.285715103149414,0,0,0,0,4.761904716491699,20475,15905,8901,42,0,20475,13200,12421,48,0,66718994432,8589930496,32269205504,524288
200,1791366236730,1129244.0280456543,48800,2,1.16875,113954.2802734375,48800,2,1.025,113006.97499084473,48800,2,1.025,114486.86407470703,48800,2,1.025,124986.91000366211,48800,2,1.025,113384.35316467285,48800,2,1.025,121846.2947845459,48800,2,1.025,199281.08061218262,48800,2,1.16875,200543.974609375,48800,2,1.16875,197054.8475036621,48800,2,1.16875,441723.77632141113,48800,2,1.16875,189001.30723571777,48800,2,1.16875,187999.3674468994,48800,2,1.16875,182011.76513671875,48800,2,1.16875,117139.39807128906,48800,2,1.025,119217.64932250977,48800,2,1.025,14496026.053909302,5402,5377,3070,5049,2479,2488,5047,400,400,2838,400,2707,2478,400,3076,400,2443,400,400,400,400,400,400,2632,400,2491,2485,4522,2497,2505,2518,2468,0,0,0,0,0,0,0,0,0,0,0,0,0,0,0,0,0,0,0,0,0,0,0,0,0,0,10.526315689086914,0,0,0,0,0,20475,15905,8901,42,0,20475,13200,12424,48,0,66718994432,8589930496,32269205504,524288
200,1791366236930,1129244.028793335,48800,2,1.16875,113954.28042602539,48800,2,1.10625,113006.97512817383,48800,2,1.10625,114486.86422729492,48800,2,1.10625,124986.91015625,48800,2,1.10625,113384.35331726074,48800,2,1.10625,121846.29493713379,48800,2,0.93125,199281.08116149902,3050,2,1.09375,200543.97520446777,3050,2,1.09375,197054.8480834961,3050,2,1.09375,441723.8428039551,3050,0,1.09375,189001.30778503418,3050,2,1.09375,187999.3680267334,3050,2,1.09375,182011.76567077637,3050,2,1.09375,117139.39823913574,48800,2,1.10625,119217.64970397949,48800,2,1.10625,14496035.62940979,5402,5377,3070,5049,2479,2488,5047,400,400,2838,400,2707,2478,400,3076,400,2443,400,400,400,400,400,400,2632,400,2491,2485,4522,2497,2505,2518,2468,0,0,0,0,0,0,0,0,0,0,0,0,0,0,0,0,0,0,0,0,0,0,0,0,0,0,15.000000953674316,0,0,0,0,0,20475,15905,8874,42,0,20475,13200,12424,48,0,66718994432,8589930496,32269205504,524288
200,1791366237130,1129244.0306396484,48800,2,1.13125,113954.28053283691,48800,2,1.1375,113006.97521972656,48800,2,0.93125,114486.86433410645,48800,2,0.93125,124986.91024780273,48800,2,0.93125,113384.35340881348,48800,2,0.93125,121846.29502868652,48800,2,0.93125,199281.0817718506,48800,2,1.13125,200543.9758453369,48800,2,1.13125,197054.8487701416,48800,2,1.13125,441723.91371154785,48800,2,1.13125,189001.30839538574,48800,2,1.13125,187999.36865234375,48800,2,1.13125,182011.76628112793,48800,2,1.13125,117139.39837646484,48800,2,1.1375,119217.6499786377,48800,2,1.1375,14496045.155914307,5402,5377,3070,5049,2479,2488,5047,400,400,2838,400,2707,2478,400,3076,400,2443,400,400,400,400,400,400,2632,400,2491,2485,4522,2497,2505,2518,2468,0,0,0,0,0,0,0,0,0,0,0,0,0,0,0,0,0,0,0,0,0,0,0,0,0,0,10,0,0,0,0,0,20475,15905,8874,42,0,20475,13200,12424,48,0,66718994432,8589930496,32269205504,524288
200,1791366237331,1129244.0318908691,48800,2,1.16875,113954.2806854248,48800,2,1.025,113006.97535705566,48800,2,1.025,114486.86448669434,48800,2,1.025,124986.91038513184,48800,2,1.025,113384.35354614258,48800,2,1.025,121846.2951965332,48800,2,1.025,199281.08236694336,48800,2,1.16875,200543.97647094727,48800,2,1.16875,197054.84941101074,48800,2,1.16875,441723.97930908203,48800,2,1.16875,189001.30899047852,48800,2,1.16875,187999.3692932129,48800,2,1.16875,182011.7668762207,48800,2,1.16875,117139.39852905273,48800,2,1.025,119217.65031433105,48800,2,1.025,14496054.69454956,5402,5377,3070,5049,2479,2488,5047,400,400,2838,400,2707,2478,400,3076,400,2443,400,400,400,400,400,400,2632,400,2491,2485,4522,2497,2505,2518,2468,0,0,0,0,0,0,0,0,0,0,0,0,0,0,0,0,0,0,0,0,0,0,0,0,0,0,15.000000953674316,0,0,0,0,0,20475,15905,8874,42,0,20475,13200,12424,48,0,66718994432,8589930496,32264478720,524288
200,1791366237531,1129244.0328674316,3050,2,1.10625,113954.28086853027,48800,2,1.1125,113006.97550964355,48800,2,1.1125,114486.86465454102,48800,2,1.1125,124986.91055297852,48800,2,1.1125,113384.35371398926,48800,2,0.93125,121846.29539489746,48800,2,0.93125,199281.0830078125,3050,2,1.10625,200543.97854614258,3050,2,1.10625,197054.85006713867,3050,2,1.10625,441724.04864501953,3050,0,1.10625,189001.30963134766,3050,2,1.10625,187999.3699645996,3050,2,1.10625,182011.76751708984,3050,2,1.10625,117139.3987121582,48800,2,1.1125,119217.65077209473,48800,2,1.1125,14496064.418960571,5402,5377,3070,5049,2479,2488,5047,400,400,2838,400,2707,2478,400,3076,400,2443,400,400,400,400,400,400,2632,400,2491,2485,4522,2497,2505,2518,2468,0,0,0,0,0,0,0,0,0,0,0,0,0,0,0,0,0,0,0,0,0,0,0,0,0,0,10,0,0,0,0,0,20475,15905,8874,42,0,20475,13200,12424,48,0,66718994432,8589930496,32269381632,524288
200,1791366237732,1129244.035232544,48800,2,1.16875,113954.28114318848,48800,2,0.94375,113006.97575378418,48800,2,0.94375,114486.86491394043,48800,2,0.94375,124986.91079711914,48800,2,0.94375,113384.35398864746,48800,2,0.94375,121846.29565429688,48800,2,0.94375,199281.083694458,48800,2,1.16875,200543.97929382324,48800,2,1.16875,197054.8508453369,48800,2,1.16875,441724.1170196533,48800,2,1.16875,189001.31033325195,48800,2,1.16875,187999.37074279785,48800,2,1.16875,182011.76824951172,48800,2,1.16875,117139.3989868164,48800,2,1.16875,119217.65112304688,48800,2,1.16875,14496074.23802185,5402,5377,3070,5049,2479,2488,5047,400,400,2838,400,2707,2478,400,3076,400,2443,400,400,400,400,400,400,2632,400,2491,2485,4522,2497,2505,2518,2468,0,0,0,0,0,0,0,0,0,0,0,0,0,0,0,0,0,0,0,0,0,0,0,0,0,0,19.047618865966797,0,0,0,0,0,20475,15905,8874,42,0,20475,13200,12370,48,0,66718994432,8589930496,32269381632,524288
200,1791366237932,1129244.0365142822,48800,2,1.16875,113954.28128051758,48800,2,1.0375,113006.97587585449,48800,2,1.0375,114486.86505126953,48800,2,1.0375,124986.91091918945,48800,2,1.0375,113384.35411071777,48800,2,1.0375,121846.29579162598,48800,2,1.0375,199281.0842437744,48800,2,1.16875,200543.97988891602,48800,2,1.16875,197054.8514404297,48800,2,1.16875,441724.1803588867,48800,2,1.16875,189001.31088256836,48800,2,1.16875,187999.37133789063,48800,2,1.16875,182011.76879882813,48800,2,1.16875,117139.3991394043,48800,2,1.0375,119217.65151977539,48800,2,1.0375,14496083.730621338,5402,5377,3070,5049,2479,2488,5047,400,400,2838,400,2707,2478,400,3076,400,2443,400,400,400,400,400,400,2632,400,2491,2485,4522,2497,2505,2518,2468,0,0,0,0,0,0,0,0,0,0,0,0,0,0,0,0,0,0,0,0,0,0,0,0,0,0,10,0,0,0,0,0,20475,15905,8927,42,0,20475,13200,12370,48,0,66718994432,8589930496,32269381632,524288
200,1791366238132,1129244.0373687744,3050,2,1.10625,113954.28146362305,48800,2,1.1125,113006.97604370117,48800,2,1.1125,114486.86524963379,48800,2,1.1125,124986.91110229492,48800,2,1.1125,113384.35429382324,48800,2,0.93125,121846.29600524902,48800,2,0.93125,199281.0848388672,3050,2,1.10625,200543.98054504395,3050,2,1.10625,197054.85209655762,3050,2,1.10625,441724.2462310791,3050,0,1.10625,189001.31147766113,3050,2,1.10625,187999.3719482422,3050,2,1.10625,182011.7693939209,3050,2,1.10625,117139.39935302734,48800,2,1.1125,119217.65196228027,48800,2,1.1125,14496093.28465271,5402,5377,3070,5049,2479,2488,5047,400,400,2838,400,2707,2478,400,3076,400,2443,400,400,400,400,400,400,2632,400,2491,2485,4522,2497,2505,2518,2468,0,0,0,0,0,0,0,0,0,0,0,0,0,0,0,0,0,0,0,0,0,0,0,0,0,0,15.000000953674316,0,0,0,0,0,20475,15905,8927,42,0,20475,13200,12370,48,0,66718994432,8589930496,32269381632,524288
200,1791366238333,1129244.039199829,48800,2,1.16875,113954.28163146973,48800,2,0.95625,113006.97618103027,48800,2,0.95625,114486.86541748047,48800,2,0.95625,124986.91123962402,48800,2,0.95625,113384.35443115234,48800,2,0.95625,121846.29615783691,48800,2,0.95625,199281.08543395996,48800,2,1.16875,200543.9811706543,48800,2,1.16875,197054.85272216797,48800,2,1.16875,441724.31396484375,48800,2,1.16875,189001.3120727539,48800,2,1.16875,187999.37257385254,48800,2,1.16875,182011.76998901367,48800,2,1.16875,117139.39952087402,48800,2,1.16875,119217.65228271484,48800,2,1.16875,14496102.861938477,5402,5377,3070,5049,2479,2488,5047,400,400,2838,400,2707,2478,400,3076,400,2443,400,400,400,400,400,400,2632,400,2491,2485,4522,2497,2505,2518,2468,0,0,0,0,0,0,0,0,0,0,0,0,0,0,0,0,0,0,0,0,0,0,0,0,0,0,10.526315689086914,0,0,0,0,0,20475,15905,8927,42,0,20475,13200,12370,48,0,66718994432,8589930496,32269377536,524288
200,1791366238533,1129244.0410003662,48800,2,1.16875,113954.28178405762,48800,2,1.0375,113006.97631835938,48800,2,1.0375,114486.86557006836,48800,2,1.0375,124986.91137695313,48800,2,1.0375,113384.35456848145,48800,2,1.0375,121846.2963104248,48800,2,1.0375,199281.08601379395,48800,2,1.16875,200543.98176574707,48800,2,1.16875,197054.85333251953,48800,2,1.16875,441724.38053894043,48800,2,1.16875,189001.3126525879,48800,2,1.16875,187999.3731689453,48800,2,1.16875,182011.77056884766,48800,2,1.16875,117139.39970397949,48800,2,1.0375,119217.65264892578,48800,2,1.0375,14496112.384613037,5402,5377,3070,5049,2479,2488,5047,400,400,2838,400,2707,2478,400,3076,400,2443,400,400,400,400,400,400,2632,400,2491,2485,4522,2497,2505,2518,2468,0,0,0,0,0,0,0,0,0,0,0,0,0,0,0,0,0,0,0,0,0,0,0,0,0,0,14.285715103149414,0,0,0,0,0,20475,15905,8927,42,0,20475,13200,12370,48,0,66718994432,8589930496,32269377536,524288
200,1791366238733,1129244.0420684814,3050,2,1.1125,113954.28196716309,48800,2,1.1125,113006.97650146484,48800,2,1.1125,114486.86576843262,48800,2,1.1125,124986.9115600586,48800,2,1.1125,113384.35475158691,48800,2,1.1125,121846.29696655273,48800,2,1.1125,199281.08653259277,3050,2,1.1125,200543.98231506348,3050,2,1.1125,197054.8539276123,3050,2,1.1125,441724.44438171387,3050,0,1.1125,189001.31317138672,3050,2,1.1125,187999.37370300293,3050,2,1.1125,182011.77108764648,3050,2,1.1125,117139.39990234375,48800,2,1.1125,119217.65319824219,48800,2,1.1125,14496121.948516846,5402,5377,3070,5049,2479,2488,5047,400,400,2838,400,2707,2478,400,3076,400,2443,400,400,400,400,400,400,2632,400,2491,2485,4522,2497,2505,2518,2468,0,0,0,0,0,0,0,0,0,0,0,0,0,0,0,0,0,0,0,0,0,0,0,0,0,0,10.526315689086914,0,0,0,0,0,20475,15905,8927,42,0,20475,13200,12296,48,0,66718994432,8589930496,32269377536,524288
200,1791366238934,1129244.0447235107,48800,2,1.16875,113954.28215026855,48800,2,0.94375,113006.97663879395,48800,2,0.94375,114486.86592102051,48800,2,0.94375,124986.9116973877,48800,2,0.94375,113384.35488891602,48800,2,0.94375,121846.29716491699,48800,2,0.94375,199281.08926391602,48800,2,1.16875,200543.98294067383,48800,2,1.16875,197054.85456848145,48800,2,1.16875,441724.514251709,48800,2,1.16875,189001.3137512207,48800,2,1.16875,187999.3742980957,48800,2,1.16875,182011.77168273926,48800,2,1.16875,117139.40007019043,48800,2,1.16875,119217.65341186523,48800,2,1.16875,14496131.563995361,5402,5377,3070,5049,2479,2488,5047,400,400,2838,400,2707,2478,400,3076,400,2443,400,400,400,400,400,400,2632,400,2491,2485,4522,2497,2505,2518,2468,0,4.761904716491699,0,0,0,0,0,0,0,0,0,0,0,0,0,0,0,0,0,0,0,0,0,0,0,0,14.285715103149414,0,0,0,0,0,20475,15905,8918,42,0,20475,13200,12296,48,0,66718994432,8589930496,32268591104,524288
200,1791366239134,1129244.046081543,48800,2,1.16875,113954.28251647949,48800,2,1.0375,113006.97682189941,48800,2,1.0375,114486.86608886719,48800,2,1.0375,124986.91184997559,48800,2,1.0375,113384.3550415039,48800,2,1.0375,121846.29733276367,48800,2,1.0375,199281.08978271484,48800,2,1.16875,200543.98348999023,48800,2,1.16875,197054.85513305664,48800,2,1.16875,441724.57624816895,48800,2,1.16875,189001.31427001953,48800,2,1.16875,187999.37483215332,48800,2,1.16875,182011.7722015381,48800,2,1.16875,117139.40026855469,48800,2,1.0375,119217.65357971191,48800,2,1.0375,14496141.04510498,5402,5377,3070,5049,2479,2488,5047,400,400,2838,400,2707,2478,400,3076,400,2443,400,400,400,400,400,400,2632,400,2491,2485,4522,2497,2505,2518,2468,0,0,0,0,0,0,0,0,0,0,0,0,0,0,0,0,0,0,0,0,0,0,0,0,0,0,10.526315689086914,0,0,0,0,0,20475,15905,8918,42,0,20475,13200,12296,48,0,66718994432,8589930496,32268587008,524288
200,1791366239334,1129244.0468597412,3050,2,1.1125,113954.28297424316,48800,2,1.1125,113006.97695922852,48800,2,1.1125,114486.86627197266,48800,2,1.1125,124986.91200256348,48800,2,1.1125,113384.35520935059,48800,2,1.1125,121846.29750061035,48800,2,0.93125,199281.09033203125,3050,2,1.1125,200543.98406982422,3050,2,1.1125,197054.8557434082,3050,2,1.1125,441724.6427154541,3050,0,1.1125,189001.31481933594,3050,2,1.1125,187999.3754119873,3050,2,1.1125,182011.7727508545,3050,2,1.1125,117139.40045166016,48800,2,1.1125,119217.6537475586,48800,2,1.1125,14496150.744567871,5402,5377,3070,5049,2479,2488,5047,400,400,2838,400,2707,2478,400,3076,400,2443,400,400,400,400,400,400,2632,400,2491,2485,4522,2497,2505,2518,2468,0,0,0,0,0,0,0,0,0,0,0,0,0,0,0,0,0,0,0,0,0,0,0,0,0,0,15.000000953674316,0,0,0,0,0,20475,15905,8918,42,0,20475,13200,12296,48,0,66718994432,8589930496,32263823360,524288
200,1791366239535,1129244.0484924316,48800,2,1.13125,113954.28312683105,48800,2,0.925,113006.97705078125,48800,2,0.925,114486.86637878418,48800,2,0.925,124986.91209411621,48800,2,0.925,113384.35530090332,48800,2,0.925,121846.29760742188,48800,2,0.925,199281.09085083008,48800,2,1.13125,200543.98458862305,48800,2,1.13125,197054.8563232422,48800,2,1.13125,441724.7100830078,48800,2,1.13125,189001.31533813477,48800,2,1.13125,187999.37594604492,48800,2,1.13125,182011.7732849121,48800,2,1.13125,117139.40057373047,48800,2,1.1375,119217.6538696289,48800,2,1.1375,14496160.22189331,5402,5377,3070,5049,2479,2488,5047,400,400,2838,400,2707,2478,400,3076,400,2443,400,400,400,400,400,400,2632,400,2491,2485,4522,2497,2505,2518,2468,0,0,0,0,0,0,0,0,0,0,0,0,0,0,0,0,0,0,0,0,0,0,0,0,0,0,14.285715103149414,0,0,0,0,0,20475,15905,8918,42,0,20475,13200,12296,48,0,66718994432,8589930496,32268726272,524288
199,1791366239735,1129244.0497589111,48800,2,1.16875,113954.28355407715,48800,2,1.0375,113006.97717285156,48800,2,1.0375,114486.86651611328,48800,2,1.0375,124986.91221618652,48800,2,1.0375,113384.35542297363,48800,2,1.0375,121846.29772949219,48800,2,1.0375,199281.09135437012,48800,2,1.16875,200543.98510742188,48800,2,1.16875,197054.85694885254,48800,2,1.16875,441724.7728729248,48800,2,1.16875,189001.3158416748,48800,2,1.16875,187999.37644958496,48800,2,1.16875,182011.77378845215,48800,2,1.16875,117139.40074157715,48800,2,1.0375,119217.6540222168,48800,2,1.0375,14496169.685028076,5402,5377,3070,5049,2479,2488,5047,400,400,2838,400,2707,2478,400,3076,400,2443,400,400,400,400,400,400,2632,400,2491,2485,4522,2497,2505,2518,2468,0,0,0,0,0,0,0,0,0,0,0,0,0,0,0,0,0,0,0,0,0,0,0,0,0,0,10.526315689086914,0,0,0,0,0,20475,15905,8918,42,0,20475,13200,12271,48,0,66718994432,8589930496,32268726272,524288
199,1791366239935,1129244.050643921,48800,2,1.0437500000000002,113954.28396606445,48800,2,0.93125,113006.97731018066,48800,2,0.93125,114486.86669921875,48800,2,0.93125,124986.91236877441,48800,2,0.93125,113384.35559082031,48800,2,0.93125,121846.29788208008,48800,2,0.93125,199281.0919189453,48800,2,1.0437500000000002,200543.98568725586,48800,2,1.0437500000000002,197054.8575439453,48800,2,1.0437500000000002,441724.83854675293,48800,2,1.0437500000000002,189001.31640625,48800,2,1.0437500000000002,187999.37701416016,48800,2,1.0437500000000002,182011.77435302734,3050,2,0.91875,117139.40089416504,48800,2,0.93125,119217.65419006348,48800,2,0.93125,14496179.302001953,5402,5377,3070,5049,2479,2488,5047,400,400,2838,400,2707,2478,400,3076,400,2443,400,400,400,400,400,400,2632,400,2491,2485,4522,2497,2505,2518,2468,0,0,0,0,0,0,0,0,0,0,0,0,0,0,0,0,0,0,0,0,0,0,0,0,0,0,10,0,0,0,0,0,20475,15905,8881,42,0,20475,13200,12271,48,0,66718994432,8589930496,32268726272,524288
200,1791366240135,1129244.0523834229,3050,2,0.91875,113954.28436279297,48800,2,0.93125,113006.97743225098,48800,2,0.93125,114486.86686706543,48800,2,0.93125,124986.91249084473,48800,2,0.93125,113384.35571289063,48800,2,0.93125,121846.29801940918,48800,2,0.93125,199281.09246826172,3050,2,0.91875,200543.98626708984,3050,2,0.91875,197054.85818481445,3050,2,0.59375,441724.9040374756,3050,0,0.59375,189001.3169555664,3050,2,0.59375,187999.37756347656,3050,2,0.59375,182011.77490234375,3050,2,0.59375,117139.40101623535,48800,2,0.93125,119217.65431213379,48800,2,0.93125,14496188.822113037,5402,5377,3070,5049,2479,2488,5047,400,400,2838,400,2707,2478,400,3076,400,2443,400,400,400,400,400,400,2632,400,2491,2485,4522,2497,2505,2518,2468,0,0,0,0,0,0,0,0,0,0,0,0,0,0,0,0,0,0,0,0,0,0,0,0,0,0,10,0,0,0,0,0,20475,15905,8881,42,0,20475,13200,12271,48,0,66718994432,8589930496,32268722176,524288
200,1791366240335,1129244.0535583496,48800,2,1.13125,113954.28475952148,48800,2,1.125,113006.97756958008,48800,2,1.125,114486.86706542969,48800,2,1.125,124986.91262817383,48800,2,1.125,113384.35585021973,48800,2,0.925,121846.29817199707,48800,2,0.925,199281.0930633545,48800,2,1.13125,200543.9868927002,48800,2,1.13125,197054.8588256836,48800,2,1.13125,441724.970413208,48800,2,1.13125,189001.31756591797,48800,2,1.13125,187999.37817382813,48800,2,1.13125,182011.77549743652,48800,2,1.13125,117139.40115356445,48800,2,1.125,119217.65444946289,48800,2,1.125,14496198.517028809,5402,5377,3070,5049,2479,2488,5047,400,400,2838,400,2707,2478,400,3076,400,2443,400,400,400,400,400,400,2632,400,2491,2485,4522,2497,2505,2518,2468,2.5,0,0,0,0,0,0,0,0,0,0,0,0,0,0,0,0,0,0,0,0,0,0,0,0,0,15.000000953674316,0,0,0,0,0,20475,15905,8881,42,0,20475,13200,12271,48,0,66718994432,8589930496,32268718080,524288
200,1791366240536,1129244.0547485352,48800,2,1.175,113954.28498840332,48800,2,0.9812500000000001,113006.97766113281,48800,2,0.9812500000000001,114486.8671875,48800,2,0.9812500000000001,124986.91271972656,48800,2,0.9812500000000001,113384.35594177246,48800,2,0.9812500000000001,121846.2982788086,48800,2,0.9812500000000001,199281.09367370605,48800,2,1.175,200543.98747253418,48800,2,1.175,197054.85942077637,48800,2,1.175,441725.03521728516,48800,2,1.175,189001.31813049316,48800,2,1.175,187999.37873840332,48800,2,1.175,182011.77606201172,48800,2,1.175,117139.40127563477,48800,2,0.9812500000000001,119217.65454101563,48800,2,0.9812500000000001,14496207.954101563,5402,5377,3070,5049,2479,2488,5047,400,400,2838,400,2707,2478,400,3076,400,2443,400,400,400,400,400,400,2632,400,2491,2485,4522,2497,2505,2518,2468,0,0,0,0,0,0,0,0,0,0,0,0,0,0,0,0,0,0,0,0,0,0,0,0,0,0,14.285715103149414,0,0,0,0,0,20475,15905,8881,42,0,20475,13200,12271,48,0,66718994432,8589930496,32268718080,524288
199,1791366240736,1129244.0558166504,48800,2,1.075,113954.28533935547,48800,2,1.06875,113006.97778320313,48800,2,1.06875,114486.86735534668,48800,2,1.06875,124986.91284179688,48800,2,1.06875,113384.35606384277,48800,2,1.06875,121846.29844665527,48800,2,1.06875,199281.0943145752,48800,2,1.075,200543.98808288574,48800,2,1.075,197054.86003112793,48800,2,1.075,441725.1042175293,48800,2,1.075,189001.31872558594,48800,2,1.075,187999.37934875488,3050,2,1.05625,182011.7766571045,3050,2,1.05625,117139.40141296387,48800,2,1.06875,119217.65466308594,48800,2,1.06875,14496217.54536438,5402,5377,3070,5049,2479,2488,5047,400,400,2838,400,2707,2478,400,3076,400,2443,400,400,400,400,400,400,2632,400,2491,2485,4522,2497,2505,2518,2468,4.761904716491699,0,0,0,0,0,0,0,0,0,0,0,0,0,0,0,0,0,0,0,0,0,0,0,0,0,10.526315689086914,0,0,0,0,0,20475,15905,8881,42,0,20475,13200,12231,48,0,66718994432,8589930496,32268251136,524288
199,1791366240936,1129244.0573883057,3050,2,1.08125,113954.28578186035,48800,2,0.93125,113006.9779510498,48800,2,0.93125,114486.86755371094,48800,2,0.93125,124986.91300964355,48800,2,0.93125,113384.35624694824,48800,2,0.93125,121846.29861450195,48800,2,0.93125,199281.09489440918,3050,2,1.08125,200543.98866271973,3050,2,0.6,197054.8606109619,3050,2,0.6,441725.1689758301,3050,0,0.6,189001.31927490234,3050,2,0.6,187999.3798980713,3050,2,0.6,182011.7772064209,3050,2,0.6,117139.40156555176,48800,2,0.93125,119217.65493774414,48800,2,0.93125,14496227.020874023,5402,5377,3070,5049,2479,2488,5047,400,400,2838,400,2707,2478,400,3076,400,2443,400,400,400,400,400,400,2632,400,2491,2485,4522,2497,2505,2518,2468,4.761904716491699,0,0,0,0,0,0,0,0,0,0,0,0,0,0,0,0,0,0,0,0,0,0,0,0,0,10.526315689086914,0,0,0,0,0,20475,15905,8982,42,0,20475,13200,12231,48,0,66718994432,8589930496,32268247040,524288
200,1791366241136,1129244.0581970215,48800,2,1.16875,113954.28614807129,48800,2,1.05,113006.9780883789,48800,2,1.05,114486.8677368164,48800,2,1.05,124986.91313171387,48800,2,1.05,113384.35638427734,48800,2,1.05,121846.29873657227,48800,2,1.05,199281.09548950195,48800,2,1.16875,200543.98933410645,48800,2,1.16875,197054.86129760742,3050,2,1.05,441725.2356567383,3050,2,1.05,189001.31986999512,3050,2,1.05,187999.38049316406,3050,2,1.05,182011.77780151367,3050,2,1.05,117139.40170288086,48800,2,1.05,119217.65505981445,48800,2,1.05,14496236.55607605,5402,5377,3070,5049,2479,2488,5047,400,400,2838,400,2707,2478,400,3076,400,2443,400,400,400,400,400,400,2632,400,2491,2485,4522,2497,2505,2518,2468,0,0,0,0,0,0,0,0,0,0,0,0,0,0,0,0,0,0,0,0,0,0,0,0,0,0,12.5,0,0,0,0,0,20475,15905,8982,42,0,20475,13200,12231,48,0,66718994432,8589930496,32268247040,524288
200,1791366241337,1129244.059753418,48800,2,1.125,113954.28642272949,48800,2,1.13125,113006.97819519043,48800,2,1.13125,114486.8678894043,48800,2,0.925,124986.91323852539,48800,2,0.925,113384.35649108887,48800,2,0.925,121846.29884338379,48800,2,0.925,199281.09603881836,48800,2,1.125,200543.99000549316,48800,2,1.125,197054.8618927002,48800,2,1.125,441725.30432128906,48800,2,1.125,189001.32041931152,48800,2,1.125,187999.38108825684,48800,2,1.125,182011.77835083008,48800,2,1.125,117139.40180969238,48800,2,1.13125,119217.65516662598,48800,2,1.13125,14496246.071914673,5402,5377,3070,5049,2479,2488,5047,400,400,2838,400,2707,2478,400,3076,400,2443,400,400,400,400,400,400,2632,400,2491,2485,4522,2497,2505,2518,2468,0,0,0,0,0,0,0,0,0,0,0,0,0,0,0,0,0,0,0,0,0,0,0,0,0,0,15.000000953674316,0,0,0,0,0,20475,15905,8982,42,0,20475,13200,12231,48,0,66718994432,8589930496,32265265152,524288
200,1791366241537,1129244.061782837,48800,2,1.16875,113954.28675842285,48800,2,1.0375,113006.97830200195,48800,2,1.0375,114486.86804199219,48800,2,1.0375,124986.91334533691,48800,2,1.0375,113384.35659790039,48800,2,1.0375,121846.29895019531,48800,2,1.0375,199281.09661865234,48800,2,1.16875,200543.99237060547,48800,2,1.16875,197054.86253356934,48800,2,1.16875,441725.3687591553,48800,2,1.16875,189001.3209991455,48800,2,1.16875,187999.3817138672,48800,2,1.16875,182011.77893066406,48800,2,1.16875,117139.4019317627,48800,2,1.0375,119217.65528869629,48800,2,1.0375,14496255.600875854,5402,5377,3070,5049,2479,2488,5047,400,400,2838,400,2707,2478,400,3076,400,2443,400,400,400,400,400,400,2632,400,2491,2485,4522,2497,2505,2518,2468,0,0,0,0,0,0,0,0,0,0,0,0,0,0,0,0,0,0,0,0,0,0,0,0,0,0,10,0,0,0,0,0,20475,15905,8982,42,0,20475,13200,12231,48,0,66718994432,8589930496,32268591104,524288
200,1791366241737,1129244.0630950928,3050,2,1.11875,113954.28717041016,48800,2,1.11875,113006.978515625,48800,2,1.11875,114486.86831665039,48800,2,1.11875,124986.91357421875,48800,2,1.11875,113384.35682678223,48800,2,1.11875,121846.29917907715,48800,2,0.93125,199281.09735107422,3050,2,1.11875,200543.99313354492,3050,2,1.11875,197054.86318969727,3050,2,1.11875,441725.4348144531,3050,0,1.11875,189001.32162475586,3050,2,1.11875,187999.3823852539,3050,2,1.11875,182011.7795715332,3050,2,1.11875,117139.40213012695,48800,2,1.11875,119217.65550231934,48800,2,1.11875,14496265.401489258,5402,5377,3070,5049,2479,2488,5047,400,400,2838,400,2707,2478,400,3076,400,2443,400,400,400,400,400,400,2632,400,2491,2485,4522,2497,2505,2518,2468,0,0,0,0,0,0,0,0,0,0,0,0,0,0,0,0,0,0,0,0,0,0,0,0,0,0,15.000000953674316,0,0,0,0,0,20475,15905,8982,42,0,20475,13200,12213,48,0,66718994432,8589930496,32268591104,524288
200,1791366241938,1129244.0646820068,48800,2,1.16875,113954.28739929199,48800,2,0.95625,113006.97860717773,48800,2,0.95625,114486.86846923828,48800,2,0.95625,124986.91366577148,48800,2,0.95625,113384.35694885254,48800,2,0.95625,121846.29928588867,48800,2,0.95625,199281.09788513184,48800,2,1.16875,200543.99395751953,48800,2,1.16875,197054.86378479004,48800,2,1.16875,441725.5021972656,48800,2,1.16875,189001.32215881348,48800,2,1.16875,187999.38291931152,48800,2,1.16875,182011.7801208496,48800,2,1.16875,117139.40222167969,48800,2,1.16875,119217.65559387207,48800,2,1.16875,14496274.911636353,5402,5377,3070,5049,2479,2488,5047,400,400,2838,400,2707,2478,400,3076,400,2443,400,400,400,400,400,400,2632,400,2491,2485,4522,2497,2505,2518,2468,0,0,0,0,0,0,0,0,0,0,0,0,0,0,0,0,0,0,0,0,0,0,0,0,0,0,10,0,0,0,0,0,20475,15905,9063,42,0,20475,13200,12213,48,0,66718994432,8589930496,32268587008,524288
200,1791366242138,1129244.0666503906,48800,2,1.16875,113954.28778076172,48800,2,1.025,113006.97871398926,48800,2,1.025,114486.86860656738,48800,2,1.025,124986.91377258301,48800,2,1.025,113384.35705566406,48800,2,1.025,121846.2993927002,48800,2,1.025,199281.09838867188,48800,2,1.16875,200543.99465942383,48800,2,1.16875,197054.86433410645,48800,2,1.16875,441725.5659942627,48800,2,1.16875,189001.32266235352,48800,2,1.16875,187999.38345336914,48800,2,1.16875,182011.78063964844,48800,2,1.16875,117139.40234375,48800,2,1.025,119217.65571594238,48800,2,1.025,14496284.355361938,5402,5377,3070,5049,2479,2488,5047,400,400,2838,400,2707,2478,400,3076,400,2443,400,400,400,400,400,400,2632,400,2491,2485,4522,2497,2505,2518,2468,0,0,0,0,0,0,0,0,0,0,0,0,0,0,0,0,0,0,0,0,0,0,0,0,0,0,10.526315689086914,0,0,0,0,0,20475,15905,9063,42,0,20475,13200,12213,48,0,66718994432,8589930496,32268587008,524288
200,1791366242338,1129244.068283081,3050,2,1.09375,113954.28823852539,48800,2,1.1125,113006.97886657715,48800,2,1.1125,114486.86880493164,48800,2,1.1125,124986.91394042969,48800,2,1.1125,113384.35722351074,48800,2,0.93125,121846.29956054688,48800,2,0.93125,199281.0989227295,3050,2,1.09375,200543.99555969238,3050,2,1.09375,197054.86491394043,3050,2,1.09375,441725.6327819824,3050,0,1.09375,189001.32321166992,3050,2,1.09375,187999.38403320313,3050,2,1.09375,182011.78118896484,3050,2,1.09375,117139.40249633789,48800,2,1.1125,119217.65586853027,48800,2,1.1125,14496294.006271362,5402,5377,3070,5049,2479,2488,5047,400,400,2838,400,2707,2478,400,3076,400,2443,400,400,400,400,400,400,2632,400,2491,2485,4522,2497,2505,2518,2468,0,0,0,0,0,0,0,0,0,0,0,0,0,0,0,0,0,0,0,0,0,0,0,0,0,0,18.18181800842285,0,0,0,0,0,20475,15905,9063,42,0,20475,13200,12213,48,0,66718994432,8589930496,32268197888,524288
200,1791366242539,1129244.0699768066,48800,2,1.1375,113954.28848266602,48800,2,1.1375,113006.9789276123,48800,2,0.93125,114486.86892700195,48800,2,0.93125,124986.91401672363,48800,2,0.93125,113384.35729980469,48800,2,0.93125,121846.29963684082,48800,2,0.93125,199281.09944152832,48800,2,1.1375,200543.9961090088,48800,2,1.1375,197054.86546325684,48800,2,1.1375,441725.70112609863,48800,2,1.1375,189001.32373046875,48800,2,1.1375,187999.38456726074,48800,2,1.1375,182011.78170776367,48800,2,1.1375,117139.40257263184,48800,2,1.1375,119217.65592956543,48800,2,1.1375,14496303.353393555,5402,5377,3070,5049,2479,2488,5047,400,400,2838,400,2707,2478,400,3076,400,2443,400,400,400,400,400,400,2632,400,2491,2485,4522,2497,2505,2518,2468,0,0,0,0,0,0,0,0,0,0,0,0,0,0,0,0,0,0,0,0,0,0,0,0,0,0,10.526315689086914,0,0,0,0,0,20475,15905,9063,42,0,20475,13200,12213,48,0,66718994432,8589930496,32267845632,524288
200,1791366242739,1129244.0712890625,48800,2,1.16875,113954.2887878418,48800,2,1.025,113006.97904968262,48800,2,1.025,114486.86912536621,48800,2,1.025,124986.91413879395,48800,2,1.025,113384.357421875,48800,2,1.025,121846.29977416992,48800,2,1.025,199281.09997558594,48800,2,1.16875,200543.99667358398,48800,2,1.16875,197054.86602783203,48800,2,1.16875,441725.7681427002,48800,2,1.16875,189001.32424926758,48800,2,1.16875,187999.38510131836,48800,2,1.16875,182011.7822265625,48800,2,1.16875,117139.40270996094,48800,2,1.025,119217.65606689453,48800,2,1.025,14496312.741210938,5402,5377,3070,5049,2479,2488,5047,400,400,2838,400,2707,2478,400,3076,400,2443,400,400,400,400,400,400,2632,400,2491,2485,4522,2497,2505,2518,2468,0,0,0,0,0,0,0,0,0,0,0,0,0,0,0,0,0,0,0,0,0,0,0,0,0,0,10.526315689086914,0,0,0,0,0,20475,15905,9063,42,0,20475,13200,12188,48,0,66718994432,8589930496,32267841536,524288
200,1791366242939,1129244.0728759766,48800,2,1.16875,113954.2891998291,48800,2,1.1,113006.97917175293,48800,2,1.1,114486.86930847168,48800,2,1.1,124986.91427612305,48800,2,1.1,113384.3575592041,48800,2,1.1,121846.29991149902,48800,2,1.1,199281.10049438477,3050,2,1.11875,200543.9976348877,3050,2,1.11875,197054.86657714844,3050,2,1.11875,441725.83154296875,3050,0,1.11875,189001.3247680664,3050,2,1.11875,187999.38566589355,3050,2,1.11875,182011.78274536133,3050,2,1.11875,117139.40284729004,48800,2,1.1,119217.65618896484,48800,2,1.1,14496322.22795105,5402,5377,3070,5049,2479,2488,5047,400,400,2838,400,2707,2478,400,3076,400,2443,400,400,400,400,400,400,2632,400,2491,2485,4522,2497,2505,2518,2468,0,0,0,0,0,0,0,0,0,0,0,0,0,0,0,0,0,0,0,0,0,0,0,0,0,0,18.18181800842285,0,0,0,0,0,20475,15905,9023,42,0,20475,13200,12188,48,0,66718994432,8589930496,32267841536,524288
200,1791366243140,1129244.0758514404,48800,2,1.1375,113954.2893371582,48800,2,1.13125,113006.97927856445,48800,2,0.93125,114486.86943054199,48800,2,0.93125,124986.9143371582,48800,2,0.93125,113384.35762023926,48800,2,0.93125,121846.29997253418,48800,2,0.93125,199281.10102844238,48800,2,1.1375,200543.99882507324,48800,2,1.1375,197054.86715698242,48800,2,1.1375,441725.8991699219,48800,2,1.1375,189001.32530212402,48800,2,1.1375,187999.38619995117,48800,2,1.1375,182011.78327941895,48800,2,1.1375,117139.4029083252,48800,2,1.13125,119217.65625,48800,2,1.13125,14496331.67402649,5402,5377,3070,5049,2479,2488,5047,400,400,2838,400,2707,2478,400,3076,400,2443,400,400,400,400,400,400,2632,400,2491,2485,4522,2497,2505,2518,2468,0,0,0,0,0,0,0,0,0,0,0,0,0,0,0,0,0,0,0,0,0,0,0,0,0,0,10.526315689086914,0,0,0,0,0,20475,15905,9023,42,0,20475,13200,12188,48,0,66718994432,8589930496,32267841536,524288
200,1791366243340,1129244.0776824951,48800,2,1.16875,113954.28973388672,48800,2,1.01875,113006.97940063477,48800,2,1.01875,114486.86967468262,48800,2,1.01875,124986.91445922852,48800,2,1.01875,113384.35774230957,48800,2,1.01875,121846.30009460449,48800,2,1.01875,199281.1015625,48800,2,1.16875,200543.99967956543,48800,2,1.16875,197054.8677368164,48800,2,1.16875,441725.96435546875,48800,2,1.16875,189001.32583618164,48800,2,1.16875,187999.38676452637,48800,2,1.16875,182011.78381347656,48800,2,1.16875,117139.4030456543,48800,2,1.01875,119217.65637207031,48800,2,1.01875,14496341.194412231,5402,5377,3070,5049,2479,2488,5047,400,400,2838,400,2707,2478,400,3076,400,2443,400,400,400,400,400,400,2632,400,2491,2485,4522,2497,2505,2518,2468,0,0,0,0,0,0,0,0,0,0,0,0,0,0,0,0,0,0,0,0,0,0,0,0,0,0,14.285715103149414,0,0,0,0,0,20475,15905,9023,42,0,20475,13200,12188,48,0,66718994432,8589930496,32267841536,524288
200,1791366243540,1129244.0784759521,48800,2,1.16875,113954.29016113281,48800,2,1.09375,113006.97955322266,48800,2,1.09375,114486.87005615234,48800,2,1.09375,124986.9146118164,48800,2,1.09375,113384.35791015625,48800,2,1.09375,121846.30026245117,48800,2,0.93125,199281.10208129883,3050,2,1.0875,200544.00045776367,3050,2,1.0875,197054.8683013916,3050,2,1.0875,441726.0283203125,3050,0,1.0875,189001.32635498047,3050,2,1.0875,187999.3872833252,3050,2,1.0875,182011.7843322754,3050,2,1.0875,117139.40321350098,48800,2,1.09375,119217.6565246582,48800,2,1.09375,14496350.660202026,5402,5377,3070,5049,2479,2488,5047,400,400,2838,400,2707,2478,400,3076,400,2443,400,400,400,400,400,400,2632,400,2491,2485,4522,2497,2505,2518,2468,0,0,0,0,0,0,0,0,0,0,0,0,0,0,0,0,0,0,0,0,0,0,0,0,0,0,10.526315689086914,0,0,0,0,0,20475,15905,9023,42,0,20475,13200,12188,48,0,66718994432,8589930496,32267841536,524288
200,1791366243741,1129244.080734253,48800,2,1.13125,113954.2905883789,48800,2,1.1375,113006.97969055176,48800,2,1.1375,114486.87033081055,48800,2,0.93125,124986.91474914551,48800,2,0.93125,113384.35804748535,48800,2,0.93125,121846.30039978027,48800,2,0.93125,199281.10263061523,48800,2,1.13125,200544.0019378662,48800,2,1.13125,197054.86891174316,48800,2,1.13125,441726.09715270996,48800,2,1.13125,189001.32690429688,48800,2,1.13125,187999.3878326416,48800,2,1.13125,182011.7848815918,48800,2,1.13125,117139.40335083008,48800,2,1.1375,119217.6566619873,48800,2,1.1375,14496360.127426147,5402,5377,3070,5049,2479,2488,5047,400,400,2838,400,2707,2478,400,3076,400,2443,400,400,400,400,400,400,2632,400,2491,2485,4522,2497,2505,2518,2468,0,0,0,0,0,0,0,0,0,0,0,0,0,0,0,0,0,0,0,0,0,0,0,0,0,0,14.285715103149414,0,0,0,0,0,20475,15905,9023,42,0,20475,13200,12159,48,0,66718994432,8589930496,32267837440,524288
200,1791366243941,1129244.0826263428,48800,2,1.16875,113954.29095458984,48800,2,1.025,113006.97982788086,48800,2,1.025,114486.87065124512,48800,2,1.025,124986.91488647461,48800,2,1.025,113384.35818481445,48800,2,1.025,121846.30053710938,48800,2,1.025,199281.10319519043,48800,2,1.16875,200544.0026550293,48800,2,1.16875,197054.86952209473,48800,2,1.16875,441726.1624145508,48800,2,1.16875,189001.32745361328,48800,2,1.16875,187999.3883972168,48800,2,1.16875,182011.7854309082,48800,2,1.16875,117139.40348815918,48800,2,1.025,119217.6567993164,48800,2,1.025,14496369.610809326,5402,5377,3070,5049,2479,2488,5047,400,400,2838,400,2707,2478,400,3076,400,2443,400,400,400,400,400,400,2632,400,2491,2485,4522,2497,2505,2518,2468,0,0,0,0,0,0,0,0,0,0,0,0,0,0,0,0,0,0,0,0,0,0,0,0,0,0,10.526315689086914,0,0,0,0,0,20475,15905,8987,42,0,20475,13200,12159,48,0,66718994432,8589930496,32267837440,524288
200,1791366244141,1129244.0846862793,48800,2,1.16875,113954.29125976563,48800,2,1.1,113006.97994995117,48800,2,1.1,114486.87097167969,48800,2,1.1,124986.91502380371,48800,2,1.1,113384.35832214355,48800,2,1.1,121846.30067443848,48800,2,1.1,199281.10540771484,3050,2,1.09375,200544.00398254395,3050,2,1.09375,197054.8701019287,3050,2,1.09375,441726.23237609863,3050,0,1.09375,189001.3279724121,3050,2,1.09375,187999.3889312744,3050,2,1.09375,182011.78594970703,3050,2,1.09375,117139.40377807617,48800,2,1.1,119217.65693664551,48800,2,1.1,14496379.18875122,5402,5377,3070,5049,2479,2488,5047,400,400,2838,400,2707,2478,400,3076,400,2443,400,400,400,400,400,400,2632,400,2491,2485,4522,2497,2505,2518,2468,0,0,0,0,0,0,0,0,0,0,0,0,0,0,0,0,0,0,0,0,0,0,0,0,0,0,15.000000953674316,0,0,0,0,0,20475,15905,8987,42,0,20475,13200,12159,48,0,66718994432,8589930496,32267436032,524288
200,1791366244342,1129244.0867462158,48800,2,1.13125,113954.29136657715,48800,2,0.93125,113006.9800415039,48800,2,0.93125,114486.87135314941,48800,2,0.93125,124986.91511535645,48800,2,0.93125,113384.35841369629,48800,2,0.93125,121846.30076599121,48800,2,0.93125,199281.10595703125,48800,2,1.13125,200544.00555419922,48800,2,1.13125,197054.8706665039,48800,2,1.13125,441726.3006439209,48800,2,1.13125,189001.32852172852,48800,2,1.13125,187999.38948059082,48800,2,1.13125,182011.78648376465,48800,2,1.13125,117139.40399169922,48800,2,1.13125,119217.65702819824,48800,2,1.13125,14496388.711914063,5402,5377,3070,5049,2479,2488,5047,400,400,2838,400,2707,2478,400,3076,400,2443,400,400,400,400,400,400,2632,400,2491,2485,4522,2497,2505,2518,2468,0,0,0,0,0,0,0,0,0,0,0,0,0,0,0,0,0,0,0,0,0,0,0,0,0,0,14.285715103149414,0,0,0,0,0,20475,15905,8987,42,0,20475,13200,12159,48,0,66718994432,8589930496,32266260480,524288
200,1791366244542,1129244.0876922607,48800,2,1.16875,113954.29148864746,48800,2,1.025,113006.98014831543,48800,2,1.025,114486.87149047852,48800,2,1.025,124986.91522216797,48800,2,1.025,113384.35852050781,48800,2,1.025,121846.30087280273,48800,2,1.025,199281.10650634766,48800,2,1.16875,200544.00679016113,48800,2,1.16875,197054.87127685547,48800,2,1.16875,441726.3664550781,48800,2,1.16875,189001.3291015625,48800,2,1.16875,187999.3900604248,48800,2,1.16875,182011.78703308105,48800,2,1.16875,117139.40428161621,48800,2,1.025,119217.65713500977,48800,2,1.025,14496398.131729126,5402,5377,3070,5049,2479,2488,5047,400,400,2838,400,2707,2478,400,3076,400,2443,400,400,400,400,400,400,2632,400,2491,2485,4522,2497,2505,2518,2468,0,0,0,0,0,0,0,0,0,0,0,0,0,0,0,0,0,0,0,0,0,0,0,0,0,0,10.526315689086914,0,0,0,0,0,20475,15905,8987,42,0,20475,13200,12159,48,0,66718994432,8589930496,32264941568,524288
200,1791366244742,1129244.089263916,3050,2,1.10625,113954.29165649414,48800,2,1.1,113006.98027038574,48800,2,1.1,114486.87185668945,48800,2,1.1,124986.91535949707,48800,2,0.93125,113384.3586730957,48800,2,0.93125,121846.30101013184,48800,2,0.93125,199281.10707092285,3050,2,1.10625,200544.00816345215,3050,2,1.10625,197054.8720703125,3050,2,1.10625,441726.4342956543,3050,0,1.10625,189001.32971191406,3050,2,1.10625,187999.390625,3050,2,1.10625,182011.78759765625,3050,2,1.10625,117139.40460205078,48800,2,1.1,119217.65727233887,48800,2,1.1,14496407.761627197,5402,5377,3070,5049,2479,2488,5047,400,400,2838,400,2707,2478,400,3076,400,2443,400,400,400,400,400,400,2632,400,2491,2485,4522,2497,2505,2518,2468,0,0,0,0,0,0,0,0,0,0,0,0,0,0,0,0,0,0,0,0,0,0,0,0,0,0,14.285715103149414,0,0,0,0,0,20475,15905,8987,42,0,20475,13200,12206,48,0,66718994432,8589930496,32264937472,524288
200,1791366244943,1129244.0917053223,48800,2,1.1375,113954.29183959961,48800,2,0.93125,113006.98042297363,48800,2,0.93125,114486.8724822998,48800,2,0.93125,124986.91551208496,48800,2,0.93125,113384.3588256836,48800,2,0.93125,121846.30116271973,48800,2,0.93125,199281.10766601563,48800,2,1.1375,200544.01037597656,48800,2,1.1375,197054.87271118164,48800,2,1.1375,441726.50453186035,48800,2,1.1375,189001.3303375244,48800,2,1.1375,187999.39123535156,48800,2,1.1375,182011.78817749023,48800,2,1.1375,117139.40487670898,48800,2,1.13125,119217.65742492676,48800,2,1.13125,14496417.421508789,5402,5377,3070,5049,2479,2488,5047,400,400,2838,400,2707,2478,400,3076,400,2443,400,400,400,400,400,400,2632,400,2491,2485,4522,2497,2505,2518,2468,0,0,0,0,0,0,0,0,0,0,0,0,0,0,0,0,0,0,0,0,0,0,0,0,0,0,10.526315689086914,0,0,0,0,0,20475,15905,8939,42,0,20475,13200,12206,48,0,66718994432,8589930496,32264937472,524288
200,1791366245143,1129244.0927276611,48800,2,1.16875,113954.29193115234,48800,2,1.0375,113006.98049926758,48800,2,1.0375,114486.87260437012,48800,2,1.0375,124986.9155883789,48800,2,1.0375,113384.35890197754,48800,2,1.0375,121846.30123901367,48800,2,1.0375,199281.10820007324,48800,2,1.16875,200544.01097106934,48800,2,1.16875,197054.8733215332,48800,2,1.16875,441726.57220458984,48800,2,1.16875,189001.3309326172,48800,2,1.16875,187999.39178466797,48800,2,1.16875,182011.78872680664,3050,2,1.025,117139.40507507324,48800,2,1.0375,119217.65751647949,48800,2,1.0375,14496426.952224731,5402,5377,3070,5049,2479,2488,5047,400,400,2838,400,2707,2478,400,3076,400,2443,400,400,400,400,400,400,2632,400,2491,2485,4522,2497,2505,2518,2468,0,0,0,0,0,0,0,0,0,0,0,0,0,0,0,0,0,0,0,0,0,0,0,0,0,0,15.000000953674316,0,0,0,0,0,20475,15905,8939,42,0,20475,13200,12206,48,0,66718994432,8589930496,32264937472,524288
200,1791366245343,1129244.0951080322,3050,2,1.10625,113954.29208374023,48800,2,1.10625,113006.98065185547,48800,2,1.10625,114486.8729095459,48800,2,1.10625,124986.9157409668,48800,2,0.93125,113384.35905456543,48800,2,0.93125,121846.30139160156,48800,2,0.93125,199281.10884094238,3050,2,1.10625,200544.01162719727,3050,2,1.10625,197054.87399291992,3050,2,1.10625,441726.6367034912,3050,0,1.10625,189001.33155822754,3050,2,1.10625,187999.39241027832,3050,2,1.10625,182011.7893218994,3050,2,1.10625,117139.40525817871,48800,2,1.10625,119217.65766906738,48800,2,1.10625,14496436.489562988,5402,5377,3070,5049,2479,2488,5047,400,400,2838,400,2707,2478,400,3076,400,2443,400,400,400,400,400,400,2632,400,2491,2485,4522,2497,2505,2518,2468,0,0,0,0,0,0,0,0,0,0,0,0,0,0,0,0,0,0,0,0,0,0,0,0,0,0,10,0,0,0,0,0,20475,15905,8939,42,0,20475,13200,12206,48,0,66718994432,8589930496,32264753152,524288
200,1791366245544,1129244.0982055664,48800,2,1.16875,113954.29223632813,48800,2,0.95,113006.98077392578,48800,2,0.95,114486.87306213379,48800,2,0.95,124986.91586303711,48800,2,0.95,113384.35917663574,48800,2,0.95,121846.30151367188,48800,2,0.95,199281.10945129395,48800,2,1.16875,200544.0137939453,48800,2,1.16875,197054.87467956543,48800,2,1.16875,441726.70349121094,48800,2,1.16875,189001.33221435547,48800,2,1.16875,187999.39308166504,48800,2,1.16875,182011.78994750977,48800,2,1.16875,117139.4055480957,48800,2,1.16875,119217.65782165527,48800,2,1.16875,14496446.122817993,5402,5377,3070,5049,2479,2488,5047,400,400,2838,400,2707,2478,400,3076,400,2443,400,400,400,400,400,400,2632,400,2491,2485,4522,2497,2505,2518,2468,0,0,4.761904716491699,0,0,0,0,0,0,0,0,0,0,0,0,0,0,0,0,0,0,0,0,0,0,0,15.000000953674316,0,0,0,0,0,20475,15905,8939,42,0,20475,13200,12206,48,0,66718994432,8589930496,32265007104,524288
200,1791366245744,1129244.0998382568,48800,2,1.16875,113954.29249572754,48800,2,1.05,113006.98123168945,48800,2,1.05,114486.8733215332,48800,2,1.05,124986.91610717773,48800,2,1.05,113384.35942077637,48800,2,1.05,121846.3017578125,48800,2,1.05,199281.1100769043,48800,2,1.16875,200544.01448059082,48800,2,1.16875,197054.87538146973,48800,2,1.16875,441726.7670440674,48800,2,1.16875,189001.3328704834,48800,2,1.16875,187999.39375305176,48800,2,1.16875,182011.79061889648,48800,2,1.16875,117139.40596008301,48800,2,1.05,119217.65808105469,48800,2,1.05,14496455.83001709,5402,5377,3070,5049,2479,2488,5047,400,400,2838,400,2707,2478,400,3076,400,2443,400,400,400,400,400,400,2632,400,2491,2485,4522,2497,2505,2518,2468,0,0,0,0,0,0,0,0,0,0,0,0,0,0,0,0,0,0,0,0,0,0,0,0,0,0,10,0,0,0,0,0,20475,15905,8939,42,0,20475,13200,12223,48,0,66718994432,8589930496,32265007104,524288
200,1791366245944,1129244.1020355225,3050,2,1.10625,113954.29258728027,48800,2,1.11875,113006.9813079834,48800,2,1.11875,114486.87342834473,48800,2,1.11875,124986.91619873047,48800,2,1.11875,113384.3595123291,48800,2,0.93125,121846.30184936523,48800,2,0.93125,199281.11058044434,3050,2,1.10625,200544.01504516602,3050,2,1.10625,197054.87591552734,3050,2,1.10625,441726.83100891113,3050,0,1.10625,189001.33337402344,3050,2,1.10625,187999.3942718506,3050,2,1.10625,182011.79112243652,3050,2,1.10625,117139.40623474121,48800,2,1.11875,119217.65817260742,48800,2,1.11875,14496465.275024414,5402,5377,3070,5049,2479,2488,5047,400,400,2838,400,2707,2478,400,3076,400,2443,400,400,400,400,400,400,2632,400,2491,2485,4522,2497,2505,2518,2468,0,0,0,0,0,0,0,0,0,0,0,0,0,0,0,0,0,0,0,0,0,0,0,0,0,0,19.047618865966797,0,0,0,0,0,20475,15905,8877,42,0,20475,13200,12223,48,0,66718994432,8589930496,32265007104,524288
200,1791366246145,1129244.1052093506,48800,2,1.175,113954.29275512695,48800,2,0.95625,113006.9814453125,48800,2,0.95625,114486.8735961914,48800,2,0.95625,124986.91633605957,48800,2,0.95625,113384.3596496582,48800,2,0.95625,121846.30198669434,48800,2,0.95625,199281.11112976074,48800,2,1.175,200544.01571655273,48800,2,1.175,197054.87651062012,48800,2,1.175,441726.9003601074,48800,2,1.175,189001.33393859863,48800,2,1.175,187999.39485168457,48800,2,1.175,182011.79167175293,48800,2,1.175,117139.40653991699,48800,2,1.175,119217.6583404541,48800,2,1.175,14496474.686309814,5402,5377,3070,5049,2479,2488,5047,400,400,2838,400,2707,2478,400,3076,400,2443,400,400,400,400,400,400,2632,400,2491,2485,4522,2497,2505,2518,2468,0,0,0,0,0,0,0,0,0,0,0,0,0,0,0,0,0,0,0,0,0,0,0,0,0,0,10,0,0,0,0,0,20475,15905,8877,42,0,20475,13200,12223,48,0,66718994432,8589930496,32265007104,524288
200,1791366246345,1129244.1065979004,48800,2,1.16875,113954.29289245605,48800,2,1.0375,113006.98156738281,48800,2,1.0375,114486.87373352051,48800,2,1.0375,124986.91645812988,48800,2,1.0375,113384.35977172852,48800,2,1.0375,121846.30210876465,48800,2,1.0375,199281.11167907715,48800,2,1.16875,200544.0163116455,48800,2,1.16875,197054.8770904541,48800,2,1.16875,441726.96365356445,48800,2,1.16875,189001.3345489502,48800,2,1.16875,187999.39541625977,48800,2,1.16875,182011.79222106934,48800,2,1.16875,117139.40684509277,48800,2,1.0375,119217.6584777832,48800,2,1.0375,14496484.202209473,5402,5377,3070,5049,2479,2488,5047,400,400,2838,400,2707,2478,400,3076,400,2443,400,400,400,400,400,400,2632,400,2491,2485,4522,2497,2505,2518,2468,0,0,0,0,0,0,0,0,0,0,0,0,0,0,0,0,0,0,0,0,0,0,0,0,0,0,10.526315689086914,0,0,0,0,0,20475,15905,8877,42,0,20475,13200,12223,48,0,66718994432,8589930496,32262987776,524288
200,1791366246545,1129244.1085968018,3050,2,1.10625,113954.29298400879,48800,2,1.1125,113006.98164367676,48800,2,1.1125,114486.87384033203,48800,2,1.1125,124986.91654968262,48800,2,1.1125,113384.35986328125,48800,2,0.93125,121846.30220031738,48800,2,0.93125,199281.11222839355,3050,2,1.10625,200544.0168762207,3050,2,1.10625,197054.8776702881,3050,2,1.10625,441727.03173828125,3050,0,1.10625,189001.33514404297,3050,2,1.10625,187999.39596557617,3050,2,1.10625,182011.79277038574,3050,2,1.10625,117139.40713500977,48800,2,1.1125,119217.65856933594,48800,2,1.1125,14496493.660140991,5402,5377,3070,5049,2479,2488,5047,400,400,2838,400,2707,2478,400,3076,400,2443,400,400,400,400,400,400,2632,400,2491,2485,4522,2497,2505,2518,2468,0,0,0,0,0,0,0,0,0,0,0,0,0,0,0,0,0,0,0,0,0,0,0,0,0,0,15.000000953674316,0,0,0,0,0,20475,15905,8877,42,0,20475,13200,12223,48,0,66718994432,8589930496,32265564160,524288
200,1791366246746,1129244.1099395752,48800,2,1.16875,113954.29312133789,48800,2,0.95625,113006.98176574707,48800,2,0.95625,114486.87397766113,48800,2,0.95625,124986.91667175293,48800,2,0.95625,113384.35998535156,48800,2,0.95625,121846.30233764648,48800,2,0.95625,199281.1127166748,48800,2,1.16875,200544.01741027832,48800,2,1.16875,197054.8781890869,48800,2,1.16875,441727.09883117676,48800,2,1.16875,189001.3356781006,48800,2,1.16875,187999.3964996338,48800,2,1.16875,182011.793258667,48800,2,1.16875,117139.40740966797,48800,2,1.16875,119217.65872192383,48800,2,1.16875,14496503.087478638,5402,5377,3070,5049,2479,2488,5047,400,400,2838,400,2707,2478,400,3076,400,2443,400,400,400,400,400,400,2632,400,2491,2485,4522,2497,2505,2518,2468,0,0,0,0,0,0,0,0,0,0,0,0,0,0,0,0,0,0,0,0,0,0,0,0,0,0,10,0,0,0,0,0,20475,15905,8877,42,0,20475,13200,12210,47,0,66718994432,8589930496,32265007104,524288
200,1791366246946,1129244.1106872559,48800,2,1.16875,113954.29327392578,48800,2,1.0375,113006.98190307617,48800,2,1.0375,114486.87413024902,48800,2,1.0375,124986.91680908203,48800,2,1.0375,113384.36012268066,48800,2,1.0375,121846.30247497559,48800,2,1.0375,199281.11322021484,48800,2,1.16875,200544.01795959473,48800,2,1.16875,197054.87872314453,48800,2,1.16875,441727.16481018066,48800,2,1.16875,189001.3362121582,48800,2,1.16875,187999.39700317383,48800,2,1.16875,182011.79376220703,48800,2,1.16875,117139.40773010254,48800,2,1.0375,119217.65887451172,48800,2,1.0375,14496512.470489502,5402,5377,3070,5049,2479,2488,5047,400,400,2838,400,2707,2478,400,3076,400,2443,400,400,400,400,400,400,2632,400,2491,2485,4522,2497,2505,2518,2468,0,0,0,0,0,0,0,0,0,0,0,0,0,0,0,0,0,0,0,0,0,0,0,0,0,0,15.000000953674316,0,0,0,0,0,20475,15905,8837,42,0,20475,13200,12210,47,0,66718994432,8589930496,32265007104,524288
200,1791366247146,1129244.113494873,3050,2,1.10625,113954.29342651367,48800,2,1.1125,113006.98204040527,48800,2,1.1125,114486.87428283691,48800,2,1.1125,124986.91694641113,48800,2,1.1125,113384.36027526855,48800,2,0.93125,121846.30261230469,48800,2,0.93125,199281.11373901367,3050,2,1.10625,200544.0186767578,3050,2,1.10625,197054.8793182373,3050,2,1.10625,441727.2321166992,3050,0,1.10625,189001.3367767334,3050,2,1.10625,187999.39755249023,3050,2,1.10625,182011.79428100586,3050,2,1.10625,117139.40802001953,48800,2,1.1125,119217.65902709961,48800,2,1.1125,14496521.923080444,5402,5377,3070,5049,2479,2488,5047,400,400,2838,400,2707,2478,400,3076,400,2443,400,400,400,400,400,400,2632,400,2491,2485,4522,2497,2505,2518,2468,0,0,0,0,0,0,0,0,0,0,0,0,0,0,0,0,0,0,0,0,0,0,0,0,0,0,10,0,0,0,0,0,20475,15905,8837,42,0,20475,13200,12210,47,0,66718994432,8589930496,32265007104,524288
200,1791366247347,1129244.1155395508,48800,2,1.1375,113954.2935333252,48800,2,0.93125,113006.98213195801,48800,2,0.93125,114486.87438964844,48800,2,0.93125,124986.91703796387,48800,2,0.93125,113384.36036682129,48800,2,0.93125,121846.30270385742,48800,2,0.93125,199281.1142578125,48800,2,1.1375,200544.019241333,48800,2,1.1375,197054.8798675537,48800,2,1.1375,441727.29931640625,48800,2,1.1375,189001.3373260498,48800,2,1.1375,187999.39811706543,48800,2,1.1375,182011.79481506348,48800,2,1.1375,117139.408203125,48800,2,1.1375,119217.65913391113,48800,2,1.1375,14496531.464797974,5402,5377,3070,5049,2479,2488,5047,400,400,2838,400,2707,2478,400,3076,400,2443,400,400,400,400,400,400,2632,400,2491,2485,4522,2497,2505,2518,2468,0,0,0,0,0,0,0,0,0,0,0,0,0,0,0,0,0,0,0,0,0,0,0,0,0,0,15.000000953674316,0,0,0,0,0,20475,15905,8837,42,0,20475,13200,12210,47,0,66718994432,8589930496,32262914048,524288
200,1791366247547,1129244.1163024902,48800,2,1.16875,113954.29365539551,48800,2,1.025,113006.98223876953,48800,2,1.025,114486.87451171875,48800,2,1.025,124986.91714477539,48800,2,1.025,113384.36047363281,48800,2,1.025,121846.30281066895,48800,2,1.025,199281.11476135254,48800,2,1.16875,200544.0198059082,48800,2,1.16875,197054.88041687012,48800,2,1.16875,441727.36221313477,48800,2,1.16875,189001.337890625,48800,2,1.16875,187999.39863586426,48800,2,1.16875,182011.7953338623,48800,2,1.16875,117139.40849304199,48800,2,1.025,119217.65925598145,48800,2,1.025,14496540.866851807,5402,5377,3070,5049,2479,2488,5047,400,400,2838,400,2707,2478,400,3076,400,2443,400,400,400,400,400,400,2632,400,2491,2485,4522,2497,2505,2518,2468,0,0,0,0,0,0,0,0,0,0,0,0,0,0,0,0,0,0,0,0,0,0,0,0,0,0,10,0,0,0,0,0,20475,15905,8837,42,0,20475,13200,12210,47,0,66718994432,8589930496,32268304384,524288
200,1791366247747,1129244.1177520752,48800,2,1.0375,113954.29374694824,48800,2,1.1,113006.98231506348,48800,2,1.1,114486.87461853027,48800,2,1.1,124986.91723632813,48800,2,1.1,113384.36056518555,48800,2,1.1,121846.30290222168,48800,2,0.925,199281.1152496338,3050,2,1.1,200544.02033996582,3050,2,1.1,197054.88095092773,3050,2,1.1,441727.42597961426,3050,0,1.1,189001.33840942383,3050,2,1.1,187999.3991394043,3050,2,1.1,182011.79582214355,3050,2,1.1,117139.40873718262,48800,2,1.1,119217.65934753418,48800,2,1.1,14496550.258590698,5402,5377,3070,5049,2479,2488,5047,400,400,2838,400,2707,2478,400,3076,400,2443,400,400,400,400,400,400,2632,400,2491,2485,4522,2497,2505,2518,2468,0,0,0,0,0,0,0,0,0,0,0,0,0,0,0,0,0,0,0,0,0,0,0,0,0,0,15.000000953674316,0,0,0,0,0,20475,15905,8837,42,0,20475,13200,12244,47,0,66718994432,8589930496,32268304384,524288
200,1791366247948,1129244.1195220947,48800,2,1.13125,113954.29386901855,48800,2,1.1375,113006.982421875,48800,2,0.93125,114486.87474060059,48800,2,0.93125,124986.91734313965,48800,2,0.93125,113384.36067199707,48800,2,0.93125,121846.3030090332,48800,2,0.93125,199281.1157989502,48800,2,1.13125,200544.0209350586,48800,2,1.13125,197054.88153076172,48800,2,1.13125,441727.49310302734,48800,2,1.13125,189001.3390045166,48800,2,1.13125,187999.3997039795,48800,2,1.13125,182011.79637145996,48800,2,1.13125,117139.40898132324,48800,2,1.1375,119217.65946960449,48800,2,1.1375,14496559.673171997,5402,5377,3070,5049,2479,2488,5047,400,400,2838,400,2707,2478,400,3076,400,2443,400,400,400,400,400,400,2632,400,2491,2485,4522,2497,2505,2518,2468,0,0,0,0,0,0,0,0,0,0,0,0,0,0,0,0,0,0,0,0,0,0,0,0,0,0,10.526315689086914,0,0,0,0,0,20475,15905,8803,42,0,20475,13200,12244,47,0,66718994432,8589930496,32268304384,524288
200,1791366248148,1129244.1202392578,48800,2,1.16875,113954.29400634766,48800,2,1.03125,113006.98254394531,48800,2,1.03125,114486.87496948242,48800,2,1.03125,124986.91746520996,48800,2,1.03125,113384.36079406738,48800,2,1.03125,121846.30313110352,48800,2,1.03125,199281.1163482666,48800,2,1.16875,200544.02159118652,48800,2,1.16875,197054.88221740723,48800,2,1.16875,441727.56019592285,48800,2,1.16875,189001.3395843506,48800,2,1.16875,187999.4002532959,48800,2,1.16875,182011.79692077637,48800,2,1.16875,117139.40928649902,48800,2,1.03125,119217.6596069336,48800,2,1.03125,14496569.08821106,5402,5377,3070,5049,2479,2488,5047,400,400,2838,400,2707,2478,400,3076,400,2443,400,400,400,400,400,400,2632,400,2491,2485,4522,2497,2505,2518,2468,0,0,0,0,0,0,0,0,0,0,0,0,0,0,0,0,0,0,0,0,0,0,0,0,0,0,14.285715103149414,0,0,0,0,0,20475,15905,8803,42,0,20475,13200,12244,47,0,66718994432,8589930496,32268304384,524288
200,1791366248348,1129244.1218566895,48800,2,1.16875,113954.29406738281,48800,2,1.1,113006.98258972168,48800,2,1.1,114486.87504577637,48800,2,1.1,124986.91752624512,48800,2,1.1,113384.36087036133,48800,2,1.1,121846.30319213867,48800,2,1.1,199281.11685180664,3050,2,1.09375,200544.02210998535,3050,2,1.09375,197054.88275146484,3050,2,1.09375,441727.6266937256,3050,0,1.09375,189001.3401184082,3050,2,1.09375,187999.40075683594,3050,2,1.09375,182011.79740905762,3050,2,1.09375,117139.40951538086,48800,2,1.1,119217.65966796875,48800,2,1.1,14496578.638549805,5402,5377,3070,5049,2479,2488,5047,400,400,2838,400,2707,2478,400,3076,400,2443,400,400,400,400,400,400,2632,400,2491,2485,4522,2497,2505,2518,2468,0,0,0,0,0,0,0,0,0,0,0,0,0,0,0,0,0,0,0,0,0,0,0,0,0,0,10.526315689086914,0,0,0,0,0,20475,15905,8803,42,0,20475,13200,12244,47,0,66718994432,8589930496,32268300288,524288
199,1791366248549,1129244.124282837,48800,2,1.1375,113954.29418945313,48800,2,1.1375,113006.98271179199,48800,2,0.93125,114486.87518310547,48800,2,0.93125,124986.91764831543,48800,2,0.93125,113384.36099243164,48800,2,0.93125,121846.30331420898,48800,2,0.93125,199281.11737060547,48800,2,1.1375,200544.02268981934,48800,2,1.1375,197054.88330078125,48800,2,1.1375,441727.695022583,48800,2,1.1375,189001.3406677246,48800,2,1.1375,187999.40130615234,48800,2,1.1375,182011.79792785645,48800,2,1.1375,117139.40977478027,48800,2,1.1375,119217.65980529785,48800,2,1.1375,14496588.032089233,5402,5377,3070,5049,2479,2488,5047,400,400,2838,400,2707,2478,400,3076,400,2443,400,400,400,400,400,400,2632,400,2491,2485,4522,2497,2505,2518,2468,0,0,0,0,0,0,0,0,0,0,0,0,0,0,0,0,0,0,0,0,0,0,0,0,0,0,14.285715103149414,0,0,0,0,0,20475,15905,8803,42,0,20475,13200,12244,47,0,66718994432,8589930496,32268300288,524288
200,1791366248749,1129244.1250915527,48800,2,0.48750000000000004,113954.29429626465,48800,2,0.925,113006.98280334473,48800,2,0.925,114486.87530517578,48800,2,0.925,124986.91773986816,48800,2,0.925,113384.36108398438,48800,2,0.925,121846.3034362793,48800,2,0.925,199281.1178894043,48800,2,0.48750000000000004,200544.02325439453,48800,2,0.48750000000000004,197054.88383483887,48800,2,0.48750000000000004,441727.76124572754,48800,2,0.48750000000000004,189001.34121704102,48800,2,0.48750000000000004,187999.40184020996,48800,2,0.48750000000000004,182011.79844665527,48800,2,0.48750000000000004,117139.40998840332,48800,2,0.93125,119217.65991210938,48800,2,0.925,14496597.484344482,5402,5377,3070,5049,2479,2488,5047,400,400,2838,400,2707,2478,400,3076,400,2443,400,400,400,400,400,400,2632,400,2491,2485,4522,2497,2505,2518,2468,0,0,0,0,0,0,0,0,0,0,0,0,0,0,0,0,0,0,0,0,0,0,0,0,0,0,10.526315689086914,0,0,0,0,0,20475,15905,8803,42,0,20475,13200,12227,47,0,66718994432,8589930496,32268300288,524288
200,1791366248949,1129244.1259765625,48800,2,1.16875,113954.29444885254,48800,2,1.0375,113006.9829711914,48800,2,1.0375,114486.87562561035,48800,2,1.0375,124986.91787719727,48800,2,1.0375,113384.36122131348,48800,2,1.0375,121846.3035736084,48800,2,1.0375,199281.11840820313,48800,2,1.16875,200544.02378845215,48800,2,1.16875,197054.88438415527,48800,2,1.16875,441727.82568359375,48800,2,1.16875,189001.34176635742,48800,2,1.16875,187999.4023590088,48800,2,1.16875,182011.7989654541,48800,2,1.16875,117139.41032409668,48800,2,1.0375,119217.66015625,48800,2,1.0375,14496606.89390564,5402,5377,3070,5049,2479,2488,5047,400,400,2838,400,2707,2478,400,3076,400,2443,400,400,400,400,400,400,2632,400,2491,2485,4522,2497,2505,2518,2468,0,0,0,0,0,0,0,0,0,0,0,0,0,0,0,0,0,0,0,0,0,0,0,0,0,0,15.000000953674316,0,0,0,0,0,20475,15905,8838,42,0,20475,13200,12227,47,0,66718994432,8589930496,32268300288,524288
200,1791366249150,1129244.128112793,3050,2,1.11875,113954.29460144043,48800,2,1.1,113006.9831237793,48800,2,1.1,114486.87579345703,48800,2,1.1,124986.91802978516,48800,2,1.1,113384.36138916016,48800,2,1.1,121846.30372619629,48800,2,0.93125,199281.1190032959,3050,2,1.11875,200544.02445983887,3050,2,1.11875,197054.8853149414,3050,2,1.11875,441727.89530944824,3050,0,1.11875,189001.34239196777,3050,2,1.11875,187999.40295410156,3050,2,1.11875,182011.79956054688,3050,2,1.11875,117139.41053771973,48800,2,1.1,119217.66032409668,48800,2,1.1,14496616.452423096,5402,5377,3070,5049,2479,2488,5047,400,400,2838,400,2707,2478,400,3076,400,2443,400,400,400,400,400,400,2632,400,2491,2485,4522,2497,2505,2518,2468,0,0,0,0,0,0,0,0,0,0,0,0,0,0,0,0,0,0,0,0,0,0,0,0,0,0,10,0,0,0,0,0,20475,15905,8838,42,0,20475,13200,12227,47,0,66718994432,8589930496,32268300288,524288
200,1791366249350,1129244.1295471191,48800,2,1.16875,113954.29469299316,48800,2,0.95,113006.98320007324,48800,2,0.95,114486.87591552734,48800,2,0.95,124986.9181060791,48800,2,0.95,113384.3614654541,48800,2,0.95,121846.30380249023,48800,2,0.95,199281.12059020996,48800,2,1.16875,200544.02503967285,48800,2,1.16875,197054.88591003418,48800,2,1.16875,441727.9652404785,48800,2,1.16875,189001.34300231934,48800,2,1.16875,187999.40370178223,48800,2,1.16875,182011.80010986328,48800,2,1.16875,117139.41075134277,48800,2,1.16875,119217.6604309082,48800,2,0.95,14496626.002929688,5402,5377,3070,5049,2479,2488,5047,400,400,2838,400,2707,2478,400,3076,400,2443,400,400,400,400,400,400,2632,400,2491,2485,4522,2497,2505,2518,2468,0,0,0,0,0,0,0,0,0,0,0,0,4.761904716491699,0,0,0,0,0,0,0,0,0,0,0,0,0,19.047618865966797,0,0,0,0,0,20475,15905,8838,42,0,20475,13200,12227,47,0,66718994432,8589930496,32264466432,524288
200,1791366249550,1129244.1304016113,48800,2,1.16875,113954.29484558105,48800,2,1.025,113006.98333740234,48800,2,1.025,114486.87606811523,48800,2,1.025,124986.9182434082,48800,2,1.025,113384.3616027832,48800,2,1.025,121846.30393981934,48800,2,1.025,199281.12118530273,48800,2,1.16875,200544.02569580078,48800,2,1.16875,197054.8879547119,48800,2,1.16875,441728.0305175781,48800,2,1.16875,189001.3436279297,48800,2,1.16875,187999.4043121338,48800,2,1.16875,182011.80070495605,48800,2,1.16875,117139.41108703613,48800,2,1.025,119217.6605834961,48800,2,1.025,14496635.585708618,5402,5377,3070,5049,2479,2488,5047,400,400,2838,400,2707,2478,400,3076,400,2443,400,400,400,400,400,400,2632,400,2491,2485,4522,2497,2505,2518,2468,0,0,0,0,0,0,0,0,0,0,0,0,0,0,0,0,0,0,0,0,0,0,0,0,0,0,10,0,0,0,0,0,20475,15905,8838,42,0,20475,13200,12227,47,0,66718994432,8589930496,32265728000,524288
199,1791366249750,1129244.1321105957,48800,2,0.5375000000000001,113954.29507446289,48800,2,1.1,113006.98355102539,48800,2,1.1,114486.87631225586,48800,2,1.1,124986.91847229004,48800,2,1.1,113384.36183166504,48800,2,1.1,121846.30416870117,48800,2,0.93125,199281.1220703125,3050,2,1.1,200544.02639770508,3050,2,1.1,197054.8889312744,3050,2,1.1,441728.099319458,3050,0,1.1,189001.34437561035,3050,2,1.1,187999.40504455566,3050,2,1.1,182011.80142211914,3050,2,1.1,117139.41134643555,48800,2,1.1,119217.66081237793,48800,2,1.1,14496645.384384155,5402,5377,3070,5049,2479,2488,5047,400,400,2838,400,2707,2478,400,3076,400,2443,400,400,400,400,400,400,2632,400,2491,2485,4522,2497,2505,2518,2468,0,0,0,0,0,0,0,0,0,0,0,0,0,0,0,0,0,0,0,0,0,0,0,0,0,0,15.000000953674316,0,0,0,0,0,20475,15905,8838,42,0,20475,13200,12151,47,0,66718994432,8589930496,32265728000,524288
200,1791366249951,1129244.1334075928,3050,2,1.0625,113954.2951965332,48800,2,1.06875,113006.98364257813,48800,2,1.06875,114486.87641906738,48800,2,0.93125,124986.91856384277,48800,2,0.93125,113384.36192321777,48800,2,0.93125,121846.3042602539,48800,2,0.93125,199281.12269592285,3050,2,1.0625,200544.02703857422,3050,2,1.0625,197054.8900604248,3050,0,1.0625,441728.1689605713,3050,0,1.0625,189001.3450164795,3050,2,1.0625,187999.40567016602,3050,2,1.0625,182011.8020477295,3050,2,1.0625,117139.41157531738,48800,2,1.06875,119217.66091918945,48800,2,1.06875,14496654.878723145,5402,5377,3070,5049,2479,2488,5047,400,400,2838,400,2707,2478,400,3076,400,2443,400,400,400,400,400,400,2632,400,2491,2485,4522,2497,2505,2518,2468,0,0,0,0,0,0,0,0,0,0,0,0,0,0,0,0,0,0,0,0,0,0,0,0,0,0,10.526315689086914,0,0,0,0,0,20475,15905,8919,42,0,20475,13200,12151,47,0,66718994432,8589930496,32265728000,524288
200,1791366250151,1129244.13571167,48800,2,1.175,113954.29537963867,48800,2,0.9625,113006.98379516602,48800,2,0.9625,114486.87660217285,48800,2,0.9625,124986.91871643066,48800,2,0.9625,113384.36209106445,48800,2,0.9625,121846.3044128418,48800,2,0.9625,199281.123336792,48800,2,1.175,200544.0277709961,48800,2,1.175,197054.89079284668,48800,2,1.175,441728.2383880615,48800,2,1.175,189001.345703125,48800,2,1.175,187999.40632629395,48800,2,1.175,182011.80268859863,48800,2,1.175,117139.4119720459,48800,2,1.175,119217.66108703613,48800,2,0.9625,14496664.455200195,5402,5377,3070,5049,2479,2488,5047,400,400,2838,400,2707,2478,400,3076,400,2443,400,400,400,400,400,400,2632,400,2491,2485,4522,2497,2505,2518,2468,0,0,0,0,0,0,0,0,0,0,0,0,0,0,0,0,0,0,0,0,0,0,0,0,0,0,10,0,0,0,0,0,20475,15905,8919,42,0,20475,13200,12151,47,0,66718994432,8589930496,32265723904,524288
199,1791366250351,1129244.1367034912,48800,2,1.06875,113954.29550170898,48800,2,1.0375,113006.98388671875,48800,2,1.0375,114486.87670898438,48800,2,1.0375,124986.9188079834,48800,2,1.0375,113384.36218261719,48800,2,1.0375,121846.30450439453,48800,2,1.0375,199281.12394714355,48800,2,1.06875,200544.02839660645,48800,2,1.06875,197054.89143371582,48800,2,1.06875,441728.3049316406,48800,2,1.06875,189001.34631347656,48800,2,1.06875,187999.4069366455,48800,2,1.06875,182011.8032989502,48800,2,1.06875,117139.41226196289,48800,2,1.0375,119217.66119384766,48800,2,1.0375,14496674.03678894,5402,5377,3070,5049,2479,2488,5047,400,400,2838,400,2707,2478,400,3076,400,2443,400,400,400,400,400,400,2632,400,2491,2485,4522,2497,2505,2518,2468,0,0,0,0,0,0,0,0,0,0,0,0,0,0,0,0,0,0,0,0,0,0,0,0,0,0,15.000000953674316,0,0,0,0,0,20475,15905,8919,42,0,20475,13200,12151,47,0,66718994432,8589930496,32265723904,524288
199,1791366250551,1129244.1380462646,3050,0,1.10625,113954.29559326172,48800,2,0.93125,113006.9839630127,48800,2,0.93125,114486.8768157959,48800,2,0.93125,124986.91889953613,48800,2,0.93125,113384.36227416992,48800,2,0.93125,121846.30459594727,48800,2,0.93125,199281.12451171875,3050,2,1.10625,200544.02899169922,3050,2,0.5625,197054.8920135498,3050,2,0.5625,441728.3731689453,3050,0,0.5625,189001.34687805176,3050,2,0.5625,187999.4075164795,3050,2,0.5625,182011.8038635254,3050,2,0.5625,117139.4123840332,48800,2,0.93125,119217.66128540039,48800,2,0.93125,14496683.471603394,5402,5377,3070,5049,2479,2488,5047,400,400,2838,400,2707,2478,400,3076,400,2443,400,400,400,400,400,400,2632,400,2491,2485,4522,2497,2505,2518,2468,0,0,0,0,0,0,0,0,0,0,0,0,0,0,0,0,0,0,0,0,0,0,0,0,0,0,10,0,0,0,0,0,20475,15905,8919,42,0,20475,13200,12151,47,0,66718994432,8589930496,32265723904,524288
200,1791366250751,1129244.1389770508,48800,2,1.16875,113954.29571533203,48800,2,1.05,113006.98406982422,48800,2,1.05,114486.876953125,48800,2,1.05,124986.91900634766,48800,2,1.05,113384.36238098145,48800,2,1.05,121846.30470275879,48800,2,1.05,199281.12509155273,48800,2,1.16875,200544.029586792,48800,2,1.16875,197054.8925933838,48800,2,1.16875,441728.4438018799,48800,2,1.16875,189001.34745788574,48800,2,1.05,187999.40811157227,3050,2,1.05,182011.80444335938,3050,2,1.05,117139.4126739502,48800,2,1.05,119217.6614074707,48800,2,1.05,14496692.945602417,5402,5377,3070,5049,2479,2488,5047,400,400,2838,400,2707,2478,400,3076,400,2443,400,400,400,400,400,400,2632,400,2491,2485,4522,2497,2505,2518,2468,0,0,0,0,0,0,0,0,0,0,0,0,0,0,0,0,0,0,0,0,0,0,0,0,0,0,15.000000953674316,0,0,0,0,0,20475,15905,8919,42,0,20475,13200,12177,47,0,66718994432,8589930496,32265723904,524288
200,1791366250952,1129244.1407928467,48800,2,1.0375,113954.29582214355,48800,2,1.0375,113006.98417663574,48800,2,1.0375,114486.87707519531,48800,2,1.0375,124986.91911315918,48800,2,1.0375,113384.36248779297,48800,2,0.93125,121846.30480957031,48800,2,0.93125,199281.12565612793,48800,2,1.0375,200544.03018188477,48800,2,1.0375,197054.89317321777,48800,2,1.0375,441728.5096282959,48800,2,1.0375,189001.34802246094,48800,2,1.0375,187999.40869140625,48800,2,1.0375,182011.80500793457,48800,2,1.0375,117139.41290283203,48800,2,1.0375,119217.66151428223,48800,2,1.0375,14496702.40940857,5402,5377,3070,5049,2479,2488,5047,400,400,2838,400,2707,2478,400,3076,400,2443,400,400,400,400,400,400,2632,400,2491,2485,4522,2497,2505,2518,2468,0,0,0,0,0,0,0,0,0,0,0,0,0,0,0,0,0,0,0,0,0,0,0,0,0,0,15.000000953674316,0,0,0,0,0,20475,15905,8914,42,0,20475,13200,12177,47,0,66718994432,8589930496,32265723904,524288
200,1791366251152,1129244.1417694092,48800,2,1.16875,113954.29592895508,48800,2,0.975,113006.98426818848,48800,2,0.975,114486.87718200684,48800,2,0.975,124986.91920471191,48800,2,0.975,113384.36259460449,48800,2,0.975,121846.30490112305,48800,2,0.975,199281.12628173828,48800,2,1.16875,200544.0308227539,48800,2,1.16875,197054.89387512207,48800,2,1.16875,441728.58015441895,48800,2,1.16875,189001.3486480713,48800,2,1.16875,187999.4093322754,48800,2,1.16875,182011.80563354492,48800,2,1.16875,117139.41317749023,48800,2,0.975,119217.66163635254,48800,2,0.975,14496711.912872314,5402,5377,3070,5049,2479,2488,5047,400,400,2838,400,2707,2478,400,3076,400,2443,400,400,400,400,400,400,2632,400,2491,2485,4522,2497,2505,2518,2468,0,0,0,0,0,0,0,0,0,0,0,0,0,0,0,0,0,0,0,0,0,0,0,0,0,0,14.285715103149414,0,0,0,0,0,20475,15905,8914,42,0,20475,13200,12177,47,0,66718994432,8589930496,32265719808,524288
200,1791366251352,1129244.1431121826,48800,2,1.16875,113954.2960357666,48800,2,1.0625,113006.98435974121,48800,2,1.0625,114486.87728881836,48800,2,1.0625,124986.91929626465,48800,2,1.0625,113384.36268615723,48800,2,1.0625,121846.30499267578,48800,2,1.0625,199281.12684631348,48800,2,1.16875,200544.0314025879,48800,2,1.16875,197054.89463806152,48800,2,1.16875,441728.6457672119,48800,2,1.16875,189001.34921264648,48800,2,1.16875,187999.40991210938,48800,2,1.16875,182011.80619812012,48800,2,1.0437500000000002,117139.41342163086,48800,2,1.0625,119217.66174316406,48800,2,1.0625,14496721.479248047,5402,5377,3070,5049,2479,2488,5047,400,400,2838,400,2707,2478,400,3076,400,2443,400,400,400,400,400,400,2632,400,2491,2485,4522,2497,2505,2518,2468,0,0,0,0,0,0,0,0,0,0,0,0,0,0,0,0,0,0,0,0,0,0,0,4.761904716491699,0,0,10.526315689086914,0,0,0,0,0,20475,15905,8914,42,0,20475,13200,12177,47,0,66718994432,8589930496,32260952064,524288
200,1791366251553,1129244.1447143555,48800,2,1.14375,113954.29618835449,48800,2,1.14375,113006.98449707031,48800,2,1.14375,114486.87745666504,48800,2,1.14375,124986.91944885254,48800,2,1.14375,113384.36283874512,48800,2,1.14375,121846.30514526367,48800,2,1.14375,199281.12739562988,48800,2,1.14375,200544.0319519043,48800,2,1.14375,197054.89544677734,48800,2,1.14375,441728.7136230469,48800,2,1.14375,189001.3497467041,48800,2,1.14375,187999.41046142578,48800,2,1.14375,182011.80673217773,48800,2,1.14375,117139.41369628906,48800,2,1.14375,119217.66189575195,48800,2,1.14375,14496730.905258179,5402,5377,3070,5049,2479,2488,5047,400,400,2838,400,2707,2478,400,3076,400,2443,400,400,400,400,400,400,2632,400,2491,2485,4522,2497,2505,2518,2468,0,0,0,0,0,0,0,0,0,0,0,0,0,0,0,0,0,0,0,0,0,0,0,0,0,0,14.285715103149414,0,0,0,0,0,20475,15905,8914,42,0,20475,13200,12177,47,0,66718994432,8589930496,32265854976,524288
199,1791366251753,1129244.1460113525,48800,2,1.16875,113954.29634094238,48800,2,0.975,113006.98461914063,48800,2,0.975,114486.87762451172,48800,2,0.975,124986.91957092285,48800,2,0.975,113384.36297607422,48800,2,0.975,121846.30526733398,48800,2,0.975,199281.1279296875,48800,2,1.16875,200544.0324859619,48800,2,1.16875,197054.89628601074,48800,2,1.16875,441728.7777709961,48800,2,1.16875,189001.3502960205,48800,2,1.16875,187999.4110107422,48800,2,1.16875,182011.80728149414,48800,2,1.16875,117139.41400146484,48800,2,1.16875,119217.66203308105,48800,2,0.975,14496740.28781128,5402,5377,3070,5049,2479,2488,5047,400,400,2838,400,2707,2478,400,3076,400,2443,400,400,400,400,400,400,2632,400,2491,2485,4522,2497,2505,2518,2468,0,0,0,0,0,0,0,0,0,0,0,0,0,0,0,0,0,0,0,0,0,0,0,0,0,0,10.526315689086914,0,0,0,0,0,20475,15905,8914,42,0,20475,13200,12191,47,0,66718994432,8589930496,32265854976,524288
200,1791366251953,1129244.1469268799,48800,2,0.9625,113954.2964630127,48800,2,0.93125,113006.98472595215,48800,2,0.93125,114486.87774658203,48800,2,0.93125,124986.91967773438,48800,2,0.93125,113384.36308288574,48800,2,0.93125,121846.30537414551,48800,2,0.93125,199281.12850952148,48800,2,0.9625,200544.03311157227,48800,2,0.9625,197054.89688110352,48800,2,0.9625,441728.8439025879,48800,2,0.9625,189001.35089111328,48800,2,0.9625,187999.41163635254,48800,2,0.9625,182011.80786132813,48800,2,0.9625,117139.41424560547,48800,2,0.93125,119217.66215515137,48800,2,0.93125,14496749.737121582,5402,5377,3070,5049,2479,2488,5047,400,400,2838,400,2707,2478,400,3076,400,2443,400,400,400,400,400,400,2632,400,2491,2485,4522,2497,2505,2518,2468,0,0,0,0,0,0,0,0,0,0,0,0,0,0,0,0,0,0,0,0,0,0,0,0,0,0,14.285715103149414,0,0,0,0,0,20475,15905,8822,42,0,20475,13200,12191,47,0,66718994432,8589930496,32265850880,524288
200,1791366252153,1129244.1489562988,48800,2,1.16875,113954.29656982422,48800,2,1.05,113006.98483276367,48800,2,1.05,114486.87789916992,48800,2,1.05,124986.9197845459,48800,2,1.05,113384.36320495605,48800,2,1.05,121846.30548095703,48800,2,1.05,199281.12927246094,48800,2,1.16875,200544.03370666504,48800,2,1.16875,197054.89778137207,48800,2,1.16875,441728.9108734131,48800,2,1.16875,189001.35147094727,48800,2,1.16875,187999.4122314453,3050,2,1.05625,182011.8084564209,3050,2,1.05625,117139.41450500488,48800,2,1.05,119217.66227722168,48800,2,1.05,14496759.27758789,5402,5377,3070,5049,2479,2488,5047,400,400,2838,400,2707,2478,400,3076,400,2443,400,400,400,400,400,400,2632,400,2491,2485,4522,2497,2505,2518,2468,0,0,0,0,0,0,0,0,0,0,0,0,0,0,0,0,0,0,0,0,0,0,0,0,0,0,10.526315689086914,0,0,0,0,0,20475,15905,8822,42,0,20475,13200,12191,47,0,66718994432,8589930496,32265850880,524288
200,1791366252354,1129244.1512145996,48800,2,1.13125,113954.29672241211,48800,2,1.125,113006.98497009277,48800,2,1.125,114486.87805175781,48800,2,1.125,124986.919921875,48800,2,1.125,113384.36334228516,48800,2,1.125,121846.30561828613,48800,2,0.93125,199281.12985229492,48800,2,1.13125,200544.0343170166,48800,2,1.13125,197054.8987121582,48800,2,1.13125,441728.97967529297,48800,2,1.13125,189001.35206604004,48800,2,1.13125,187999.4128265381,48800,2,1.13125,182011.80905151367,48800,2,1.13125,117139.41479492188,48800,2,1.125,119217.66241455078,48800,2,1.125,14496768.82649231,5402,5377,3070,5049,2479,2488,5047,400,400,2838,400,2707,2478,400,3076,400,2443,400,400,400,400,400,400,2632,400,2491,2485,4522,2497,2505,2518,2468,0,0,0,0,0,0,0,0,0,0,0,0,0,0,0,0,0,0,0,0,0,0,0,0,0,0,19.047618865966797,0,0,0,0,0,20475,15905,8822,42,0,20475,13200,12191,47,0,66718994432,8589930496,32265850880,524288
200,1791366252554,1129244.152633667,48800,2,1.16875,113954.29684448242,48800,2,0.975,113006.98506164551,48800,2,0.975,114486.87817382813,48800,2,0.975,124986.92001342773,48800,2,0.975,113384.36344909668,48800,2,0.975,121846.30570983887,48800,2,0.975,199281.13040161133,48800,2,1.16875,200544.0348815918,48800,2,1.16875,197054.89949035645,48800,2,1.16875,441729.0467681885,48800,2,1.16875,189001.35263061523,48800,2,1.16875,187999.41339111328,48800,2,1.16875,182011.80961608887,48800,2,1.16875,117139.41510009766,48800,2,0.975,119217.6625213623,48800,2,0.975,14496778.209228516,5402,5377,3070,5049,2479,2488,5047,400,400,2838,400,2707,2478,400,3076,400,2443,400,400,400,400,400,400,2632,400,2491,2485,4522,2497,2505,2518,2468,0,0,0,0,0,0,0,0,0,0,0,0,0,0,0,0,0,0,0,0,0,0,0,0,0,0,10,0,0,0,0,0,20475,15905,8822,42,0,20475,13200,12191,47,0,66718994432,8589930496,32265850880,524288
200,1791366252754,1129244.1535949707,48800,2,1.16875,113954.29698181152,48800,2,1.05625,113006.98516845703,48800,2,1.05625,114486.87829589844,48800,2,1.05625,124986.92012023926,48800,2,1.05625,113384.3635559082,48800,2,1.05625,121846.30583190918,48800,2,1.05625,199281.1309967041,48800,2,1.16875,200544.03549194336,48800,2,1.16875,197054.90032958984,48800,2,1.16875,441729.1138000488,48800,2,1.16875,189001.3532409668,48800,2,1.16875,187999.41398620605,48800,2,1.16875,182011.81021118164,3050,2,1.0437500000000002,117139.41539001465,48800,2,1.05625,119217.6626586914,48800,2,1.05625,14496787.742416382,5402,5377,3070,5049,2479,2488,5047,400,400,2838,400,2707,2478,400,3076,400,2443,400,400,400,400,400,400,2632,400,2491,2485,4522,2497,2505,2518,2468,0,0,0,0,0,0,0,0,0,0,0,0,0,0,0,0,0,0,0,0,0,0,0,0,0,0,10.526315689086914,0,0,0,0,0,20475,15905,8822,42,0,20475,13200,12142,47,0,66718994432,8589930496,32265850880,524288
200,1791366252955,1129244.1555786133,3050,2,1.13125,113954.29711914063,48800,2,1.125,113006.98530578613,48800,2,1.125,114486.87844848633,48800,2,1.125,124986.92025756836,48800,2,0.93125,113384.3636932373,48800,2,0.93125,121846.30596923828,48800,2,0.93125,199281.1315765381,3050,2,1.13125,200544.03607177734,3050,2,1.13125,197054.90103149414,3050,2,1.13125,441729.1795349121,3050,0,1.13125,189001.35382080078,3050,2,1.13125,187999.41456604004,3050,2,1.13125,182011.81079101563,3050,2,1.13125,117139.41569519043,48800,2,1.125,119217.66279602051,48800,2,1.125,14496797.251358032,5402,5377,3070,5049,2479,2488,5047,400,400,2838,400,2707,2478,400,3076,400,2443,400,400,400,400,400,400,2632,400,2491,2485,4522,2497,2505,2518,2468,0,0,0,0,0,0,0,0,0,0,0,0,0,0,0,0,0,0,0,0,0,0,0,0,0,0,14.285715103149414,0,0,0,0,0,20475,15905,8763,41,0,20475,13200,12142,47,0,66718994432,8589930496,32265846784,524288
200,1791366253155,1129244.158065796,48800,2,1.16875,113954.29724121094,48800,2,0.96875,113006.98542785645,48800,2,0.96875,114486.87857055664,48800,2,0.96875,124986.92036437988,48800,2,0.96875,113384.36380004883,48800,2,0.96875,121846.3060760498,48800,2,0.96875,199281.13220214844,48800,2,1.16875,200544.0366973877,48800,2,1.16875,197054.9017944336,48800,2,1.16875,441729.24781799316,48800,2,1.16875,189001.35446166992,48800,2,1.16875,187999.4151916504,48800,2,1.16875,182011.8114013672,48800,2,1.16875,117139.41590881348,48800,2,1.16875,119217.66291809082,48800,2,1.16875,14496806.713912964,5402,5377,3070,5049,2479,2488,5047,400,400,2838,400,2707,2478,400,3076,400,2443,400,400,400,400,400,400,2632,400,2491,2485,4522,2497,2505,2518,2468,0,0,0,0,0,0,0,0,0,0,0,0,0,0,0,0,0,0,0,0,0,0,0,0,0,0,10.526315689086914,0,0,0,0,0,20475,15905,8763,41,0,20475,13200,12142,47,0,66718994432,8589930496,32265846784,524288
200,1791366253355,1129244.1595458984,48800,2,1.16875,113954.29733276367,48800,2,1.0375,113006.98550415039,48800,2,1.0375,114486.87866210938,48800,2,1.0375,124986.92044067383,48800,2,1.0375,113384.36387634277,48800,2,1.0375,121846.30615234375,48800,2,1.0375,199281.13278198242,48800,2,1.16875,200544.03727722168,48800,2,1.16875,197054.90312194824,48800,2,1.16875,441729.31300354004,48800,2,1.16875,189001.3550415039,48800,2,1.16875,187999.41578674316,48800,2,1.16875,182011.81198120117,48800,2,1.16875,117139.4161529541,48800,2,1.0375,119217.66300964355,48800,2,1.0375,14496816.30317688,5402,5377,3070,5049,2479,2488,5047,400,400,2838,400,2707,2478,400,3076,400,2443,400,400,400,400,400,400,2632,400,2491,2485,4522,2497,2505,2518,2468,0,0,0,0,0,0,0,0,0,0,0,0,0,0,0,0,0,0,0,0,0,0,0,0,0,0,14.285715103149414,0,0,0,0,0,20475,15905,8763,41,0,20475,13200,12142,47,0,66718994432,8589930496,32264900608,524288
200,1791366253556,1129244.1617126465,3050,2,1.1125,113954.2974395752,48800,2,1.1125,113006.98561096191,48800,2,1.1125,114486.87887573242,48800,2,1.1125,124986.92056274414,48800,2,0.93125,113384.36399841309,48800,2,0.93125,121846.30627441406,48800,2,0.93125,199281.13345336914,3050,2,1.1125,200544.0400543213,3050,2,1.1125,197054.90469360352,3050,2,1.1125,441729.38119506836,3050,0,1.1125,189001.3557434082,3050,2,1.1125,187999.41647338867,3050,2,1.1125,182011.8126525879,3050,2,1.1125,117139.41636657715,48800,2,1.1125,119217.66314697266,48800,2,1.1125,14496825.838150024,5402,5377,3070,5049,2479,2488,5047,400,400,2838,400,2707,2478,400,3076,400,2443,400,400,400,400,400,400,2632,400,2491,2485,4522,2497,2505,2518,2468,0,0,0,0,0,0,0,0,0,0,0,0,0,0,0,0,0,0,0,0,0,0,0,0,0,0,10.526315689086914,0,0,0,0,0,20475,15905,8763,41,0,20475,13200,12142,47,0,66718994432,8589930496,32264613888,524288
200,1791366253756,1129244.163635254,48800,2,1.16875,113954.29768371582,48800,2,0.96875,113006.98585510254,48800,2,0.96875,114486.87913513184,48800,2,0.96875,124986.92083740234,48800,2,0.96875,113384.36424255371,48800,2,0.96875,121846.30651855469,48800,2,0.96875,199281.13417053223,48800,2,1.16875,200544.040725708,48800,2,1.16875,197054.90629577637,48800,2,1.16875,441729.4489440918,48800,2,1.16875,189001.35641479492,48800,2,1.16875,187999.4171447754,48800,2,1.16875,182011.8133239746,48800,2,1.16875,117139.41676330566,48800,2,1.16875,119217.66340637207,48800,2,1.16875,14496835.503433228,5402,5377,3070,5049,2479,2488,5047,400,400,2838,400,2707,2478,400,3076,400,2443,400,400,400,400,400,400,2632,400,2491,2485,4522,2497,2505,2518,2468,4.761904716491699,0,0,0,0,0,0,0,0,0,0,0,0,0,0,0,0,0,0,0,0,0,0,0,0,0,15.000000953674316,0,0,0,0,4.761904716491699,20475,15905,8763,41,0,20475,13200,12151,47,0,66718994432,8589930496,32264613888,524288
200,1791366253956,1129244.164779663,48800,2,1.16875,113954.29777526855,48800,2,1.0375,113006.98593139648,48800,2,1.0375,114486.87924194336,48800,2,1.0375,124986.92092895508,48800,2,1.0375,113384.36431884766,48800,2,1.0375,121846.30659484863,48800,2,1.0375,199281.13473510742,48800,2,1.16875,200544.0412902832,48800,2,1.16875,197054.90686035156,48800,2,1.16875,441729.5165710449,48800,2,1.16875,189001.35696411133,48800,2,1.16875,187999.4176940918,48800,2,1.16875,182011.81387329102,48800,2,1.16875,117139.41697692871,48800,2,1.0375,119217.66348266602,48800,2,1.0375,14496844.926589966,5402,5377,3070,5049,2479,2488,5047,400,400,2838,400,2707,2478,400,3076,400,2443,400,400,400,400,400,400,2632,400,2491,2485,4522,2497,2505,2518,2468,0,0,0,0,0,0,0,0,0,0,0,0,0,0,0,0,0,0,0,0,0,0,0,0,0,0,14.285715103149414,0,0,0,0,0,20475,15905,8778,41,0,20475,13200,12151,47,0,66718994432,8589930496,32264863744,524288
200,1791366254157,1129244.1664886475,3050,2,1.10625,113954.29788208008,48800,2,1.10625,113006.98603820801,48800,2,1.10625,114486.87936401367,48800,2,1.10625,124986.92108154297,48800,2,1.10625,113384.36444091797,48800,2,0.93125,121846.30671691895,48800,2,0.93125,199281.13528442383,3050,2,1.10625,200544.0418395996,3050,2,1.10625,197054.90745544434,3050,2,1.10625,441729.5820007324,3050,0,1.10625,189001.35749816895,3050,2,1.10625,187999.4182434082,3050,2,1.10625,182011.81439208984,3050,2,1.10625,117139.41723632813,48800,2,1.10625,119217.66358947754,48800,2,1.10625,14496854.373901367,5402,5377,3070,5049,2479,2488,5047,400,400,2838,400,2707,2478,400,3076,400,2443,400,400,400,400,400,400,2632,400,2491,2485,4522,2497,2505,2518,2468,0,0,0,0,0,0,0,0,0,0,0,0,0,0,0,0,0,0,0,0,0,0,0,0,0,0,10.526315689086914,0,0,0,0,0,20475,15905,8778,41,0,20475,13200,12151,47,0,66718994432,8589930496,32264863744,524288
200,1791366254357,1129244.1687469482,48800,2,1.16875,113954.29801940918,48800,2,1.16875,113006.98616027832,48800,2,0.95,114486.87953186035,48800,2,0.95,124986.92121887207,48800,2,0.95,113384.36456298828,48800,2,0.95,121846.30683898926,48800,2,0.95,199281.1358642578,48800,2,1.16875,200544.04263305664,48800,2,1.16875,197054.908203125,48800,2,1.16875,441729.64825439453,48800,2,1.16875,189001.35806274414,48800,2,1.16875,187999.4188232422,48800,2,1.16875,182011.81495666504,48800,2,1.16875,117139.41752624512,48800,2,1.16875,119217.66371154785,48800,2,1.16875,14496863.805374146,5402,5377,3070,5049,2479,2488,5047,400,400,2838,400,2707,2478,400,3076,400,2443,400,400,400,400,400,400,2632,400,2491,2485,4522,2497,2505,2518,2468,0,0,0,0,0,0,0,0,0,0,0,0,0,0,0,0,0,0,0,0,0,0,0,0,0,0,14.285715103149414,0,0,0,0,0,20475,15905,8778,41,0,20475,13200,12151,47,0,66718994432,8589930496,32259850240,524288
200,1791366254557,1129244.1705169678,48800,2,1.16875,113954.2981262207,48800,2,1.0375,113006.98625183105,48800,2,1.0375,114486.87965393066,48800,2,1.0375,124986.92134094238,48800,2,1.0375,113384.36465454102,48800,2,1.0375,121846.30693054199,48800,2,1.0375,199281.13749694824,48800,2,1.16875,200544.04330444336,48800,2,1.16875,197054.90885925293,48800,2,1.16875,441729.71673583984,48800,2,1.16875,189001.3586883545,48800,2,1.16875,187999.41944885254,48800,2,1.16875,182011.8155822754,48800,2,1.16875,117139.41777038574,48800,2,1.0375,119217.66380310059,48800,2,1.0375,14496873.251922607,5402,5377,3070,5049,2479,2488,5047,400,400,2838,400,2707,2478,400,3076,400,2443,400,400,400,400,400,400,2632,400,2491,2485,4522,2497,2505,2518,2468,0,0,0,0,0,0,0,0,0,0,0,0,0,0,0,0,0,0,0,0,0,0,0,0,0,0,10.526315689086914,0,0,0,0,0,20475,15905,8778,41,0,20475,13200,12151,47,0,66718994432,8589930496,32268881920,524288
200,1791366254758,1129244.172454834,3050,2,1.1125,113954.29824829102,48800,2,1.1125,113006.98635864258,48800,2,1.1125,114486.87980651855,48800,2,1.1125,124986.92147827148,48800,2,1.1125,113384.36477661133,48800,2,0.925,121846.3070526123,48800,2,0.925,199281.13803100586,3050,2,1.1125,200544.04385375977,3050,2,1.1125,197054.90939331055,3050,2,1.1125,441729.78269958496,3050,0,1.1125,189001.3592224121,3050,2,1.1125,187999.41998291016,3050,2,1.1125,182011.816116333,3050,2,1.1125,117139.41795349121,48800,2,1.1125,119217.66390991211,48800,2,1.1125,14496882.690292358,5402,5377,3070,5049,2479,2488,5047,400,400,2838,400,2707,2478,400,3076,400,2443,400,400,400,400,400,400,2632,400,2491,2485,4522,2497,2505,2518,2468,0,0,0,0,0,0,0,0,0,0,0,0,0,0,0,0,0,0,0,0,0,0,0,0,0,0,15.000000953674316,0,0,0,0,0,20475,15905,8778,41,0,20475,13200,12162,47,0,66718994432,8589930496,32268877824,524288
200,1791366254958,1129244.1739501953,48800,2,1.16875,113954.29844665527,48800,2,0.95,113006.98654174805,48800,2,0.95,114486.8800201416,48800,2,0.95,124986.92167663574,48800,2,0.95,113384.3649597168,48800,2,0.95,121846.30723571777,48800,2,0.95,199281.1385345459,48800,2,1.16875,200544.0443725586,48800,2,1.16875,197054.90991210938,48800,2,1.16875,441729.8494720459,48800,2,1.16875,189001.35972595215,48800,2,1.16875,187999.42050170898,48800,2,1.16875,182011.81661987305,48800,2,1.16875,117139.41842651367,48800,2,1.16875,119217.66409301758,48800,2,1.16875,14496892.119171143,5402,5377,3070,5049,2479,2488,5047,400,400,2838,400,2707,2478,400,3076,400,2443,400,400,400,400,400,400,2632,400,2491,2485,4522,2497,2505,2518,2468,0,0,0,0,0,0,0,0,0,0,0,0,0,0,0,0,0,0,0,0,0,0,0,0,0,0,10,0,0,0,0,0,20475,15905,8818,41,0,20475,13200,12162,47,0,66718994432,8589930496,32268877824,524288
200,1791366255158,1129244.1751556396,48800,2,1.16875,113954.29872131348,48800,2,1.0375,113006.98681640625,48800,2,1.0375,114486.88032531738,48800,2,1.0375,124986.92196655273,48800,2,1.0375,113384.365234375,48800,2,1.0375,121846.30749511719,48800,2,1.0375,199281.1390991211,48800,2,1.16875,200544.04495239258,48800,2,1.16875,197054.91049194336,48800,2,1.16875,441729.9169616699,48800,2,1.16875,189001.36027526855,48800,2,1.16875,187999.42106628418,48800,2,1.16875,182011.81716918945,48800,2,1.16875,117139.41889953613,48800,2,1.0375,119217.66435241699,48800,2,1.0375,14496901.64378357,5402,5377,3070,5049,2479,2488,5047,400,400,2838,400,2707,2478,400,3076,400,2443,400,400,400,400,400,400,2632,400,2491,2485,4522,2497,2505,2518,2468,0,0,0,0,0,0,0,0,0,0,0,0,0,0,0,0,0,0,0,0,0,0,0,0,0,0,15.000000953674316,0,0,0,0,0,20475,15905,8818,41,0,20475,13200,12162,47,0,66718994432,8589930496,32268877824,524288
200,1791366255359,1129244.1769561768,3050,2,0.99375,113954.29893493652,48800,2,1.0125000000000002,113006.98699951172,48800,2,1.0125000000000002,114486.88053894043,48800,2,0.93125,124986.92218017578,48800,2,0.93125,113384.36543273926,48800,2,0.93125,121846.30769348145,48800,2,0.93125,199281.13967895508,3050,2,0.99375,200544.04551696777,3050,2,0.99375,197054.91107177734,3050,2,0.99375,441729.98164367676,3050,0,0.99375,189001.36082458496,3050,2,0.99375,187999.42163085938,3050,2,0.99375,182011.81771850586,3050,2,0.99375,117139.41934204102,48800,2,1.0125000000000002,119217.66453552246,48800,2,1.0125000000000002,14496911.245635986,5402,5377,3070,5049,2479,2488,5047,400,400,2838,400,2707,2478,400,3076,400,2443,400,400,400,400,400,400,2632,400,2491,2485,4522,2497,2505,2518,2468,0,0,0,0,0,0,0,0,0,0,0,0,0,0,0,0,0,0,0,0,0,0,0,0,0,0,14.285715103149414,0,0,0,0,0,20475,15905,8818,41,0,20475,13200,12162,47,0,66718994432,8589930496,32268877824,524288
200,1791366255559,1129244.177597046,48800,2,1.16875,113954.29913330078,48800,2,0.9812500000000001,113006.9871673584,48800,2,0.9812500000000001,114486.8807220459,48800,2,0.9812500000000001,124986.92236328125,48800,2,0.9812500000000001,113384.36560058594,48800,2,0.9812500000000001,121846.30786132813,48800,2,0.9812500000000001,199281.14024353027,48800,2,1.16875,200544.04608154297,48800,2,1.16875,197054.91174316406,48800,2,1.16875,441730.0496368408,48800,2,1.16875,189001.36137390137,48800,2,1.16875,187999.42218017578,48800,2,1.16875,182011.81826782227,48800,2,1.16875,117139.41975402832,48800,2,0.9812500000000001,119217.66470336914,48800,2,0.9812500000000001,14496920.754119873,5402,5377,3070,5049,2479,2488,5047,400,400,2838,400,2707,2478,400,3076,400,2443,400,400,400,400,400,400,2632,400,2491,2485,4522,2497,2505,2518,2468,0,0,0,0,0,0,0,0,0,0,0,0,0,0,0,0,0,0,0,0,0,0,0,0,0,0,10.526315689086914,0,0,0,0,0,20475,15905,8818,41,0,20475,13200,12162,47,0,66718994432,8589930496,32268877824,524288
200,1791366255759,1129244.1793518066,48800,2,1.16875,113954.29936218262,48800,2,1.05,113006.98738098145,48800,2,1.05,114486.88095092773,48800,2,1.05,124986.92259216309,48800,2,1.05,113384.36581420898,48800,2,1.05,121846.30807495117,48800,2,1.05,199281.1407623291,48800,2,1.16875,200544.0468902588,48800,2,1.16875,197054.9122619629,48800,2,1.16875,441730.11570739746,48800,2,1.16875,189001.3618927002,48800,2,1.16875,187999.4226989746,48800,2,1.05625,182011.8187713623,3050,2,1.05625,117139.42016601563,48800,2,1.05,119217.66491699219,48800,2,1.05,14496930.291641235,5402,5377,3070,5049,2479,2488,5047,400,400,2838,400,2707,2478,400,3076,400,2443,400,400,400,400,400,400,2632,400,2491,2485,4522,2497,2505,2518,2468,0,0,0,0,0,0,0,0,0,0,0,0,0,0,0,0,0,0,0,0,0,0,0,0,0,0,14.285715103149414,0,0,0,0,0,20475,15905,8818,41,0,20475,13200,12120,47,0,66718994432,8589930496,32268873728,524288
200,1791366255960,1129244.181137085,48800,2,1.13125,113954.29957580566,48800,2,1.125,113006.98759460449,48800,2,1.125,114486.88117980957,48800,2,1.125,124986.92283630371,48800,2,1.125,113384.36602783203,48800,2,1.125,121846.30828857422,48800,2,1.125,199281.14129638672,48800,2,1.13125,200544.04740905762,48800,2,1.13125,197054.9127960205,48800,2,1.13125,441730.18182373047,48800,2,1.13125,189001.36239624023,48800,2,1.13125,187999.42320251465,48800,2,1.13125,182011.81927490234,48800,2,1.13125,117139.42079162598,48800,2,1.125,119217.66511535645,48800,2,1.125,14496939.81010437,5402,5377,3070,5049,2479,2488,5047,400,400,2838,400,2707,2478,400,3076,400,2443,400,400,400,400,400,400,2632,400,2491,2485,4522,2497,2505,2518,2468,0,0,0,0,0,0,0,0,0,0,0,0,0,0,0,0,0,0,0,0,0,0,0,0,0,0,10.526315689086914,0,0,0,0,0,20475,15905,8878,41,0,20475,13200,12120,47,0,66718994432,8589930496,32268873728,524288
200,1791366256160,1129244.181793213,48800,2,1.16875,113954.2998046875,48800,2,0.975,113006.98780822754,48800,2,0.975,114486.88143920898,48800,2,0.975,124986.92306518555,48800,2,0.975,113384.36627197266,48800,2,0.975,121846.30850219727,48800,2,0.975,199281.14184570313,48800,2,1.16875,200544.0480041504,48800,2,1.16875,197054.9133758545,48800,2,1.16875,441730.24697875977,48800,2,1.16875,189001.36294555664,48800,2,1.16875,187999.42376708984,48800,2,1.16875,182011.81982421875,48800,2,1.16875,117139.42143249512,48800,2,1.16875,119217.66532897949,48800,2,0.975,14496949.357650757,5402,5377,3070,5049,2479,2488,5047,400,400,2838,400,2707,2478,400,3076,400,2443,400,400,400,400,400,400,2632,400,2491,2485,4522,2497,2505,2518,2468,0,0,0,0,0,0,0,0,0,0,0,0,0,0,0,0,0,0,0,0,0,0,0,0,0,0,15.000000953674316,0,0,0,0,0,20475,15905,8878,41,0,20475,13200,12120,47,0,66718994432,8589930496,32268873728,524288
200,1791366256360,1129244.1839904785,48800,2,1.16875,113954.30004882813,48800,2,1.05,113006.98802185059,48800,2,1.05,114486.8816986084,48800,2,1.05,124986.92330932617,48800,2,1.05,113384.36650085449,48800,2,1.05,121846.30871582031,48800,2,1.05,199281.1424255371,48800,2,1.16875,200544.04858398438,48800,2,1.16875,197054.91397094727,48800,2,1.16875,441730.3115539551,48800,2,1.16875,189001.36349487305,48800,2,1.16875,187999.42433166504,48800,2,1.16875,182011.82037353516,48800,2,1.16875,117139.4220123291,48800,2,1.05,119217.66554260254,48800,2,1.05,14496958.886657715,5402,5377,3070,5049,2479,2488,5047,400,400,2838,400,2707,2478,400,3076,400,2443,400,400,400,400,400,400,2632,400,2491,2485,4522,2497,2505,2518,2468,0,0,0,0,0,0,0,0,0,0,0,0,0,0,0,0,0,0,0,0,0,0,0,0,0,0,10,0,0,0,0,0,20475,15905,8878,41,0,20475,13200,12120,47,0,66718994432,8589930496,32267210752,524288
200,1791366256561,1129244.1855163574,3050,2,1.1125,113954.30027770996,48800,2,1.11875,113006.98823547363,48800,2,1.11875,114486.8819732666,48800,2,1.11875,124986.9235534668,48800,2,1.11875,113384.36672973633,48800,2,0.925,121846.30894470215,48800,2,0.925,199281.1429901123,3050,2,1.1125,200544.04914855957,3050,2,1.1125,197054.91453552246,3050,2,1.1125,441730.37673950195,3050,0,1.1125,189001.36404418945,3050,2,1.1125,187999.42488098145,3050,2,1.1125,182011.82092285156,3050,2,1.1125,117139.42262268066,48800,2,1.11875,119217.66575622559,48800,2,1.11875,14496968.33706665,5402,5377,3070,5049,2479,2488,5047,400,400,2838,400,2707,2478,400,3076,400,2443,400,400,400,400,400,400,2632,400,2491,2485,4522,2497,2505,2518,2468,0,0,0,0,0,0,0,0,0,0,0,0,0,0,0,0,0,0,0,0,0,0,0,0,0,0,15.000000953674316,0,0,0,0,0,20475,15905,8878,41,0,20475,13200,12120,47,0,66718994432,8589930496,32259723264,524288
200,1791366256761,1129244.1867675781,48800,2,1.16875,113954.30049133301,48800,2,0.95625,113006.98843383789,48800,2,0.95625,114486.88221740723,48800,2,0.95625,124986.92378234863,48800,2,0.95625,113384.36692810059,48800,2,0.95625,121846.3091583252,48800,2,0.95625,199281.1435394287,48800,2,1.16875,200544.04989624023,48800,2,1.16875,197054.91508483887,48800,2,1.16875,441730.4439086914,48800,2,1.16875,189001.36457824707,48800,2,1.16875,187999.42543029785,48800,2,1.16875,182011.82145690918,48800,2,1.16875,117139.42320251465,48800,2,1.16875,119217.66596984863,48800,2,1.16875,14496977.855194092,5402,5377,3070,5049,2479,2488,5047,400,400,2838,400,2707,2478,400,3076,400,2443,400,400,400,400,400,400,2632,400,2491,2485,4522,2497,2505,2518,2468,0,0,0,0,0,0,0,0,0,0,0,0,0,0,0,0,0,0,0,0,0,0,0,0,0,0,10,0,0,0,0,0,20475,15905,8878,41,0,20475,13200,12114,47,0,66718994432,8589930496,32268754944,524288
200,1791366256961,1129244.1882781982,48800,2,1.16875,113954.30072021484,48800,2,1.03125,113006.98864746094,48800,2,1.03125,114486.88244628906,48800,2,1.03125,124986.92401123047,48800,2,1.03125,113384.36714172363,48800,2,1.03125,121846.30937194824,48800,2,1.03125,199281.1441040039,48800,2,1.16875,200544.05047607422,48800,2,1.16875,197054.91564941406,48800,2,1.16875,441730.50817871094,48800,2,1.16875,189001.36512756348,48800,2,1.16875,187999.42599487305,48800,2,1.16875,182011.8220062256,48800,2,1.16875,117139.42373657227,48800,2,1.03125,119217.66618347168,48800,2,1.03125,14496987.42262268,5402,5377,3070,5049,2479,2488,5047,400,400,2838,400,2707,2478,400,3076,400,2443,400,400,400,400,400,400,2632,400,2491,2485,4522,2497,2505,2518,2468,0,0,0,0,0,0,0,0,0,0,0,0,0,0,0,0,0,0,0,0,0,0,0,0,0,0,15.000000953674316,0,0,0,0,0,20475,15905,8929,41,0,20475,13200,12114,47,0,66718994432,8589930496,32268754944,524288
200,1791366257162,1129244.1895751953,3050,2,1.10625,113954.30087280273,48800,2,1.1125,113006.98878479004,48800,2,1.1125,114486.88261413574,48800,2,1.1125,124986.92419433594,48800,2,1.1125,113384.36730957031,48800,2,1.1125,121846.30952453613,48800,2,0.93125,199281.1446838379,3050,2,1.10625,200544.0510406494,3050,2,1.10625,197054.91619873047,3050,2,1.10625,441730.5752105713,3050,0,1.10625,189001.3656616211,3050,2,1.10625,187999.42655944824,3050,2,1.10625,182011.8225402832,3050,2,1.10625,117139.42416381836,48800,2,1.1125,119217.66632080078,48800,2,1.1125,14496996.978744507,5402,5377,3070,5049,2479,2488,5047,400,400,2838,400,2707,2478,400,3076,400,2443,400,400,400,400,400,400,2632,400,2491,2485,4522,2497,2505,2518,2468,0,0,0,0,0,0,0,0,0,0,0,0,0,0,0,0,0,0,0,0,0,0,0,0,0,0,15.000000953674316,0,0,0,0,0,20475,15905,8929,41,0,20475,13200,12114,47,0,66718994432,8589930496,32268754944,524288
200,1791366257362,1129244.1904449463,48800,2,1.16875,113954.30104064941,48800,2,1.16875,113006.98893737793,48800,2,0.95,114486.88278198242,48800,2,0.95,124986.92436218262,48800,2,0.95,113384.3674621582,48800,2,0.95,121846.30967712402,48800,2,0.95,199281.1452484131,48800,2,1.16875,200544.0516204834,48800,2,1.16875,197054.91680908203,48800,2,1.16875,441730.6428222656,48800,2,1.16875,189001.3662109375,48800,2,1.16875,187999.42712402344,48800,2,1.16875,182011.8230895996,48800,2,1.16875,117139.42462158203,48800,2,1.16875,119217.66648864746,48800,2,1.16875,14497006.576644897,5402,5377,3070,5049,2479,2488,5047,400,400,2838,400,2707,2478,400,3076,400,2443,400,400,400,400,400,400,2632,400,2491,2485,4522,2497,2505,2518,2468,0,0,0,0,0,0,0,0,0,0,0,0,0,0,0,0,0,0,0,0,0,0,0,0,0,0,14.285715103149414,0,0,0,0,0,20475,15905,8929,41,0,20475,13200,12114,47,0,66718994432,8589930496,32268754944,524288
200,1791366257562,1129244.1921539307,48800,2,1.0375,113954.30122375488,48800,2,1.03125,113006.98908996582,48800,2,1.03125,114486.8829498291,48800,2,1.03125,124986.92454528809,48800,2,1.03125,113384.3676147461,48800,2,1.03125,121846.30982971191,48800,2,1.03125,199281.1459197998,48800,2,1.0375,200544.05337524414,48800,2,1.0375,197054.91748046875,48800,2,1.0375,441730.71089172363,48800,2,1.0375,189001.36685180664,48800,2,1.0375,187999.42778015137,48800,2,1.0375,182011.82373046875,48800,2,1.0375,117139.42503356934,48800,2,1.03125,119217.66664123535,48800,2,1.03125,14497016.227157593,5402,5377,3070,5049,2479,2488,5047,400,400,2838,400,2707,2478,400,3076,400,2443,400,400,400,400,400,400,2632,400,2491,2485,4522,2497,2505,2518,2468,0,0,0,0,0,0,0,0,0,0,0,0,0,0,0,0,0,0,0,0,0,0,0,0,0,0,10.526315689086914,0,0,0,0,0,20475,15905,8929,41,0,20475,13200,12114,47,0,66718994432,8589930496,32268750848,524288
200,1791366257763,1129244.1936798096,48800,2,1.16875,113954.30154418945,48800,2,1.10625,113006.98941040039,48800,2,1.10625,114486.88327026367,48800,2,1.10625,124986.92488098145,48800,2,1.10625,113384.36793518066,48800,2,1.10625,121846.31015014648,48800,2,0.93125,199281.1466064453,3050,2,1.10625,200544.0541229248,3050,2,1.10625,197054.91821289063,3050,2,1.10625,441730.77726745605,3050,0,1.10625,189001.36753845215,3050,2,1.10625,187999.4285736084,3050,2,1.10625,182011.82446289063,3050,2,1.10625,117139.42559814453,48800,2,1.10625,119217.66697692871,48800,2,1.10625,14497026.129943848,5402,5377,3070,5049,2479,2488,5047,400,400,2838,400,2707,2478,400,3076,400,2443,400,400,400,400,400,400,2632,400,2491,2485,4522,2497,2505,2518,2468,0,0,0,0,0,0,0,0,0,0,0,0,0,0,0,0,0,0,0,0,0,0,0,0,0,0,14.285715103149414,0,0,0,0,0,20475,15905,8929,41,0,20475,13200,12147,47,0,66718994432,8589930496,32268750848,524288
200,1791366257963,1129244.1948699951,48800,2,1.1375,113954.30169677734,48800,2,1.13125,113006.98954772949,48800,2,0.93125,114486.88342285156,48800,2,0.93125,124986.92504882813,48800,2,0.93125,113384.36807250977,48800,2,0.93125,121846.31028747559,48800,2,0.93125,199281.14710998535,48800,2,1.1375,200544.05464172363,48800,2,1.1375,197054.91873168945,48800,2,1.1375,441730.84465026855,48800,2,1.1375,189001.3680419922,48800,2,1.1375,187999.42907714844,48800,2,1.1375,182011.82495117188,48800,2,1.1375,117139.42597961426,48800,2,1.13125,119217.66711425781,48800,2,1.13125,14497035.563430786,5402,5377,3070,5049,2479,2488,5047,400,400,2838,400,2707,2478,400,3076,400,2443,400,400,400,400,400,400,2632,400,2491,2485,4522,2497,2505,2518,2468,0,0,0,0,0,0,0,0,0,0,0,0,0,0,0,0,0,0,0,0,0,0,0,0,0,0,10.526315689086914,0,0,0,0,0,20475,15905,8895,41,0,20475,13200,12147,47,0,66718994432,8589930496,32268750848,524288
200,1791366258163,1129244.1956481934,48800,2,1.16875,113954.3017578125,48800,2,1.03125,113006.98959350586,48800,2,1.03125,114486.88348388672,48800,2,1.03125,124986.92510986328,48800,2,1.03125,113384.36811828613,48800,2,1.03125,121846.31033325195,48800,2,1.03125,199281.14765930176,48800,2,1.16875,200544.05520629883,48800,2,1.16875,197054.91928100586,48800,2,1.16875,441730.91134643555,48800,2,1.16875,189001.3685760498,48800,2,1.16875,187999.42962646484,48800,2,1.16875,182011.8254852295,48800,2,1.16875,117139.42616271973,48800,2,1.03125,119217.66716003418,48800,2,1.03125,14497044.997177124,5402,5377,3070,5049,2479,2488,5047,400,400,2838,400,2707,2478,400,3076,400,2443,400,400,400,400,400,400,2632,400,2491,2485,4522,2497,2505,2518,2468,0,0,0,0,0,0,0,0,0,0,0,0,0,0,0,0,0,0,0,0,0,0,0,0,0,0,14.285715103149414,0,0,0,0,0,20475,15905,8895,41,0,20475,13200,12147,47,0,66718994432,8589930496,32268750848,524288
200,1791366258364,1129244.1970825195,48800,2,1.16875,113954.30191040039,48800,2,1.1,113006.98973083496,48800,2,1.1,114486.88363647461,48800,2,1.1,124986.92529296875,48800,2,1.1,113384.36828613281,48800,2,1.1,121846.31048583984,48800,2,1.1,199281.14825439453,3050,2,1.1,200544.05583190918,3050,2,1.1,197054.9199066162,3050,2,1.1,441730.9768371582,3050,0,1.1,189001.36917114258,3050,2,1.1,187999.4302368164,3050,2,1.1,182011.82606506348,3050,2,1.1,117139.42654418945,48800,2,1.1,119217.66729736328,48800,2,1.1,14497054.63684082,5402,5377,3070,5049,2479,2488,5047,400,400,2838,400,2707,2478,400,3076,400,2443,400,400,400,400,400,400,2632,400,2491,2485,4522,2497,2505,2518,2468,0,0,0,0,0,0,0,0,0,0,0,0,0,0,0,0,0,0,0,0,0,0,0,0,0,0,10.526315689086914,0,0,0,0,0,20475,15905,8895,41,0,20475,13200,12147,47,0,66718994432,8589930496,32268746752,524288
200,1791366258564,1129244.1984100342,48800,2,1.1375,113954.30204772949,48800,2,1.1375,113006.98985290527,48800,2,1.1375,114486.88377380371,48800,2,0.93125,124986.92543029785,48800,2,0.93125,113384.36840820313,48800,2,0.93125,121846.31060791016,48800,2,0.93125,199281.14880371094,48800,2,1.1375,200544.05639648438,48800,2,1.1375,197054.92045593262,48800,2,1.1375,441731.04412841797,48800,2,1.1375,189001.3697052002,48800,2,1.1375,187999.4307861328,48800,2,1.1375,182011.8265991211,48800,2,1.1375,117139.42687988281,48800,2,1.1375,119217.6674194336,48800,2,1.1375,14497064.039169312,5402,5377,3070,5049,2479,2488,5047,400,400,2838,400,2707,2478,400,3076,400,2443,400,400,400,400,400,400,2632,400,2491,2485,4522,2497,2505,2518,2468,0,0,0,0,0,0,0,0,0,0,0,0,0,0,0,0,0,0,0,0,0,0,0,0,0,0,15.000000953674316,0,0,0,0,0,20475,15905,8895,41,0,20475,13200,12147,47,0,66718994432,8589930496,32268746752,524288
200,1791366258764,1129244.1992492676,48800,2,1.16875,113954.3021850586,48800,2,1.025,113006.9899597168,48800,2,1.025,114486.88391113281,48800,2,1.025,124986.92558288574,48800,2,1.025,113384.36853027344,48800,2,1.025,121846.31074523926,48800,2,1.025,199281.14932250977,48800,2,1.16875,200544.0569152832,48800,2,1.16875,197054.92095947266,48800,2,1.16875,441731.108795166,48800,2,1.16875,189001.37019348145,48800,2,1.16875,187999.43127441406,48800,2,1.16875,182011.82708740234,48800,2,1.16875,117139.42715454102,48800,2,1.025,119217.66752624512,48800,2,1.025,14497073.494506836,5402,5377,3070,5049,2479,2488,5047,400,400,2838,400,2707,2478,400,3076,400,2443,400,400,400,400,400,400,2632,400,2491,2485,4522,2497,2505,2518,2468,0,0,0,0,0,0,0,0,0,0,0,0,0,0,0,0,0,0,0,0,0,0,0,0,0,0,10,0,0,0,0,0,20475,15905,8895,41,0,20475,13200,12170,47,0,66718994432,8589930496,32267337728,524288
200,1791366258965,1129244.2004241943,48800,2,1.16875,113954.3023223877,48800,2,1.10625,113006.99008178711,48800,2,1.10625,114486.88404846191,48800,2,1.10625,124986.92573547363,48800,2,1.10625,113384.36866760254,48800,2,1.10625,121846.31088256836,48800,2,0.93125,199281.14987182617,3050,2,1.1,200544.0574645996,3050,2,1.1,197054.92152404785,3050,2,1.1,441731.17277526855,3050,0,1.1,189001.37072753906,3050,2,1.1,187999.43180847168,3050,2,1.1,182011.82762145996,3050,2,1.1,117139.42749023438,48800,2,1.10625,119217.66766357422,48800,2,1.10625,14497082.977554321,5402,5377,3070,5049,2479,2488,5047,400,400,2838,400,2707,2478,400,3076,400,2443,400,400,400,400,400,400,2632,400,2491,2485,4522,2497,2505,2518,2468,0,0,0,0,0,0,0,0,0,0,0,0,0,0,0,0,0,0,0,0,0,0,0,0,0,0,15.000000953674316,0,0,0,0,0,20475,15905,8857,41,0,20475,13200,12170,47,0,66718994432,8589930496,32267337728,524288
200,1791366259165,1129244.201599121,48800,2,1.13125,113954.3024597168,48800,2,0.925,113006.99020385742,48800,2,0.925,114486.88418579102,48800,2,0.925,124986.92585754395,48800,2,0.925,113384.36878967285,48800,2,0.925,121846.31098937988,48800,2,0.925,199281.1504058838,48800,2,1.13125,200544.0580291748,48800,2,1.13125,197054.92205810547,48800,2,1.13125,441731.24101257324,48800,2,1.13125,189001.3712463379,48800,2,1.13125,187999.4323425293,48800,2,1.13125,182011.8281402588,48800,2,1.13125,117139.42774963379,48800,2,1.14375,119217.66780090332,48800,2,1.14375,14497092.383514404,5402,5377,3070,5049,2479,2488,5047,400,400,2838,400,2707,2478,400,3076,400,2443,400,400,400,400,400,400,2632,400,2491,2485,4522,2497,2505,2518,2468,0,0,0,0,0,0,0,0,0,0,0,0,0,0,0,0,0,0,0,0,0,0,0,0,0,0,14.285715103149414,0,0,0,0,0,20475,15905,8857,41,0,20475,13200,12170,47,0,66718994432,8589930496,32267337728,524288
200,1791366259365,1129244.2036895752,48800,2,1.16875,113954.30256652832,48800,2,1.0125000000000002,113006.99029541016,48800,2,1.0125000000000002,114486.88429260254,48800,2,1.0125000000000002,124986.92597961426,48800,2,1.0125000000000002,113384.36891174316,48800,2,1.0125000000000002,121846.31108093262,48800,2,1.0125000000000002,199281.15100097656,48800,2,1.16875,200544.05863952637,48800,2,1.16875,197054.9226989746,48800,2,1.16875,441731.3058013916,48800,2,1.16875,189001.37184143066,48800,2,1.16875,187999.43293762207,48800,2,1.16875,182011.82873535156,48800,2,1.16875,117139.42799377441,48800,2,1.0125000000000002,119217.66792297363,48800,2,1.0125000000000002,14497102.001205444,5402,5377,3070,5049,2479,2488,5047,400,400,2838,400,2707,2478,400,3076,400,2443,400,400,400,400,400,400,2632,400,2491,2485,4522,2497,2505,2518,2468,0,0,0,0,0,0,0,0,0,0,0,0,0,0,0,0,0,0,0,0,0,0,0,0,0,0,15.000000953674316,0,0,0,0,0,20475,15905,8857,41,0,20475,13200,12170,47,0,66718994432,8589930496,32262238208,524288
200,1791366259566,1129244.2050323486,48800,2,1.16875,113954.30267333984,48800,2,1.10625,113006.99038696289,48800,2,1.10625,114486.88439941406,48800,2,1.10625,124986.92610168457,48800,2,1.10625,113384.36901855469,48800,2,1.10625,121846.31118774414,48800,2,1.10625,199281.1515197754,48800,2,1.16875,200544.05923461914,3050,2,1.09375,197054.92329406738,3050,2,1.09375,441731.37046813965,3050,0,1.09375,189001.3723602295,3050,2,1.09375,187999.43348693848,3050,2,1.09375,182011.8292541504,3050,2,1.09375,117139.42819213867,48800,2,1.10625,119217.66804504395,48800,2,1.10625,14497111.533584595,5402,5377,3070,5049,2479,2488,5047,400,400,2838,400,2707,2478,400,3076,400,2443,400,400,400,400,400,400,2632,400,2491,2485,4522,2497,2505,2518,2468,0,0,0,0,0,0,0,0,0,0,0,0,0,0,0,0,0,0,0,0,0,0,0,0,0,0,10,0,0,0,0,0,20475,15905,8857,41,0,20475,13200,12143,47,0,66718994432,8589930496,32263528448,524288
200,1791366259766,1129244.2062683105,48800,2,1.13125,113954.30282592773,48800,2,1.1375,113006.99052429199,48800,2,0.925,114486.88455200195,48800,2,0.925,124986.92626953125,48800,2,0.925,113384.36915588379,48800,2,0.925,121846.31132507324,48800,2,0.925,199281.1531829834,48800,2,1.13125,200544.05981445313,48800,2,1.13125,197054.92387390137,48800,2,1.13125,441731.441696167,48800,2,1.13125,189001.3729095459,48800,2,1.13125,187999.43403625488,48800,2,1.13125,182011.8298034668,48800,2,1.13125,117139.42858886719,48800,2,1.1375,119217.66821289063,48800,2,1.1375,14497120.954666138,5402,5377,3070,5049,2479,2488,5047,400,400,2838,400,2707,2478,400,3076,400,2443,400,400,400,400,400,400,2632,400,2491,2485,4522,2497,2505,2518,2468,0,0,0,0,0,0,0,0,0,0,0,0,0,0,0,0,0,0,0,0,0,0,0,0,0,0,15.000000953674316,0,0,0,0,0,20475,15905,8857,41,0,20475,13200,12143,46,0,66718994432,8589930496,32263528448,524288
200,1791366259967,1129244.2080230713,48800,2,1.13125,113954.30293273926,48800,2,0.9375,113006.99061584473,48800,2,0.9375,114486.88465881348,48800,2,0.9375,124986.92637634277,48800,2,0.9375,113384.36924743652,48800,2,0.9375,121846.31141662598,48800,2,0.9375,199281.1537475586,48800,2,1.13125,200544.0604095459,48800,2,1.13125,197054.92446899414,48800,2,1.13125,441731.50912475586,48800,2,1.13125,189001.3734741211,48800,2,1.13125,187999.43461608887,48800,2,1.13125,182011.830368042,3050,2,0.9375,117139.4288482666,48800,2,0.9375,119217.66831970215,48800,2,0.9375,14497130.54814148,5402,5377,3070,5049,2479,2488,5047,400,400,2838,400,2707,2478,400,3076,400,2443,400,400,400,400,400,400,2632,400,2491,2485,4522,2497,2505,2518,2468,0,0,0,0,0,0,0,0,0,0,0,0,0,0,0,0,0,0,0,0,0,0,0,0,0,0,10.526315689086914,0,0,0,0,0,20475,15905,8871,41,0,20475,13200,12143,46,0,66718994432,8589930496,32263528448,524288
200,1791366260167,1129244.2092437744,3050,2,1.125,113954.30311584473,48800,2,1.125,113006.9907836914,48800,2,1.125,114486.88484191895,48800,2,1.125,124986.92657470703,48800,2,1.125,113384.3694152832,48800,2,0.93125,121846.31158447266,48800,2,0.93125,199281.15446472168,3050,2,1.125,200544.0609741211,3050,2,1.125,197054.92503356934,3050,2,1.125,441731.57623291016,3050,0,1.125,189001.37399291992,3050,2,1.125,187999.43515014648,3050,2,1.125,182011.83088684082,3050,2,1.125,117139.42924499512,48800,2,1.125,119217.66848754883,48800,2,1.125,14497140.016036987,5402,5377,3070,5049,2479,2488,5047,400,400,2838,400,2707,2478,400,3076,400,2443,400,400,400,400,400,400,2632,400,2491,2485,4522,2497,2505,2518,2468,0,0,0,0,0,0,0,0,0,0,0,0,0,0,0,0,0,0,0,0,0,0,0,0,0,0,14.285715103149414,0,0,0,0,0,20475,15905,8871,41,0,20475,13200,12143,46,0,66718994432,8589930496,32263524352,524288
200,1791366260367,1129244.210723877,48800,2,1.16875,113954.3032836914,48800,2,0.9625,113006.9909362793,48800,2,0.9625,114486.88500976563,48800,2,0.9625,124986.9267578125,48800,2,0.9625,113384.36958312988,48800,2,0.9625,121846.31173706055,48800,2,0.9625,199281.1551361084,48800,2,1.16875,200544.0616607666,48800,2,1.16875,197054.92570495605,48800,2,1.16875,441731.64294433594,48800,2,1.16875,189001.37463378906,48800,2,1.16875,187999.4358062744,48800,2,1.16875,182011.83152770996,48800,2,1.16875,117139.42965698242,48800,2,1.16875,119217.66865539551,48800,2,0.9625,14497149.58164978,5402,5377,3070,5049,2479,2488,5047,400,400,2838,400,2707,2478,400,3076,400,2443,400,400,400,400,400,400,2632,400,2491,2485,4522,2497,2505,2518,2468,0,0,0,0,0,0,0,0,0,0,0,0,0,0,0,0,0,0,0,0,0,0,0,0,0,0,10.526315689086914,0,0,0,0,0,20475,15905,8871,41,0,20475,13200,12143,46,0,66718994432,8589930496,32263524352,524288
200,1791366260568,1129244.2127685547,48800,2,1.16875,113954.30337524414,48800,2,1.0437500000000002,113006.99101257324,48800,2,1.0437500000000002,114486.88510131836,48800,2,1.0437500000000002,124986.92686462402,48800,2,1.0437500000000002,113384.36965942383,48800,2,1.0437500000000002,121846.31181335449,48800,2,1.0437500000000002,199281.15573120117,48800,2,1.16875,200544.06228637695,48800,2,1.16875,197054.9263305664,48800,2,1.16875,441731.70832824707,48800,2,1.16875,189001.37522888184,48800,2,1.16875,187999.4364013672,48800,2,1.16875,182011.83212280273,48800,2,1.16875,117139.42979431152,48800,2,1.0437500000000002,119217.66874694824,48800,2,1.0437500000000002,14497159.154754639,5402,5377,3070,5049,2479,2488,5047,400,400,2838,400,2707,2478,400,3076,400,2443,400,400,400,400,400,400,2632,400,2491,2485,4522,2497,2505,2518,2468,0,0,0,0,0,0,0,0,0,0,0,0,0,0,0,0,0,0,0,0,0,0,0,0,0,0,10,0,0,0,0,0,20475,15905,8871,41,0,20475,13200,12121,46,0,66718994432,8589930496,32263524352,524288
200,1791366260768,1129244.2142791748,3050,2,1.1125,113954.3035736084,48800,2,1.11875,113006.99118041992,48800,2,1.11875,114486.8853149414,48800,2,1.11875,124986.92706298828,48800,2,1.11875,113384.3698425293,48800,2,0.93125,121846.31201171875,48800,2,0.93125,199281.1562652588,3050,2,1.1125,200544.06286621094,3050,2,1.1125,197054.9268951416,3050,2,1.1125,441731.77575683594,3050,0,1.1125,189001.37576293945,3050,2,1.1125,187999.43696594238,3050,2,1.1125,182011.83265686035,3050,2,1.1125,117139.43020629883,48800,2,1.11875,119217.6689453125,48800,2,1.11875,14497168.6065979,5402,5377,3070,5049,2479,2488,5047,400,400,2838,400,2707,2478,400,3076,400,2443,400,400,400,400,400,400,2632,400,2491,2485,4522,2497,2505,2518,2468,0,0,0,0,0,0,0,0,0,0,0,0,0,0,0,0,0,0,0,0,0,0,0,0,0,0,15.000000953674316,0,0,0,0,0,20475,15905,8871,41,0,20475,13200,12121,46,0,66718994432,8589930496,32263524352,524288
200,1791366260968,1129244.215057373,48800,2,1.16875,113954.30369567871,48800,2,0.95625,113006.99128723145,48800,2,0.95625,114486.88543701172,48800,2,0.95625,124986.92720031738,48800,2,0.95625,113384.36994934082,48800,2,0.95625,121846.31211853027,48800,2,0.95625,199281.15682983398,48800,2,1.16875,200544.0634613037,48800,2,1.16875,197054.92749023438,48800,2,1.16875,441731.8424835205,48800,2,1.16875,189001.37632751465,48800,2,1.16875,187999.43754577637,48800,2,1.16875,182011.83322143555,48800,2,1.16875,117139.43055725098,48800,2,1.16875,119217.66906738281,48800,2,0.95625,14497178.095916748,5402,5377,3070,5049,2479,2488,5047,400,400,2838,400,2707,2478,400,3076,400,2443,400,400,400,400,400,400,2632,400,2491,2485,4522,2497,2505,2518,2468,0,0,0,0,0,0,0,0,0,0,0,0,0,0,0,0,0,0,0,0,0,0,0,0,0,0,14.285715103149414,0,0,0,0,0,20475,15905,8868,41,0,20475,13200,12121,46,0,66718994432,8589930496,32263524352,524288
200,1791366261169,1129244.2164459229,48800,2,1.16875,113954.30377197266,48800,2,1.03125,113006.99136352539,48800,2,1.03125,114486.88551330566,48800,2,1.03125,124986.92727661133,48800,2,1.03125,113384.37001037598,48800,2,1.03125,121846.31217956543,48800,2,1.03125,199281.15756225586,48800,2,1.16875,200544.06422424316,48800,2,1.16875,197054.92825317383,48800,2,1.16875,441731.9606628418,48800,2,1.16875,189001.37704467773,48800,2,1.16875,187999.43827819824,3050,2,1.0375,182011.83393859863,3050,2,1.0375,117139.4306640625,48800,2,1.03125,119217.66912841797,48800,2,1.03125,14497187.90927124,5402,5377,3070,5049,2479,2488,5047,400,400,2838,400,2707,2478,400,3076,400,2443,400,400,400,400,400,400,2632,400,2491,2485,4522,2497,2505,2518,2468,4.761904716491699,0,0,0,0,0,0,0,0,0,0,0,0,0,0,0,0,0,0,0,0,0,0,0,0,0,15.000000953674316,0,0,0,0,0,20475,15905,8868,41,0,20475,13200,12121,46,0,66718994432,8589930496,32263520256,524288
200,1791366261369,1129244.2179107666,3050,2,1.1125,113954.30389404297,48800,2,1.1,113006.99147033691,48800,2,1.1,114486.88563537598,48800,2,1.1,124986.92739868164,48800,2,0.93125,113384.37014770508,48800,2,0.93125,121846.31228637695,48800,2,0.93125,199281.15823364258,3050,2,1.1125,200544.0666656494,3050,2,1.1125,197054.9289703369,3050,2,1.1125,441732.0276184082,3050,0,1.1125,189001.37771606445,3050,2,1.1125,187999.43894958496,3050,2,1.1125,182011.83460998535,3050,2,1.1125,117139.43089294434,48800,2,1.1,119217.6692199707,48800,2,1.1,14497197.642227173,5402,5377,3070,5049,2479,2488,5047,400,400,2838,400,2707,2478,400,3076,400,2443,400,400,400,400,400,400,2632,400,2491,2485,4522,2497,2505,2518,2468,0,0,0,0,0,0,0,0,0,0,0,0,0,0,0,0,0,0,0,0,0,0,0,0,0,0,10.526315689086914,0,0,0,0,0,20475,15905,8868,41,0,20475,13200,12121,46,0,66718994432,8589930496,32258908160,524288
200,1791366261569,1129244.2190551758,48800,2,1.16875,113954.30424499512,48800,2,0.94375,113006.99180603027,48800,2,0.94375,114486.88598632813,48800,2,0.94375,124986.92776489258,48800,2,0.94375,113384.37048339844,48800,2,0.94375,121846.31262207031,48800,2,0.94375,199281.1600036621,48800,2,1.16875,200544.070022583,48800,2,1.16875,197054.92985534668,48800,2,1.16875,441732.0965270996,48800,2,1.16875,189001.37860107422,48800,2,1.16875,187999.4398651123,48800,2,1.16875,182011.83546447754,48800,2,1.16875,117139.4315032959,48800,2,1.16875,119217.67256164551,48800,2,0.94375,14497207.83543396,5402,5377,3070,5049,2479,2488,5047,400,400,2838,400,2707,2478,400,3076,400,2443,400,400,400,400,400,400,2632,400,2491,2485,4522,2497,2505,2518,2468,0,0,0,0,0,0,0,0,0,0,0,0,0,0,0,0,0,0,0,0,0,0,0,0,0,0,10,0,0,0,0,0,20475,15905,8868,41,0,20475,13200,12164,46,0,66718994432,8589930496,32267886592,524288
200,1791366261770,1129244.220550537,48800,2,1.16875,113954.30453491211,48800,2,1.0375,113006.99208068848,48800,2,1.0375,114486.88627624512,48800,2,1.0375,124986.92808532715,48800,2,1.0375,113384.37075805664,48800,2,1.0375,121846.31289672852,48800,2,1.0375,199281.1607055664,48800,2,1.16875,200544.07078552246,48800,2,1.16875,197054.93069458008,48800,2,1.16875,441732.16299438477,48800,2,1.16875,189001.37934875488,48800,2,1.16875,187999.44064331055,3050,2,1.025,182011.8361968994,3050,2,1.025,117139.43190002441,48800,2,1.0375,119217.67294311523,48800,2,1.0375,14497217.709259033,5402,5377,3070,5049,2479,2488,5047,400,400,2838,400,2707,2478,400,3076,400,2443,400,400,400,400,400,400,2632,400,2491,2485,4522,2497,2505,2518,2468,0,0,0,0,0,0,0,0,0,0,0,0,0,0,0,0,0,0,0,0,0,0,0,0,0,0,15.000000953674316,0,0,0,0,0,20475,15905,8868,41,0,20475,13200,12164,46,0,66718994432,8589930496,32267886592,524288
200,1791366261970,1129244.221939087,3050,2,1.10625,113954.30471801758,48800,2,1.1125,113006.99223327637,48800,2,1.1125,114486.8864440918,48800,2,1.1125,124986.92825317383,48800,2,1.1125,113384.37092590332,48800,2,0.93125,121846.3130493164,48800,2,0.93125,199281.16130065918,3050,2,1.10625,200544.0714111328,3050,2,1.10625,197054.93132019043,3050,2,1.10625,441732.23014831543,3050,0,1.10625,189001.37994384766,3050,2,1.10625,187999.44123840332,3050,2,1.10625,182011.8367919922,3050,2,1.10625,117139.43229675293,48800,2,1.1125,119217.67308044434,48800,2,1.1125,14497227.21484375,5402,5377,3070,5049,2479,2488,5047,400,400,2838,400,2707,2478,400,3076,400,2443,400,400,400,400,400,400,2632,400,2491,2485,4522,2497,2505,2518,2468,0,0,0,0,0,0,0,0,0,0,0,0,0,0,0,0,0,0,0,0,0,0,0,0,0,0,10,0,0,0,0,0,20475,15905,8823,41,0,20475,13200,12164,46,0,66718994432,8589930496,32267882496,524288
200,1791366262170,1129244.222869873,48800,2,1.16875,113954.30485534668,48800,2,1.16875,113006.99234008789,48800,2,0.94375,114486.8865814209,48800,2,0.94375,124986.92839050293,48800,2,0.94375,113384.37104797363,48800,2,0.94375,121846.31315612793,48800,2,0.94375,199281.1618499756,48800,2,1.16875,200544.071975708,48800,2,1.16875,197054.9319152832,48800,2,1.16875,441732.29571533203,48800,2,1.16875,189001.38049316406,48800,2,1.16875,187999.44178771973,48800,2,1.16875,182011.83735656738,48800,2,1.16875,117139.43264770508,48800,2,1.16875,119217.67318725586,48800,2,1.16875,14497236.645812988,5402,5377,3070,5049,2479,2488,5047,400,400,2838,400,2707,2478,400,3076,400,2443,400,400,400,400,400,400,2632,400,2491,2485,4522,2497,2505,2518,2468,0,0,0,0,0,0,0,0,0,0,0,0,0,0,0,0,0,0,0,0,0,0,0,0,0,0,15.000000953674316,0,0,0,0,0,20475,15905,8823,41,0,20475,13200,12164,46,0,66718994432,8589930496,32267882496,524288
200,1791366262371,1129244.2243499756,48800,2,1.16875,113954.30494689941,48800,2,1.025,113006.99241638184,48800,2,1.025,114486.88667297363,48800,2,1.025,124986.92848205566,48800,2,1.025,113384.37113952637,48800,2,1.025,121846.31323242188,48800,2,1.025,199281.16246032715,48800,2,1.16875,200544.07263183594,48800,2,1.16875,197054.93258666992,48800,2,1.16875,441732.36486816406,48800,2,1.16875,189001.38110351563,48800,2,1.16875,187999.44242858887,48800,2,1.16875,182011.83796691895,48800,2,1.16875,117139.43278503418,48800,2,1.025,119217.6732635498,48800,2,1.025,14497246.288406372,5402,5377,3070,5049,2479,2488,5047,400,400,2838,400,2707,2478,400,3076,400,2443,400,400,400,400,400,400,2632,400,2491,2485,4522,2497,2505,2518,2468,0,0,0,0,0,0,0,0,0,0,0,0,0,0,0,0,0,0,0,0,0,0,0,0,0,0,15.000000953674316,0,0,0,0,0,20475,15905,8823,41,0,20475,13200,12164,46,0,66718994432,8589930496,32267882496,524288
200,1791366262571,1129244.2258911133,48800,2,1.16875,113954.30508422852,48800,2,1.10625,113006.99253845215,48800,2,1.10625,114486.88681030273,48800,2,1.10625,124986.92866516113,48800,2,1.10625,113384.37127685547,48800,2,1.10625,121846.31336975098,48800,2,1.10625,199281.16302490234,48800,2,1.09375,200544.0732421875,3050,2,1.09375,197054.9331817627,3050,2,1.09375,441732.4295806885,3050,0,1.09375,189001.38165283203,3050,2,1.09375,187999.44299316406,3050,2,1.09375,182011.83851623535,3050,2,1.09375,117139.43312072754,48800,2,1.10625,119217.67338562012,48800,2,1.10625,14497255.8256073,5402,5377,3070,5049,2479,2488,5047,400,400,2838,400,2707,2478,400,3076,400,2443,400,400,400,400,400,400,2632,400,2491,2485,4522,2497,2505,2518,2468,0,0,0,0,0,0,0,0,0,0,0,0,0,0,0,0,0,0,0,0,0,0,0,0,0,0,10,0,0,0,0,0,20475,15905,8823,41,0,20475,13200,12169,46,0,66718994432,8589930496,32266649600,524288
200,1791366262771,1129244.22706604,48800,2,1.1375,113954.30528259277,48800,2,1.1375,113006.99270629883,48800,2,0.93125,114486.88700866699,48800,2,0.93125,124986.92886352539,48800,2,0.93125,113384.37145996094,48800,2,0.93125,121846.31355285645,48800,2,0.93125,199281.16369628906,48800,2,1.1375,200544.073928833,48800,2,1.1375,197054.9338684082,48800,2,1.1375,441732.50033569336,48800,2,1.1375,189001.38230895996,48800,2,1.1375,187999.443649292,48800,2,1.1375,182011.83917236328,48800,2,1.1375,117139.43359375,48800,2,1.1375,119217.67356872559,48800,2,1.1375,14497265.39389038,5402,5377,3070,5049,2479,2488,5047,400,400,2838,400,2707,2478,400,3076,400,2443,400,400,400,400,400,400,2632,400,2491,2485,4522,2497,2505,2518,2468,0,0,0,0,0,0,0,0,0,0,0,0,0,0,0,0,0,0,0,0,0,0,0,0,0,0,15.000000953674316,0,0,0,0,0,20475,15905,8823,41,0,20475,13200,12169,46,0,66718994432,8589930496,32266649600,524288
200,1791366262972,1129244.2284851074,48800,2,1.16875,113954.30540466309,48800,2,1.0375,113006.99281311035,48800,2,1.0375,114486.8871307373,48800,2,1.0375,124986.92901611328,48800,2,1.0375,113384.37156677246,48800,2,1.0375,121846.31365966797,48800,2,1.0375,199281.16426086426,48800,2,1.16875,200544.07452392578,48800,2,1.16875,197054.9344329834,48800,2,1.16875,441732.56396484375,48800,2,1.16875,189001.38285827637,48800,2,1.16875,187999.4442138672,48800,2,1.16875,182011.8397216797,48800,2,1.16875,117139.43376159668,48800,2,1.0375,119217.67370605469,48800,2,1.0375,14497274.868118286,5402,5377,3070,5049,2479,2488,5047,400,400,2838,400,2707,2478,400,3076,400,2443,400,400,400,400,400,400,2632,400,2491,2485,4522,2497,2505,2518,2468,0,0,0,0,0,0,0,0,0,0,0,0,0,0,0,0,0,0,0,0,0,0,0,0,0,0,10,0,0,0,0,0,20475,15905,8833,41,0,20475,13200,12169,46,0,66718994432,8589930496,32266645504,524288
200,1791366263172,1129244.230392456,48800,2,1.16875,113954.30555725098,48800,2,1.1,113006.99305725098,48800,2,1.1,114486.8872833252,48800,2,1.1,124986.92919921875,48800,2,1.1,113384.37173461914,48800,2,1.1,121846.31381225586,48800,2,0.93125,199281.16481018066,3050,2,1.10625,200544.07510375977,3050,2,1.10625,197054.9349822998,3050,2,1.10625,441732.62956237793,3050,0,1.10625,189001.38340759277,3050,2,1.10625,187999.4447631836,3050,2,1.10625,182011.8402709961,3050,2,1.10625,117139.43411254883,48800,2,1.1,119217.67384338379,48800,2,1.1,14497284.380783081,5402,5377,3070,5049,2479,2488,5047,400,400,2838,400,2707,2478,400,3076,400,2443,400,400,400,400,400,400,2632,400,2491,2485,4522,2497,2505,2518,2468,0,0,0,0,0,0,0,0,0,0,0,0,0,0,0,0,0,0,0,0,0,0,0,0,0,0,10.526315689086914,0,0,0,0,0,20475,15905,8833,41,0,20475,13200,12169,46,0,66718994432,8589930496,32266645504,524288
200,1791366263372,1129244.231338501,48800,2,1.13125,113954.30572509766,48800,2,1.13125,113006.99320983887,48800,2,0.93125,114486.88745117188,48800,2,0.93125,124986.92939758301,48800,2,0.93125,113384.37190246582,48800,2,0.93125,121846.31396484375,48800,2,0.93125,199281.16542053223,48800,2,1.13125,200544.0757598877,48800,2,1.13125,197054.9358215332,48800,2,1.13125,441732.69776916504,48800,2,1.13125,189001.38400268555,48800,2,1.13125,187999.44537353516,48800,2,1.13125,182011.84085083008,48800,2,1.13125,117139.43446350098,48800,2,1.13125,119217.67399597168,48800,2,1.13125,14497293.998794556,5402,5377,3070,5049,2479,2488,5047,400,400,2838,400,2707,2478,400,3076,400,2443,400,400,400,400,400,400,2632,400,2491,2485,4522,2497,2505,2518,2468,0,0,0,0,0,0,0,0,0,0,0,0,0,0,0,0,0,0,0,0,0,0,0,0,0,0,14.285715103149414,0,0,0,0,0,20475,15905,8833,41,0,20475,13200,12169,46,0,66718994432,8589930496,32260997120,524288
200,1791366263573,1129244.2319335938,48800,2,1.16875,113954.30584716797,48800,2,1.01875,113006.9933013916,48800,2,1.01875,114486.88757324219,48800,2,1.01875,124986.92951965332,48800,2,1.01875,113384.37200927734,48800,2,1.01875,121846.31407165527,48800,2,1.01875,199281.16592407227,48800,2,1.16875,200544.0763244629,48800,2,1.16875,197054.93634033203,48800,2,1.16875,441732.7634277344,48800,2,1.16875,189001.38453674316,48800,2,1.16875,187999.44592285156,48800,2,1.16875,182011.84135437012,48800,2,1.16875,117139.4347076416,48800,2,1.01875,119217.67408752441,48800,2,1.01875,14497303.47479248,5402,5377,3070,5049,2479,2488,5047,400,400,2838,400,2707,2478,400,3076,400,2443,400,400,400,400,400,400,2632,400,2491,2485,4522,2497,2505,2518,2468,0,0,0,0,0,0,0,0,0,0,0,0,0,0,0,0,0,0,0,0,0,0,0,0,0,0,19.047618865966797,0,0,0,0,0,20475,15905,8833,41,0,20475,13200,12107,46,0,66718994432,8589930496,32262287360,524288
200,1791366263773,1129244.2333221436,48800,2,1.16875,113954.30604553223,48800,2,1.1,113006.99348449707,48800,2,1.1,114486.88777160645,48800,2,1.1,124986.92976379395,48800,2,1.1,113384.3722076416,48800,2,1.1,121846.31427001953,48800,2,0.93125,199281.16648864746,3050,2,1.1,200544.07693481445,3050,2,1.1,197054.93692016602,3050,2,1.1,441732.82902526855,3050,0,1.1,189001.38510131836,3050,2,1.1,187999.44651794434,3050,2,1.1,182011.8419189453,3050,2,1.1,117139.4351348877,48800,2,1.1,119217.6743774414,48800,2,1.1,14497313.064804077,5402,5377,3070,5049,2479,2488,5047,400,400,2838,400,2707,2478,400,3076,400,2443,400,400,400,400,400,400,2632,400,2491,2485,4522,2497,2505,2518,2468,0,0,0,0,0,0,0,0,0,0,0,0,0,0,0,0,0,0,0,0,0,0,0,0,0,0,10.526315689086914,0,0,0,0,0,20475,15905,8833,41,0,20475,13200,12107,46,0,66718994432,8589930496,32262287360,524288
200,1791366263973,1129244.234085083,48800,2,1.15,113954.30616760254,48800,2,1.13125,113006.9935913086,48800,2,0.93125,114486.88789367676,48800,2,0.93125,124986.92990112305,48800,2,0.93125,113384.37231445313,48800,2,0.93125,121846.31437683105,48800,2,0.93125,199281.16702270508,48800,2,1.15,200544.07751464844,48800,2,1.15,197054.93745422363,48800,2,1.15,441732.89852905273,48800,2,1.15,189001.38563537598,48800,2,1.15,187999.44708251953,48800,2,1.15,182011.84245300293,48800,2,1.15,117139.43544006348,48800,2,1.13125,119217.67448425293,48800,2,1.13125,14497322.546432495,5402,5377,3070,5049,2479,2488,5047,400,400,2838,400,2707,2478,400,3076,400,2443,400,400,400,400,400,400,2632,400,2491,2485,4522,2497,2505,2518,2468,0,0,0,0,0,0,0,0,0,0,0,0,0,0,0,0,0,0,0,0,0,0,0,0,0,0,14.285715103149414,0,0,0,0,0,20475,15905,8858,41,0,20475,13200,12107,46,0,66718994432,8589930496,32262283264,524288
200,1791366264174,1129244.2354125977,48800,2,1.16875,113954.30632019043,48800,2,1.16875,113006.99369812012,16133.333333333334,2,1.01875,114486.88803100586,16133.333333333334,2,1.01875,124986.93003845215,16133.333333333334,0,1.01875,113384.37242126465,16133.333333333334,2,1.01875,121846.31448364258,16133.333333333334,2,1.01875,199281.16758728027,48800,2,1.16875,200544.0781097412,48800,2,1.16875,197054.93803405762,48800,2,1.16875,441732.9654083252,48800,2,1.16875,189001.38619995117,48800,2,1.16875,187999.44764709473,48800,2,1.16875,182011.84301757813,48800,2,1.16875,117139.43569946289,48800,2,1.16875,119217.67459106445,48800,2,1.16875,14497331.951141357,5402,5377,3070,5049,2479,2488,5047,400,400,2838,400,2707,2478,400,3076,400,2443,400,400,400,400,400,400,2632,400,2491,2485,4522,2497,2505,2518,2468,0,0,0,0,0,0,0,0,0,0,0,0,0,0,0,0,0,0,0,0,0,0,0,0,0,0,10.526315689086914,0,0,0,0,0,20475,15905,8858,41,0,20475,13200,12107,46,0,66718994432,8589930496,32262283264,524288
199,1791366264374,1129244.2366638184,48800,2,1.16875,113954.30651855469,48800,2,1.1,113006.9938659668,48800,2,1.1,114486.88821411133,48800,2,1.1,124986.9302520752,48800,2,1.1,113384.3726196289,48800,2,1.1,121846.31465148926,48800,2,0.925,199281.16815185547,48800,2,1.16875,200544.07870483398,3050,2,1.09375,197054.9386291504,3050,2,1.09375,441733.0292663574,3050,0,1.09375,189001.38676452637,3050,2,1.09375,187999.4482269287,3050,2,1.09375,182011.84358215332,3050,2,1.09375,117139.4361114502,48800,2,1.1,119217.67475891113,48800,2,1.1,14497341.52067566,5402,5377,3070,5049,2479,2488,5047,400,400,2838,400,2707,2478,400,3076,400,2443,400,400,400,400,400,400,2632,400,2491,2485,4522,2497,2505,2518,2468,0,0,0,0,0,0,0,0,0,0,0,0,0,0,0,0,0,0,0,0,0,0,0,0,0,0,14.285715103149414,0,0,0,0,0,20475,15905,8858,41,0,20475,13200,12107,46,0,66718994432,8589930496,32262283264,524288
200,1791366264574,1129244.2374725342,48800,2,1.125,113954.30667114258,48800,2,1.13125,113006.9940032959,48800,2,1.13125,114486.88836669922,48800,2,1.13125,124986.93043518066,48800,2,1.13125,113384.37275695801,48800,2,1.13125,121846.31478881836,48800,2,0.93125,199281.1686859131,48800,2,1.125,200544.07929992676,48800,2,1.125,197054.9391784668,48800,2,1.125,441733.09538269043,48800,2,1.125,189001.38732910156,48800,2,1.125,187999.4488067627,48800,2,1.125,182011.84414672852,48800,2,1.125,117139.43646240234,48800,2,1.13125,119217.67489624023,48800,2,1.13125,14497350.96484375,5402,5377,3070,5049,2479,2488,5047,400,400,2838,400,2707,2478,400,3076,400,2443,400,400,400,400,400,400,2632,400,2491,2485,4522,2497,2505,2518,2468,0,0,0,0,0,0,0,0,0,0,0,0,0,0,0,0,0,0,0,0,0,0,0,0,0,0,10.526315689086914,0,0,0,0,0,20475,15905,8858,41,0,20475,13200,12069,46,0,66718994432,8589930496,32261201920,524288
200,1791366264774,1129244.2386322021,48800,2,1.16875,113954.30676269531,48800,2,0.96875,113006.99406433105,48800,2,0.96875,114486.88845825195,48800,2,0.96875,124986.93054199219,48800,2,0.96875,113384.37283325195,48800,2,0.96875,121846.3148651123,48800,2,0.96875,199281.1692047119,48800,2,1.16875,200544.07989501953,48800,2,1.16875,197054.9397277832,48800,2,1.16875,441733.16215515137,48800,2,1.16875,189001.38787841797,48800,2,1.16875,187999.4493713379,48800,2,1.16875,182011.84468078613,48800,2,1.16875,117139.4366607666,48800,2,1.16875,119217.67497253418,48800,2,0.96875,14497360.418945313,5402,5377,3070,5049,2479,2488,5047,400,400,2838,400,2707,2478,400,3076,400,2443,400,400,400,400,400,400,2632,400,2491,2485,4522,2497,2505,2518,2468,0,0,0,0,0,0,0,0,0,0,0,0,0,0,0,0,0,0,0,0,0,0,0,0,0,0,14.285715103149414,0,0,0,0,0,20475,15905,8858,41,0,20475,13200,12069,46,0,66718994432,8589930496,32261197824,524288
200,1791366264975,1129244.2399139404,48800,2,1.16875,113954.3069152832,48800,2,1.05625,113006.99421691895,48800,2,1.05625,114486.88861083984,48800,2,1.05625,124986.93069458008,48800,2,1.05625,113384.37297058105,48800,2,1.05625,121846.3150024414,48800,2,1.05625,199281.16972351074,48800,2,1.16875,200544.0804901123,48800,2,1.16875,197054.94026184082,48800,2,1.16875,441733.22634887695,48800,2,1.16875,189001.3883972168,48800,2,1.16875,187999.4499206543,48800,2,1.16875,182011.84519958496,48800,2,1.0437500000000002,117139.43685913086,48800,2,1.05625,119217.67514038086,48800,2,1.05625,14497370.022750854,5402,5377,3070,5049,2479,2488,5047,400,400,2838,400,2707,2478,400,3076,400,2443,400,400,400,400,400,400,2632,400,2491,2485,4522,2497,2505,2518,2468,0,0,0,0,0,0,0,0,0,0,0,0,0,0,0,0,0,0,0,0,0,0,0,0,0,0,10.526315689086914,0,0,0,0,0,20475,15905,8818,41,0,20475,13200,12069,46,0,66718994432,8589930496,32261197824,524288
200,1791366265175,1129244.241241455,3050,2,1.11875,113954.30711364746,48800,2,1.11875,113006.99440002441,48800,2,1.11875,114486.88882446289,48800,2,1.11875,124986.9309387207,48800,2,1.11875,113384.37316894531,48800,2,0.93125,121846.31520080566,48800,2,0.93125,199281.17042541504,3050,2,1.11875,200544.08113098145,3050,2,1.11875,197054.94088745117,3050,2,1.11875,441733.2924346924,3050,0,1.11875,189001.38900756836,3050,2,1.11875,187999.45054626465,3050,2,1.11875,182011.84580993652,3050,2,1.11875,117139.43734741211,48800,2,1.11875,119217.67533874512,48800,2,1.11875,14497379.539245605,5402,5377,3070,5049,2479,2488,5047,400,400,2838,400,2707,2478,400,3076,400,2443,400,400,400,400,400,400,2632,400,2491,2485,4522,2497,2505,2518,2468,0,0,0,0,0,0,0,0,0,0,0,0,0,0,0,0,0,0,0,0,0,0,0,0,0,0,15.000000953674316,0,0,0,0,0,20475,15905,8818,41,0,20475,13200,12069,46,0,66718994432,8589930496,32261197824,524288
200,1791366265375,1129244.2422027588,48800,2,1.16875,113954.30728149414,48800,2,0.95625,113006.9945526123,48800,2,0.95625,114486.88899230957,48800,2,0.95625,124986.93112182617,48800,2,0.95625,113384.37335205078,48800,2,0.95625,121846.31535339355,48800,2,0.95625,199281.17097473145,48800,2,1.16875,200544.08168029785,48800,2,1.16875,197054.94146728516,48800,2,1.16875,441733.36083984375,48800,2,1.16875,189001.38955688477,48800,2,1.16875,187999.45111083984,48800,2,1.16875,182011.84634399414,48800,2,1.16875,117139.43772888184,48800,2,1.16875,119217.67549133301,48800,2,0.95625,14497389.071548462,5402,5377,3070,5049,2479,2488,5047,400,400,2838,400,2707,2478,400,3076,400,2443,400,400,400,400,400,400,2632,400,2491,2485,4522,2497,2505,2518,2468,0,0,0,0,0,0,0,0,0,0,0,0,0,0,0,0,0,0,0,0,0,0,0,0,0,0,10,0,0,0,0,0,20475,15905,8818,41,0,20475,13200,12069,46,0,66718994432,8589930496,32254578688,524288
200,1791366265576,1129244.2438049316,48800,2,1.16875,113954.30744934082,48800,2,1.0375,113006.9946899414,48800,2,1.0375,114486.88914489746,48800,2,1.0375,124986.93130493164,48800,2,1.0375,113384.37348937988,48800,2,1.0375,121846.31549072266,48800,2,1.0375,199281.17164611816,48800,2,1.16875,200544.08239746094,48800,2,1.16875,197054.94422912598,48800,2,1.16875,441733.4258880615,48800,2,1.16875,189001.39024353027,48800,2,1.16875,187999.45182800293,48800,2,1.16875,182011.84701538086,48800,2,1.16875,117139.43803405762,48800,2,1.0375,119217.67562866211,48800,2,1.0375,14497398.787399292,5402,5377,3070,5049,2479,2488,5047,400,400,2838,400,2707,2478,400,3076,400,2443,400,400,400,400,400,400,2632,400,2491,2485,4522,2497,2505,2518,2468,0,0,0,0,0,0,0,0,0,0,0,0,0,0,0,0,0,0,0,0,0,0,0,0,0,0,15.000000953674316,0,0,0,0,0,20475,15905,8818,41,0,20475,13200,12094,46,0,66718994432,8589930496,32262664192,524288
200,1791366265776,1129244.2452545166,3050,2,1.10625,113954.30773925781,48800,2,1.1125,113006.99496459961,48800,2,1.1125,114486.88945007324,48800,2,1.1125,124986.93167114258,48800,2,1.1125,113384.37377929688,48800,2,0.93125,121846.31578063965,48800,2,0.93125,199281.17280578613,3050,2,1.10625,200544.08323669434,3050,2,1.10625,197054.94496154785,3050,2,1.10625,441733.49003601074,3050,0,1.10625,189001.39096069336,3050,2,1.10625,187999.45315551758,3050,2,1.10625,182011.84774780273,3050,2,1.10625,117139.43853759766,48800,2,1.1125,119217.67590332031,48800,2,1.1125,14497408.548965454,5402,5377,3070,5049,2479,2488,5047,400,400,2838,400,2707,2478,400,3076,400,2443,400,400,400,400,400,400,2632,400,2491,2485,4522,2497,2505,2518,2468,0,0,0,0,0,0,0,0,0,0,0,0,0,0,0,0,0,0,0,0,0,0,0,0,0,0,10,0,0,0,0,0,20475,15905,8818,41,0,20475,13200,12094,46,0,66718994432,8589930496,32262660096,524288
200,1791366265976,1129244.2462768555,48800,2,1.13125,113954.30790710449,48800,2,0.93125,113006.99510192871,48800,2,0.93125,114486.88961791992,48800,2,0.93125,124986.93185424805,48800,2,0.93125,113384.37393188477,48800,2,0.93125,121846.31591796875,48800,2,0.93125,199281.17335510254,48800,2,1.13125,200544.08381652832,48800,2,1.13125,197054.9455718994,48800,2,1.13125,441733.5595550537,48800,2,1.13125,189001.39151000977,48800,2,1.13125,187999.45373535156,48800,2,1.13125,182011.84831237793,48800,2,1.13125,117139.43891906738,48800,2,1.13125,119217.67604064941,48800,2,1.13125,14497418.060455322,5402,5377,3070,5049,2479,2488,5047,400,400,2838,400,2707,2478,400,3076,400,2443,400,400,400,400,400,400,2632,400,2491,2485,4522,2497,2505,2518,2468,0,0,0,0,0,0,0,0,0,0,0,0,0,0,0,0,0,0,0,0,0,0,0,0,0,0,15.000000953674316,0,0,0,0,0,20475,15905,8723,41,0,20475,13200,12094,46,0,66718994432,8589930496,32262660096,524288
200,1791366266177,1129244.2474822998,48800,2,1.175,113954.30805969238,48800,2,1.03125,113006.99523925781,48800,2,1.03125,114486.88977050781,48800,2,1.03125,124986.93202209473,48800,2,1.03125,113384.37406921387,48800,2,1.03125,121846.31605529785,48800,2,1.03125,199281.1739501953,48800,2,1.175,200544.08447265625,48800,2,1.175,197054.94621276855,48800,2,1.175,441733.6265716553,48800,2,1.175,189001.39212036133,48800,2,1.175,187999.4543762207,48800,2,1.175,182011.8489074707,3050,2,1.0375,117139.43922424316,48800,2,1.03125,119217.6761932373,48800,2,1.03125,14497427.685272217,5402,5377,3070,5049,2479,2488,5047,400,400,2838,400,2707,2478,400,3076,400,2443,400,400,400,400,400,400,2632,400,2491,2485,4522,2497,2505,2518,2468,0,0,0,0,0,0,0,0,0,0,0,0,0,0,0,0,0,0,0,0,0,0,0,0,0,0,15.000000953674316,0,0,0,0,0,20475,15905,8723,41,0,20475,13200,12094,46,0,66718994432,8589930496,32262660096,524288
200,1791366266377,1129244.2488098145,3050,2,1.10625,113954.30819702148,48800,2,1.1125,113006.99537658691,48800,2,1.1125,114486.8899230957,48800,2,1.1125,124986.9322052002,48800,2,0.93125,113384.37423706055,48800,2,0.93125,121846.31619262695,48800,2,0.93125,199281.17448425293,3050,2,1.10625,200544.08502197266,3050,2,1.10625,197054.9468536377,3050,2,1.10625,441733.6936035156,3050,0,1.10625,189001.39265441895,3050,2,1.10625,187999.4549407959,3050,2,1.10625,182011.84944152832,3050,2,1.10625,117139.43957519531,48800,2,1.1125,119217.67631530762,48800,2,1.1125,14497437.282684326,5402,5377,3070,5049,2479,2488,5047,400,400,2838,400,2707,2478,400,3076,400,2443,400,400,400,400,400,400,2632,400,2491,2485,4522,2497,2505,2518,2468,0,0,0,0,0,0,0,0,0,0,0,0,0,0,0,0,0,0,0,0,0,0,0,0,0,0,10,0,0,0,0,0,20475,15905,8723,41,0,20475,13200,12094,46,0,66718994432,8589930496,32261832704,524288
200,1791366266577,1129244.2504882813,48800,2,1.13125,113954.30830383301,48800,2,1.14375,113006.99545288086,48800,2,0.93125,114486.89001464844,48800,2,0.93125,124986.93231201172,48800,2,0.93125,113384.37432861328,48800,2,0.93125,121846.3162689209,48800,2,0.93125,199281.1750793457,48800,2,1.13125,200544.08563232422,48800,2,1.13125,197054.94761657715,48800,2,1.13125,441733.76124572754,48800,2,1.13125,189001.3932647705,48800,2,1.13125,187999.45553588867,48800,2,1.13125,182011.8500366211,48800,2,1.13125,117139.43989562988,48800,2,1.14375,119217.67639160156,48800,2,1.14375,14497446.766571045,5402,5377,3070,5049,2479,2488,5047,400,400,2838,400,2707,2478,400,3076,400,2443,400,400,400,400,400,400,2632,400,2491,2485,4522,2497,2505,2518,2468,0,0,0,0,0,0,0,0,0,0,0,0,0,0,0,0,0,0,0,0,0,0,0,0,0,0,15.000000953674316,0,0,0,0,0,20475,15905,8723,41,0,20475,13200,12121,46,0,66718994432,8589930496,32261828608,524288
200,1791366266778,1129244.2516784668,48800,2,1.16875,113954.30844116211,48800,2,1.0375,113006.99557495117,48800,2,1.0375,114486.89015197754,48800,2,1.0375,124986.93251037598,48800,2,1.0375,113384.3744506836,48800,2,1.0375,121846.31640625,48800,2,1.0375,199281.1780090332,48800,2,1.16875,200544.08618164063,48800,2,1.16875,197054.94819641113,48800,2,1.16875,441733.82791137695,48800,2,1.16875,189001.3938140869,48800,2,1.16875,187999.45608520508,48800,2,1.16875,182011.8505859375,48800,2,1.16875,117139.4401550293,48800,2,1.0375,119217.67654418945,48800,2,1.0375,14497456.409851074,5402,5377,3070,5049,2479,2488,5047,400,400,2838,400,2707,2478,400,3076,400,2443,400,400,400,400,400,400,2632,400,2491,2485,4522,2497,2505,2518,2468,0,0,0,0,0,0,0,0,0,0,0,0,0,0,0,0,0,0,0,0,0,0,0,0,0,0,14.285715103149414,0,0,0,0,0,20475,15905,8723,41,0,20475,13200,12121,46,0,66718994432,8589930496,32261828608,524288
200,1791366266978,1129244.2528076172,3050,2,1.10625,113954.30854797363,48800,2,1.1125,113006.9956817627,48800,2,1.1125,114486.89027404785,48800,2,1.1125,124986.93266296387,48800,2,1.1125,113384.37455749512,48800,2,1.1125,121846.31651306152,48800,2,0.93125,199281.1785583496,3050,2,1.10625,200544.08674621582,3050,2,1.10625,197054.94877624512,3050,2,1.10625,441733.895614624,3050,0,1.10625,189001.3943786621,3050,2,1.10625,187999.45664978027,3050,2,1.10625,182011.8511352539,3050,2,1.10625,117139.44039916992,48800,2,1.1125,119217.67665100098,48800,2,1.1125,14497465.940582275,5402,5377,3070,5049,2479,2488,5047,400,400,2838,400,2707,2478,400,3076,400,2443,400,400,400,400,400,400,2632,400,2491,2485,4522,2497,2505,2518,2468,0,0,0,0,0,0,0,0,0,0,0,0,0,0,0,0,0,0,0,0,0,0,0,0,0,0,10.526315689086914,0,0,0,0,0,20475,15905,8695,41,0,20475,13200,12121,46,0,66718994432,8589930496,32261828608,524288
200,1791366267178,1129244.253753662,48800,2,1.1375,113954.30867004395,48800,2,0.93125,113006.99578857422,48800,2,0.93125,114486.89039611816,48800,2,0.93125,124986.93283081055,48800,2,0.93125,113384.37466430664,48800,2,0.93125,121846.31661987305,48800,2,0.93125,199281.17910766602,48800,2,1.1375,200544.08729553223,48800,2,1.1375,197054.9493408203,48800,2,1.1375,441733.9624633789,48800,2,1.1375,189001.39492797852,48800,2,1.1375,187999.45719909668,48800,2,1.1375,182011.8516998291,48800,2,1.1375,117139.44073486328,48800,2,1.13125,119217.67677307129,48800,2,1.13125,14497475.428451538,5402,5377,3070,5049,2479,2488,5047,400,400,2838,400,2707,2478,400,3076,400,2443,400,400,400,400,400,400,2632,400,2491,2485,4522,2497,2505,2518,2468,0,0,0,0,0,0,0,0,0,0,0,0,0,0,0,0,0,0,0,0,0,0,0,0,0,0,15.000000953674316,0,0,0,0,0,20475,15905,8695,41,0,20475,13200,12121,46,0,66718994432,8589930496,32261828608,524288
200,1791366267379,1129244.2551727295,48800,2,1.16875,113954.30880737305,48800,2,1.03125,113006.99589538574,48800,2,1.03125,114486.89053344727,48800,2,1.03125,124986.93299865723,48800,2,1.03125,113384.37480163574,48800,2,1.03125,121846.31672668457,48800,2,1.03125,199281.17965698242,48800,2,1.16875,200544.08784484863,48800,2,1.16875,197054.9499359131,48800,2,1.16875,441734.0284729004,48800,2,1.16875,189001.39547729492,48800,2,1.16875,187999.4577484131,48800,2,1.16875,182011.8522491455,48800,2,1.16875,117139.4409942627,48800,2,1.03125,119217.67687988281,48800,2,1.03125,14497485.105072021,5402,5377,3070,5049,2479,2488,5047,400,400,2838,400,2707,2478,400,3076,400,2443,400,400,400,400,400,400,2632,400,2491,2485,4522,2497,2505,2518,2468,0,0,0,0,0,0,0,0,0,0,0,0,0,0,0,0,0,0,0,0,0,0,0,0,0,0,14.285715103149414,0,0,0,0,0,20475,15905,8695,41,0,20475,13200,12121,46,0,66718994432,8589930496,32255918080,524288
200,1791366267579,1129244.2574005127,3050,2,1.11875,113954.30918884277,48800,2,1.11875,113006.99794006348,48800,2,1.11875,114486.89074707031,48800,2,1.11875,124986.93327331543,48800,2,1.11875,113384.37501525879,48800,2,1.11875,121846.31748962402,48800,2,0.93125,199281.1808013916,3050,2,1.11875,200544.08879089355,3050,2,1.11875,197054.95108032227,3050,2,1.11875,441734.09773254395,3050,0,1.11875,189001.39639282227,3050,2,1.11875,187999.45867919922,3050,2,1.11875,182011.85375976563,3050,2,1.11875,117139.44142150879,48800,2,1.11875,119217.67721557617,48800,2,1.11875,14497494.903549194,5402,5377,3070,5049,2479,2488,5047,400,400,2838,400,2707,2478,400,3076,400,2443,400,400,400,400,400,400,2632,400,2491,2485,4522,2497,2505,2518,2468,0,0,0,0,0,0,0,0,0,0,0,0,0,0,0,0,0,0,0,0,0,0,0,0,0,0,10.526315689086914,0,0,0,0,0,20475,15905,8695,41,0,20475,13200,12155,46,0,66718994432,8589930496,32260816896,524288
200,1791366267779,1129244.258392334,48800,2,1.16875,113954.30931091309,48800,2,0.94375,113006.99803161621,48800,2,0.94375,114486.89085388184,48800,2,0.94375,124986.93341064453,48800,2,0.94375,113384.37510681152,48800,2,0.94375,121846.31758117676,48800,2,0.94375,199281.181350708,48800,2,1.16875,200544.08935546875,48800,2,1.16875,197054.95164489746,48800,2,1.16875,441734.1661376953,48800,2,1.16875,189001.39694213867,48800,2,1.16875,187999.4592437744,48800,2,1.16875,182011.85430908203,48800,2,1.16875,117139.44165039063,48800,2,1.16875,119217.6773223877,48800,2,1.16875,14497504.335479736,5402,5377,3070,5049,2479,2488,5047,400,400,2838,400,2707,2478,400,3076,400,2443,400,400,400,400,400,400,2632,400,2491,2485,4522,2497,2505,2518,2468,0,0,0,0,0,0,0,0,0,0,0,0,0,0,0,0,0,0,0,0,0,0,0,0,0,0,10,0,0,0,0,0,20475,15905,8695,41,0,20475,13200,12155,46,0,66718994432,8589930496,32260816896,524288
36,1791366267980,1129244.261352539,48800,2,1.16875,113954.30949401855,48800,2,1.0437500000000002,113006.9981842041,48800,2,1.0437500000000002,114486.8910369873,48800,2,1.0437500000000002,124986.93360900879,48800,2,1.0437500000000002,113384.3752746582,48800,2,1.0437500000000002,121846.31773376465,48800,2,1.0437500000000002,199281.18194580078,48800,2,1.16875,200544.0899658203,48800,2,1.16875,197054.95225524902,48800,2,1.16875,441734.2347869873,48800,2,1.16875,189001.39753723145,48800,2,1.16875,187999.45985412598,48800,2,1.16875,182011.8549041748,48800,2,1.16875,117139.4419555664,48800,2,1.0437500000000002,119217.67747497559,48800,2,1.0437500000000002,14497513.970245361,5402,5377,3070,5049,2479,2488,5047,400,400,2838,400,2707,2478,400,3076,400,2443,400,400,400,400,400,400,2632,400,2491,2485,4522,2497,2505,2518,2468,0,0,0,0,0,0,0,0,0,0,0,0,0,0,0,0,0,0,0,0,0,0,0,0,0,0,15.000000953674316,0,0,0,0,0,20475,15905,8743,41,0,20475,13200,12155,46,0,66718994432,8589930496,32260816896,524288
