Delta,Time,CORE0_ENERGY (J),CORE0_FREQ (MHZ),CORE0_PSTATE,CORE0_VOLT (V),CORE10_ENERGY (J),CORE10_FREQ (MHZ),CORE10_PSTATE,CORE10_VOLT (V),CORE11_ENERGY (J),CORE11_FREQ (MHZ),CORE11_PSTATE,CORE11_VOLT (V),CORE12_ENERGY (J),CORE12_FREQ (MHZ),CORE12_PSTATE,CORE12_VOLT (V),CORE13_ENERGY (J),CORE13_FREQ (MHZ),CORE13_PSTATE,CORE13_VOLT (V),CORE14_ENERGY (J),CORE14_FREQ (MHZ),CORE14_PSTATE,CORE14_VOLT (V),CORE15_ENERGY (J),CORE15_FREQ (MHZ),CORE15_PSTATE,CORE15_VOLT (V),CORE1_ENERGY (J),CORE1_FREQ (MHZ),CORE1_PSTATE,CORE1_VOLT (V),CORE2_ENERGY (J),CORE2_FREQ (MHZ),CORE2_PSTATE,CORE2_VOLT (V),CORE3_ENERGY (J),CORE3_FREQ (MHZ),CORE3_PSTATE,CORE3_VOLT (V),CORE4_ENERGY (J),CORE4_FREQ (MHZ),CORE4_PSTATE,CORE4_VOLT (V),CORE5_ENERGY (J),CORE5_FREQ (MHZ),CORE5_PSTATE,CORE5_VOLT (V),CORE6_ENERGY (J),CORE6_FREQ (MHZ),CORE6_PSTATE,CORE6_VOLT (V),CORE7_ENERGY (J),CORE7_FREQ (MHZ),CORE7_PSTATE,CORE7_VOLT (V),CORE8_ENERGY (J),CORE8_FREQ (MHZ),CORE8_PSTATE,CORE8_VOLT (V),CORE9_ENERGY (J),CORE9_FREQ (MHZ),CORE9_PSTATE,CORE9_VOLT (V),CPU_ENERGY (J),CPU_FREQUENCY_0,CPU_FREQUENCY_1,CPU_FREQUENCY_10,CPU_FREQUENCY_11,CPU_FREQUENCY_12,CPU_FREQUENCY_13,CPU_FREQUENCY_14,CPU_FREQUENCY_15,CPU_FREQUENCY_16,CPU_FREQUENCY_17,CPU_FREQUENCY_18,CPU_FREQUENCY_19,CPU_FREQUENCY_2,CPU_FREQUENCY_20,CPU_FREQUENCY_21,CPU_FREQUENCY_22,CPU_FREQUENCY_23,CPU_FREQUENCY_24,CPU_FREQUENCY_25,CPU_FREQUENCY_26,CPU_FREQUENCY_27,CPU_FREQUENCY_28,CPU_FREQUENCY_29,CPU_FREQUENCY_3,CPU_FREQUENCY_30,CPU_FREQUENCY_31,CPU_FREQUENCY_4,CPU_FREQUENCY_5,CPU_FREQUENCY_6,CPU_FREQUENCY_7,CPU_FREQUENCY_8,CPU_FREQUENCY_9,CPU_USAGE_0,CPU_USAGE_1,CPU_USAGE_10,CPU_USAGE_11,CPU_USAGE_12,CPU_USAGE_13,CPU_USAGE_14,CPU_USAGE_15,CPU_USAGE_16,CPU_USAGE_17,CPU_USAGE_18,CPU_USAGE_19,CPU_USAGE_2,CPU_USAGE_20,CPU_USAGE_21,CPU_USAGE_22,CPU_USAGE_23,CPU_USAGE_24,CPU_USAGE_25,CPU_USAGE_26,CPU_USAGE_27,CPU_USAGE_28,CPU_USAGE_29,CPU_USAGE_3,CPU_USAGE_30,CPU_USAGE_31,CPU_USAGE_4,CPU_USAGE_5,CPU_USAGE_6,CPU_USAGE_7,CPU_USAGE_8,CPU_USAGE_9,GPU0_MEMORY_TOTAL,GPU0_MEMORY_USED,GPU0_POWER (mWatts),GPU0_TEMPERATURE,GPU0_USAGE,GPU1_MEMORY_TOTAL,GPU1_MEMORY_USED,GPU1_POWER (mWatts),GPU1_TEMPERATURE,GPU1_USAGE,TOTAL_MEMORY,TOTAL_SWAP,USED_MEMORY,USED_SWAP
0,1791413317063,1516365.1371154785,3050,2,0.3125,153038.3377380371,16133.333333333334,2,0.93125,152070.69830322266,16133.333333333334,0,0.93125,154480.46209716797,16133.333333333334,0,0.93125,170473.26663208008,16133.333333333334,0,0.93125,152797.76107788086,16133.333333333334,0,0.93125,164302.11045837402,16133.333333333334,0,0.93125,277291.64418029785,3050,2,0.3125,277172.6100616455,3050,2,0.3125,271046.9800872803,3050,0,0.3125,624209.1580505371,3050,0,0.3125,260885.23727416992,3050,0,0.3125,260043.68377685547,3050,0,0.3125,250519.46003723145,3050,0,0.3125,158300.4906463623,16133.333333333334,2,0.93125,161978.4658050537,16133.333333333334,2,0.93125,19204078.908966064,5400,400,400,400,400,5061,2484,400,400,400,5407,400,400,5401,400,400,5400,400,400,400,400,400,400,2506,400,2484,400,400,400,400,400,400,0,0,3.5714287757873535,0,0,0,3.5714287757873535,0,0,0,0,0,3.7037036418914795,0,0,0,0,0,0,0,0,3.5714287757873535,0,0,0,0,3.7037036418914795,0,0,0,0,0,20475,15905,8393,43,0,20475,13200,12475,50,0,66718994432,8589930496,32273805312,786432
200,1791413317063,1516365.1395568848,3050,0,0.3125,153038.33792114258,48800,2,0.93125,152070.69847106934,48800,2,0.93125,154480.46226501465,48800,2,0.93125,170473.26679992676,48800,2,0.93125,152797.76124572754,48800,2,0.93125,164302.11152648926,48800,2,0.93125,277291.64489746094,3050,2,0.3125,277172.6107788086,3050,2,0.3125,271046.9813079834,3050,2,0.3125,624209.227355957,3050,0,0.3125,260885.23796081543,3050,2,0.3125,260043.68446350098,3050,2,0.3125,250519.46072387695,3050,2,0.3125,158300.49382019043,48800,2,0.93125,161978.4659729004,48800,2,0.93125,19204081.138046265,5400,400,400,400,400,5061,2484,400,400,400,5407,400,400,5401,400,400,5400,400,400,400,400,400,400,2506,400,2484,400,400,400,400,400,400,0,0,3.5714287757873535,0,0,0,3.5714287757873535,0,0,0,0,0,3.7037036418914795,0,0,0,0,0,0,0,0,3.5714287757873535,0,0,0,0,3.7037036418914795,0,0,0,0,0,20475,15905,8393,43,0,20475,13200,12475,50,0,66718994432,8589930496,32274579456,786432
199,1791413317263,1516365.1403198242,48800,2,1.1375,153038.33813476563,48800,2,0.93125,152070.6985015869,48800,2,0.93125,154480.46229553223,48800,2,0.93125,170473.26683044434,48800,2,0.93125,152797.76139831543,48800,2,0.93125,164302.11155700684,48800,2,0.93125,277291.64546203613,48800,2,1.1375,277172.61138916016,48800,2,1.1375,271046.9822692871,48800,2,1.1375,624209.2915649414,48800,2,1.1375,260885.23852539063,48800,2,1.1375,260043.68504333496,48800,2,1.1375,250519.46128845215,48800,2,1.1375,158300.493850708,48800,2,1.14375,161978.46601867676,48800,2,1.14375,19204090.671295166,5400,400,400,400,400,5061,2484,400,400,400,5407,400,400,5401,400,400,5400,400,400,400,400,400,400,2506,400,2484,400,400,400,400,400,400,0,0,0,0,0,0,0,0,0,0,0,0,0,0,0,0,0,0,0,0,0,0,0,0,0,0,28.571430206298828,0,0,0,0,0,20475,15905,8532,43,0,20475,13200,12475,50,0,66718994432,8589930496,32274579456,786432
200,1791413317464,1516365.1419830322,3050,2,0.4125000000000001,153038.33819580078,48800,2,0.925,152070.69863891602,48800,2,0.925,154480.46235656738,48800,2,0.925,170473.26696777344,48800,2,0.925,152797.7614593506,48800,2,0.925,164302.11164855957,48800,2,0.925,277291.646194458,3050,2,0.4125000000000001,277172.6120452881,3050,2,0.4125000000000001,271046.9832305908,3050,2,0.54375,624209.3561859131,3050,0,0.54375,260885.2391357422,3050,2,0.54375,260043.6867828369,3050,0,0.54375,250519.4618988037,3050,2,0.54375,158300.49394226074,48800,2,0.925,161978.46606445313,48800,2,0.925,19204100.173171997,5400,400,400,400,400,5061,2484,400,400,400,5407,400,400,5401,400,400,5400,400,400,400,400,400,400,2506,400,2484,400,400,400,400,400,400,0,0,0,0,0,0,0,0,0,0,0,0,0,0,0,0,0,0,0,0,0,0,0,0,0,0,10,0,0,0,0,0,20475,15905,8532,43,0,20475,13200,12475,50,0,66718994432,8589930496,32275791872,786432
200,1791413317664,1516365.1437072754,48800,2,1.175,153038.33819580078,48800,2,1.05,152070.69863891602,48800,2,1.05,154480.46235656738,48800,2,1.05,170473.26696777344,48800,2,1.05,152797.7614593506,48800,2,1.05,164302.11167907715,48800,2,1.05,277291.64680480957,48800,2,1.175,277172.612701416,48800,2,1.175,271046.9847869873,48800,2,1.175,624209.4234008789,48800,2,1.175,260885.23974609375,48800,2,1.175,260043.68910217285,48800,2,1.175,250519.46250915527,3050,2,1.05625,158300.49397277832,48800,2,1.05,161978.4660797119,48800,2,1.05,19204109.792037964,5400,400,400,400,400,5061,2484,400,400,400,5407,400,400,5401,400,400,5400,400,400,400,400,400,400,2506,400,2484,400,400,400,400,400,400,0,0,0,0,0,0,0,0,0,0,0,0,0,0,0,0,0,0,0,0,0,0,0,0,0,0,15.000000953674316,0,0,0,0,0,20475,15905,8532,43,0,20475,13200,12475,50,0,66718994432,8589930496,32275791872,786432
200,1791413317864,1516365.145187378,3050,2,1.11875,153038.33834838867,48800,2,1.125,152070.6988067627,48800,2,1.125,154480.46252441406,48800,2,1.125,170473.26713562012,48800,2,0.93125,152797.76162719727,48800,2,0.93125,164302.11199951172,48800,2,0.93125,277291.64793395996,3050,2,1.11875,277172.61335754395,3050,2,1.11875,271046.98651123047,3050,2,1.11875,624209.4911499023,3050,0,1.11875,260885.2403564453,3050,2,1.11875,260043.6897125244,3050,2,1.11875,250519.46311950684,3050,2,1.11875,158300.49411010742,48800,2,1.125,161978.4662475586,48800,2,1.125,19204119.317062378,5400,400,400,400,400,5061,2484,400,400,400,5407,400,400,5401,400,400,5400,400,400,400,400,400,400,2506,400,2484,400,400,400,400,400,400,0,0,0,0,0,0,0,0,0,0,0,0,0,0,0,0,0,0,0,0,0,0,0,0,0,0,10.526315689086914,0,0,0,0,0,20475,15905,8532,43,0,20475,13200,12475,50,0,66718994432,8589930496,32275791872,786432
200,1791413318065,1516365.1469726563,48800,2,1.06875,153038.33836364746,48800,2,0.9625,152070.69882202148,48800,2,0.9625,154480.46253967285,48800,2,0.9625,170473.2671508789,48800,2,0.9625,152797.76164245605,48800,2,0.9625,164302.11206054688,48800,2,0.9625,277291.6485443115,48800,2,1.06875,277172.61402893066,48800,2,1.06875,271046.9881744385,48800,2,1.06875,624209.5609588623,48800,2,1.06875,260885.24099731445,48800,2,1.06875,260043.69033813477,48800,2,1.06875,250519.4637298584,48800,2,1.06875,158300.49417114258,48800,2,1.08125,161978.46626281738,48800,2,0.9625,19204128.819610596,5400,400,400,400,400,5061,2484,400,400,400,5407,400,400,5401,400,400,5400,400,400,400,400,400,400,2506,400,2484,400,400,400,400,400,400,0,0,0,0,0,0,0,0,0,0,0,0,0,0,0,0,0,0,0,0,0,0,0,0,0,0,14.285715103149414,0,0,0,0,0,20475,15905,8532,43,0,20475,13200,12464,50,0,66718994432,8589930496,32275791872,786432
199,1791413318265,1516365.1487884521,48800,2,1.1125,153038.33836364746,48800,2,0.95,152070.69882202148,48800,2,0.95,154480.46253967285,48800,2,0.95,170473.2671508789,48800,2,0.95,152797.76164245605,48800,2,0.95,164302.11207580566,48800,2,0.95,277291.64923095703,48800,2,1.1125,277172.61476135254,48800,2,1.1125,271046.9898529053,48800,2,1.1125,624209.6307678223,48800,2,1.1125,260885.24168395996,48800,2,1.1125,260043.69102478027,48800,2,1.1125,250519.4644165039,48800,2,1.1125,158300.49420166016,48800,2,0.95,161978.46627807617,48800,2,0.95,19204138.503479004,5400,400,400,400,400,5061,2484,400,400,400,5407,400,400,5401,400,400,5400,400,400,400,400,400,400,2506,400,2484,400,400,400,400,400,400,0,0,0,0,0,0,0,0,0,0,0,0,0,0,0,0,0,0,0,0,0,0,0,0,0,0,10.526315689086914,0,0,0,0,0,20475,15905,8739,43,0,20475,13200,12464,50,0,66718994432,8589930496,32275791872,786432
200,1791413318465,1516365.1495513916,48800,2,1.175,153038.33837890625,48800,2,1.06875,152070.69883728027,48800,2,1.06875,154480.46257019043,48800,2,1.06875,170473.26718139648,48800,2,1.06875,152797.76167297363,48800,2,1.06875,164302.11213684082,48800,2,1.06875,277291.6498413086,48800,2,1.175,277172.61558532715,48800,2,1.175,271046.9906921387,48800,2,1.175,624209.6999969482,48800,2,1.175,260885.24229431152,3050,2,1.06875,260043.69163513184,3050,2,1.06875,250519.46502685547,3050,2,1.06875,158300.49424743652,48800,2,1.06875,161978.46630859375,48800,2,1.06875,19204147.99723816,5400,400,400,400,400,5061,2484,400,400,400,5407,400,400,5401,400,400,5400,400,400,400,400,400,400,2506,400,2484,400,400,400,400,400,400,0,0,0,0,0,0,0,0,0,0,0,0,0,0,0,0,0,0,0,0,0,0,0,0,0,0,14.285715103149414,0,0,0,0,0,20475,15905,8739,43,0,20475,13200,12464,50,0,66718994432,8589930496,32265330688,786432
200,1791413318665,1516365.1510162354,48800,2,1.125,153038.3384399414,48800,2,1.1375,152070.69889831543,48800,2,1.1375,154480.4626312256,48800,2,1.1375,170473.26724243164,48800,2,0.93125,152797.7617340088,48800,2,0.93125,164302.11224365234,48800,2,0.93125,277291.6504058838,48800,2,1.125,277172.61668395996,48800,2,1.125,271046.99130249023,48800,2,1.125,624209.7671508789,48800,2,1.125,260885.2428741455,48800,2,1.125,260043.69221496582,48800,2,1.125,250519.46559143066,48800,2,1.125,158300.49432373047,48800,2,1.1375,161978.46640014648,48800,2,1.1375,19204157.544021606,5400,400,400,400,400,5061,2484,400,400,400,5407,400,400,5401,400,400,5400,400,400,400,400,400,400,2506,400,2484,400,400,400,400,400,400,0,0,0,0,0,0,0,0,0,0,0,0,0,0,0,0,0,0,0,0,0,0,0,0,0,0,15.000000953674316,0,0,0,0,0,20475,15905,8739,43,0,20475,13200,12464,50,0,66718994432,8589930496,32273330176,786432
200,1791413318866,1516365.1528930664,48800,2,1.16875,153038.3384552002,48800,2,1.025,152070.69891357422,48800,2,1.025,154480.46264648438,48800,2,1.025,170473.26725769043,48800,2,1.025,152797.76174926758,48800,2,1.025,164302.1122894287,48800,2,1.025,277291.65100097656,48800,2,1.16875,277172.6172943115,48800,2,1.16875,271046.9926300049,48800,2,1.16875,624209.8367156982,48800,2,1.16875,260885.24348449707,48800,2,1.16875,260043.6928100586,48800,2,1.16875,250519.46618652344,48800,2,1.16875,158300.49435424805,48800,2,1.025,161978.46643066406,48800,2,1.025,19204166.92765808,5400,400,400,400,400,5061,2484,400,400,400,5407,400,400,5401,400,400,5400,400,400,400,400,400,400,2506,400,2484,400,400,400,400,400,400,0,0,0,0,0,0,0,0,0,0,0,0,0,0,0,0,0,0,0,0,0,0,0,0,0,0,15.000000953674316,0,0,0,0,0,20475,15905,8739,43,0,20475,13200,12464,50,0,66718994432,8589930496,32272130048,786432
200,1791413319066,1516365.154663086,48800,2,1.16875,153038.33850097656,48800,2,1.1,152070.6989593506,48800,2,1.1,154480.46269226074,48800,2,1.1,170473.2673187256,48800,2,1.1,152797.76181030273,48800,2,1.1,164302.11236572266,48800,2,1.1,277291.65170288086,48800,2,1.16875,277172.61824035645,3050,2,1.09375,271046.9948272705,3050,2,1.09375,624209.9059906006,3050,0,1.09375,260885.24418640137,3050,2,1.09375,260043.69354248047,3050,2,1.09375,250519.46688842773,3050,2,1.09375,158300.49446105957,48800,2,1.1,161978.46649169922,48800,2,1.1,19204176.68925476,5400,400,400,400,400,5061,2484,400,400,400,5407,400,400,5401,400,400,5400,400,400,400,400,400,400,2506,400,2484,400,400,400,400,400,400,0,0,0,0,0,0,0,0,0,0,0,0,0,0,0,0,0,0,0,0,0,0,0,0,0,0,10,0,0,0,0,0,20475,15905,8739,43,0,20475,13200,12433,50,0,66718994432,8589930496,32272130048,786432
200,1791413319266,1516365.157119751,48800,2,1.1375,153038.33856201172,48800,2,1.1375,152070.69902038574,48800,2,1.1375,154480.4627532959,48800,2,0.93125,170473.26737976074,48800,2,0.93125,152797.7618713379,48800,2,0.93125,164302.1124572754,48800,2,0.93125,277291.65266418457,48800,2,1.1375,277172.61894226074,48800,2,1.1375,271046.99632263184,48800,2,1.1375,624209.9791870117,48800,2,1.1375,260885.2448425293,48800,2,1.1375,260043.6941986084,48800,2,1.1375,250519.46754455566,48800,2,1.1375,158300.49453735352,48800,2,1.1375,161978.46656799316,48800,2,1.1375,19204186.349121094,5400,400,400,400,400,5061,2484,400,400,400,5407,400,400,5401,400,400,5400,400,400,400,400,400,400,2506,400,2484,400,400,400,400,400,400,0,0,0,0,0,0,0,0,0,0,0,0,0,0,0,0,0,0,0,0,0,0,0,4.761904716491699,0,0,15.000000953674316,0,0,0,0,0,20475,15905,8768,43,0,20475,13200,12433,50,0,66718994432,8589930496,32272130048,786432
200,1791413319467,1516365.1592254639,48800,2,1.16875,153038.3385925293,48800,2,1.025,152070.69905090332,48800,2,1.025,154480.46278381348,48800,2,1.025,170473.26741027832,48800,2,1.025,152797.76190185547,48800,2,1.025,164302.11250305176,48800,2,1.025,277291.65325927734,48800,2,1.16875,277172.61961364746,48800,2,1.16875,271046.9982910156,48800,2,1.16875,624210.0491790771,48800,2,1.16875,260885.24545288086,48800,2,1.16875,260043.69479370117,48800,2,1.16875,250519.46813964844,48800,2,1.16875,158300.49459838867,48800,2,1.025,161978.46661376953,48800,2,1.025,19204195.829696655,5400,400,400,400,400,5061,2484,400,400,400,5407,400,400,5401,400,400,5400,400,400,400,400,400,400,2506,400,2484,400,400,400,400,400,400,0,0,0,0,0,0,0,0,0,0,0,0,0,0,0,0,0,0,0,0,0,0,0,0,0,0,10,0,0,0,0,0,20475,15905,8768,43,0,20475,13200,12433,50,0,66718994432,8589930496,32270200832,786432
200,1791413319667,1516365.1603240967,48800,2,1.16875,153038.33863830566,48800,2,1.1,152070.6990966797,48800,2,1.1,154480.46282958984,48800,2,1.1,170473.26747131348,48800,2,1.1,152797.76196289063,48800,2,1.1,164302.11260986328,48800,2,1.1,277291.6543121338,48800,2,1.16875,277172.62031555176,3050,2,1.1,271046.99938964844,3050,2,1.1,624210.1167602539,3050,0,1.1,260885.2461090088,3050,2,1.1,260043.6954345703,3050,2,1.1,250519.46875,3050,2,1.1,158300.49465942383,48800,2,1.1,161978.4666748047,48800,2,1.1,19204205.444015503,5400,400,400,400,400,5061,2484,400,400,400,5407,400,400,5401,400,400,5400,400,400,400,400,400,400,2506,400,2484,400,400,400,400,400,400,0,0,0,0,0,0,0,0,0,0,0,0,0,0,0,0,0,0,0,0,0,0,0,0,0,0,15.000000953674316,0,0,0,0,0,20475,15905,8768,43,0,20475,13200,12433,50,0,66718994432,8589930496,32270200832,786432
200,1791413319867,1516365.16355896,48800,2,1.1375,153038.33934020996,48800,2,1.1375,152070.69917297363,48800,2,0.93125,154480.4629058838,48800,2,0.93125,170473.26754760742,48800,2,0.93125,152797.76203918457,48800,2,0.93125,164302.1127166748,48800,2,0.93125,277291.6549682617,48800,2,1.1375,277172.6209716797,48800,2,1.1375,271047.00062561035,48800,2,1.1375,624210.1892852783,48800,2,1.1375,260885.24673461914,48800,2,1.1375,260043.69606018066,48800,2,1.1375,250519.46937561035,48800,2,1.1375,158300.49475097656,48800,2,1.1375,161978.46676635742,48800,2,1.1375,19204214.99784851,5400,400,400,400,400,5061,2484,400,400,400,5407,400,400,5401,400,400,5400,400,400,400,400,400,400,2506,400,2484,400,400,400,400,400,400,0,0,0,0,0,0,0,0,0,0,0,0,0,0,0,0,0,0,0,0,0,0,0,0,0,0,10,0,0,0,0,0,20475,15905,8768,43,0,20475,13200,12433,50,0,66718994432,8589930496,32270200832,786432
200,1791413320068,1516365.1657104492,48800,2,1.16875,153038.33940124512,48800,2,1.025,152070.69921875,48800,2,1.025,154480.46295166016,48800,2,1.025,170473.26760864258,48800,2,1.025,152797.76210021973,48800,2,1.025,164302.11280822754,48800,2,1.025,277291.65559387207,48800,2,1.16875,277172.62158203125,48800,2,1.16875,271047.0015563965,48800,2,1.16875,624210.256439209,48800,2,1.16875,260885.24731445313,48800,2,1.16875,260043.69664001465,48800,2,1.16875,250519.46995544434,48800,2,1.16875,158300.4949645996,48800,2,1.025,161978.46684265137,48800,2,1.025,19204224.463638306,5400,400,400,400,400,5061,2484,400,400,400,5407,400,400,5401,400,400,5400,400,400,400,400,400,400,2506,400,2484,400,400,400,400,400,400,0,0,0,0,0,0,0,0,0,0,0,0,0,0,0,0,0,0,0,0,0,0,0,0,0,0,15.000000953674316,0,0,0,0,0,20475,15905,8768,43,0,20475,13200,12406,50,0,66718994432,8589930496,32270036992,786432
200,1791413320268,1516365.1675109863,48800,2,1.16875,153038.33944702148,48800,2,1.1,152070.69926452637,48800,2,1.1,154480.46299743652,48800,2,1.1,170473.26766967773,48800,2,1.1,152797.76216125488,48800,2,1.1,164302.11288452148,48800,2,0.93125,277291.65617370605,3050,2,1.10625,277172.6221923828,3050,2,1.10625,271047.00326538086,3050,2,1.10625,624210.3266601563,3050,0,1.10625,260885.2479095459,3050,2,1.10625,260043.69721984863,3050,2,1.10625,250519.47053527832,3050,2,1.10625,158300.49504089355,48800,2,1.1,161978.46690368652,48800,2,1.1,19204234.1582489,5400,400,400,400,400,5061,2484,400,400,400,5407,400,400,5401,400,400,5400,400,400,400,400,400,400,2506,400,2484,400,400,400,400,400,400,0,0,0,0,0,0,0,0,0,0,0,0,0,0,0,0,0,0,0,0,0,0,0,0,0,0,10.526315689086914,0,0,0,0,0,20475,15905,8715,43,0,20475,13200,12406,50,0,66718994432,8589930496,32270032896,786432
200,1791413320468,1516365.169494629,48800,2,1.13125,153038.33947753906,48800,2,1.13125,152070.69927978516,48800,2,0.93125,154480.4630279541,48800,2,0.93125,170473.26768493652,48800,2,0.93125,152797.76217651367,48800,2,0.93125,164302.11293029785,48800,2,0.93125,277291.6567687988,48800,2,1.13125,277172.62283325195,48800,2,1.13125,271047.00451660156,48800,2,1.13125,624210.3966064453,48800,2,1.13125,260885.24856567383,48800,2,1.13125,260043.6978149414,48800,2,1.13125,250519.47114562988,48800,2,1.13125,158300.49507141113,48800,2,1.13125,161978.4669342041,48800,2,1.13125,19204243.60758972,5400,400,400,400,400,5061,2484,400,400,400,5407,400,400,5401,400,400,5400,400,400,400,400,400,400,2506,400,2484,400,400,400,400,400,400,0,0,0,0,0,0,0,0,0,0,0,0,0,0,0,0,0,0,0,0,0,0,0,0,0,0,10,0,0,0,0,0,20475,15905,8715,43,0,20475,13200,12406,50,0,66718994432,8589930496,32268349440,786432
200,1791413320669,1516365.1714324951,48800,2,1.16875,153038.33949279785,48800,2,1.0437500000000002,152070.69929504395,48800,2,1.0437500000000002,154480.4630432129,48800,2,1.0437500000000002,170473.2677001953,48800,2,1.0437500000000002,152797.76219177246,48800,2,1.0437500000000002,164302.11296081543,48800,2,1.0437500000000002,277291.6573486328,48800,2,1.16875,277172.6234436035,48800,2,1.16875,271047.0054473877,48800,2,1.16875,624210.464050293,48800,2,1.16875,260885.24913024902,48800,2,1.16875,260043.69841003418,48800,2,1.16875,250519.47171020508,48800,2,1.16875,158300.4951019287,48800,2,1.0437500000000002,161978.46696472168,48800,2,1.0437500000000002,19204253.136428833,5400,400,400,400,400,5061,2484,400,400,400,5407,400,400,5401,400,400,5400,400,400,400,400,400,400,2506,400,2484,400,400,400,400,400,400,0,0,0,0,0,0,0,0,0,0,0,0,0,0,0,0,0,0,0,0,0,0,0,0,0,0,15.000000953674316,0,0,0,0,0,20475,15905,8715,43,0,20475,13200,12406,50,0,66718994432,8589930496,32268349440,786432
200,1791413320869,1516365.1730041504,48800,2,1.16875,153038.339553833,16133.333333333334,2,1.1125,152070.6993408203,16133.333333333334,2,1.1125,154480.46308898926,16133.333333333334,2,1.1125,170473.26776123047,16133.333333333334,2,1.1125,152797.76225280762,16133.333333333334,2,1.1125,164302.11305236816,16133.333333333334,2,1.1125,277291.6580352783,48800,2,1.16875,277172.62411499023,48800,2,1.16875,271047.0066680908,48800,2,1.16875,624210.5315856934,48800,2,1.16875,260885.24975585938,48800,2,1.16875,260043.69903564453,3050,2,1.11875,250519.47233581543,3050,2,1.11875,158300.49520874023,16133.333333333334,0,1.1125,161978.46702575684,16133.333333333334,2,1.1125,19204262.666992188,5400,400,400,400,400,5061,2484,400,400,400,5407,400,400,5401,400,400,5400,400,400,400,400,400,400,2506,400,2484,400,400,400,400,400,400,0,0,0,0,0,0,0,0,0,0,0,0,0,0,0,0,0,0,0,0,0,0,0,0,0,0,10,0,0,0,0,0,20475,15905,8715,43,0,20475,13200,12406,50,0,66718994432,8589930496,32268349440,786432
200,1791413321070,1516365.1755371094,48800,2,1.16875,153038.33961486816,48800,2,0.95625,152070.69938659668,48800,2,0.95625,154480.46313476563,48800,2,0.95625,170473.26782226563,48800,2,0.95625,152797.76231384277,48800,2,0.95625,164302.1131286621,48800,2,0.95625,277291.6587219238,48800,2,1.16875,277172.6248321533,48800,2,1.16875,271047.00749206543,48800,2,1.16875,624210.6017150879,48800,2,1.16875,260885.2504272461,48800,2,1.16875,260043.69970703125,48800,2,1.16875,250519.47300720215,48800,2,1.16875,158300.49536132813,48800,2,1.16875,161978.467086792,48800,2,1.16875,19204272.327972412,5400,400,400,400,400,5061,2484,400,400,400,5407,400,400,5401,400,400,5400,400,400,400,400,400,400,2506,400,2484,400,400,400,400,400,400,0,0,0,0,0,0,0,0,0,0,0,0,0,0,0,0,0,0,0,0,0,0,0,0,0,0,19.047618865966797,0,0,0,0,0,20475,15905,8715,43,0,20475,13200,12390,50,0,66718994432,8589930496,32266829824,786432
199,1791413321270,1516365.1776123047,48800,2,1.16875,153038.33964538574,48800,2,1.0375,152070.69940185547,48800,2,1.0375,154480.4631500244,48800,2,1.0375,170473.2678375244,48800,2,1.0375,152797.76232910156,48800,2,1.0375,164302.11317443848,48800,2,1.0375,277291.6622467041,48800,2,1.16875,277172.6256713867,48800,2,1.16875,271047.0089416504,48800,2,1.16875,624210.6737823486,48800,2,1.16875,260885.25122070313,48800,2,1.16875,260043.70419311523,48800,2,1.16875,250519.47380065918,48800,2,1.16875,158300.4954071045,48800,2,1.0375,161978.46711730957,48800,2,1.0375,19204282.159301758,5400,400,400,400,400,5061,2484,400,400,400,5407,400,400,5401,400,400,5400,400,400,400,400,400,400,2506,400,2484,400,400,400,400,400,400,0,0,0,0,0,0,0,0,0,0,0,0,0,0,0,0,0,0,0,0,0,0,0,0,0,0,14.285715103149414,0,0,0,0,0,20475,15905,8654,43,0,20475,13200,12390,50,0,66718994432,8589930496,32266825728,786432
200,1791413321470,1516365.1793365479,48800,2,0.91875,153038.33967590332,48800,2,0.925,152070.69941711426,48800,2,0.925,154480.463180542,48800,2,0.925,170473.267868042,48800,2,0.925,152797.76235961914,48800,2,0.925,164302.11322021484,48800,2,0.925,277291.6649169922,48800,2,0.91875,277172.62658691406,48800,2,0.91875,271047.00997924805,48800,2,0.91875,624210.740020752,48800,2,0.91875,260885.25187683105,48800,2,0.91875,260043.70483398438,48800,2,0.91875,250519.47444152832,3050,2,0.91875,158300.49543762207,48800,2,0.925,161978.46714782715,48800,2,0.925,19204291.70944214,5400,400,400,400,400,5061,2484,400,400,400,5407,400,400,5401,400,400,5400,400,400,400,400,400,400,2506,400,2484,400,400,400,400,400,400,4.761904716491699,0,0,0,0,0,0,0,0,0,0,0,0,0,0,0,0,0,0,0,0,0,0,0,0,0,10.526315689086914,0,0,0,0,0,20475,15905,8654,43,0,20475,13200,12390,50,0,66718994432,8589930496,32257093632,786432
200,1791413321670,1516365.1812438965,48800,2,1.1375,153038.3397216797,48800,2,1.125,152070.6994781494,48800,2,1.125,154480.46324157715,48800,2,1.125,170473.26792907715,48800,2,1.125,152797.7624206543,48800,2,1.125,164302.11334228516,48800,2,0.93125,277291.6665496826,48800,2,1.1375,277172.6276855469,48800,2,1.1375,271047.0106201172,48800,2,1.1375,624210.8112487793,48800,2,1.1375,260885.25254821777,48800,2,1.1375,260043.70545959473,48800,2,1.1375,250519.4750366211,48800,2,1.1375,158300.49549865723,48800,2,1.125,161978.4672088623,48800,2,1.125,19204301.249923706,5400,400,400,400,400,5061,2484,400,400,400,5407,400,400,5401,400,400,5400,400,400,400,400,400,400,2506,400,2484,400,400,400,400,400,400,0,0,0,0,0,0,0,0,0,0,0,0,0,0,0,0,0,0,0,0,0,0,0,0,0,0,10,0,0,0,0,0,20475,15905,8654,43,0,20475,13200,12390,50,0,66718994432,8589930496,32265093120,786432
200,1791413321871,1516365.184539795,48800,2,0.99375,153038.33987426758,48800,2,0.9812500000000001,152070.69961547852,48800,2,0.9812500000000001,154480.46337890625,48800,2,0.9812500000000001,170473.26806640625,48800,2,0.9812500000000001,152797.7625579834,48800,2,0.9812500000000001,164302.11351013184,48800,2,0.9812500000000001,277291.66888427734,48800,2,0.99375,277172.62858581543,48800,2,0.99375,271047.0114440918,48800,2,0.99375,624210.8801727295,48800,2,0.99375,260885.25331115723,48800,2,0.99375,260043.70622253418,48800,2,0.99375,250519.47578430176,48800,2,0.99375,158300.49563598633,48800,2,0.9812500000000001,161978.4673614502,48800,2,0.9812500000000001,19204310.95425415,5400,400,400,400,400,5061,2484,400,400,400,5407,400,400,5401,400,400,5400,400,400,400,400,400,400,2506,400,2484,400,400,400,400,400,400,0,0,0,0,0,0,0,0,0,0,0,0,0,0,0,0,0,0,0,0,0,0,0,0,0,0,15.000000953674316,0,0,0,0,0,20475,15905,8654,43,0,20475,13200,12390,50,0,66718994432,8589930496,32265093120,786432
200,1791413322071,1516365.1861419678,48800,2,1.16875,153038.33990478516,48800,2,1.0437500000000002,152070.6996459961,48800,2,1.0437500000000002,154480.46340942383,48800,2,1.0437500000000002,170473.26809692383,48800,2,1.0437500000000002,152797.76258850098,48800,2,1.0437500000000002,164302.11358642578,48800,2,1.0437500000000002,277291.66960144043,48800,2,1.16875,277172.63021850586,48800,2,1.16875,271047.01208496094,48800,2,1.16875,624210.9682922363,48800,2,1.16875,260885.2548980713,48800,2,1.16875,260043.70686340332,3050,2,1.05,250519.4764099121,3050,2,1.05,158300.49571228027,48800,2,1.0437500000000002,161978.46740722656,48800,2,1.0437500000000002,19204320.53288269,5400,400,400,400,400,5061,2484,400,400,400,5407,400,400,5401,400,400,5400,400,400,400,400,400,400,2506,400,2484,400,400,400,400,400,400,0,0,0,0,0,0,0,0,0,0,0,0,0,0,0,0,0,0,0,0,0,0,0,0,0,4.761904716491699,10.526315689086914,0,0,0,0,0,20475,15905,8654,43,0,20475,13200,12341,50,0,66718994432,8589930496,32265093120,786432
200,1791413322271,1516365.1873321533,48800,2,1.13125,153038.33993530273,48800,2,1.125,152070.69969177246,48800,2,1.125,154480.4634399414,48800,2,1.125,170473.2681274414,48800,2,1.125,152797.76261901855,48800,2,1.125,164302.11363220215,48800,2,0.93125,277291.6701812744,48800,2,1.13125,277172.6313018799,48800,2,1.13125,271047.0126800537,48800,2,1.13125,624211.0374298096,48800,2,1.13125,260885.25546264648,48800,2,1.13125,260043.7074432373,48800,2,1.13125,250519.4769744873,48800,2,1.13125,158300.49574279785,48800,2,1.125,161978.46742248535,48800,2,1.125,19204330.053253174,5400,400,400,400,400,5061,2484,400,400,400,5407,400,400,5401,400,400,5400,400,400,400,400,400,400,2506,400,2484,400,400,400,400,400,400,0,0,0,0,0,0,0,0,0,0,0,0,0,0,0,0,0,0,0,0,0,0,0,0,0,0,10,0,0,0,0,0,20475,15905,8674,43,0,20475,13200,12341,50,0,66718994432,8589930496,32265089024,786432
200,1791413322472,1516365.1894073486,48800,2,1.16875,153038.33995056152,48800,2,0.975,152070.69970703125,48800,2,0.975,154480.4634552002,48800,2,0.975,170473.2681427002,48800,2,0.975,152797.76263427734,48800,2,0.975,164302.1136932373,48800,2,0.975,277291.67082214355,48800,2,1.16875,277172.6357727051,48800,2,1.16875,271047.01332092285,48800,2,1.16875,624211.1056365967,48800,2,1.16875,260885.25607299805,48800,2,1.16875,260043.70803833008,48800,2,1.16875,250519.47756958008,48800,2,1.16875,158300.49578857422,48800,2,0.975,161978.46745300293,48800,2,0.975,19204339.53326416,5400,400,400,400,400,5061,2484,400,400,400,5407,400,400,5401,400,400,5400,400,400,400,400,400,400,2506,400,2484,400,400,400,400,400,400,0,0,0,0,0,0,0,0,0,0,0,0,0,0,0,0,0,0,0,0,0,0,0,4.761904716491699,0,0,19.047618865966797,0,0,0,0,0,20475,15905,8674,43,0,20475,13200,12341,50,0,66718994432,8589930496,32263798784,786432
200,1791413322672,1516365.191116333,48800,2,1.16875,153038.3399963379,48800,2,1.05,152070.69973754883,48800,2,1.05,154480.46350097656,48800,2,1.05,170473.26817321777,48800,2,1.05,152797.7626800537,48800,2,1.05,164302.11376953125,48800,2,1.05,277291.67150878906,48800,2,1.16875,277172.63667297363,48800,2,1.16875,271047.0140686035,48800,2,1.16875,624211.1753692627,48800,2,1.16875,260885.25672912598,48800,2,1.16875,260043.708694458,48800,2,1.16875,250519.478225708,48800,2,1.16875,158300.49588012695,48800,2,1.05,161978.46752929688,48800,2,1.05,19204349.235977173,5400,400,400,400,400,5061,2484,400,400,400,5407,400,400,5401,400,400,5400,400,400,400,400,400,400,2506,400,2484,400,400,400,400,400,400,0,0,0,0,0,0,0,0,0,0,0,0,0,0,0,0,0,0,0,0,0,0,0,0,0,0,14.285715103149414,0,0,0,0,0,20475,15905,8674,43,0,20475,13200,12341,50,0,66718994432,8589930496,32263798784,786432
199,1791413322872,1516365.1923065186,3050,2,1.11875,153038.34004211426,48800,2,1.125,152070.6997833252,48800,2,1.125,154480.46354675293,48800,2,1.125,170473.26821899414,48800,2,1.125,152797.76272583008,48800,2,0.93125,164302.1138305664,48800,2,0.93125,277291.6721343994,3050,2,1.11875,277172.6379547119,3050,2,1.11875,271047.0146789551,3050,2,1.11875,624211.2444152832,3050,0,1.11875,260885.25730895996,3050,2,1.11875,260043.709274292,3050,2,1.11875,250519.478805542,3050,2,1.11875,158300.49592590332,48800,2,1.125,161978.46757507324,48800,2,1.125,19204358.738845825,5400,400,400,400,400,5061,2484,400,400,400,5407,400,400,5401,400,400,5400,400,400,400,400,400,400,2506,400,2484,400,400,400,400,400,400,0,4.761904716491699,0,0,0,0,0,0,0,0,0,0,0,0,0,0,0,0,0,0,0,0,0,0,0,0,10.526315689086914,0,0,0,0,0,20475,15905,8674,43,0,20475,13200,12341,50,0,66718994432,8589930496,32263798784,786432
200,1791413323072,1516365.1939239502,3050,2,0.91875,153038.34004211426,48800,2,0.93125,152070.6997833252,48800,2,0.93125,154480.46354675293,48800,2,0.925,170473.26821899414,48800,2,0.925,152797.76272583008,48800,2,0.925,164302.11386108398,48800,2,0.925,277291.6727294922,3050,2,0.91875,277172.6389770508,3050,2,0.91875,271047.01527404785,3050,2,0.91875,624211.3141937256,3050,0,0.91875,260885.25790405273,3050,2,0.91875,260043.70985412598,3050,2,0.91875,250519.47938537598,3050,2,0.91875,158300.4959411621,48800,2,0.93125,161978.46759033203,48800,2,0.93125,19204368.23956299,5400,400,400,400,400,5061,2484,400,400,400,5407,400,400,5401,400,400,5400,400,400,400,400,400,400,2506,400,2484,400,400,400,400,400,400,0,0,0,0,0,0,0,0,0,0,0,0,0,0,0,0,0,0,0,0,0,0,0,0,0,0,10,0,0,0,0,0,20475,15905,8674,43,0,20475,13200,12291,50,0,66718994432,8589930496,32262463488,786432
200,1791413323273,1516365.1952819824,48800,2,1.16875,153038.34005737305,48800,2,0.975,152070.69979858398,48800,2,0.975,154480.46356201172,48800,2,0.975,170473.26823425293,48800,2,0.975,152797.76274108887,48800,2,0.975,164302.11390686035,48800,2,0.975,277291.67335510254,48800,2,1.16875,277172.63999938965,48800,2,1.16875,271047.015914917,48800,2,1.16875,624211.3835449219,48800,2,1.16875,260885.25848388672,48800,2,1.16875,260043.71043395996,48800,2,1.16875,250519.47996520996,48800,2,1.16875,158300.49600219727,48800,2,0.975,161978.4676361084,48800,2,0.975,19204377.727752686,5400,400,400,400,400,5061,2484,400,400,400,5407,400,400,5401,400,400,5400,400,400,400,400,400,400,2506,400,2484,400,400,400,400,400,400,0,0,0,0,0,0,0,0,0,0,0,0,0,0,0,0,0,0,0,0,0,0,0,0,0,0,15.000000953674316,0,0,0,0,0,20475,15905,8696,43,0,20475,13200,12291,50,0,66718994432,8589930496,32262463488,786432
200,1791413323473,1516365.1962280273,48800,2,1.16875,153038.34005737305,48800,2,1.05625,152070.69979858398,48800,2,1.05625,154480.46356201172,48800,2,1.05625,170473.26823425293,48800,2,1.05625,152797.76274108887,48800,2,1.05625,164302.11393737793,48800,2,1.05625,277291.6739349365,48800,2,1.16875,277172.64096069336,48800,2,1.16875,271047.016494751,48800,2,1.16875,624211.4521331787,48800,2,1.16875,260885.2590484619,48800,2,1.16875,260043.71101379395,3050,2,1.05625,250519.48052978516,3050,2,1.05625,158300.49601745605,48800,2,1.05625,161978.4676513672,48800,2,1.05625,19204387.279144287,5400,400,400,400,400,5061,2484,400,400,400,5407,400,400,5401,400,400,5400,400,400,400,400,400,400,2506,400,2484,400,400,400,400,400,400,0,0,0,0,0,0,0,0,0,0,0,0,0,0,0,0,0,0,0,0,0,0,0,0,0,0,10.526315689086914,0,0,0,0,0,20475,15905,8696,43,0,20475,13200,12291,50,0,66718994432,8589930496,32261337088,786432
200,1791413323673,1516365.1982574463,48800,2,1.125,153038.34007263184,48800,2,1.13125,152070.69982910156,48800,2,1.13125,154480.4635925293,48800,2,1.13125,170473.2682647705,48800,2,1.13125,152797.76277160645,48800,2,1.13125,164302.11401367188,48800,2,0.93125,277291.67457580566,48800,2,1.125,277172.6415863037,48800,2,1.125,271047.01765441895,48800,2,1.125,624211.5213928223,48800,2,1.125,260885.2596435547,48800,2,1.125,260043.7116241455,48800,2,1.125,250519.48112487793,48800,2,1.125,158300.49604797363,48800,2,1.13125,161978.46768188477,48800,2,1.13125,19204396.795700073,5400,400,400,400,400,5061,2484,400,400,400,5407,400,400,5401,400,400,5400,400,400,400,400,400,400,2506,400,2484,400,400,400,400,400,400,0,0,0,0,0,0,0,0,0,0,0,0,0,0,0,0,0,0,0,0,0,0,0,0,0,0,14.285715103149414,0,0,0,0,0,20475,15905,8696,43,0,20475,13200,12291,50,0,66718994432,8589930496,32261337088,786432
200,1791413323874,1516365.200515747,48800,2,1.16875,153038.3401031494,48800,2,0.9812500000000001,152070.69985961914,48800,2,0.9812500000000001,154480.4636077881,48800,2,0.9812500000000001,170473.2682800293,48800,2,0.9812500000000001,152797.76278686523,48800,2,0.9812500000000001,164302.11407470703,48800,2,0.9812500000000001,277291.6751098633,48800,2,1.16875,277172.6421661377,48800,2,1.16875,271047.01863098145,48800,2,1.16875,624211.5862121582,48800,2,1.16875,260885.2601928711,48800,2,1.16875,260043.7121734619,48800,2,1.16875,250519.48167419434,48800,2,1.16875,158300.4961090088,48800,2,0.9812500000000001,161978.46771240234,48800,2,0.9812500000000001,19204406.188674927,5400,400,400,400,400,5061,2484,400,400,400,5407,400,400,5401,400,400,5400,400,400,400,400,400,400,2506,400,2484,400,400,400,400,400,400,0,0,0,0,0,0,0,0,0,0,0,0,0,0,0,0,0,0,0,0,0,0,0,0,0,0,10.526315689086914,0,0,0,0,0,20475,15905,8696,43,0,20475,13200,12291,50,0,66718994432,8589930496,32261337088,786432
200,1791413324074,1516365.2020263672,48800,2,1.16875,153038.3401031494,48800,2,1.0437500000000002,152070.69985961914,48800,2,1.0437500000000002,154480.4636077881,48800,2,1.0437500000000002,170473.2682800293,48800,2,1.0437500000000002,152797.76278686523,48800,2,1.0437500000000002,164302.1141052246,48800,2,1.0437500000000002,277291.6756439209,48800,2,1.16875,277172.6427459717,48800,2,1.16875,271047.01976013184,48800,2,1.16875,624211.6524963379,48800,2,1.16875,260885.2607269287,48800,2,1.16875,260043.71270751953,48800,2,1.16875,250519.48220825195,48800,2,1.0437500000000002,158300.49613952637,48800,2,1.0437500000000002,161978.46772766113,48800,2,1.0437500000000002,19204415.717544556,5400,400,400,400,400,5061,2484,400,400,400,5407,400,400,5401,400,400,5400,400,400,400,400,400,400,2506,400,2484,400,400,400,400,400,400,0,0,0,0,0,0,0,0,0,0,0,0,0,0,0,0,0,0,0,0,0,0,0,0,0,0,14.285715103149414,0,0,0,0,0,20475,15905,8696,43,0,20475,13200,12304,50,0,66718994432,8589930496,32261332992,786432
200,1791413324274,1516365.2035827637,3050,2,1.11875,153038.34014892578,48800,2,1.125,152070.69989013672,48800,2,1.125,154480.46365356445,48800,2,1.125,170473.26832580566,48800,2,1.125,152797.7628326416,48800,2,0.93125,164302.11416625977,48800,2,0.93125,277291.6762237549,3050,2,1.11875,277172.64335632324,3050,2,1.11875,271047.0209197998,3050,2,1.11875,624211.7211914063,3050,0,1.11875,260885.2613067627,3050,2,1.11875,260043.71328735352,3050,2,1.11875,250519.48278808594,3050,2,1.11875,158300.49620056152,48800,2,1.125,161978.4677734375,48800,2,1.125,19204425.29748535,5400,400,400,400,400,5061,2484,400,400,400,5407,400,400,5401,400,400,5400,400,400,400,400,400,400,2506,400,2484,400,400,400,400,400,400,0,0,0,0,0,0,0,0,0,0,0,0,0,0,0,0,0,0,0,0,0,0,0,0,0,0,10.526315689086914,0,0,0,0,0,20475,15905,8749,43,0,20475,13200,12304,50,0,66718994432,8589930496,32261332992,786432
200,1791413324475,1516365.2055206299,48800,2,1.16875,153038.34016418457,48800,2,0.95625,152070.6999053955,48800,2,0.95625,154480.46366882324,48800,2,0.95625,170473.26834106445,48800,2,0.95625,152797.76286315918,48800,2,0.95625,164302.11419677734,48800,2,0.95625,277291.6767730713,48800,2,1.16875,277172.64392089844,48800,2,1.16875,271047.02239990234,48800,2,1.16875,624211.7899780273,48800,2,1.16875,260885.26188659668,48800,2,1.16875,260043.7138519287,48800,2,1.16875,250519.48333740234,48800,2,1.16875,158300.4962310791,48800,2,1.16875,161978.46780395508,48800,2,0.95625,19204434.647094727,5400,400,400,400,400,5061,2484,400,400,400,5407,400,400,5401,400,400,5400,400,400,400,400,400,400,2506,400,2484,400,400,400,400,400,400,0,0,0,0,0,0,0,0,0,0,0,0,0,0,0,0,0,0,0,0,0,0,0,0,0,0,18.18181800842285,0,0,0,0,0,20475,15905,8749,43,0,20475,13200,12304,50,0,66718994432,8589930496,32252088320,786432
200,1791413324675,1516365.2067871094,48800,2,1.16875,153038.34019470215,48800,2,1.03125,152070.6999359131,48800,2,1.03125,154480.46369934082,48800,2,1.03125,170473.26837158203,48800,2,1.03125,152797.76289367676,48800,2,1.03125,164302.1142578125,48800,2,1.03125,277291.67739868164,48800,2,1.16875,277172.64476013184,48800,2,1.16875,271047.0232696533,48800,2,1.16875,624211.8578948975,48800,2,1.16875,260885.26251220703,48800,2,1.16875,260043.71447753906,48800,2,1.16875,250519.4839630127,48800,2,1.16875,158300.49627685547,48800,2,1.03125,161978.4679107666,48800,2,1.03125,19204444.265319824,5400,400,400,400,400,5061,2484,400,400,400,5407,400,400,5401,400,400,5400,400,400,400,400,400,400,2506,400,2484,400,400,400,400,400,400,0,0,0,0,0,0,0,0,0,0,0,0,0,0,0,0,0,0,0,0,0,0,0,0,0,0,10.526315689086914,0,0,0,0,0,20475,15905,8749,43,0,20475,13200,12304,50,0,66718994432,8589930496,32260087808,786432
200,1791413324875,1516365.2082824707,3050,2,1.10625,153038.34022521973,48800,2,1.1125,152070.69995117188,48800,2,1.1125,154480.4637298584,48800,2,1.1125,170473.2684020996,48800,2,1.1125,152797.76292419434,48800,2,1.1125,164302.11431884766,48800,2,0.93125,277291.6779937744,3050,2,1.10625,277172.6459197998,3050,2,1.10625,271047.0248565674,3050,2,1.10625,624211.927154541,3050,0,1.10625,260885.2631072998,3050,2,1.10625,260043.71507263184,3050,2,1.10625,250519.48455810547,3050,2,1.10625,158300.49633789063,48800,2,1.1125,161978.46795654297,48800,2,1.1125,19204453.7474823,5400,400,400,400,400,5061,2484,400,400,400,5407,400,400,5401,400,400,5400,400,400,400,400,400,400,2506,400,2484,400,400,400,400,400,400,0,0,0,0,0,0,0,0,0,0,0,0,0,0,0,0,0,0,0,0,0,0,0,0,0,0,14.285715103149414,0,0,0,4.761904716491699,0,20475,15905,8749,43,0,20475,13200,12304,50,0,66718994432,8589930496,32260083712,786432
200,1791413325076,1516365.2106323242,48800,2,1.16875,153038.3402557373,48800,2,0.94375,152070.69998168945,48800,2,0.94375,154480.46376037598,48800,2,0.94375,170473.2684326172,48800,2,0.94375,152797.7629547119,48800,2,0.94375,164302.1143798828,48800,2,0.94375,277291.6786804199,48800,2,1.16875,277172.6466064453,48800,2,1.16875,271047.0256500244,48800,2,1.16875,624211.9983673096,48800,2,1.16875,260885.26374816895,48800,2,1.16875,260043.71571350098,48800,2,1.16875,250519.4852142334,48800,2,1.16875,158300.496383667,48800,2,1.16875,161978.46800231934,48800,2,1.16875,19204463.267791748,5400,400,400,400,400,5061,2484,400,400,400,5407,400,400,5401,400,400,5400,400,400,400,400,400,400,2506,400,2484,400,400,400,400,400,400,0,0,0,0,0,0,0,0,0,0,0,0,0,0,0,0,0,0,0,0,0,0,0,0,0,0,10.526315689086914,0,0,0,0,0,20475,15905,8749,43,0,20475,13200,12324,50,0,66718994432,8589930496,32258920448,786432
200,1791413325276,1516365.212020874,48800,2,1.16875,153038.3402557373,48800,2,1.025,152070.69998168945,48800,2,1.025,154480.46376037598,48800,2,1.025,170473.2684326172,48800,2,1.025,152797.7629547119,48800,2,1.025,164302.11442565918,48800,2,1.025,277291.6792449951,48800,2,1.16875,277172.6471862793,48800,2,1.16875,271047.0266265869,48800,2,1.16875,624212.0662078857,48800,2,1.16875,260885.26431274414,48800,2,1.16875,260043.71627807617,48800,2,1.16875,250519.4857788086,48800,2,1.16875,158300.49641418457,48800,2,1.025,161978.46801757813,48800,2,1.025,19204472.697662354,5400,400,400,400,400,5061,2484,400,400,400,5407,400,400,5401,400,400,5400,400,400,400,400,400,400,2506,400,2484,400,400,400,400,400,400,0,0,0,0,0,0,0,0,0,0,0,0,0,0,0,0,0,0,0,0,0,0,0,0,0,0,15.000000953674316,0,0,0,0,0,20475,15905,8767,43,0,20475,13200,12324,50,0,66718994432,8589930496,32258920448,786432
200,1791413325476,1516365.2154693604,48800,2,1.175,153038.34028625488,48800,2,1.10625,152070.70001220703,48800,2,1.10625,154480.46379089355,48800,2,1.10625,170473.26847839355,48800,2,1.10625,152797.76301574707,48800,2,1.10625,164302.11450195313,48800,2,0.925,277291.6811065674,3050,2,1.1,277172.64796447754,3050,2,1.1,271047.0280151367,3050,2,1.1,624212.1360473633,3050,0,1.1,260885.2650756836,3050,2,1.1,260043.7170562744,3050,2,1.1,250519.48654174805,3050,2,1.1,158300.49647521973,48800,2,1.10625,161978.4680633545,48800,2,1.10625,19204482.512390137,5400,400,400,400,400,5061,2484,400,400,400,5407,400,400,5401,400,400,5400,400,400,400,400,400,400,2506,400,2484,400,400,400,400,400,400,0,0,0,0,0,0,0,0,0,0,0,0,0,0,0,0,0,0,0,0,0,0,0,0,0,0,10,0,0,0,0,0,20475,15905,8767,43,0,20475,13200,12324,50,0,66718994432,8589930496,32258056192,786432
200,1791413325677,1516365.2173461914,48800,2,1.13125,153038.34031677246,48800,2,1.1375,152070.70002746582,48800,2,0.93125,154480.46380615234,48800,2,0.93125,170473.26849365234,48800,2,0.93125,152797.76303100586,48800,2,0.93125,164302.11456298828,48800,2,0.93125,277291.6816711426,48800,2,1.13125,277172.6485748291,48800,2,1.13125,271047.0288848877,48800,2,1.13125,624212.2043762207,48800,2,1.13125,260885.2656402588,48800,2,1.13125,260043.7176361084,48800,2,1.13125,250519.48710632324,48800,2,1.13125,158300.4965057373,48800,2,1.1375,161978.46809387207,48800,2,1.1375,19204492.000091553,5400,400,400,400,400,5061,2484,400,400,400,5407,400,400,5401,400,400,5400,400,400,400,400,400,400,2506,400,2484,400,400,400,400,400,400,0,0,0,0,0,0,0,0,0,0,0,0,0,0,0,0,0,0,0,0,0,0,0,0,0,0,15.000000953674316,0,0,0,0,0,20475,15905,8767,43,0,20475,13200,12324,50,0,66718994432,8589930496,32258056192,786432
200,1791413325877,1516365.218963623,48800,2,1.16875,153038.34049987793,48800,2,1.01875,152070.7001953125,48800,2,1.01875,154480.46397399902,48800,2,1.01875,170473.26866149902,48800,2,1.01875,152797.76319885254,48800,2,1.01875,164302.11476135254,48800,2,1.01875,277291.6823730469,48800,2,1.16875,277172.6492919922,48800,2,1.16875,271047.0301055908,48800,2,1.16875,624212.2769622803,48800,2,1.16875,260885.2663269043,48800,2,1.16875,260043.71853637695,48800,2,1.16875,250519.48777770996,48800,2,1.16875,158300.4966583252,48800,2,1.01875,161978.46827697754,48800,2,1.01875,19204501.62828064,5400,400,400,400,400,5061,2484,400,400,400,5407,400,400,5401,400,400,5400,400,400,400,400,400,400,2506,400,2484,400,400,400,400,400,400,0,0,0,0,0,0,0,0,0,0,0,0,0,0,0,0,0,0,0,0,0,0,0,0,0,0,10,0,0,0,0,0,20475,15905,8767,43,0,20475,13200,12324,49,0,66718994432,8589930496,32258052096,786432
200,1791413326077,1516365.2199707031,48800,2,1.16875,153038.3405303955,48800,2,1.1,152070.70022583008,48800,2,1.1,154480.4640045166,48800,2,1.1,170473.2687072754,48800,2,1.1,152797.7632446289,48800,2,1.1,164302.11483764648,48800,2,0.93125,277291.68296813965,48800,2,1.1,277172.64990234375,3050,2,1.1,271047.0312347412,3050,2,1.1,624212.3439025879,3050,0,1.1,260885.26692199707,3050,2,1.1,260043.7191619873,3050,2,1.1,250519.48837280273,3050,2,1.1,158300.49671936035,48800,2,1.1,161978.4683227539,48800,2,1.1,19204511.13253784,5400,400,400,400,400,5061,2484,400,400,400,5407,400,400,5401,400,400,5400,400,400,400,400,400,400,2506,400,2484,400,400,400,400,400,400,0,0,0,0,0,0,0,0,0,0,0,0,0,0,0,0,0,0,0,0,0,0,0,0,0,0,19.047618865966797,0,0,0,0,0,20475,15905,8767,43,0,20475,13200,12368,49,0,66718994432,8589930496,32258052096,786432
200,1791413326278,1516365.2215881348,48800,2,1.13125,153038.3405303955,48800,2,1.1375,152070.70022583008,48800,2,0.925,154480.4640045166,48800,2,0.925,170473.2687072754,48800,2,0.925,152797.7632446289,48800,2,0.925,164302.11485290527,48800,2,0.925,277291.68353271484,48800,2,1.13125,277172.65048217773,48800,2,1.13125,271047.0320587158,48800,2,1.13125,624212.4152984619,48800,2,1.13125,260885.26748657227,48800,2,1.13125,260043.71975708008,48800,2,1.13125,250519.48893737793,48800,2,1.13125,158300.49673461914,48800,2,1.1375,161978.4683380127,48800,2,1.1375,19204520.52534485,5400,400,400,400,400,5061,2484,400,400,400,5407,400,400,5401,400,400,5400,400,400,400,400,400,400,2506,400,2484,400,400,400,400,400,400,0,0,0,0,0,0,0,0,0,0,0,0,0,0,0,0,0,0,0,0,0,0,0,0,0,0,10,0,0,0,0,0,20475,15905,8832,43,0,20475,13200,12368,49,0,66718994432,8589930496,32258052096,786432
200,1791413326478,1516365.2231140137,48800,2,1.16875,153038.3405609131,48800,2,1.01875,152070.70025634766,48800,2,1.01875,154480.46403503418,48800,2,1.01875,170473.26873779297,48800,2,1.01875,152797.76329040527,48800,2,1.01875,164302.11491394043,48800,2,1.01875,277291.6841430664,48800,2,1.16875,277172.6510925293,48800,2,1.16875,271047.0330657959,48800,2,1.16875,624212.4814910889,48800,2,1.16875,260885.26808166504,48800,2,1.16875,260043.72038269043,48800,2,1.16875,250519.4895324707,48800,2,1.16875,158300.4967956543,48800,2,1.01875,161978.46838378906,48800,2,1.01875,19204529.905670166,5400,400,400,400,400,5061,2484,400,400,400,5407,400,400,5401,400,400,5400,400,400,400,400,400,400,2506,400,2484,400,400,400,400,400,400,0,0,0,0,0,0,0,0,0,0,0,0,0,0,0,0,0,0,0,0,0,0,0,0,0,0,15.000000953674316,0,0,0,0,0,20475,15905,8832,43,0,20475,13200,12368,49,0,66718994432,8589930496,32257298432,786432
200,1791413326678,1516365.2241973877,48800,2,1.16875,153038.34057617188,48800,2,1.09375,152070.70027160645,48800,2,1.09375,154480.46405029297,48800,2,1.09375,170473.26876831055,48800,2,1.09375,152797.76332092285,48800,2,1.09375,164302.11499023438,48800,2,1.09375,277291.68478393555,3050,2,1.09375,277172.65170288086,3050,2,1.09375,271047.03424072266,3050,2,1.09375,624212.5493164063,3050,0,1.09375,260885.26866149902,3050,2,1.09375,260043.72100830078,3050,2,1.09375,250519.4901123047,3050,2,1.09375,158300.49682617188,48800,2,1.09375,161978.46841430664,48800,2,1.09375,19204539.50402832,5400,400,400,400,400,5061,2484,400,400,400,5407,400,400,5401,400,400,5400,400,400,400,400,400,400,2506,400,2484,400,400,400,400,400,400,0,0,0,0,0,0,0,0,0,0,0,0,0,0,0,0,0,0,0,0,0,0,0,0,0,0,10.526315689086914,0,0,0,0,0,20475,15905,8832,43,0,20475,13200,12368,49,0,66718994432,8589930496,32257294336,786432
200,1791413326879,1516365.2256469727,48800,2,1.13125,153038.34063720703,48800,2,1.13125,152070.7003173828,48800,2,0.93125,154480.46409606934,48800,2,0.93125,170473.2688140869,48800,2,0.93125,152797.76336669922,48800,2,0.93125,164302.11506652832,48800,2,0.93125,277291.6853942871,48800,2,1.13125,277172.6523132324,48800,2,1.13125,271047.03509521484,48800,2,1.13125,624212.6185913086,48800,2,1.13125,260885.269241333,48800,2,1.13125,260043.72163391113,48800,2,1.13125,250519.49069213867,48800,2,1.13125,158300.49688720703,48800,2,1.13125,161978.4684753418,48800,2,1.13125,19204548.9790802,5400,400,400,400,400,5061,2484,400,400,400,5407,400,400,5401,400,400,5400,400,400,400,400,400,400,2506,400,2484,400,400,400,400,400,400,0,0,0,0,0,0,0,0,0,0,0,0,0,0,0,0,0,0,0,0,0,0,0,0,0,0,14.285715103149414,0,0,0,0,0,20475,15905,8832,43,0,20475,13200,12368,49,0,66718994432,8589930496,32257294336,786432
200,1791413327079,1516365.227355957,48800,2,1.16875,153038.34063720703,48800,2,1.025,152070.7003173828,48800,2,1.025,154480.46409606934,48800,2,1.025,170473.2688140869,48800,2,1.025,152797.76336669922,48800,2,1.025,164302.1151123047,48800,2,1.025,277291.6859741211,48800,2,1.16875,277172.6528930664,48800,2,1.16875,271047.03604125977,48800,2,1.16875,624212.6859130859,48800,2,1.16875,260885.2698059082,48800,2,1.16875,260043.7222442627,48800,2,1.16875,250519.49124145508,48800,2,1.16875,158300.4969177246,48800,2,1.025,161978.4684906006,48800,2,1.025,19204558.420211792,5400,400,400,400,400,5061,2484,400,400,400,5407,400,400,5401,400,400,5400,400,400,400,400,400,400,2506,400,2484,400,400,400,400,400,400,0,0,0,0,0,0,0,0,0,0,0,0,0,0,0,0,0,0,0,0,0,0,0,0,0,0,10.526315689086914,0,0,0,0,0,20475,15905,8832,43,0,20475,13200,12368,49,0,66718994432,8589930496,32256274432,786432
200,1791413327279,1516365.2284240723,3050,2,1.0875,153038.3406677246,48800,2,1.10625,152070.7003479004,48800,2,1.10625,154480.4641265869,48800,2,1.10625,170473.26885986328,48800,2,1.10625,152797.7634124756,48800,2,1.10625,164302.11517333984,48800,2,0.93125,277291.68656921387,3050,2,1.0875,277172.65350341797,3050,2,1.0875,271047.03701782227,3050,2,1.0875,624212.756942749,3050,0,1.0875,260885.27053833008,3050,2,1.0875,260043.72285461426,3050,2,1.0875,250519.49182128906,3050,2,1.0875,158300.49696350098,48800,2,1.10625,161978.46853637695,48800,2,1.10625,19204568.029800415,5400,400,400,400,400,5061,2484,400,400,400,5407,400,400,5401,400,400,5400,400,400,400,400,400,400,2506,400,2484,400,400,400,400,400,400,0,0,0,0,0,0,0,0,0,0,0,0,0,0,0,0,0,0,0,0,0,0,0,0,0,0,14.285715103149414,0,0,0,0,0,20475,15905,8795,43,0,20475,13200,12368,49,0,66718994432,8589930496,32256274432,786432
200,1791413327480,1516365.230041504,48800,2,1.13125,153038.3406829834,48800,2,0.925,152070.70036315918,48800,2,0.925,154480.4641571045,48800,2,0.925,170473.26887512207,48800,2,0.925,152797.76344299316,48800,2,0.925,164302.115234375,48800,2,0.925,277291.68717956543,48800,2,1.13125,277172.65411376953,48800,2,1.13125,271047.03816223145,48800,2,1.13125,624212.8261413574,48800,2,1.13125,260885.27113342285,48800,2,1.13125,260043.7234802246,48800,2,1.13125,250519.49240112305,48800,2,1.13125,158300.49700927734,48800,2,1.1375,161978.46858215332,48800,2,1.1375,19204577.541519165,5400,400,400,400,400,5061,2484,400,400,400,5407,400,400,5401,400,400,5400,400,400,400,400,400,400,2506,400,2484,400,400,400,400,400,400,0,0,0,0,0,0,0,0,0,0,0,0,0,0,0,0,0,0,0,0,0,0,0,0,0,0,10.526315689086914,0,0,0,0,0,20475,15905,8795,43,0,20475,13200,12368,49,0,66718994432,8589930496,32247357440,786432
200,1791413327680,1516365.2309570313,48800,2,1.175,153038.34071350098,48800,2,1.0375,152070.70039367676,48800,2,1.0375,154480.46418762207,48800,2,1.0375,170473.26890563965,48800,2,1.0375,152797.76347351074,48800,2,1.0375,164302.11532592773,48800,2,1.0375,277291.6877441406,48800,2,1.175,277172.6547393799,48800,2,1.175,271047.0393218994,48800,2,1.175,624212.893371582,48800,2,1.175,260885.27169799805,48800,2,1.175,260043.72407531738,48800,2,1.175,250519.49296569824,48800,2,1.175,158300.4970550537,48800,2,1.0375,161978.4686279297,48800,2,1.0375,19204587.11619568,5400,400,400,400,400,5061,2484,400,400,400,5407,400,400,5401,400,400,5400,400,400,400,400,400,400,2506,400,2484,400,400,400,400,400,400,0,0,0,0,0,0,0,0,0,0,0,0,0,0,0,0,0,0,0,0,0,0,0,0,0,0,14.285715103149414,0,0,0,0,0,20475,15905,8795,43,0,20475,13200,12368,49,0,66718994432,8589930496,32255352832,786432
200,1791413327880,1516365.232635498,3050,2,1.10625,153038.34075927734,48800,2,1.1125,152070.70042419434,48800,2,1.1125,154480.46421813965,48800,2,1.1125,170473.26895141602,48800,2,1.1125,152797.7635192871,48800,2,0.93125,164302.11540222168,48800,2,0.93125,277291.6883392334,3050,2,1.10625,277172.65531921387,3050,2,1.10625,271047.04037475586,3050,2,1.10625,624212.9605407715,3050,0,1.10625,260885.27226257324,3050,2,1.10625,260043.72463989258,3050,2,1.10625,250519.49353027344,3050,2,1.10625,158300.49713134766,48800,2,1.1125,161978.46868896484,48800,2,1.1125,19204596.675079346,5400,400,400,400,400,5061,2484,400,400,400,5407,400,400,5401,400,400,5400,400,400,400,400,400,400,2506,400,2484,400,400,400,400,400,400,0,0,0,0,0,0,0,0,0,0,0,0,0,0,0,0,0,0,0,0,0,0,0,0,0,0,10.526315689086914,0,0,0,0,0,20475,15905,8795,43,0,20475,13200,12368,49,0,66718994432,8589930496,32255352832,786432
200,1791413328081,1516365.2341918945,48800,2,1.16875,153038.34075927734,48800,2,0.95,152070.70042419434,48800,2,0.95,154480.46421813965,48800,2,0.95,170473.26895141602,48800,2,0.95,152797.7635192871,48800,2,0.95,164302.11541748047,48800,2,0.95,277291.6889190674,48800,2,1.16875,277172.6559448242,48800,2,1.16875,271047.04133605957,48800,2,1.16875,624213.0270996094,48800,2,1.16875,260885.27282714844,48800,2,1.16875,260043.72521972656,48800,2,1.16875,250519.49409484863,48800,2,1.16875,158300.49714660645,48800,2,1.16875,161978.46870422363,48800,2,1.16875,19204606.11012268,5400,400,400,400,400,5061,2484,400,400,400,5407,400,400,5401,400,400,5400,400,400,400,400,400,400,2506,400,2484,400,400,400,400,400,400,0,0,0,0,0,0,0,0,0,0,0,0,0,0,0,0,0,0,0,0,0,0,0,0,0,0,14.285715103149414,0,0,0,0,0,20475,15905,8795,43,0,20475,13200,12330,49,0,66718994432,8589930496,32255352832,786432
200,1791413328281,1516365.2355499268,48800,2,1.16875,153038.34078979492,48800,2,1.03125,152070.7004547119,48800,2,1.03125,154480.46424865723,48800,2,1.03125,170473.2689819336,48800,2,1.03125,152797.7635498047,48800,2,1.03125,164302.11546325684,48800,2,1.03125,277291.68952941895,48800,2,1.16875,277172.65658569336,48800,2,1.16875,271047.04232788086,48800,2,1.16875,624213.0943908691,48800,2,1.16875,260885.2734222412,48800,2,1.16875,260043.72581481934,48800,2,1.16875,250519.4946899414,48800,2,1.16875,158300.4972076416,48800,2,1.03125,161978.46875,48800,2,1.03125,19204615.55810547,5400,400,400,400,400,5061,2484,400,400,400,5407,400,400,5401,400,400,5400,400,400,400,400,400,400,2506,400,2484,400,400,400,400,400,400,0,0,0,0,0,0,0,0,0,0,0,0,0,0,0,0,0,0,0,0,0,0,0,0,0,0,10.526315689086914,0,0,0,0,0,20475,15905,8629,43,0,20475,13200,12330,49,0,66718994432,8589930496,32255352832,786432
200,1791413328481,1516365.2373962402,3050,2,1.1125,153038.3408050537,48800,2,1.1125,152070.7004699707,48800,2,1.1125,154480.4642791748,48800,2,1.1125,170473.26901245117,48800,2,1.1125,152797.76358032227,48800,2,0.93125,164302.1154937744,48800,2,0.93125,277291.6901397705,3050,2,1.1125,277172.6572113037,3050,2,1.1125,271047.0433807373,3050,2,1.1125,624213.1596679688,3050,0,1.1125,260885.27403259277,3050,2,1.1125,260043.72639465332,3050,2,1.1125,250519.4952697754,3050,2,1.1125,158300.49725341797,48800,2,1.1125,161978.46878051758,48800,2,1.1125,19204625.04484558,5400,400,400,400,400,5061,2484,400,400,400,5407,400,400,5401,400,400,5400,400,400,400,400,400,400,2506,400,2484,400,400,400,400,400,400,0,0,0,0,0,0,0,0,0,0,0,0,0,0,0,0,0,0,0,0,0,0,0,0,0,0,19.047618865966797,0,0,0,0,0,20475,15905,8629,43,0,20475,13200,12330,49,0,66718994432,8589930496,32254775296,786432
200,1791413328682,1516365.2388000488,48800,2,1.16875,153038.3408203125,48800,2,0.94375,152070.7004852295,48800,2,0.94375,154480.4642944336,48800,2,0.94375,170473.26902770996,48800,2,0.94375,152797.76359558105,48800,2,0.94375,164302.1155090332,48800,2,0.94375,277291.6907348633,48800,2,1.16875,277172.65785217285,48800,2,1.16875,271047.04428100586,48800,2,1.16875,624213.2268981934,48800,2,1.16875,260885.27462768555,48800,2,1.16875,260043.72700500488,48800,2,1.16875,250519.49586486816,48800,2,1.16875,158300.49728393555,48800,2,1.16875,161978.46881103516,48800,2,1.16875,19204634.52758789,5400,400,400,400,400,5061,2484,400,400,400,5407,400,400,5401,400,400,5400,400,400,400,400,400,400,2506,400,2484,400,400,400,400,400,400,0,0,0,0,0,0,0,0,0,0,0,0,0,0,0,0,0,0,0,0,0,0,0,0,0,0,10,0,0,0,0,0,20475,15905,8629,43,0,20475,13200,12330,49,0,66718994432,8589930496,32254771200,786432
200,1791413328882,1516365.2395935059,48800,2,1.16875,153038.34085083008,48800,2,1.0375,152070.7004852295,48800,2,1.0375,154480.46430969238,48800,2,1.0375,170473.26902770996,48800,2,1.0375,152797.76361083984,48800,2,1.0375,164302.115524292,48800,2,1.0375,277291.69131469727,48800,2,1.16875,277172.65843200684,48800,2,1.16875,271047.0451965332,48800,2,1.16875,624213.2913360596,48800,2,1.16875,260885.27517700195,48800,2,1.16875,260043.7275543213,48800,2,1.16875,250519.49641418457,48800,2,1.16875,158300.49731445313,48800,2,1.0375,161978.46882629395,48800,2,1.0375,19204643.8976593,5400,400,400,400,400,5061,2484,400,400,400,5407,400,400,5401,400,400,5400,400,400,400,400,400,400,2506,400,2484,400,400,400,400,400,400,0,0,0,0,0,0,0,0,0,0,0,0,0,0,0,0,0,0,0,0,0,0,0,0,0,0,10.526315689086914,0,0,0,0,0,20475,15905,8629,43,0,20475,13200,12330,49,0,66718994432,8589930496,32254771200,786432
200,1791413329082,1516365.2414398193,3050,2,1.1,153038.34086608887,48800,2,1.1,152070.70050048828,48800,2,1.1,154480.46434020996,48800,2,1.1,170473.26905822754,48800,2,1.1,152797.76364135742,48800,2,1.1,164302.11555480957,48800,2,0.93125,277291.69201660156,3050,2,1.1,277172.65913391113,3050,2,1.1,271047.046295166,3050,2,1.1,624213.3603820801,3050,0,1.1,260885.27578735352,3050,2,1.1,260043.72817993164,3050,2,1.1,250519.49702453613,3050,2,1.1,158300.4973449707,48800,2,1.1,161978.46885681152,48800,2,1.1,19204653.47114563,5400,400,400,400,400,5061,2484,400,400,400,5407,400,400,5401,400,400,5400,400,400,400,400,400,400,2506,400,2484,400,400,400,400,400,400,0,0,0,0,0,0,0,0,0,0,0,0,0,0,0,0,0,0,0,0,0,0,0,0,0,0,14.285715103149414,0,0,0,0,0,20475,15905,8629,43,0,20475,13200,12324,49,0,66718994432,8589930496,32253878272,786432
200,1791413329283,1516365.2430114746,48800,2,1.16875,153038.34091186523,48800,2,0.95,152070.70051574707,48800,2,0.95,154480.46437072754,48800,2,0.95,170473.26907348633,48800,2,0.95,152797.763671875,48800,2,0.95,164302.11557006836,48800,2,0.95,277291.6926574707,48800,2,1.16875,277172.65979003906,48800,2,1.16875,271047.04705810547,48800,2,1.16875,624213.4305725098,48800,2,1.16875,260885.2763824463,48800,2,1.16875,260043.728805542,48800,2,1.16875,250519.4976196289,48800,2,1.16875,158300.49739074707,48800,2,1.16875,161978.4688873291,48800,2,1.16875,19204662.963882446,5400,400,400,400,400,5061,2484,400,400,400,5407,400,400,5401,400,400,5400,400,400,400,400,400,400,2506,400,2484,400,400,400,400,400,400,0,0,0,0,0,0,0,0,0,0,0,0,0,0,0,0,0,0,0,0,0,0,0,0,0,0,10.526315689086914,0,0,0,0,0,20475,15905,8589,42,0,20475,13200,12324,49,0,66718994432,8589930496,32253370368,786432
200,1791413329483,1516365.2451629639,48800,2,1.16875,153038.34091186523,48800,2,1.0375,152070.70051574707,48800,2,1.0375,154480.46437072754,48800,2,1.0375,170473.26907348633,48800,2,1.0375,152797.7636871338,48800,2,1.0375,164302.11557006836,48800,2,1.0375,277291.6933441162,48800,2,1.16875,277172.66049194336,48800,2,1.16875,271047.047958374,48800,2,1.16875,624213.4978027344,48800,2,1.16875,260885.27702331543,48800,2,1.16875,260043.72946166992,48800,2,1.16875,250519.49826049805,48800,2,1.16875,158300.49740600586,48800,2,1.0375,161978.4689025879,48800,2,1.0375,19204672.527374268,5400,400,400,400,400,5061,2484,400,400,400,5407,400,400,5401,400,400,5400,400,400,400,400,400,400,2506,400,2484,400,400,400,400,400,400,0,0,0,0,0,0,0,0,0,0,0,0,0,0,0,0,0,0,0,0,0,0,0,0,0,0,14.285715103149414,0,0,0,0,0,20475,15905,8589,42,0,20475,13200,12324,49,0,66718994432,8589930496,32253366272,786432
200,1791413329683,1516365.2472076416,3050,2,1.1125,153038.34092712402,48800,2,1.1125,152070.70053100586,48800,2,1.1125,154480.46438598633,48800,2,1.1125,170473.2691040039,48800,2,1.1125,152797.76371765137,48800,2,1.1125,164302.11560058594,48800,2,0.93125,277291.69400024414,3050,2,1.1125,277172.66117858887,3050,2,1.1125,271047.0490875244,3050,2,1.1125,624213.5667877197,3050,0,1.1125,260885.27764892578,3050,2,1.1125,260043.73008728027,3050,2,1.1125,250519.4988861084,3050,2,1.1125,158300.49746704102,48800,2,1.1125,161978.46894836426,48800,2,1.1125,19204682.16177368,5400,400,400,400,400,5061,2484,400,400,400,5407,400,400,5401,400,400,5400,400,400,400,400,400,400,2506,400,2484,400,400,400,400,400,400,0,0,0,0,0,0,0,0,0,0,0,0,0,0,0,0,0,0,0,0,0,0,0,0,0,0,10.526315689086914,0,0,0,0,0,20475,15905,8589,42,0,20475,13200,12324,49,0,66718994432,8589930496,32253366272,786432
200,1791413329884,1516365.2491455078,48800,2,1.13125,153038.3410797119,48800,2,1.14375,152070.70066833496,48800,2,0.93125,154480.46452331543,48800,2,0.93125,170473.269241333,48800,2,0.93125,152797.76385498047,48800,2,0.93125,164302.11573791504,48800,2,0.93125,277291.6947174072,48800,2,1.13125,277172.6619415283,48800,2,1.13125,271047.0502319336,48800,2,1.13125,624213.6366119385,48800,2,1.13125,260885.2783355713,48800,2,1.13125,260043.73078918457,48800,2,1.13125,250519.4995880127,48800,2,1.13125,158300.49758911133,48800,2,1.14375,161978.46910095215,48800,2,1.14375,19204691.792999268,5400,400,400,400,400,5061,2484,400,400,400,5407,400,400,5401,400,400,5400,400,400,400,400,400,400,2506,400,2484,400,400,400,400,400,400,0,0,0,0,0,0,0,0,0,0,0,0,0,0,0,0,0,0,0,0,0,0,0,0,0,0,14.285715103149414,0,0,0,0,0,20475,15905,8589,42,0,20475,13200,12324,49,0,66718994432,8589930496,32253366272,786432
200,1791413330084,1516365.2502288818,48800,2,1.16875,153038.3410949707,48800,2,1.01875,152070.70066833496,48800,2,1.01875,154480.46453857422,48800,2,1.01875,170473.269241333,48800,2,1.01875,152797.76387023926,48800,2,1.01875,164302.11573791504,48800,2,1.01875,277291.6953430176,48800,2,1.16875,277172.66258239746,48800,2,1.16875,271047.0512084961,48800,2,1.16875,624213.7046203613,48800,2,1.16875,260885.27893066406,48800,2,1.16875,260043.73138427734,48800,2,1.16875,250519.50018310547,48800,2,1.16875,158300.4976348877,48800,2,1.01875,161978.46911621094,48800,2,1.01875,19204701.2363739,5400,400,400,400,400,5061,2484,400,400,400,5407,400,400,5401,400,400,5400,400,400,400,400,400,400,2506,400,2484,400,400,400,400,400,400,0,0,0,0,0,0,0,0,0,0,0,0,0,0,0,0,0,0,0,0,0,0,0,0,0,0,10.526315689086914,0,0,0,0,0,20475,15905,8615,42,0,20475,13200,12294,49,0,66718994432,8589930496,32253366272,786432
200,1791413330284,1516365.2522125244,48800,2,1.16875,153038.34114074707,48800,2,1.09375,152070.70071411133,48800,2,1.09375,154480.4645843506,48800,2,1.09375,170473.26930236816,48800,2,1.09375,152797.7639312744,48800,2,1.09375,164302.1157989502,48800,2,0.93125,277291.6959838867,3050,2,1.09375,277172.66326904297,3050,2,1.09375,271047.0523376465,3050,2,1.09375,624213.7732849121,3050,0,1.09375,260885.27954101563,3050,2,1.09375,260043.7319946289,3050,2,1.09375,250519.50079345703,3050,2,1.09375,158300.49771118164,48800,2,1.09375,161978.4691772461,48800,2,1.09375,19204710.864837646,5400,400,400,400,400,5061,2484,400,400,400,5407,400,400,5401,400,400,5400,400,400,400,400,400,400,2506,400,2484,400,400,400,400,400,400,0,0,0,0,0,0,0,0,0,0,0,0,0,0,0,0,0,0,0,0,0,0,0,0,0,0,15.000000953674316,0,0,0,0,0,20475,15905,8615,42,0,20475,13200,12294,49,0,66718994432,8589930496,32253366272,786432
200,1791413330485,1516365.254058838,48800,2,1.1375,153038.34114074707,48800,2,1.125,152070.70071411133,48800,2,0.93125,154480.4645843506,48800,2,0.93125,170473.26930236816,48800,2,0.93125,152797.7639312744,48800,2,0.93125,164302.1157989502,48800,2,0.93125,277291.69662475586,48800,2,1.1375,277172.6639251709,48800,2,1.1375,271047.05322265625,48800,2,1.1375,624213.844833374,48800,2,1.1375,260885.2801513672,48800,2,1.1375,260043.73260498047,48800,2,1.1375,250519.5014038086,48800,2,1.1375,158300.49772644043,48800,2,1.125,161978.46919250488,48800,2,1.125,19204720.295684814,5400,400,400,400,400,5061,2484,400,400,400,5407,400,400,5401,400,400,5400,400,400,400,400,400,400,2506,400,2484,400,400,400,400,400,400,0,0,0,0,0,0,0,0,0,0,0,0,0,0,0,0,0,0,0,0,0,0,0,0,0,0,10,0,0,0,0,0,20475,15905,8615,42,0,20475,13200,12294,49,0,66718994432,8589930496,32244662272,786432
200,1791413330685,1516365.254989624,48800,2,1.16875,153038.34115600586,48800,2,1.025,152070.70072937012,48800,2,1.025,154480.46459960938,48800,2,1.025,170473.26931762695,48800,2,1.025,152797.7639465332,48800,2,1.025,164302.11581420898,48800,2,1.025,277291.6972503662,48800,2,1.16875,277172.66456604004,48800,2,1.16875,271047.05418395996,48800,2,1.16875,624213.9121551514,48800,2,1.16875,260885.28074645996,48800,2,1.16875,260043.73320007324,48800,2,1.16875,250519.50199890137,48800,2,1.16875,158300.497756958,48800,2,1.025,161978.46920776367,48800,2,1.025,19204729.77812195,5400,400,400,400,400,5061,2484,400,400,400,5407,400,400,5401,400,400,5400,400,400,400,400,400,400,2506,400,2484,400,400,400,400,400,400,4.761904716491699,0,0,0,0,0,0,0,0,0,0,0,0,0,0,0,0,0,0,0,0,0,0,0,0,0,19.047618865966797,0,0,0,0,0,20475,15905,8615,42,0,20475,13200,12294,49,0,66718994432,8589930496,32252661760,786432
200,1791413330885,1516365.2567138672,48800,2,1.16875,153038.34118652344,48800,2,1.09375,152070.7007598877,48800,2,1.09375,154480.46463012695,48800,2,1.09375,170473.26936340332,48800,2,1.09375,152797.76399230957,48800,2,1.09375,164302.11585998535,48800,2,0.93125,277291.6979522705,3050,2,1.10625,277172.6651763916,3050,2,1.10625,271047.05531311035,3050,2,1.10625,624213.9792022705,3050,0,1.10625,260885.28134155273,3050,2,1.10625,260043.73379516602,3050,2,1.10625,250519.50259399414,3050,2,1.10625,158300.49781799316,48800,2,1.09375,161978.46926879883,48800,2,1.09375,19204739.310043335,5400,400,400,400,400,5061,2484,400,400,400,5407,400,400,5401,400,400,5400,400,400,400,400,400,400,2506,400,2484,400,400,400,400,400,400,0,0,0,0,0,0,0,0,0,0,0,0,0,0,0,0,0,0,0,0,0,0,0,0,0,0,14.285715103149414,0,0,0,0,0,20475,15905,8615,42,0,20475,13200,12294,49,0,66718994432,8589930496,32252661760,786432
200,1791413331086,1516365.2590789795,48800,2,1.1375,153038.34118652344,48800,2,1.1375,152070.7007598877,48800,2,0.93125,154480.46463012695,48800,2,0.93125,170473.26936340332,48800,2,0.93125,152797.76399230957,48800,2,0.93125,164302.11585998535,48800,2,0.93125,277291.69856262207,48800,2,1.1375,277172.66581726074,48800,2,1.1375,271047.0562591553,48800,2,1.1375,624214.0501251221,48800,2,1.1375,260885.2819519043,48800,2,1.1375,260043.73440551758,48800,2,1.1375,250519.5032196045,48800,2,1.1375,158300.49783325195,48800,2,1.1375,161978.46928405762,48800,2,1.1375,19204748.814224243,5400,400,400,400,400,5061,2484,400,400,400,5407,400,400,5401,400,400,5400,400,400,400,400,400,400,2506,400,2484,400,400,400,400,400,400,0,0,0,0,0,0,0,0,0,0,0,0,0,0,0,0,0,0,0,0,0,0,0,0,0,0,10.526315689086914,0,0,0,0,0,20475,15905,8592,42,0,20475,13200,12270,49,0,66718994432,8589930496,32251883520,786432
200,1791413331286,1516365.2600097656,48800,2,1.16875,153038.34120178223,48800,2,1.01875,152070.70077514648,48800,2,1.01875,154480.46464538574,48800,2,1.01875,170473.2693786621,48800,2,1.01875,152797.76400756836,48800,2,1.01875,164302.11587524414,48800,2,1.01875,277291.69915771484,48800,2,1.16875,277172.6664276123,48800,2,1.16875,271047.05725097656,48800,2,1.16875,624214.1179351807,48800,2,1.16875,260885.28253173828,48800,2,1.16875,260043.73498535156,48800,2,1.16875,250519.50379943848,48800,2,1.16875,158300.4978942871,48800,2,1.01875,161978.46932983398,48800,2,1.01875,19204758.273284912,5400,400,400,400,400,5061,2484,400,400,400,5407,400,400,5401,400,400,5400,400,400,400,400,400,400,2506,400,2484,400,400,400,400,400,400,0,0,0,0,0,0,0,0,0,0,0,0,0,0,0,0,0,0,0,0,0,0,0,0,0,0,14.285715103149414,0,0,0,0,0,20475,15905,8592,42,0,20475,13200,12270,49,0,66718994432,8589930496,32251883520,786432
200,1791413331486,1516365.261642456,48800,2,1.16875,153038.3412322998,48800,2,1.1125,152070.70080566406,48800,2,1.1125,154480.46467590332,48800,2,1.1125,170473.26942443848,48800,2,1.1125,152797.76405334473,48800,2,1.1125,164302.1159210205,48800,2,1.1125,277291.6998138428,3050,2,1.09375,277172.66708374023,3050,2,1.09375,271047.05841064453,3050,2,1.09375,624214.1881408691,3050,0,1.09375,260885.28317260742,3050,2,1.09375,260043.7356262207,3050,2,1.09375,250519.50444030762,3050,2,1.09375,158300.49794006348,48800,2,1.1125,161978.46937561035,48800,2,1.1125,19204767.87287903,5400,400,400,400,400,5061,2484,400,400,400,5407,400,400,5401,400,400,5400,400,400,400,400,400,400,2506,400,2484,400,400,400,400,400,400,0,0,0,0,0,0,0,0,0,0,0,0,0,0,0,0,0,0,0,0,0,0,0,0,0,0,10.526315689086914,0,0,0,0,0,20475,15905,8592,42,0,20475,13200,12270,49,0,66718994432,8589930496,32251490304,786432
200,1791413331687,1516365.263381958,48800,2,1.1375,153038.34126281738,48800,2,1.1375,152070.70083618164,48800,2,0.93125,154480.4647064209,48800,2,0.93125,170473.26945495605,48800,2,0.93125,152797.7640838623,48800,2,0.93125,164302.11596679688,48800,2,0.93125,277291.70037841797,48800,2,1.1375,277172.6676940918,48800,2,1.1375,271047.0594024658,48800,2,1.1375,624214.2569274902,48800,2,1.1375,260885.28372192383,48800,2,1.1375,260043.7361907959,48800,2,1.1375,250519.50498962402,48800,2,1.1375,158300.49798583984,48800,2,1.1375,161978.46942138672,48800,2,1.1375,19204777.308624268,5400,400,400,400,400,5061,2484,400,400,400,5407,400,400,5401,400,400,5400,400,400,400,400,400,400,2506,400,2484,400,400,400,400,400,400,0,0,0,0,0,0,0,0,0,0,0,0,0,0,0,0,0,0,0,0,0,0,0,0,0,0,14.285715103149414,0,0,0,0,0,20475,15905,8592,42,0,20475,13200,12270,49,0,66718994432,8589930496,32251490304,786432
200,1791413331887,1516365.2642974854,48800,2,1.01875,153038.34127807617,48800,2,1.0375,152070.70085144043,48800,2,1.0375,154480.4647216797,48800,2,1.0375,170473.26947021484,48800,2,1.0375,152797.7640991211,48800,2,1.0375,164302.11598205566,48800,2,1.0375,277291.7010498047,48800,2,1.01875,277172.6683807373,48800,2,1.01875,271047.0603790283,48800,2,1.01875,624214.325668335,48800,2,1.01875,260885.28437805176,48800,2,1.01875,260043.73686218262,48800,2,1.01875,250519.50566101074,48800,2,1.01875,158300.4980316162,48800,2,1.0375,161978.4694519043,48800,2,1.0375,19204786.858016968,5400,400,400,400,400,5061,2484,400,400,400,5407,400,400,5401,400,400,5400,400,400,400,400,400,400,2506,400,2484,400,400,400,400,400,400,0,0,0,0,0,0,0,0,0,0,0,0,0,0,0,0,0,0,0,0,0,0,0,0,0,0,10.526315689086914,0,0,0,0,0,20475,15905,8592,42,0,20475,13200,12270,49,0,66718994432,8589930496,32251490304,786432
200,1791413332087,1516365.2661132813,48800,2,1.16875,153038.34130859375,48800,2,1.1,152070.70086669922,48800,2,1.1,154480.46475219727,48800,2,1.1,170473.26950073242,48800,2,1.1,152797.76414489746,48800,2,1.1,164302.11601257324,48800,2,0.93125,277291.7016296387,3050,2,1.09375,277172.66902160645,3050,2,1.09375,271047.0612487793,3050,2,1.09375,624214.3939971924,3050,0,1.09375,260885.28495788574,3050,2,1.09375,260043.7374420166,3050,2,1.09375,250519.50624084473,3050,2,1.09375,158300.49810791016,48800,2,1.1,161978.46948242188,48800,2,1.1,19204796.437713623,5400,400,400,400,400,5061,2484,400,400,400,5407,400,400,5401,400,400,5400,400,400,400,400,400,400,2506,400,2484,400,400,400,400,400,400,0,0,0,0,0,0,0,0,0,0,0,0,0,0,0,0,0,0,0,0,0,0,0,0,0,0,15.000000953674316,0,0,0,0,4.761904716491699,20475,15905,8536,42,0,20475,13200,12286,49,0,66718994432,8589930496,32251490304,786432
192,1791413332296,1516365.2678070068,48800,2,1.13125,153038.34133911133,48800,2,1.13125,152070.7008972168,48800,2,1.13125,154480.46479797363,48800,2,1.13125,170473.26953125,48800,2,1.13125,152797.76417541504,48800,2,1.13125,164302.1160583496,48800,2,1.13125,277291.7022857666,48800,2,1.13125,277172.6696777344,48800,2,1.13125,271047.0621185303,48800,2,1.13125,624214.465637207,48800,2,1.13125,260885.2855834961,48800,2,1.13125,260043.73805236816,48800,2,1.13125,250519.5068511963,48800,2,1.13125,158300.4981689453,48800,2,1.13125,161978.46951293945,48800,2,1.13125,19204806.3339386,5400,400,400,400,400,5061,2484,400,400,400,5407,400,400,5401,400,400,5400,400,400,400,400,400,400,2506,400,2484,400,400,400,400,400,400,0,0,0,0,0,0,0,0,0,0,0,0,0,0,0,0,0,0,0,0,0,0,0,0,0,0,9.523809432983398,0,0,0,0,0,20475,15905,8536,42,0,20475,13200,12286,49,0,66718994432,8589930496,32251146240,786432
200,1791413332488,1516365.2689361572,48800,2,1.16875,153038.3413848877,48800,2,1.025,152070.70095825195,48800,2,1.025,154480.46484375,48800,2,1.025,170473.26957702637,48800,2,1.025,152797.7642211914,48800,2,1.025,164302.11610412598,48800,2,1.025,277291.70294189453,48800,2,1.16875,277172.6703033447,48800,2,1.16875,271047.063369751,48800,2,1.16875,624214.5358428955,48800,2,1.16875,260885.28691101074,48800,2,1.16875,260043.73863220215,48800,2,1.16875,250519.50743103027,48800,2,1.16875,158300.49822998047,48800,2,1.025,161978.4695739746,48800,2,1.025,19204815.43600464,5400,400,400,400,400,5061,2484,400,400,400,5407,400,400,5401,400,400,5400,400,400,400,400,400,400,2506,400,2484,400,400,400,400,400,400,0,0,0,0,0,0,0,0,0,0,0,0,0,0,0,0,0,0,0,0,0,0,0,0,0,0,9.523809432983398,0,0,0,0,0,20475,15905,8536,42,0,20475,13200,12286,49,0,66718994432,8589930496,32251146240,786432
200,1791413332689,1516365.2705230713,3050,2,1.10625,153038.34141540527,48800,2,1.1,152070.70098876953,48800,2,1.1,154480.46487426758,48800,2,1.1,170473.26960754395,48800,2,0.93125,152797.76426696777,48800,2,0.93125,164302.11614990234,48800,2,0.93125,277291.70361328125,3050,2,1.10625,277172.67097473145,3050,2,1.10625,271047.06454467773,3050,2,1.10625,624214.6061553955,3050,0,1.10625,260885.2875366211,3050,2,1.10625,260043.7392730713,3050,2,1.10625,250519.50805664063,3050,2,1.10625,158300.49829101563,48800,2,1.1,161978.46961975098,48800,2,1.1,19204825.004089355,5400,400,400,400,400,5061,2484,400,400,400,5407,400,400,5401,400,400,5400,400,400,400,400,400,400,2506,400,2484,400,400,400,400,400,400,0,0,0,0,0,0,0,0,0,0,0,0,0,0,0,0,0,0,0,0,0,0,0,0,0,0,12.820513725280762,0,0,0,0,0,20475,15905,8536,42,0,20475,13200,12286,49,0,66718994432,8589930496,32251146240,786432
200,1791413332889,1516365.271987915,48800,2,1.1375,153038.34144592285,48800,2,0.93125,152070.70100402832,48800,2,0.93125,154480.46490478516,48800,2,0.93125,170473.26962280273,48800,2,0.93125,152797.76429748535,48800,2,0.93125,164302.11616516113,48800,2,0.93125,277291.70428466797,48800,2,1.1375,277172.67164611816,48800,2,1.1375,271047.0655822754,48800,2,1.1375,624214.6758728027,48800,2,1.1375,260885.28816223145,48800,2,1.1375,260043.73991394043,48800,2,1.1375,250519.50868225098,48800,2,1.1375,158300.498336792,48800,2,1.1375,161978.46965026855,48800,2,1.1375,19204834.518615723,5400,400,400,400,400,5061,2484,400,400,400,5407,400,400,5401,400,400,5400,400,400,400,400,400,400,2506,400,2484,400,400,400,400,400,400,0,0,0,0,0,0,0,0,0,0,0,0,0,0,0,0,0,0,0,0,0,0,0,0,0,0,15.000000953674316,0,0,0,0,0,20475,15905,8536,42,0,20475,13200,12286,49,0,66718994432,8589930496,32251146240,786432
200,1791413333089,1516365.2729797363,48800,2,1.16875,153038.34146118164,48800,2,1.01875,152070.7010192871,48800,2,1.01875,154480.46492004395,48800,2,1.01875,170473.26963806152,48800,2,1.01875,152797.76431274414,48800,2,1.01875,164302.11618041992,48800,2,1.01875,277291.7049255371,48800,2,1.16875,277172.6722564697,48800,2,1.16875,271047.06660461426,48800,2,1.16875,624214.7437286377,48800,2,1.16875,260885.28874206543,48800,2,1.16875,260043.7404937744,48800,2,1.16875,250519.50926208496,48800,2,1.03125,158300.49838256836,48800,2,1.01875,161978.46968078613,48800,2,1.01875,19204843.996795654,5400,400,400,400,400,5061,2484,400,400,400,5407,400,400,5401,400,400,5400,400,400,400,400,400,400,2506,400,2484,400,400,400,400,400,400,0,0,0,0,0,0,0,0,0,0,0,0,0,0,0,0,0,0,0,0,0,0,0,0,0,0,14.285715103149414,0,0,0,0,0,20475,15905,8514,42,0,20475,13200,12291,49,0,66718994432,8589930496,32250462208,786432
200,1791413333290,1516365.2743225098,3050,2,1.11875,153038.34149169922,48800,2,1.10625,152070.7010498047,48800,2,1.10625,154480.4649658203,48800,2,1.10625,170473.2696838379,48800,2,1.10625,152797.7643585205,48800,2,0.93125,164302.1162261963,48800,2,0.93125,277291.7055358887,3050,2,1.11875,277172.6728820801,3050,2,1.11875,271047.067489624,3050,2,1.11875,624214.811706543,3050,0,1.11875,260885.2893218994,3050,2,1.11875,260043.7410888672,3050,2,1.11875,250519.50984191895,3050,2,1.11875,158300.49842834473,48800,2,1.10625,161978.4697265625,48800,2,1.10625,19204853.437408447,5400,400,400,400,400,5061,2484,400,400,400,5407,400,400,5401,400,400,5400,400,400,400,400,400,400,2506,400,2484,400,400,400,400,400,400,0,0,0,0,0,0,0,0,0,0,0,0,0,0,0,0,0,0,0,0,0,0,0,0,0,0,15.000000953674316,0,0,0,0,0,20475,15905,8514,42,0,20475,13200,12291,49,0,66718994432,8589930496,32250458112,786432
199,1791413333490,1516365.2777862549,48800,2,1.16875,153038.3415374756,48800,2,0.95625,152070.70109558105,48800,2,0.95625,154480.46502685547,48800,2,0.95625,170473.26972961426,48800,2,0.95625,152797.76440429688,48800,2,0.95625,164302.11628723145,48800,2,0.95625,277291.70625305176,48800,2,1.16875,277172.67361450195,48800,2,1.16875,271047.0685272217,48800,2,1.16875,624214.8792724609,48800,2,1.16875,260885.2900238037,48800,2,1.16875,260043.74180603027,48800,2,1.16875,250519.51051330566,48800,2,1.16875,158300.49848937988,48800,2,1.16875,161978.46978759766,48800,2,1.16875,19204863.052078247,5400,400,400,400,400,5061,2484,400,400,400,5407,400,400,5401,400,400,5400,400,400,400,400,400,400,2506,400,2484,400,400,400,400,400,400,0,0,0,0,0,0,0,0,0,0,0,0,0,0,0,0,0,0,0,0,0,0,0,0,0,0,10,0,0,0,0,0,20475,15905,8514,42,0,20475,13200,12291,49,0,66718994432,8589930496,32242130944,786432
200,1791413333690,1516365.2789001465,48800,2,1.16875,153038.34156799316,48800,2,0.99375,152070.70112609863,48800,2,0.99375,154480.46505737305,48800,2,0.99375,170473.26976013184,48800,2,0.99375,152797.76445007324,48800,2,0.99375,164302.1163330078,48800,2,0.99375,277291.7068939209,48800,2,1.16875,277172.6742858887,48800,2,1.16875,271047.0696105957,48800,2,1.16875,624214.9479675293,48800,2,1.16875,260885.29064941406,48800,2,1.16875,260043.7424621582,48800,2,1.16875,250519.51113891602,48800,2,1.16875,158300.49855041504,48800,2,0.99375,161978.46983337402,48800,2,0.99375,19204872.63648987,5400,400,400,400,400,5061,2484,400,400,400,5407,400,400,5401,400,400,5400,400,400,400,400,400,400,2506,400,2484,400,400,400,400,400,400,0,0,0,0,0,0,0,0,0,0,0,0,0,0,0,0,0,0,0,0,0,0,0,0,0,0,10.526315689086914,0,0,0,0,0,20475,15905,8514,42,0,20475,13200,12291,49,0,66718994432,8589930496,32250130432,786432
200,1791413333890,1516365.2803344727,48800,2,1.16875,153038.34175109863,48800,2,1.05,152070.70147705078,48800,2,1.05,154480.46522521973,48800,2,1.05,170473.26991271973,48800,2,1.05,152797.76461791992,48800,2,1.05,164302.1164855957,48800,2,1.05,277291.7077178955,48800,2,1.16875,277172.67517089844,48800,2,1.16875,271047.0709991455,48800,2,1.16875,624215.019607544,48800,2,1.16875,260885.29133605957,48800,2,1.16875,260043.7431488037,3050,2,1.05625,250519.51182556152,3050,2,1.05625,158300.4987335205,48800,2,1.05,161978.4700012207,48800,2,1.05,19204882.294555664,5400,400,400,400,400,5061,2484,400,400,400,5407,400,400,5401,400,400,5400,400,400,400,400,400,400,2506,400,2484,400,400,400,400,400,400,0,0,0,0,0,0,0,0,0,0,0,0,0,0,0,0,0,0,0,0,0,0,0,0,0,0,14.285715103149414,0,0,0,0,0,20475,15905,8514,42,0,20475,13200,12291,49,0,66718994432,8589930496,32250130432,786432
200,1791413334091,1516365.282043457,48800,2,1.13125,153038.341796875,48800,2,1.1375,152070.70152282715,48800,2,1.1375,154480.4652709961,48800,2,1.1375,170473.2699584961,48800,2,1.1375,152797.7646636963,48800,2,0.925,164302.11653137207,48800,2,0.925,277291.70832824707,48800,2,1.13125,277172.6757659912,48800,2,1.13125,271047.0718536377,48800,2,1.13125,624215.0878601074,48800,2,1.13125,260885.29193115234,48800,2,1.13125,260043.74374389648,48800,2,1.13125,250519.5124053955,48800,2,1.13125,158300.49877929688,48800,2,1.1375,161978.47004699707,48800,2,1.1375,19204891.748687744,5400,400,400,400,400,5061,2484,400,400,400,5407,400,400,5401,400,400,5400,400,400,400,400,400,400,2506,400,2484,400,400,400,400,400,400,0,0,0,0,0,0,0,0,0,0,0,0,0,0,0,0,0,0,0,0,0,0,0,0,0,0,10.526315689086914,4.761904716491699,0,0,0,0,20475,15905,8563,42,0,20475,13200,12242,49,0,66718994432,8589930496,32250130432,786432
200,1791413334291,1516365.283706665,48800,2,1.175,153038.3418121338,48800,2,0.96875,152070.70153808594,48800,2,0.96875,154480.46528625488,48800,2,0.96875,170473.26997375488,48800,2,0.96875,152797.76467895508,48800,2,0.96875,164302.11654663086,48800,2,0.96875,277291.7088775635,48800,2,1.175,277172.6763458252,48800,2,1.175,271047.0727844238,48800,2,1.175,624215.1562805176,48800,2,1.175,260885.29249572754,48800,2,1.175,260043.74430847168,48800,2,1.175,250519.5129699707,48800,2,1.175,158300.49882507324,48800,2,0.96875,161978.47007751465,48800,2,0.96875,19204901.274505615,5400,400,400,400,400,5061,2484,400,400,400,5407,400,400,5401,400,400,5400,400,400,400,400,400,400,2506,400,2484,400,400,400,400,400,400,0,0,0,0,0,0,0,0,0,0,0,0,0,0,0,0,0,0,0,0,0,0,0,0,0,0,15.000000953674316,0,0,0,0,0,20475,15905,8563,42,0,20475,13200,12242,49,0,66718994432,8589930496,32250126336,786432
200,1791413334491,1516365.2848968506,48800,2,1.16875,153038.34184265137,48800,2,1.0437500000000002,152070.70156860352,48800,2,1.0437500000000002,154480.46531677246,48800,2,1.0437500000000002,170473.27000427246,48800,2,1.0437500000000002,152797.76470947266,48800,2,1.0437500000000002,164302.11657714844,48800,2,1.0437500000000002,277291.70945739746,48800,2,1.16875,277172.67695617676,48800,2,1.16875,271047.0736694336,48800,2,1.16875,624215.2214813232,48800,2,1.16875,260885.29306030273,48800,2,1.16875,260043.74488830566,48800,2,1.16875,250519.5135345459,48800,2,1.0375,158300.4988861084,48800,2,1.0437500000000002,161978.47012329102,48800,2,1.0437500000000002,19204910.74809265,5400,400,400,400,400,5061,2484,400,400,400,5407,400,400,5401,400,400,5400,400,400,400,400,400,400,2506,400,2484,400,400,400,400,400,400,0,0,0,0,0,0,0,0,0,0,0,0,0,0,0,0,0,0,0,0,0,0,0,0,0,0,10,0,0,0,0,0,20475,15905,8563,42,0,20475,13200,12242,49,0,66718994432,8589930496,32250126336,786432
200,1791413334692,1516365.2863616943,3050,2,1.11875,153038.34187316895,48800,2,1.125,152070.70161437988,48800,2,1.125,154480.46536254883,48800,2,1.125,170473.27005004883,48800,2,0.93125,152797.7647705078,48800,2,0.93125,164302.1166229248,48800,2,0.93125,277291.710067749,3050,2,1.11875,277172.6776123047,3050,2,1.11875,271047.07458496094,3050,2,1.11875,624215.2883605957,3050,0,1.11875,260885.2936706543,3050,2,1.11875,260043.74551391602,3050,2,1.11875,250519.51414489746,3050,2,1.11875,158300.49896240234,48800,2,1.125,161978.47018432617,48800,2,1.125,19204920.36479187,5400,400,400,400,400,5061,2484,400,400,400,5407,400,400,5401,400,400,5400,400,400,400,400,400,400,2506,400,2484,400,400,400,400,400,400,0,0,0,0,0,0,0,0,0,0,0,0,0,0,0,0,0,0,0,0,0,0,0,0,0,0,15.000000953674316,0,0,0,0,0,20475,15905,8563,42,0,20475,13200,12242,49,0,66718994432,8589930496,32250126336,786432
200,1791413334892,1516365.288848877,48800,2,1.16875,153038.34187316895,48800,2,0.96875,152070.70161437988,48800,2,0.96875,154480.46536254883,48800,2,0.96875,170473.27005004883,48800,2,0.96875,152797.7647705078,48800,2,0.96875,164302.1166229248,48800,2,0.96875,277291.7106323242,48800,2,1.16875,277172.67822265625,48800,2,1.16875,271047.07554626465,48800,2,1.16875,624215.3547058105,48800,2,1.16875,260885.29425048828,48800,2,1.16875,260043.7460784912,48800,2,1.16875,250519.51470947266,48800,2,1.16875,158300.4990081787,48800,2,1.16875,161978.47019958496,48800,2,0.96875,19204929.887893677,5400,400,400,400,400,5061,2484,400,400,400,5407,400,400,5401,400,400,5400,400,400,400,400,400,400,2506,400,2484,400,400,400,400,400,400,0,0,0,0,0,0,0,0,0,0,0,0,0,0,0,0,0,0,0,0,0,0,0,0,0,0,10,0,0,0,0,0,20475,15905,8563,42,0,20475,13200,12242,48,0,66718994432,8589930496,32250126336,786432
200,1791413335092,1516365.2900543213,48800,2,1.16875,153038.34188842773,48800,2,1.0375,152070.70162963867,48800,2,1.0375,154480.46537780762,48800,2,1.0375,170473.27006530762,48800,2,1.0375,152797.7647857666,48800,2,1.0375,164302.1166381836,48800,2,1.0375,277291.7112121582,48800,2,1.16875,277172.6788330078,48800,2,1.16875,271047.0765686035,48800,2,1.16875,624215.4197845459,48800,2,1.16875,260885.29483032227,48800,2,1.16875,260043.74667358398,48800,2,1.16875,250519.51528930664,48800,2,1.16875,158300.4990386963,48800,2,1.0375,161978.47023010254,48800,2,1.0375,19204939.418151855,5400,400,400,400,400,5061,2484,400,400,400,5407,400,400,5401,400,400,5400,400,400,400,400,400,400,2506,400,2484,400,400,400,400,400,400,0,0,0,0,0,0,0,0,0,0,0,0,0,0,0,0,0,0,0,0,0,0,0,0,0,0,15.000000953674316,0,0,0,0,0,20475,15905,8649,42,0,20475,13200,12221,48,0,66718994432,8589930496,32249524224,786432
200,1791413335293,1516365.2917022705,3050,2,1.11875,153038.34190368652,48800,2,1.1125,152070.70164489746,48800,2,1.1125,154480.4654083252,48800,2,0.93125,170473.2700958252,48800,2,0.93125,152797.76481628418,48800,2,0.93125,164302.11666870117,48800,2,0.93125,277291.71182250977,3050,2,1.11875,277172.67948913574,3050,2,1.11875,271047.07746887207,3050,2,1.11875,624215.4889373779,3050,0,1.11875,260885.29544067383,3050,2,1.11875,260043.74728393555,3050,2,1.11875,250519.5158996582,3050,2,1.11875,158300.49906921387,48800,2,1.1125,161978.47026062012,48800,2,1.1125,19204948.98426819,5400,400,400,400,400,5061,2484,400,400,400,5407,400,400,5401,400,400,5400,400,400,400,400,400,400,2506,400,2484,400,400,400,400,400,400,0,0,0,0,0,0,0,0,0,0,0,0,0,0,0,0,0,0,0,0,0,0,0,0,0,0,14.285715103149414,0,0,0,0,0,20475,15905,8649,42,0,20475,13200,12221,48,0,66718994432,8589930496,32249524224,786432
200,1791413335493,1516365.2951202393,48800,2,1.175,153038.34202575684,48800,2,0.95625,152070.70166015625,48800,2,0.95625,154480.46542358398,48800,2,0.95625,170473.27011108398,48800,2,0.95625,152797.76483154297,48800,2,0.95625,164302.11668395996,48800,2,0.95625,277291.71240234375,48800,2,1.175,277172.6801147461,48800,2,1.175,271047.078414917,48800,2,1.175,624215.5552215576,48800,2,1.175,260885.30378723145,48800,2,1.175,260043.74786376953,48800,2,1.175,250519.51649475098,48800,2,1.175,158300.49911499023,48800,2,1.175,161978.4702911377,48800,2,1.175,19204958.47679138,5400,400,400,400,400,5061,2484,400,400,400,5407,400,400,5401,400,400,5400,400,400,400,400,400,400,2506,400,2484,400,400,400,400,400,400,0,0,0,0,0,0,0,0,0,0,0,0,0,0,0,0,0,0,0,0,0,0,0,0,0,0,10.526315689086914,0,0,0,0,0,20475,15905,8649,42,0,20475,13200,12221,48,0,66718994432,8589930496,32250019840,786432
200,1791413335693,1516365.2962341309,48800,2,1.16875,153038.34204101563,48800,2,1.0375,152070.70167541504,48800,2,1.0375,154480.46543884277,48800,2,1.0375,170473.27012634277,48800,2,1.0375,152797.76486206055,48800,2,1.0375,164302.11672973633,48800,2,1.0375,277291.71298217773,48800,2,1.16875,277172.68070983887,48800,2,1.16875,271047.0794830322,48800,2,1.16875,624215.6234130859,48800,2,1.16875,260885.30436706543,48800,2,1.16875,260043.74844360352,48800,2,1.16875,250519.51707458496,48800,2,1.16875,158300.4991455078,48800,2,1.0375,161978.47032165527,48800,2,1.0375,19204968.03414917,5400,400,400,400,400,5061,2484,400,400,400,5407,400,400,5401,400,400,5400,400,400,400,400,400,400,2506,400,2484,400,400,400,400,400,400,0,0,0,0,0,0,0,0,0,0,0,0,0,0,0,0,0,0,0,0,0,0,0,0,0,0,14.285715103149414,0,0,0,0,0,20475,15905,8649,42,0,20475,13200,12221,48,0,66718994432,8589930496,32250019840,786432
200,1791413335894,1516365.297668457,3050,2,1.11875,153038.3420715332,48800,2,1.1125,152070.70170593262,48800,2,1.1125,154480.46546936035,48800,2,1.1125,170473.27017211914,48800,2,1.1125,152797.7649078369,48800,2,1.1125,164302.1167755127,48800,2,0.93125,277291.7135620117,3050,2,1.11875,277172.68130493164,3050,2,1.11875,271047.0802001953,3050,2,1.11875,624215.6880950928,3050,0,1.11875,260885.30493164063,3050,2,1.11875,260043.7490081787,3050,2,1.11875,250519.51763916016,3050,2,1.11875,158300.49920654297,48800,2,1.1125,161978.47036743164,48800,2,1.1125,19204977.56793213,5400,400,400,400,400,5061,2484,400,400,400,5407,400,400,5401,400,400,5400,400,400,400,400,400,400,2506,400,2484,400,400,400,400,400,400,0,0,0,0,0,0,0,0,0,0,0,0,0,0,0,0,0,0,0,0,0,0,0,0,0,0,10.526315689086914,0,0,0,0,0,20475,15905,8649,42,0,20475,13200,12221,48,0,66718994432,8589930496,32250019840,786432
200,1791413336094,1516365.2993469238,48800,2,1.15,153038.342086792,48800,2,1.13125,152070.7017211914,48800,2,0.93125,154480.46548461914,48800,2,0.93125,170473.27018737793,48800,2,0.93125,152797.7649230957,48800,2,0.93125,164302.11679077148,48800,2,0.93125,277291.7141418457,48800,2,1.15,277172.6819458008,48800,2,1.15,271047.08114624023,48800,2,1.15,624215.7568511963,48800,2,1.15,260885.30549621582,48800,2,1.15,260043.7495880127,48800,2,1.15,250519.51820373535,48800,2,1.15,158300.49923706055,48800,2,1.13125,161978.47039794922,48800,2,1.13125,19204987.028427124,5400,400,400,400,400,5061,2484,400,400,400,5407,400,400,5401,400,400,5400,400,400,400,400,400,400,2506,400,2484,400,400,400,400,400,400,0,0,0,0,0,0,0,0,0,0,0,0,0,0,0,0,0,0,0,0,0,0,0,0,0,0,14.285715103149414,0,0,0,0,0,20475,15905,8656,42,0,20475,13200,12200,48,0,66718994432,8589930496,32250015744,786432
200,1791413336294,1516365.3008117676,48800,2,1.16875,153038.34210205078,48800,2,1.025,152070.7017364502,48800,2,1.025,154480.46549987793,48800,2,1.025,170473.27020263672,48800,2,1.025,152797.7649383545,48800,2,1.025,164302.11680603027,48800,2,1.025,277291.71476745605,48800,2,1.16875,277172.6825866699,48800,2,1.16875,271047.0820617676,48800,2,1.16875,624215.8218383789,48800,2,1.16875,260885.30610656738,48800,2,1.16875,260043.75019836426,48800,2,1.16875,250519.51879882813,48800,2,1.16875,158300.4992828369,48800,2,1.025,161978.4704284668,48800,2,1.025,19204996.510269165,5400,400,400,400,400,5061,2484,400,400,400,5407,400,400,5401,400,400,5400,400,400,400,400,400,400,2506,400,2484,400,400,400,400,400,400,0,0,0,0,0,0,0,0,0,0,0,0,0,0,0,0,0,0,0,0,0,0,0,0,0,0,10.526315689086914,0,0,0,0,0,20475,15905,8656,42,0,20475,13200,12200,48,0,66718994432,8589930496,32250015744,786432
200,1791413336495,1516365.3027648926,48800,2,1.175,153038.34216308594,48800,2,1.10625,152070.70178222656,48800,2,1.10625,154480.4655456543,48800,2,1.10625,170473.27026367188,48800,2,1.10625,152797.76499938965,48800,2,1.10625,164302.11686706543,48800,2,0.93125,277291.7153930664,3050,2,1.1,277172.6831970215,3050,2,1.1,271047.082901001,3050,2,1.1,624215.8916473389,3050,0,1.1,260885.30670166016,3050,2,1.1,260043.75079345703,3050,2,1.1,250519.5193939209,3050,2,1.1,158300.49935913086,48800,2,1.10625,161978.47048950195,48800,2,1.10625,19205006.0418396,5400,400,400,400,400,5061,2484,400,400,400,5407,400,400,5401,400,400,5400,400,400,400,400,400,400,2506,400,2484,400,400,400,400,400,400,0,0,0,0,0,0,0,0,0,0,0,0,0,0,0,0,0,0,0,0,0,0,0,0,0,0,15.000000953674316,0,0,0,0,0,20475,15905,8656,42,0,20475,13200,12200,48,0,66718994432,8589930496,32241758208,786432
199,1791413336695,1516365.304321289,48800,2,1.1375,153038.34216308594,48800,2,1.13125,152070.70178222656,48800,2,0.93125,154480.4655456543,48800,2,0.93125,170473.27026367188,48800,2,0.93125,152797.76499938965,48800,2,0.93125,164302.11686706543,48800,2,0.93125,277291.71603393555,48800,2,1.1375,277172.6838378906,48800,2,1.1375,271047.0838775635,48800,2,1.1375,624215.9629364014,48800,2,1.1375,260885.30729675293,48800,2,1.1375,260043.7513885498,48800,2,1.1375,250519.52000427246,48800,2,1.1375,158300.49937438965,48800,2,1.13125,161978.47050476074,48800,2,1.13125,19205015.659591675,5400,400,400,400,400,5061,2484,400,400,400,5407,400,400,5401,400,400,5400,400,400,400,400,400,400,2506,400,2484,400,400,400,400,400,400,0,0,0,0,0,0,0,0,0,0,0,0,0,0,0,0,0,0,0,0,0,0,0,0,0,0,10,0,0,0,0,0,20475,15905,8656,42,0,20475,13200,12200,48,0,66718994432,8589930496,32249757696,786432
200,1791413336895,1516365.30569458,3050,2,0.9375,153038.34217834473,48800,2,0.93125,152070.70179748535,48800,2,0.93125,154480.4655609131,48800,2,0.93125,170473.27027893066,48800,2,0.93125,152797.76501464844,48800,2,0.93125,164302.116897583,48800,2,0.93125,277291.7166595459,3050,0,0.9375,277172.6847381592,3050,2,0.9375,271047.08488464355,3050,2,0.55625,624216.0271453857,3050,0,0.55625,260885.3078918457,3050,2,0.55625,260043.75199890137,3050,2,0.55625,250519.52059936523,3050,2,0.55625,158300.49940490723,48800,2,0.93125,161978.47053527832,48800,2,0.93125,19205025.251220703,5400,400,400,400,400,5061,2484,400,400,400,5407,400,400,5401,400,400,5400,400,400,400,400,400,400,2506,400,2484,400,400,400,400,400,400,0,0,0,0,0,0,0,0,0,0,0,0,0,0,0,0,0,0,0,0,0,0,0,0,0,0,15.000000953674316,0,0,0,0,0,20475,15905,8656,42,0,20475,13200,12200,48,0,66718994432,8589930496,32249757696,786432
199,1791413337095,1516365.3069610596,48800,2,1.0125000000000002,153038.3422088623,48800,2,1.0437500000000002,152070.70182800293,48800,2,1.0437500000000002,154480.46559143066,48800,2,1.0437500000000002,170473.27030944824,48800,2,1.0437500000000002,152797.76504516602,48800,2,1.0437500000000002,164302.1169281006,48800,2,1.0437500000000002,277291.7173614502,48800,2,1.0125000000000002,277172.68545532227,48800,2,1.0125000000000002,271047.0860443115,48800,2,1.0125000000000002,624216.0975494385,48800,2,1.0125000000000002,260885.3085784912,48800,2,1.0125000000000002,260043.75268554688,48800,2,1.0125000000000002,250519.52128601074,48800,2,1.0125000000000002,158300.4994506836,48800,2,1.0437500000000002,161978.4705810547,48800,2,1.0437500000000002,19205034.921218872,5400,400,400,400,400,5061,2484,400,400,400,5407,400,400,5401,400,400,5400,400,400,400,400,400,400,2506,400,2484,400,400,400,400,400,400,0,0,0,0,0,0,0,0,0,0,0,0,0,0,0,0,0,0,0,0,0,0,0,0,0,0,10,0,0,0,0,0,20475,15905,8666,42,0,20475,13200,12170,48,0,66718994432,8589930496,32249688064,786432
200,1791413337295,1516365.3094940186,48800,2,0.99375,153038.3422241211,48800,2,0.93125,152070.70184326172,48800,2,0.93125,154480.46562194824,48800,2,0.93125,170473.27033996582,48800,2,0.93125,152797.7650756836,48800,2,0.93125,164302.11695861816,48800,2,0.93125,277291.71809387207,48800,2,0.99375,277172.68618774414,48800,2,0.99375,271047.0868988037,48800,2,0.99375,624216.1970367432,48800,2,0.99375,260885.3092803955,48800,2,0.99375,260043.75337219238,3050,2,0.91875,250519.52197265625,3050,2,0.91875,158300.49949645996,48800,2,0.93125,161978.47062683105,48800,2,0.93125,19205044.520401,5400,400,400,400,400,5061,2484,400,400,400,5407,400,400,5401,400,400,5400,400,400,400,400,400,400,2506,400,2484,400,400,400,400,400,400,0,0,0,0,0,0,0,0,0,0,0,0,0,0,0,0,0,0,0,0,0,0,0,0,0,0,15.000000953674316,0,0,0,0,0,20475,15905,8666,42,0,20475,13200,12170,48,0,66718994432,8589930496,32249688064,786432
199,1791413337496,1516365.3134002686,3050,2,1.1125,153038.34231567383,48800,2,1.10625,152070.7018890381,48800,2,1.10625,154480.4656829834,48800,2,1.10625,170473.2703857422,48800,2,0.93125,152797.76513671875,48800,2,0.93125,164302.11701965332,48800,2,0.93125,277291.71937561035,3050,2,1.1125,277172.68702697754,3050,2,1.1125,271047.0879211426,3050,0,1.1125,624216.2653045654,3050,0,1.1125,260885.31074523926,3050,2,1.1125,260043.75407409668,3050,2,1.1125,250519.52267456055,3050,2,1.1125,158300.49954223633,48800,2,1.10625,161978.47067260742,48800,2,1.10625,19205054.259887695,5400,400,400,400,400,5061,2484,400,400,400,5407,400,400,5401,400,400,5400,400,400,400,400,400,400,2506,400,2484,400,400,400,400,400,400,0,0,0,0,0,0,0,0,0,0,0,0,0,0,0,0,0,0,0,0,0,0,0,0,0,0,10,0,0,0,0,0,20475,15905,8666,42,0,20475,13200,12170,48,0,66718994432,8589930496,32249688064,786432
200,1791413337696,1516365.3145141602,3050,2,0.28749999999999987,153038.3423461914,16133.333333333334,0,0.65,152070.70190429688,16133.333333333334,0,0.65,154480.4656982422,16133.333333333334,2,0.65,170473.2703857422,16133.333333333334,2,0.65,152797.76515197754,16133.333333333334,2,0.65,164302.1170349121,16133.333333333334,2,0.65,277291.7200012207,3050,2,0.28749999999999987,277172.6876068115,3050,2,0.28749999999999987,271047.08905029297,3050,2,0.28749999999999987,624216.3324279785,3050,0,0.28749999999999987,260885.31134033203,3050,2,0.28749999999999987,260043.75465393066,3050,2,0.28749999999999987,250519.52325439453,3050,2,0.28749999999999987,158300.49960327148,16133.333333333334,2,0.65,161978.4707183838,16133.333333333334,0,0.65,19205063.819107056,5400,400,400,400,400,5061,2484,400,400,400,5407,400,400,5401,400,400,5400,400,400,400,400,400,400,2506,400,2484,400,400,400,400,400,400,0,0,0,0,0,0,0,0,0,0,0,0,0,0,0,0,0,0,0,0,0,0,0,0,0,0,10.526315689086914,0,0,0,0,0,20475,15905,8666,42,0,20475,13200,12170,48,0,66718994432,8589930496,32249688064,786432
200,1791413337896,1516365.316253662,48800,2,1.16875,153038.34246826172,48800,2,0.9812500000000001,152070.7020111084,48800,2,0.9812500000000001,154480.4659423828,48800,2,0.9812500000000001,170473.27059936523,48800,2,0.9812500000000001,152797.76538085938,48800,2,0.9812500000000001,164302.11715698242,48800,2,0.9812500000000001,277291.7206878662,48800,2,1.16875,277172.6883239746,48800,2,1.16875,271047.09143066406,48800,2,1.16875,624216.4018249512,48800,2,1.16875,260885.31199645996,48800,2,1.16875,260043.75532531738,48800,2,1.16875,250519.52391052246,48800,2,1.16875,158300.4997406006,48800,2,0.9812500000000001,161978.4708404541,48800,2,0.9812500000000001,19205073.438186646,5400,400,400,400,400,5061,2484,400,400,400,5407,400,400,5401,400,400,5400,400,400,400,400,400,400,2506,400,2484,400,400,400,400,400,400,0,0,0,0,0,0,0,0,0,0,0,0,0,0,0,0,0,0,0,0,0,0,0,0,0,0,14.285715103149414,0,0,0,0,0,20475,15905,8666,42,0,20475,13200,12170,48,0,66718994432,8589930496,32249683968,786432
200,1791413338096,1516365.3188171387,48800,2,1.16875,153038.3424987793,48800,2,1.05,152070.7020111084,48800,2,1.05,154480.4659729004,48800,2,1.05,170473.27059936523,48800,2,1.05,152797.76541137695,48800,2,1.05,164302.11715698242,48800,2,1.05,277291.7213897705,48800,2,1.16875,277172.6890563965,48800,2,1.16875,271047.0932159424,48800,2,1.16875,624216.4749298096,48800,2,1.16875,260885.31266784668,48800,2,1.16875,260043.7559967041,48800,2,1.16875,250519.52458190918,3050,2,1.0437500000000002,158300.49978637695,48800,2,1.05,161978.4708557129,48800,2,1.05,19205083.053482056,5400,400,400,400,400,5061,2484,400,400,400,5407,400,400,5401,400,400,5400,400,400,400,400,400,400,2506,400,2484,400,400,400,400,400,400,0,0,0,0,0,0,0,0,0,0,0,0,0,0,0,0,0,0,0,0,0,0,0,0,0,0,15.000000953674316,0,0,0,0,0,20475,15905,8662,42,0,20475,13200,12183,48,0,66718994432,8589930496,32249683968,786432
200,1791413338297,1516365.3216705322,3050,2,1.11875,153038.34252929688,48800,2,1.13125,152070.70205688477,48800,2,1.13125,154480.46601867676,48800,2,1.13125,170473.2706451416,48800,2,1.13125,152797.76545715332,48800,2,0.93125,164302.1172027588,48800,2,0.93125,277291.72201538086,3050,2,1.11875,277172.6897277832,3050,2,1.11875,271047.0948791504,3050,2,1.11875,624216.5444641113,3050,0,1.11875,260885.31327819824,3050,2,1.11875,260043.75660705566,3050,2,1.11875,250519.52519226074,3050,2,1.11875,158300.49983215332,48800,2,1.13125,161978.47090148926,48800,2,1.13125,19205092.5133667,5400,400,400,400,400,5061,2484,400,400,400,5407,400,400,5401,400,400,5400,400,400,400,400,400,400,2506,400,2484,400,400,400,400,400,400,0,0,0,0,0,0,0,0,0,0,0,0,0,0,0,0,0,0,0,0,0,0,0,0,0,0,15.000000953674316,0,0,0,0,0,20475,15905,8662,42,0,20475,13200,12183,48,0,66718994432,8589930496,32249683968,786432
200,1791413338497,1516365.3244628906,48800,2,1.16875,153038.34259033203,48800,2,0.96875,152070.70207214355,48800,2,0.96875,154480.46604919434,48800,2,0.96875,170473.2706604004,48800,2,0.96875,152797.7654876709,48800,2,0.96875,164302.11721801758,48800,2,0.96875,277291.72265625,48800,2,1.16875,277172.69038391113,48800,2,1.16875,271047.0958709717,48800,2,1.16875,624216.6175537109,48800,2,1.16875,260885.3139038086,48800,2,1.16875,260043.75721740723,48800,2,1.16875,250519.5258026123,48800,2,1.16875,158300.4998779297,48800,2,0.96875,161978.47093200684,48800,2,0.96875,19205101.948501587,5400,400,400,400,400,5061,2484,400,400,400,5407,400,400,5401,400,400,5400,400,400,400,400,400,400,2506,400,2484,400,400,400,400,400,400,0,0,0,0,0,0,0,0,0,0,0,0,0,5,0,0,0,0,0,0,0,0,0,0,0,0,10,0,0,0,0,0,20475,15905,8662,42,0,20475,13200,12183,48,0,66718994432,8589930496,32236417024,786432
200,1791413338697,1516365.326538086,48800,2,1.16875,153038.3426361084,48800,2,1.05,152070.70210266113,48800,2,1.05,154480.4660797119,48800,2,1.05,170473.27069091797,48800,2,1.05,152797.76551818848,48800,2,1.05,164302.11726379395,48800,2,1.05,277291.72326660156,48800,2,1.16875,277172.69105529785,48800,2,1.16875,271047.09663391113,48800,2,1.16875,624216.685470581,48800,2,1.16875,260885.31451416016,48800,2,1.16875,260043.7578277588,48800,2,1.16875,250519.52641296387,3050,2,1.0437500000000002,158300.49993896484,48800,2,1.05,161978.47106933594,48800,2,1.05,19205111.498657227,5400,400,400,400,400,5061,2484,400,400,400,5407,400,400,5401,400,400,5400,400,400,400,400,400,400,2506,400,2484,400,400,400,400,400,400,0,0,0,0,0,0,0,0,0,0,0,0,0,10,0,0,0,0,0,0,0,0,0,0,0,0,0,0,0,0,0,0,20475,15905,8662,42,0,20475,13200,12183,48,0,66718994432,8589930496,32253947904,786432
200,1791413338898,1516365.3291931152,3050,2,1.125,153038.3426513672,48800,2,1.13125,152070.7021331787,48800,2,1.13125,154480.4661102295,48800,2,1.13125,170473.27072143555,48800,2,1.13125,152797.76554870605,48800,2,0.93125,164302.11729431152,48800,2,0.93125,277291.7239074707,3050,2,1.125,277172.69174194336,3050,2,1.125,271047.0986633301,3050,2,1.125,624216.7540435791,3050,0,1.125,260885.31518554688,3050,2,1.125,260043.75846862793,3050,2,1.125,250519.527053833,3050,2,1.125,158300.49996948242,48800,2,1.13125,161978.47109985352,48800,2,1.13125,19205121.052459717,5400,400,400,400,400,5061,2484,400,400,400,5407,400,400,5401,400,400,5400,400,400,400,400,400,400,2506,400,2484,400,400,400,400,400,400,0,0,0,0,0,0,0,0,0,0,0,0,0,15.000000953674316,0,0,0,0,0,0,0,0,0,0,0,0,0,0,0,0,0,0,20475,15905,8662,42,0,20475,13200,12183,48,0,66718994432,8589930496,32253947904,786432
200,1791413339098,1516365.330368042,48800,2,1.16875,153038.34269714355,48800,2,0.9625,152070.7021484375,48800,2,0.9625,154480.46615600586,48800,2,0.9625,170473.27073669434,48800,2,0.9625,152797.76559448242,48800,2,0.9625,164302.1173248291,48800,2,0.9625,277291.7245941162,48800,2,1.16875,277172.692489624,48800,2,1.16875,271047.10066223145,48800,2,1.16875,624216.8260040283,48800,2,1.16875,260885.31590270996,48800,2,1.16875,260043.75915527344,48800,2,1.16875,250519.52774047852,48800,2,1.16875,158300.50003051758,48800,2,0.9625,161978.4711303711,48800,2,0.9625,19205130.659484863,5400,400,400,400,400,5061,2484,400,400,400,5407,400,400,5401,400,400,5400,400,400,400,400,400,400,2506,400,2484,400,400,400,400,400,400,0,0,0,0,0,0,0,0,0,0,0,0,0,10,0,0,0,0,0,0,0,0,0,0,0,0,0,0,0,0,0,0,20475,15905,8653,42,0,20475,13200,12176,48,0,66718994432,8589930496,32253947904,786432
200,1791413339298,1516365.3328857422,48800,2,1.16875,153038.34269714355,48800,2,1.0437500000000002,152070.7021484375,48800,2,1.0437500000000002,154480.46615600586,48800,2,1.0437500000000002,170473.27073669434,48800,2,1.0437500000000002,152797.76559448242,48800,2,1.0437500000000002,164302.1173248291,48800,2,1.0437500000000002,277291.72521972656,48800,2,1.16875,277172.6931915283,48800,2,1.16875,271047.10246276855,48800,2,1.16875,624216.8955993652,48800,2,1.16875,260885.3165588379,48800,2,1.16875,260043.7597808838,48800,2,1.16875,250519.52836608887,3050,2,1.0375,158300.50006103516,48800,2,1.0437500000000002,161978.47114562988,48800,2,1.0437500000000002,19205140.23110962,5400,400,400,400,400,5061,2484,400,400,400,5407,400,400,5401,400,400,5400,400,400,400,400,400,400,2506,400,2484,400,400,400,400,400,400,0,0,0,0,0,0,0,0,0,0,0,0,0,10.526315689086914,0,0,0,0,0,0,0,0,0,0,0,0,0,0,0,0,0,0,20475,15905,8653,42,0,20475,13200,12176,48,0,66718994432,8589930496,32253947904,786432
200,1791413339499,1516365.3795166016,3050,2,1.1125,153038.3427734375,48800,2,1.1125,152070.70220947266,48800,2,1.1125,154480.46621704102,48800,2,1.1125,170473.2707977295,48800,2,1.1125,152797.76565551758,48800,2,0.93125,164302.11738586426,48800,2,0.93125,277291.7263183594,3050,2,1.1125,277172.6938934326,3050,2,1.1125,271047.1042175293,3050,2,1.1125,624216.9259185791,3050,0,1.1125,260885.31721496582,3050,2,1.1125,260043.7604522705,3050,2,1.1125,250519.52925109863,3050,2,1.1125,158300.5001373291,48800,2,1.1125,161978.47120666504,48800,2,1.1125,19205149.788848877,5400,400,400,400,400,5061,2484,400,400,400,5407,400,400,5401,400,400,5400,400,400,400,400,400,400,2506,400,2484,400,400,400,400,400,400,10,0,0,0,0,0,0,0,0,0,0,0,0,0,0,0,0,0,0,0,0,0,0,0,0,0,5,0,0,0,0,0,20475,15905,8653,42,0,20475,13200,12176,48,0,66718994432,8589930496,32261066752,786432
200,1791413339699,1516365.3809051514,48800,2,1.16875,153038.34281921387,48800,2,0.95625,152070.70223999023,48800,2,0.95625,154480.46626281738,48800,2,0.95625,170473.27082824707,48800,2,0.95625,152797.76570129395,48800,2,0.95625,164302.11741638184,48800,2,0.95625,277291.7269592285,48800,2,1.16875,277172.69454956055,48800,2,1.16875,271047.1053314209,48800,2,1.16875,624216.9943084717,48800,2,1.16875,260885.31785583496,48800,2,1.16875,260043.76107788086,48800,2,1.16875,250519.52987670898,48800,2,1.16875,158300.50019836426,48800,2,1.16875,161978.4712524414,48800,2,1.16875,19205159.354873657,5400,400,400,400,400,5061,2484,400,400,400,5407,400,400,5401,400,400,5400,400,400,400,400,400,400,2506,400,2484,400,400,400,400,400,400,0,0,0,0,0,0,0,0,0,0,0,0,0,0,0,0,0,0,0,0,0,0,0,0,0,0,15.000000953674316,0,0,0,0,0,20475,15905,8653,42,0,20475,13200,12176,48,0,66718994432,8589930496,32269062144,786432
200,1791413339899,1516365.3829956055,48800,2,1.16875,153038.34281921387,48800,2,1.0437500000000002,152070.70223999023,48800,2,1.0437500000000002,154480.46626281738,48800,2,1.0437500000000002,170473.27082824707,48800,2,1.0437500000000002,152797.76570129395,48800,2,1.0437500000000002,164302.11741638184,48800,2,1.0437500000000002,277291.7275543213,48800,2,1.16875,277172.6951599121,48800,2,1.16875,271047.10707092285,48800,2,1.16875,624217.0602874756,48800,2,1.16875,260885.31840515137,48800,2,1.16875,260043.76162719727,48800,2,1.16875,250519.5304260254,48800,2,1.16875,158300.50022888184,48800,2,1.0437500000000002,161978.4712677002,48800,2,1.0437500000000002,19205168.82485962,5400,400,400,400,400,5061,2484,400,400,400,5407,400,400,5401,400,400,5400,400,400,400,400,400,400,2506,400,2484,400,400,400,400,400,400,0,0,0,0,0,0,0,0,0,0,0,0,0,0,0,0,0,0,0,0,0,0,0,0,0,0,10,0,0,0,0,0,20475,15905,8653,42,0,20475,13200,12176,48,0,66718994432,8589930496,32269062144,786432
200,1791413340100,1516365.3856506348,3050,2,1.1125,153038.34284973145,48800,2,1.11875,152070.7022705078,48800,2,1.11875,154480.46630859375,48800,2,1.11875,170473.27087402344,48800,2,1.11875,152797.7657470703,48800,2,0.925,164302.1174621582,48800,2,0.925,277291.7282104492,3050,2,1.1125,277172.69581604004,3050,2,1.1125,271047.10804748535,3050,2,1.1125,624217.1291503906,3050,0,1.1125,260885.31903076172,3050,2,1.1125,260043.76225280762,3050,2,1.1125,250519.53105163574,3050,2,1.1125,158300.5002746582,48800,2,1.11875,161978.47131347656,48800,2,1.11875,19205178.341415405,5400,400,400,400,400,5061,2484,400,400,400,5407,400,400,5401,400,400,5400,400,400,400,400,400,400,2506,400,2484,400,400,400,400,400,400,0,0,0,0,0,0,0,0,0,0,0,0,4.761904716491699,0,0,0,0,0,0,0,0,0,0,0,0,0,15.000000953674316,0,0,0,0,0,20475,15905,8626,42,0,20475,13200,12136,48,0,66718994432,8589930496,32269062144,786432
200,1791413340300,1516365.3866882324,48800,2,1.16875,153038.34288024902,48800,2,0.95625,152070.7023010254,48800,2,0.95625,154480.46633911133,48800,2,0.95625,170473.27090454102,48800,2,0.95625,152797.7657775879,48800,2,0.95625,164302.11749267578,48800,2,0.95625,277291.72885131836,48800,2,1.16875,277172.69647216797,48800,2,1.16875,271047.1096191406,48800,2,1.16875,624217.2002258301,48800,2,1.16875,260885.3196258545,48800,2,1.16875,260043.76286315918,48800,2,1.16875,250519.53163146973,48800,2,1.16875,158300.50036621094,48800,2,1.16875,161978.47135925293,48800,2,1.16875,19205187.844100952,5400,400,400,400,400,5061,2484,400,400,400,5407,400,400,5401,400,400,5400,400,400,400,400,400,400,2506,400,2484,400,400,400,400,400,400,0,0,0,0,0,0,0,0,0,0,0,0,0,0,0,0,0,0,0,0,0,0,0,0,0,0,14.285715103149414,0,0,0,0,0,20475,15905,8626,42,0,20475,13200,12136,48,0,66718994432,8589930496,32269062144,786432
200,1791413340500,1516365.389099121,48800,2,1.16875,153038.3429260254,48800,2,1.025,152070.70233154297,48800,2,1.025,154480.4663696289,48800,2,1.025,170473.2709350586,48800,2,1.025,152797.76580810547,48800,2,1.025,164302.11752319336,48800,2,1.025,277291.72944641113,48800,2,1.16875,277172.69705200195,48800,2,1.16875,271047.11125183105,48800,2,1.16875,624217.268661499,48800,2,1.16875,260885.32020568848,48800,2,1.16875,260043.76342773438,48800,2,1.16875,250519.53219604492,48800,2,1.16875,158300.5004272461,48800,2,1.025,161978.4714050293,48800,2,1.025,19205197.276016235,5400,400,400,400,400,5061,2484,400,400,400,5407,400,400,5401,400,400,5400,400,400,400,400,400,400,2506,400,2484,400,400,400,400,400,400,0,0,0,0,0,0,0,0,0,0,0,0,0,0,0,0,0,0,0,0,0,0,0,0,0,0,10.526315689086914,0,0,0,0,0,20475,15905,8626,42,0,20475,13200,12136,48,0,66718994432,8589930496,32269062144,786432
200,1791413340701,1516365.391418457,3050,2,1.10625,153038.34297180176,48800,2,1.1125,152070.70237731934,48800,2,1.1125,154480.46643066406,48800,2,1.1125,170473.27099609375,48800,2,1.1125,152797.7658843994,48800,2,1.1125,164302.11758422852,48800,2,0.93125,277291.7300720215,3050,2,1.10625,277172.6977233887,3050,2,1.10625,271047.1124420166,3050,2,1.10625,624217.3380889893,3050,0,1.10625,260885.32078552246,3050,2,1.10625,260043.76402282715,3050,2,1.10625,250519.5327758789,3050,2,1.10625,158300.50050354004,48800,2,1.1125,161978.47146606445,48800,2,1.1125,19205206.86909485,5400,400,400,400,400,5061,2484,400,400,400,5407,400,400,5401,400,400,5400,400,400,400,400,400,400,2506,400,2484,400,400,400,400,400,400,0,4.761904716491699,0,0,0,0,0,0,0,0,0,0,0,0,0,0,0,0,0,0,0,0,0,0,0,0,14.285715103149414,0,0,0,0,0,20475,15905,8626,42,0,20475,13200,12136,48,0,66718994432,8589930496,32269058048,786432
200,1791413340901,1516365.393081665,48800,2,1.16875,153038.34298706055,48800,2,0.95625,152070.70237731934,48800,2,0.95625,154480.46644592285,48800,2,0.95625,170473.27099609375,48800,2,0.95625,152797.7658996582,48800,2,0.95625,164302.11758422852,48800,2,0.95625,277291.73065185547,48800,2,1.16875,277172.69831848145,48800,2,1.16875,271047.1136779785,48800,2,1.16875,624217.4049530029,48800,2,1.16875,260885.32136535645,48800,2,1.16875,260043.76460266113,48800,2,1.16875,250519.5333404541,48800,2,1.16875,158300.50053405762,48800,2,1.16875,161978.47148132324,48800,2,1.16875,19205216.359664917,5400,400,400,400,400,5061,2484,400,400,400,5407,400,400,5401,400,400,5400,400,400,400,400,400,400,2506,400,2484,400,400,400,400,400,400,0,0,0,0,0,0,0,0,0,0,0,0,0,0,0,0,0,0,0,0,0,0,0,0,0,0,10.526315689086914,0,0,0,0,0,20475,15905,8626,42,0,20475,13200,12136,48,0,66718994432,8589930496,32269058048,786432
200,1791413341101,1516365.3955688477,48800,2,1.16875,153038.34298706055,48800,2,1.0375,152070.70237731934,48800,2,1.0375,154480.46644592285,48800,2,1.0375,170473.27099609375,48800,2,1.0375,152797.7658996582,48800,2,1.0375,164302.11758422852,48800,2,1.0375,277291.7312927246,48800,2,1.16875,277172.6989135742,48800,2,1.16875,271047.1149291992,48800,2,1.16875,624217.4705963135,48800,2,1.16875,260885.32194519043,48800,2,1.16875,260043.76518249512,48800,2,1.16875,250519.5339202881,48800,2,1.16875,158300.5005645752,48800,2,1.0375,161978.47149658203,48800,2,1.0375,19205226.006500244,5400,400,400,400,400,5061,2484,400,400,400,5407,400,400,5401,400,400,5400,400,400,400,400,400,400,2506,400,2484,400,400,400,400,400,400,0,0,0,0,0,0,0,0,0,0,0,0,0,0,0,0,0,0,0,0,0,0,0,0,0,0,14.285715103149414,0,0,0,0,0,20475,15905,8561,42,0,20475,13200,12109,48,0,66718994432,8589930496,32266326016,786432
200,1791413341302,1516365.397567749,3050,2,1.10625,153038.34301757813,48800,2,1.11875,152070.70239257813,48800,2,1.11875,154480.46649169922,48800,2,1.11875,170473.27102661133,48800,2,1.11875,152797.76594543457,48800,2,1.11875,164302.1176147461,48800,2,0.93125,277291.73344421387,3050,2,1.10625,277172.69955444336,3050,2,1.10625,271047.11616516113,3050,2,1.10625,624217.5411529541,3050,0,1.10625,260885.32257080078,3050,2,1.10625,260043.76580810547,3050,2,1.10625,250519.53454589844,3050,2,1.10625,158300.50062561035,48800,2,1.11875,161978.4715423584,48800,2,1.11875,19205235.47088623,5400,400,400,400,400,5061,2484,400,400,400,5407,400,400,5401,400,400,5400,400,400,400,400,400,400,2506,400,2484,400,400,400,400,400,400,0,0,0,0,0,0,0,0,0,0,0,0,0,0,0,0,0,0,0,0,0,0,0,0,0,0,10.526315689086914,0,0,0,0,0,20475,15905,8561,42,0,20475,13200,12109,48,0,66718994432,8589930496,32266326016,786432
199,1791413341502,1516365.4013061523,48800,2,1.1375,153038.3430328369,48800,2,1.1375,152070.70239257813,48800,2,0.93125,154480.46649169922,48800,2,0.93125,170473.27102661133,48800,2,0.93125,152797.76594543457,48800,2,0.93125,164302.1176147461,48800,2,0.93125,277291.7351989746,48800,2,1.1375,277172.70025634766,48800,2,1.1375,271047.1178894043,48800,2,1.1375,624217.6114349365,48800,2,1.1375,260885.3232269287,48800,2,1.1375,260043.7664642334,48800,2,1.1375,250519.53521728516,48800,2,1.1375,158300.50064086914,48800,2,1.1375,161978.4715576172,48800,2,1.1375,19205245.013671875,5400,400,400,400,400,5061,2484,400,400,400,5407,400,400,5401,400,400,5400,400,400,400,400,400,400,2506,400,2484,400,400,400,400,400,400,0,0,0,0,0,0,0,0,0,0,0,0,0,0,0,0,0,0,0,0,0,0,0,0,0,0,14.285715103149414,0,0,0,0,0,20475,15905,8561,42,0,20475,13200,12109,48,0,66718994432,8589930496,32266321920,786432
200,1791413341702,1516365.421081543,3050,2,0.28125,153038.34317016602,16133.333333333334,0,0.4125000000000001,152070.70251464844,16133.333333333334,0,0.4125000000000001,154480.46661376953,16133.333333333334,0,0.4125000000000001,170473.27113342285,16133.333333333334,0,0.4125000000000001,152797.76609802246,16133.333333333334,0,0.4125000000000001,164302.11772155762,16133.333333333334,2,0.4125000000000001,277291.736907959,3050,2,0.28125,277172.7436981201,3050,2,0.28125,271047.1364593506,3050,2,0.28125,624217.6123199463,3050,2,0.28125,260885.32403564453,3050,2,0.2749999999999999,260043.7673034668,3050,2,0.2749999999999999,250519.53605651855,3050,2,0.2749999999999999,158300.5008239746,16133.333333333334,2,0.4125000000000001,161978.4716949463,16133.333333333334,0,0.4125000000000001,19205254.777496338,5400,400,400,400,400,5061,2484,400,400,400,5407,400,400,5401,400,400,5400,400,400,400,400,400,400,2506,400,2484,400,400,400,400,400,400,0,0,0,0,0,0,0,0,0,0,0,0,5,0,0,0,0,0,0,0,0,0,0,5,0,0,0,0,0,0,0,0,20475,15905,8561,42,0,20475,13200,12109,48,0,66718994432,8589930496,32274321408,786432
200,1791413341902,1516365.4922180176,48800,2,1.16875,153038.34326171875,48800,2,1.025,152070.70260620117,48800,2,1.025,154480.4669189453,48800,2,1.025,170473.27140808105,48800,2,1.025,152797.76638793945,48800,2,1.025,164302.11811828613,48800,2,1.025,277291.7384338379,48800,2,1.16875,277172.7446594238,48800,2,1.16875,271047.1374511719,48800,2,1.16875,624217.6131896973,48800,2,1.16875,260885.32461547852,48800,2,1.16875,260043.76788330078,48800,2,1.16875,250519.53663635254,48800,2,1.16875,158300.50093078613,48800,2,1.025,161978.4718017578,48800,2,1.025,19205264.312347412,5400,400,400,400,400,5061,2484,400,400,400,5407,400,400,5401,400,400,5400,400,400,400,400,400,400,2506,400,2484,400,400,400,400,400,400,19.047618865966797,0,0,0,0,0,0,0,0,0,0,0,0,0,0,0,0,0,0,0,0,0,0,0,0,0,0,0,0,0,0,0,20475,15905,8561,42,0,20475,13200,12109,48,0,66718994432,8589930496,32282320896,786432
200,1791413342103,1516365.5619812012,48800,2,1.16875,153038.34327697754,48800,2,1.1,152070.70262145996,48800,2,1.1,154480.4669342041,48800,2,1.1,170473.27143859863,48800,2,1.1,152797.76641845703,48800,2,1.1,164302.1181488037,48800,2,0.93125,277291.73976135254,48800,2,1.16875,277172.745513916,3050,2,1.11875,271047.1381225586,3050,2,1.11875,624217.6142272949,3050,2,1.11875,260885.3252105713,3050,2,1.11875,260043.76847839355,3050,2,1.11875,250519.5372314453,3050,2,1.11875,158300.5009765625,48800,2,1.1,161978.4718322754,48800,2,1.1,19205273.86199951,5400,400,400,400,400,5061,2484,400,400,400,5407,400,400,5401,400,400,5400,400,400,400,400,400,400,2506,400,2484,400,400,400,400,400,400,10.526315689086914,0,0,0,0,0,0,0,0,0,0,0,0,0,0,0,0,0,0,0,0,0,0,0,0,0,0,0,0,0,0,0,20475,15905,8526,42,0,20475,13200,12151,48,0,66718994432,8589930496,32282320896,786432
200,1791413342303,1516365.6317901611,48800,2,1.1375,153038.34329223633,48800,2,0.93125,152070.70263671875,48800,2,0.93125,154480.4669494629,48800,2,0.93125,170473.27145385742,48800,2,0.93125,152797.7664489746,48800,2,0.93125,164302.1181640625,48800,2,0.93125,277291.74046325684,48800,2,1.1375,277172.7464904785,48800,2,1.1375,271047.13874816895,48800,2,1.1375,624217.6148681641,48800,2,1.1375,260885.32579040527,48800,2,1.1375,260043.76905822754,48800,2,1.1375,250519.5378265381,48800,2,1.1375,158300.50100708008,48800,2,1.14375,161978.47186279297,48800,2,1.14375,19205283.34062195,5400,400,400,400,400,5061,2484,400,400,400,5407,400,400,5401,400,400,5400,400,400,400,400,400,400,2506,400,2484,400,400,400,400,400,400,10,0,0,0,0,0,0,0,0,0,0,0,0,0,0,0,0,0,0,0,0,0,0,0,0,0,0,0,0,0,0,0,20475,15905,8526,42,0,20475,13200,12151,48,0,66718994432,8589930496,32280637440,786432
200,1791413342503,1516365.7010040283,48800,2,1.16875,153038.3433380127,48800,2,1.0375,152070.70266723633,48800,2,1.0375,154480.46697998047,48800,2,1.0375,170473.271484375,48800,2,1.0375,152797.7664794922,48800,2,1.0375,164302.11819458008,48800,2,1.0375,277291.74198913574,48800,2,1.16875,277172.7473449707,48800,2,1.16875,271047.1393890381,48800,2,1.16875,624217.6155700684,48800,2,1.16875,260885.32640075684,48800,2,1.16875,260043.7696533203,48800,2,1.16875,250519.53842163086,48800,2,1.16875,158300.50105285645,48800,2,1.0375,161978.47190856934,48800,2,1.0375,19205292.78791809,5400,400,400,400,400,5061,2484,400,400,400,5407,400,400,5401,400,400,5400,400,400,400,400,400,400,2506,400,2484,400,400,400,400,400,400,15.000000953674316,0,0,0,0,0,0,0,0,0,0,0,0,0,0,0,0,0,0,0,0,0,0,4.761904716491699,0,0,0,0,0,0,0,0,20475,15905,8526,42,0,20475,13200,12151,48,0,66718994432,8589930496,32272375808,786432
200,1791413342704,1516365.7732543945,3050,2,1.1125,153038.34339904785,48800,2,1.1125,152070.70272827148,48800,2,1.1125,154480.4670562744,48800,2,1.1125,170473.27154541016,48800,2,0.93125,152797.76654052734,48800,2,0.93125,164302.11827087402,48800,2,0.93125,277291.74337768555,3050,2,1.1125,277172.7483520508,3050,2,1.1125,271047.14027404785,3050,2,1.1125,624217.6162567139,3050,2,1.1125,260885.32775878906,3050,2,1.1125,260043.77027893066,3050,2,1.1125,250519.5390472412,3050,2,1.1125,158300.50114440918,48800,2,1.1125,161978.47204589844,48800,2,1.1125,19205302.480316162,5400,400,400,400,400,5061,2484,400,400,400,5407,400,400,5401,400,400,5400,400,400,400,400,400,400,2506,400,2484,400,400,400,400,400,400,10,0,0,0,0,0,0,0,0,0,0,0,0,0,0,0,0,0,0,0,0,0,0,0,0,0,0,0,0,0,0,0,20475,15905,8526,42,0,20475,13200,12151,48,0,66718994432,8589930496,32280375296,786432
200,1791413342904,1516365.8439483643,48800,2,1.16875,153038.34339904785,48800,2,0.94375,152070.70272827148,48800,2,0.94375,154480.4670715332,48800,2,0.94375,170473.27154541016,48800,2,0.94375,152797.76655578613,48800,2,0.94375,164302.1182861328,48800,2,0.94375,277291.74421691895,48800,2,1.16875,277172.74922180176,48800,2,1.16875,271047.1410064697,48800,2,1.16875,624217.6169281006,48800,2,1.16875,260885.3283843994,48800,2,1.16875,260043.77088928223,48800,2,1.16875,250519.53965759277,48800,2,1.16875,158300.50115966797,48800,2,1.16875,161978.47206115723,48800,2,0.94375,19205312.05142212,5400,400,400,400,400,5061,2484,400,400,400,5407,400,400,5401,400,400,5400,400,400,400,400,400,400,2506,400,2484,400,400,400,400,400,400,10.526315689086914,0,0,0,0,0,0,0,0,0,0,0,0,0,0,0,0,0,0,0,0,0,0,0,0,0,0,0,0,0,0,0,20475,15905,8526,42,0,20475,13200,12151,48,0,66718994432,8589930496,32280375296,786432
200,1791413343105,1516365.9127807617,48800,2,1.16875,153038.34341430664,48800,2,1.025,152070.70274353027,48800,2,1.025,154480.467086792,48800,2,1.025,170473.27156066895,48800,2,1.025,152797.76657104492,48800,2,1.025,164302.1183166504,48800,2,1.025,277291.74543762207,48800,2,1.16875,277172.74995422363,48800,2,1.16875,271047.1417236328,48800,2,1.16875,624217.6176452637,48800,2,1.16875,260885.32902526855,48800,2,1.16875,260043.7714996338,48800,2,1.16875,250519.54026794434,48800,2,1.0437500000000002,158300.50119018555,48800,2,1.025,161978.4720916748,48800,2,1.025,19205321.686340332,5400,400,400,400,400,5061,2484,400,400,400,5407,400,400,5401,400,400,5400,400,400,400,400,400,400,2506,400,2484,400,400,400,400,400,400,14.285715103149414,0,0,0,0,0,0,0,0,0,0,0,0,0,0,0,0,0,0,0,0,0,0,0,0,0,0,0,0,0,0,0,20475,15905,8515,42,0,20475,13200,12147,48,0,66718994432,8589930496,32277983232,786432
200,1791413343305,1516365.9825134277,48800,2,1.16875,153038.34342956543,48800,2,1.11875,152070.70277404785,48800,2,1.11875,154480.46711730957,48800,2,1.11875,170473.27159118652,48800,2,1.11875,152797.7666015625,48800,2,1.11875,164302.11834716797,48800,2,0.93125,277291.7469329834,48800,2,1.16875,277172.7508544922,3050,2,1.1,271047.14277648926,3050,2,1.1,624217.6183624268,3050,2,1.1,260885.32963562012,3050,2,1.1,260043.77210998535,3050,2,1.1,250519.5408782959,3050,2,1.1,158300.5012359619,48800,2,1.11875,161978.47212219238,48800,2,1.11875,19205331.183135986,5400,400,400,400,400,5061,2484,400,400,400,5407,400,400,5401,400,400,5400,400,400,400,400,400,400,2506,400,2484,400,400,400,400,400,400,10.526315689086914,0,0,0,0,0,0,0,0,0,0,0,0,0,0,0,0,0,0,0,0,0,0,0,0,0,0,0,0,0,0,0,20475,15905,8515,41,0,20475,13200,12147,48,0,66718994432,8589930496,32276172800,786432
200,1791413343505,1516366.05078125,48800,2,1.13125,153038.343460083,48800,2,0.93125,152070.70278930664,48800,2,0.93125,154480.46713256836,48800,2,0.93125,170473.2716217041,48800,2,0.93125,152797.7666168213,48800,2,0.93125,164302.11836242676,48800,2,0.93125,277291.7476501465,48800,2,1.13125,277172.7517089844,48800,2,1.13125,271047.1434020996,48800,2,1.13125,624217.6189880371,48800,2,1.13125,260885.3302307129,48800,2,1.13125,260043.77268981934,48800,2,1.13125,250519.54148864746,48800,2,1.13125,158300.5012664795,48800,2,1.15,161978.47215270996,48800,2,1.15,19205340.634628296,5400,400,400,400,400,5061,2484,400,400,400,5407,400,400,5401,400,400,5400,400,400,400,400,400,400,2506,400,2484,400,400,400,400,400,400,14.285715103149414,0,0,0,0,0,0,0,0,0,0,0,0,0,0,0,0,0,0,0,0,0,0,0,0,0,0,0,0,0,0,0,20475,15905,8515,41,0,20475,13200,12147,48,0,66718994432,8589930496,32276172800,786432
200,1791413343705,1516366.119354248,48800,2,1.16875,153038.343460083,48800,2,1.03125,152070.70278930664,48800,2,1.03125,154480.46713256836,48800,2,1.03125,170473.2716217041,48800,2,1.03125,152797.7666168213,48800,2,1.03125,164302.11837768555,48800,2,1.03125,277291.74911499023,48800,2,1.16875,277172.7523803711,48800,2,1.16875,271047.1440124512,48800,2,1.16875,624217.6204986572,48800,2,1.16875,260885.33082580566,48800,2,1.16875,260043.77325439453,48800,2,1.16875,250519.54205322266,48800,2,1.16875,158300.50128173828,48800,2,1.03125,161978.47216796875,48800,2,1.03125,19205350.061172485,5400,400,400,400,400,5061,2484,400,400,400,5407,400,400,5401,400,400,5400,400,400,400,400,400,400,2506,400,2484,400,400,400,400,400,400,15.000000953674316,0,0,0,0,0,0,0,0,0,0,0,0,0,0,0,0,0,0,0,0,0,0,0,0,0,0,0,0,0,0,0,20475,15905,8515,41,0,20475,13200,12147,48,0,66718994432,8589930496,32276172800,786432
200,1791413343906,1516366.1879577637,48800,2,1.16875,153038.3434906006,48800,2,1.1125,152070.70281982422,48800,2,1.1125,154480.46716308594,48800,2,1.1125,170473.27166748047,48800,2,1.1125,152797.76667785645,48800,2,1.1125,164302.1184234619,48800,2,0.93125,277291.7502593994,3050,2,1.1,277172.75325012207,3050,2,1.1,271047.14460754395,3050,2,1.1,624217.6211090088,3050,2,1.1,260885.33142089844,3050,2,1.1,260043.77381896973,3050,2,1.1,250519.54261779785,3050,2,1.1,158300.50132751465,48800,2,1.1125,161978.47221374512,48800,2,1.1125,19205359.52165222,5400,400,400,400,400,5061,2484,400,400,400,5407,400,400,5401,400,400,5400,400,400,400,400,400,400,2506,400,2484,400,400,400,400,400,400,14.285715103149414,0,0,0,0,0,0,0,0,0,0,0,0,0,0,0,0,0,0,0,0,0,0,0,0,0,0,0,0,0,0,0,20475,15905,8515,41,0,20475,13200,12147,48,0,66718994432,8589930496,32276172800,786432
200,1791413344106,1516366.2590179443,48800,2,1.16875,153038.3434906006,48800,2,0.94375,152070.70281982422,48800,2,0.94375,154480.46716308594,48800,2,0.94375,170473.27166748047,48800,2,0.94375,152797.76667785645,48800,2,0.94375,164302.1184234619,48800,2,0.94375,277291.75103759766,48800,2,1.16875,277172.7543182373,48800,2,1.16875,271047.14527893066,48800,2,1.16875,624217.6217651367,48800,2,1.16875,260885.33206176758,48800,2,1.16875,260043.77444458008,48800,2,1.16875,250519.543258667,48800,2,1.16875,158300.50135803223,48800,2,1.16875,161978.4722442627,48800,2,1.16875,19205369.027816772,5400,400,400,400,400,5061,2484,400,400,400,5407,400,400,5401,400,400,5400,400,400,400,400,400,400,2506,400,2484,400,400,400,400,400,400,10.526315689086914,0,0,0,0,0,0,0,0,0,0,0,0,0,0,0,0,0,0,0,0,0,0,0,0,0,0,0,0,0,0,0,20475,15905,8559,41,0,20475,13200,12093,48,0,66718994432,8589930496,32276172800,786432
200,1791413344307,1516366.3273620605,48800,2,1.16875,153038.34350585938,48800,2,1.0375,152070.702835083,48800,2,1.0375,154480.46717834473,48800,2,1.0375,170473.27168273926,48800,2,1.0375,152797.76669311523,48800,2,1.0375,164302.1184387207,48800,2,1.0375,277291.75257873535,48800,2,1.16875,277172.75506591797,48800,2,1.16875,271047.1459350586,48800,2,1.16875,624217.6224517822,48800,2,1.16875,260885.3327178955,48800,2,1.16875,260043.77507019043,48800,2,1.16875,250519.54388427734,48800,2,1.16875,158300.50141906738,48800,2,1.0375,161978.47227478027,48800,2,1.0375,19205378.493911743,5400,400,400,400,400,5061,2484,400,400,400,5407,400,400,5401,400,400,5400,400,400,400,400,400,400,2506,400,2484,400,400,400,400,400,400,10,0,0,0,0,0,0,0,0,0,0,0,0,0,0,0,0,0,0,0,0,0,0,0,0,0,0,0,0,0,0,0,20475,15905,8559,41,0,20475,13200,12093,48,0,66718994432,8589930496,32276168704,786432
200,1791413344507,1516366.3969421387,48800,2,1.16875,153038.34355163574,48800,2,1.10625,152070.7028656006,48800,2,1.10625,154480.4672241211,48800,2,1.10625,170473.27172851563,48800,2,1.10625,152797.7667388916,48800,2,0.93125,164302.11848449707,48800,2,0.93125,277291.75372314453,3050,2,1.10625,277172.7560119629,3050,2,1.10625,271047.14657592773,3050,2,1.10625,624217.623123169,3050,2,1.10625,260885.33332824707,3050,2,1.10625,260043.7756652832,3050,2,1.10625,250519.54447937012,3050,2,1.10625,158300.50148010254,48800,2,1.10625,161978.47232055664,48800,2,1.10625,19205387.934799194,5400,400,400,400,400,5061,2484,400,400,400,5407,400,400,5401,400,400,5400,400,400,400,400,400,400,2506,400,2484,400,400,400,400,400,400,15.000000953674316,0,0,0,0,0,0,0,0,0,0,0,0,0,0,0,0,0,0,0,0,0,0,4.761904716491699,0,0,0,0,0,0,0,0,20475,15905,8559,41,0,20475,13200,12093,48,0,66718994432,8589930496,32274587648,786432
200,1791413344707,1516366.4676361084,48800,2,1.16875,153038.34355163574,48800,2,0.94375,152070.7028656006,48800,2,0.94375,154480.4672241211,48800,2,0.94375,170473.27172851563,48800,2,0.94375,152797.7667388916,48800,2,0.94375,164302.11848449707,48800,2,0.94375,277291.754486084,48800,2,1.16875,277172.75704956055,48800,2,1.16875,271047.14723205566,48800,2,1.16875,624217.6237792969,48800,2,1.16875,260885.3339691162,48800,2,1.16875,260043.77627563477,48800,2,1.16875,250519.5450744629,48800,2,1.16875,158300.50149536133,48800,2,1.16875,161978.47235107422,48800,2,1.16875,19205397.414108276,5400,400,400,400,400,5061,2484,400,400,400,5407,400,400,5401,400,400,5400,400,400,400,400,400,400,2506,400,2484,400,400,400,400,400,400,10.526315689086914,0,0,0,0,0,0,0,0,0,0,0,0,0,0,0,0,0,0,0,0,0,0,0,0,0,0,0,0,0,0,0,20475,15905,8559,41,0,20475,13200,12093,48,0,66718994432,8589930496,32274587648,786432
200,1791413344908,1516366.5853881836,48800,2,1.16875,153038.34358215332,48800,2,1.025,152070.70288085938,48800,2,1.025,154480.46725463867,48800,2,1.025,170473.2717437744,48800,2,1.025,152797.76678466797,48800,2,1.025,164302.11849975586,48800,2,1.025,277291.7558746338,48800,2,1.16875,277172.7579193115,48800,2,1.16875,271047.14796447754,48800,2,1.16875,624217.6245269775,48800,2,1.16875,260885.3347015381,48800,2,1.16875,260043.77697753906,48800,2,1.16875,250519.5457611084,48800,2,1.16875,158300.5015411377,48800,2,1.025,161978.4723815918,48800,2,1.025,19205407.04547119,5400,400,400,400,400,5061,2484,400,400,400,5407,400,400,5401,400,400,5400,400,400,400,400,400,400,2506,400,2484,400,400,400,400,400,400,14.285715103149414,0,0,0,0,0,0,0,0,0,0,0,0,0,0,0,0,0,0,0,0,0,0,0,0,0,0,0,0,0,0,0,20475,15905,8559,41,0,20475,13200,12093,47,0,66718994432,8589930496,32274587648,786432
200,1791413345108,1516366.6562194824,48800,2,1.16875,153038.3435974121,48800,2,1.09375,152070.70289611816,48800,2,1.09375,154480.46726989746,48800,2,1.09375,170473.271774292,48800,2,1.09375,152797.76681518555,48800,2,1.09375,164302.11853027344,48800,2,0.93125,277291.7571411133,48800,2,1.16875,277172.75883483887,3050,2,1.10625,271047.1486053467,3050,2,1.10625,624217.6251831055,3050,2,1.10625,260885.33529663086,3050,2,1.10625,260043.77757263184,3050,2,1.10625,250519.54635620117,3050,2,1.10625,158300.50158691406,48800,2,1.09375,161978.47241210938,48800,2,1.09375,19205416.599136353,5400,400,400,400,400,5061,2484,400,400,400,5407,400,400,5401,400,400,5400,400,400,400,400,400,400,2506,400,2484,400,400,400,400,400,400,10.526315689086914,0,0,0,0,0,0,0,0,0,0,0,0,0,0,0,0,0,0,0,0,0,0,0,0,0,0,0,0,0,0,0,20475,15905,8745,41,0,20475,13200,12093,47,0,66718994432,8589930496,32272490496,786432
200,1791413345308,1516366.7255706787,48800,2,1.13125,153038.3435974121,48800,2,1.125,152070.70289611816,48800,2,0.93125,154480.46726989746,48800,2,0.93125,170473.27178955078,48800,2,0.93125,152797.76681518555,48800,2,0.93125,164302.11853027344,48800,2,0.93125,277291.75776672363,48800,2,1.13125,277172.75967407227,48800,2,1.13125,271047.1492462158,48800,2,1.13125,624217.6258392334,48800,2,1.13125,260885.33587646484,48800,2,1.13125,260043.77815246582,48800,2,1.13125,250519.54693603516,48800,2,1.13125,158300.50160217285,48800,2,1.125,161978.47242736816,48800,2,1.125,19205426.18307495,5400,400,400,400,400,5061,2484,400,400,400,5407,400,400,5401,400,400,5400,400,400,400,400,400,400,2506,400,2484,400,400,400,400,400,400,14.285715103149414,0,0,0,0,0,0,0,0,0,0,0,0,0,0,0,0,0,0,0,0,0,0,0,0,0,0,0,0,0,0,0,20475,15905,8745,41,0,20475,13200,12093,47,0,66718994432,8589930496,32267358208,786432
200,1791413345509,1516366.7964324951,48800,2,1.16875,153038.34364318848,48800,2,1.025,152070.70292663574,48800,2,1.025,154480.46730041504,48800,2,1.025,170473.27182006836,48800,2,1.025,152797.76684570313,48800,2,1.025,164302.1185760498,48800,2,1.025,277291.7592010498,48800,2,1.16875,277172.7604522705,48800,2,1.16875,271047.1499481201,48800,2,1.16875,624217.6265258789,48800,2,1.16875,260885.3365020752,48800,2,1.16875,260043.77877807617,48800,2,1.16875,250519.54754638672,48800,2,1.16875,158300.501663208,48800,2,1.025,161978.47248840332,48800,2,1.025,19205435.796157837,5400,400,400,400,400,5061,2484,400,400,400,5407,400,400,5401,400,400,5400,400,400,400,400,400,400,2506,400,2484,400,400,400,400,400,400,10.526315689086914,0,0,0,0,0,0,0,0,0,0,0,0,0,0,0,0,0,0,0,0,0,0,0,0,0,0,0,0,0,0,0,20475,15905,8745,41,0,20475,13200,12093,47,0,66718994432,8589930496,32267071488,786432
200,1791413345709,1516366.864517212,48800,2,1.175,153038.34378051758,48800,2,1.1,152070.70306396484,48800,2,1.1,154480.46743774414,48800,2,1.1,170473.27197265625,48800,2,1.1,152797.76699829102,48800,2,1.1,164302.11874389648,48800,2,1.1,277291.7605743408,48800,2,1.175,277172.76135253906,3050,2,1.09375,271047.1508178711,3050,2,1.09375,624217.6273498535,3050,2,1.09375,260885.33726501465,3050,2,1.09375,260043.78007507324,3050,2,1.09375,250519.54832458496,3050,2,1.09375,158300.5018005371,48800,2,1.1,161978.4726409912,48800,2,1.1,19205445.677322388,5400,400,400,400,400,5061,2484,400,400,400,5407,400,400,5401,400,400,5400,400,400,400,400,400,400,2506,400,2484,400,400,400,400,400,400,14.285715103149414,0,0,0,0,0,0,0,0,0,0,0,0,0,0,0,0,0,0,0,0,0,0,0,0,0,0,0,0,0,0,0,20475,15905,8745,41,0,20475,13200,12093,47,0,66718994432,8589930496,32267071488,786432
200,1791413345909,1516366.9343261719,48800,2,1.125,153038.34378051758,48800,2,1.1375,152070.70306396484,48800,2,0.93125,154480.46743774414,48800,2,0.93125,170473.27198791504,48800,2,0.93125,152797.7670135498,48800,2,0.93125,164302.11874389648,48800,2,0.93125,277291.7613220215,48800,2,1.125,277172.76237487793,48800,2,1.125,271047.1515045166,48800,2,1.125,624217.6280212402,48800,2,1.125,260885.3379058838,48800,2,1.125,260043.7806854248,48800,2,1.125,250519.54893493652,48800,2,1.125,158300.5018310547,48800,2,1.1375,161978.47265625,48800,2,1.1375,19205455.19432068,5400,400,400,400,400,5061,2484,400,400,400,5407,400,400,5401,400,400,5400,400,400,400,400,400,400,2506,400,2484,400,400,400,400,400,400,10.526315689086914,0,0,0,0,0,0,0,0,0,0,0,0,0,0,0,0,0,0,0,0,0,0,0,0,0,0,0,0,0,0,0,20475,15905,8745,41,0,20475,13200,12093,47,0,66718994432,8589930496,32267071488,786432
200,1791413346110,1516367.0009307861,48800,2,1.16875,153038.34381103516,48800,2,1.01875,152070.70307922363,48800,2,1.01875,154480.46746826172,48800,2,1.01875,170473.27200317383,48800,2,1.01875,152797.76704406738,48800,2,1.01875,164302.11875915527,48800,2,1.01875,277291.76260375977,48800,2,1.16875,277172.76306152344,48800,2,1.16875,271047.1520996094,48800,2,1.16875,624217.6286621094,48800,2,1.16875,260885.3384552002,48800,2,1.16875,260043.7812347412,48800,2,1.16875,250519.54946899414,48800,2,1.16875,158300.50189208984,48800,2,1.01875,161978.47268676758,48800,2,1.01875,19205464.67564392,5400,400,400,400,400,5061,2484,400,400,400,5407,400,400,5401,400,400,5400,400,400,400,400,400,400,2506,400,2484,400,400,400,400,400,400,18.18181800842285,0,0,0,0,0,0,0,0,0,0,0,0,0,0,0,0,0,0,0,0,0,0,0,0,0,0,0,0,0,0,0,20475,15905,8751,41,0,20475,13200,12101,47,0,66718994432,8589930496,32267067392,786432
200,1791413346310,1516367.0695648193,48800,2,1.16875,153038.34382629395,48800,2,1.09375,152070.70309448242,48800,2,1.09375,154480.4674835205,48800,2,1.09375,170473.2720336914,48800,2,1.09375,152797.76707458496,48800,2,1.09375,164302.11878967285,48800,2,1.09375,277291.7636871338,48800,2,1.16875,277172.7639770508,48800,2,1.10625,271047.1527404785,3050,2,1.10625,624217.6293029785,3050,2,1.10625,260885.3390197754,3050,2,1.10625,260043.7817993164,3050,2,1.10625,250519.55003356934,3050,2,1.10625,158300.50192260742,48800,2,1.09375,161978.47271728516,48800,2,1.09375,19205474.233062744,5400,400,400,400,400,5061,2484,400,400,400,5407,400,400,5401,400,400,5400,400,400,400,400,400,400,2506,400,2484,400,400,400,400,400,400,10.526315689086914,0,0,0,0,0,0,0,0,0,0,0,0,0,0,0,0,0,0,0,0,0,0,0,0,0,0,0,0,0,0,0,20475,15905,8751,41,0,20475,13200,12101,47,0,66718994432,8589930496,32264683520,786432
200,1791413346510,1516367.1403045654,48800,2,1.13125,153038.34385681152,48800,2,1.125,152070.703125,48800,2,1.125,154480.4675140381,48800,2,0.93125,170473.27206420898,48800,2,0.93125,152797.76710510254,48800,2,0.93125,164302.11882019043,48800,2,0.93125,277291.7649230957,48800,2,1.13125,277172.7650604248,48800,2,1.13125,271047.1534576416,48800,2,1.13125,624217.6299591064,48800,2,1.13125,260885.33961486816,48800,2,1.13125,260043.78239440918,48800,2,1.13125,250519.5506286621,48800,2,1.13125,158300.5019683838,48800,2,1.125,161978.47276306152,48800,2,1.125,19205483.68310547,5400,400,400,400,400,5061,2484,400,400,400,5407,400,400,5401,400,400,5400,400,400,400,400,400,400,2506,400,2484,400,400,400,400,400,400,10,0,0,0,0,0,0,0,0,0,0,0,0,0,0,0,0,0,0,0,0,0,0,0,0,0,4.545454502105713,0,0,0,0,0,20475,15905,8751,41,0,20475,13200,12101,47,0,66718994432,8589930496,32264396800,786432
200,1791413346711,1516367.2099456787,48800,2,1.16875,153038.3439025879,48800,2,1.0125000000000002,152070.70315551758,48800,2,1.0125000000000002,154480.46755981445,48800,2,1.0125000000000002,170473.27209472656,48800,2,1.0125000000000002,152797.76713562012,48800,2,1.0125000000000002,164302.1188659668,48800,2,1.0125000000000002,277291.7663269043,48800,2,1.16875,277172.76599121094,48800,2,1.16875,271047.1541290283,48800,2,1.16875,624217.6306610107,48800,2,1.16875,260885.34024047852,48800,2,1.16875,260043.78302001953,48800,2,1.16875,250519.55125427246,48800,2,1.16875,158300.50202941895,48800,2,1.0125000000000002,161978.4728088379,48800,2,1.0125000000000002,19205493.23977661,5400,400,400,400,400,5061,2484,400,400,400,5407,400,400,5401,400,400,5400,400,400,400,400,400,400,2506,400,2484,400,400,400,400,400,400,15.000000953674316,0,0,0,0,0,0,0,0,0,0,0,0,0,0,0,0,0,0,0,0,0,0,0,0,0,0,0,0,0,0,0,20475,15905,8751,41,0,20475,13200,12101,47,0,66718994432,8589930496,32264396800,786432
200,1791413346911,1516367.278213501,48800,2,1.175,153038.34391784668,48800,2,1.1,152070.70317077637,48800,2,1.1,154480.46757507324,48800,2,1.1,170473.27212524414,48800,2,1.1,152797.76718139648,48800,2,1.1,164302.11889648438,48800,2,1.1,277291.7676086426,48800,2,1.175,277172.7668762207,48800,2,1.175,271047.15476989746,3050,2,1.10625,624217.6313171387,3050,2,1.10625,260885.3408355713,3050,2,1.10625,260043.7836151123,3050,2,1.10625,250519.55184936523,3050,2,1.10625,158300.5020751953,48800,2,1.1,161978.47283935547,48800,2,1.1,19205502.83895874,5400,400,400,400,400,5061,2484,400,400,400,5407,400,400,5401,400,400,5400,400,400,400,400,400,400,2506,400,2484,400,400,400,400,400,400,10.526315689086914,0,0,0,0,0,0,0,0,0,0,0,0,0,0,0,0,0,0,0,0,0,0,0,0,0,0,0,0,0,0,0,20475,15905,8751,41,0,20475,13200,12101,47,0,66718994432,8589930496,32264396800,786432
200,1791413347111,1516367.3480682373,48800,2,1.1375,153038.34394836426,48800,2,1.13125,152070.70320129395,48800,2,1.13125,154480.46760559082,48800,2,0.93125,170473.27215576172,48800,2,0.93125,152797.76721191406,48800,2,0.93125,164302.11892700195,48800,2,0.93125,277291.76832580566,48800,2,1.1375,277172.76805114746,48800,2,1.1375,271047.1554107666,48800,2,1.1375,624217.6319580078,48800,2,1.1375,260885.34140014648,48800,2,1.1375,260043.7841949463,48800,2,1.1375,250519.55241394043,48800,2,1.1375,158300.50212097168,48800,2,1.13125,161978.47288513184,48800,2,1.13125,19205512.236312866,5400,400,400,400,400,5061,2484,400,400,400,5407,400,400,5401,400,400,5400,400,400,400,400,400,400,2506,400,2484,400,400,400,400,400,400,14.285715103149414,0,0,0,0,0,0,0,0,0,0,0,0,0,0,0,0,0,0,0,0,0,0,0,0,0,0,0,0,0,0,0,20475,15905,8667,41,0,20475,13200,12131,47,0,66718994432,8589930496,32262561792,786432
200,1791413347312,1516367.4183654785,48800,2,1.16875,153038.34396362305,48800,2,1.01875,152070.70320129395,48800,2,1.01875,154480.4676208496,48800,2,1.01875,170473.2721710205,48800,2,1.01875,152797.76722717285,48800,2,1.01875,164302.11892700195,48800,2,1.01875,277291.76988220215,48800,2,1.16875,277172.76887512207,48800,2,1.16875,271047.1560974121,48800,2,1.16875,624217.6326751709,48800,2,1.16875,260885.34204101563,48800,2,1.16875,260043.78483581543,48800,2,1.16875,250519.55305480957,48800,2,1.16875,158300.50215148926,48800,2,1.01875,161978.47290039063,48800,2,1.01875,19205521.787979126,5400,400,400,400,400,5061,2484,400,400,400,5407,400,400,5401,400,400,5400,400,400,400,400,400,400,2506,400,2484,400,400,400,400,400,400,10.526315689086914,0,0,0,0,0,0,0,0,0,0,0,0,0,0,0,0,0,0,0,0,0,0,0,0,0,0,0,0,0,0,0,20475,15905,8667,41,0,20475,13200,12131,47,0,66718994432,8589930496,32261660672,786432
199,1791413347512,1516367.4860839844,48800,2,1.09375,153038.34397888184,48800,2,1.1,152070.70321655273,48800,2,1.1,154480.4676361084,48800,2,1.1,170473.2722015381,48800,2,1.1,152797.76725769043,48800,2,0.925,164302.11897277832,48800,2,0.925,277291.77114868164,3050,2,1.10625,277172.769821167,3050,2,1.10625,271047.1566925049,3050,2,1.10625,624217.63331604,3050,2,1.10625,260885.3426361084,3050,2,1.10625,260043.7854309082,3050,2,1.10625,250519.55368041992,3050,2,1.10625,158300.50219726563,48800,2,1.1,161978.4729309082,48800,2,1.1,19205531.30644226,5400,400,400,400,400,5061,2484,400,400,400,5407,400,400,5401,400,400,5400,400,400,400,400,400,400,2506,400,2484,400,400,400,400,400,400,5,0,0,0,0,0,0,0,10,0,0,0,0,0,0,0,0,0,0,0,0,0,0,0,0,0,0,0,0,0,0,0,20475,15905,8667,41,0,20475,13200,12131,47,0,66718994432,8589930496,32249749504,786432
200,1791413347712,1516367.5582580566,3050,0,0.56875,153038.34399414063,48800,2,0.93125,152070.70323181152,48800,2,0.93125,154480.4676513672,48800,2,0.93125,170473.27221679688,48800,2,0.93125,152797.76727294922,48800,2,0.93125,164302.1190032959,48800,2,0.93125,277291.77180480957,3050,2,0.56875,277172.7709503174,3050,2,0.56875,271047.1573486328,3050,2,0.56875,624217.6340942383,3050,2,0.56875,260885.34329223633,3050,2,0.56875,260043.78607177734,3050,2,0.56875,250519.55435180664,3050,2,0.56875,158300.5022277832,48800,2,0.93125,161978.47296142578,48800,2,0.93125,19205541.026153564,5400,400,400,400,400,5061,2484,400,400,400,5407,400,400,5401,400,400,5400,400,400,400,400,400,400,2506,400,2484,400,400,400,400,400,400,0,0,0,0,0,0,0,0,10,0,0,0,0,0,0,0,0,0,0,0,0,0,0,0,0,0,0,0,0,0,0,0,20475,15905,8667,41,0,20475,13200,12131,47,0,66718994432,8589930496,32258863104,786432
199,1791413347912,1516367.6284637451,48800,2,1.05,153038.344039917,48800,2,0.96875,152070.7032775879,48800,2,0.96875,154480.46769714355,48800,2,0.96875,170473.27226257324,48800,2,0.96875,152797.76733398438,48800,2,0.96875,164302.11904907227,48800,2,0.96875,277291.7724609375,48800,2,1.05,277172.7720489502,48800,2,1.05,271047.15800476074,48800,2,1.05,624217.6348266602,48800,2,1.05,260885.3448791504,48800,2,1.05,260043.78672790527,48800,2,1.05,250519.55500793457,48800,2,1.05,158300.50228881836,48800,2,0.96875,161978.47300720215,48800,2,0.96875,19205550.666122437,5400,400,400,400,400,5061,2484,400,400,400,5407,400,400,5401,400,400,5400,400,400,400,400,400,400,2506,400,2484,400,400,400,400,400,400,0,0,0,0,0,0,0,0,15.000000953674316,0,0,0,0,0,0,0,0,0,0,0,0,0,0,0,0,0,0,0,0,0,4.761904716491699,0,20475,15905,8667,41,0,20475,13200,12131,47,0,66718994432,8589930496,32258863104,786432
200,1791413348112,1516367.6956939697,48800,2,0.91875,153038.34407043457,48800,2,0.63125,152070.70329284668,48800,2,0.63125,154480.46771240234,48800,2,0.63125,170473.27227783203,48800,2,0.63125,152797.76734924316,48800,2,0.63125,164302.11906433105,48800,2,0.63125,277291.77307128906,48800,2,0.91875,277172.7730102539,48800,2,0.91875,271047.1586151123,48800,2,0.91875,624217.6354827881,48800,2,0.91875,260885.34548950195,48800,2,0.91875,260043.78733825684,48800,2,0.91875,250519.55563354492,48800,2,0.91875,158300.50233459473,48800,2,0.63125,161978.47303771973,48800,2,0.63125,19205560.224639893,5400,400,400,400,400,5061,2484,400,400,400,5407,400,400,5401,400,400,5400,400,400,400,400,400,400,2506,400,2484,400,400,400,400,400,400,0,0,0,0,0,0,0,0,10,0,0,0,0,0,0,0,0,0,0,0,0,0,0,0,0,0,0,0,0,0,0,0,20475,15905,8676,41,0,20475,13200,12151,47,0,66718994432,8589930496,32258863104,786432
200,1791413348313,1516367.7665405273,48800,2,1.05625,153038.34414672852,48800,2,1.0625,152070.70333862305,48800,2,1.0625,154480.4677734375,48800,2,1.0625,170473.2723236084,48800,2,1.0625,152797.76739501953,48800,2,0.93125,164302.11911010742,48800,2,0.93125,277291.77377319336,3050,2,1.05625,277172.7741546631,3050,2,1.05625,271047.1593170166,3050,2,1.05625,624217.6362915039,3050,2,1.05625,260885.34616088867,3050,2,1.05625,260043.78802490234,3050,2,1.05625,250519.55632019043,3050,2,1.05625,158300.50241088867,48800,2,1.0625,161978.47309875488,48800,2,1.0625,19205569.88900757,5400,400,400,400,400,5061,2484,400,400,400,5407,400,400,5401,400,400,5400,400,400,400,400,400,400,2506,400,2484,400,400,400,400,400,400,0,0,0,0,0,0,0,0,15.000000953674316,0,0,0,0,0,0,0,0,0,0,0,0,0,0,0,0,0,0,0,0,0,0,0,20475,15905,8676,41,0,20475,13200,12151,47,0,66718994432,8589930496,32256208896,786432
200,1791413348513,1516367.8370666504,48800,2,1.125,153038.34419250488,48800,2,1.1375,152070.70335388184,48800,2,1.1375,154480.46780395508,48800,2,0.93125,170473.2723388672,48800,2,0.93125,152797.7674255371,48800,2,0.93125,164302.1191253662,48800,2,0.93125,277291.7743988037,48800,2,1.125,277172.7759246826,48800,2,1.125,271047.15992736816,48800,2,1.125,624217.6369628906,48800,2,1.125,260885.34677124023,48800,2,1.125,260043.7886352539,48800,2,1.125,250519.55694580078,48800,2,1.125,158300.50247192383,48800,2,1.1375,161978.47312927246,48800,2,1.1375,19205579.36114502,5400,400,400,400,400,5061,2484,400,400,400,5407,400,400,5401,400,400,5400,400,400,400,400,400,400,2506,400,2484,400,400,400,400,400,400,0,0,0,0,0,0,0,0,10,0,0,0,0,0,0,0,0,0,0,0,0,0,0,0,0,0,0,0,0,0,0,0,20475,15905,8676,41,0,20475,13200,12151,47,0,66718994432,8589930496,32261599232,786432
200,1791413348713,1516367.9054260254,48800,2,1.16875,153038.34419250488,48800,2,0.9812500000000001,152070.70335388184,48800,2,0.9812500000000001,154480.46780395508,48800,2,0.9812500000000001,170473.2723388672,48800,2,0.9812500000000001,152797.7674255371,48800,2,0.9812500000000001,164302.1191253662,48800,2,0.9812500000000001,277291.77502441406,48800,2,1.16875,277172.7770690918,48800,2,1.16875,271047.1605682373,48800,2,1.16875,624217.6377716064,48800,2,1.16875,260885.3473815918,48800,2,1.16875,260043.78924560547,48800,2,1.16875,250519.55757141113,48800,2,1.16875,158300.5025177002,48800,2,0.9812500000000001,161978.47315979004,48800,2,0.9812500000000001,19205588.86125183,5400,400,400,400,400,5061,2484,400,400,400,5407,400,400,5401,400,400,5400,400,400,400,400,400,400,2506,400,2484,400,400,400,400,400,400,0,0,0,0,0,0,0,0,15.000000953674316,0,0,0,0,0,0,0,0,0,0,0,0,0,0,0,0,0,0,0,0,0,0,0,20475,15905,8676,41,0,20475,13200,12151,47,0,66718994432,8589930496,32261599232,786432
200,1791413348914,1516367.9739685059,48800,2,1.16875,153038.34422302246,48800,2,1.0625,152070.70336914063,48800,2,1.0625,154480.46783447266,48800,2,1.0625,170473.27235412598,48800,2,1.0625,152797.7674560547,48800,2,1.0625,164302.119140625,48800,2,1.0625,277291.77560424805,48800,2,1.16875,277172.77841186523,48800,2,1.16875,271047.1611328125,48800,2,1.16875,624217.638381958,48800,2,1.16875,260885.347946167,48800,2,1.16875,260043.78981018066,3050,2,1.05625,250519.55815124512,3050,2,1.05625,158300.50259399414,48800,2,1.0625,161978.47319030762,48800,2,1.0625,19205598.367538452,5400,400,400,400,400,5061,2484,400,400,400,5407,400,400,5401,400,400,5400,400,400,400,400,400,400,2506,400,2484,400,400,400,400,400,400,0,0,0,0,0,0,0,0,10,0,0,0,0,0,0,0,0,0,0,0,0,0,0,0,0,0,0,0,0,0,0,0,20475,15905,8676,41,0,20475,13200,12151,47,0,66718994432,8589930496,32261595136,786432
200,1791413349114,1516368.0445098877,48800,2,1.1375,153038.34426879883,48800,2,1.1375,152070.7033996582,48800,2,1.1375,154480.46786499023,48800,2,1.1375,170473.27238464355,48800,2,0.93125,152797.76748657227,48800,2,0.93125,164302.11917114258,48800,2,0.93125,277291.7762451172,48800,2,1.1375,277172.78059387207,48800,2,1.1375,271047.16177368164,48800,2,1.1375,624217.6391906738,48800,2,1.1375,260885.34855651855,48800,2,1.1375,260043.79042053223,48800,2,1.1375,250519.55877685547,48800,2,1.1375,158300.5026702881,48800,2,1.1375,161978.4732208252,48800,2,1.1375,19205607.879776,5400,400,400,400,400,5061,2484,400,400,400,5407,400,400,5401,400,400,5400,400,400,400,400,400,400,2506,400,2484,400,400,400,400,400,400,0,0,0,0,0,0,0,0,15.000000953674316,0,0,0,0,0,0,0,0,0,0,0,0,0,0,0,0,0,0,0,0,0,0,0,20475,15905,8628,41,0,20475,13200,12123,47,0,66718994432,8589930496,32259993600,786432
200,1791413349314,1516368.1149749756,48800,2,1.16875,153038.34426879883,48800,2,0.9812500000000001,152070.7033996582,48800,2,0.9812500000000001,154480.46786499023,48800,2,0.9812500000000001,170473.27238464355,48800,2,0.9812500000000001,152797.76748657227,48800,2,0.9812500000000001,164302.11917114258,48800,2,0.9812500000000001,277291.7769165039,48800,2,1.16875,277172.7821960449,48800,2,1.16875,271047.16244506836,48800,2,1.16875,624217.6399688721,48800,2,1.16875,260885.34922790527,48800,2,1.16875,260043.79109191895,48800,2,1.16875,250519.55946350098,48800,2,1.16875,158300.50271606445,48800,2,0.9812500000000001,161978.47323608398,48800,2,0.9812500000000001,19205617.355682373,5400,400,400,400,400,5061,2484,400,400,400,5407,400,400,5401,400,400,5400,400,400,400,400,400,400,2506,400,2484,400,400,400,400,400,400,0,0,0,0,0,0,0,0,14.285715103149414,0,0,0,0,0,0,0,0,0,0,0,0,0,0,0,0,0,0,0,0,0,0,0,20475,15905,8628,41,0,20475,13200,12123,47,0,66718994432,8589930496,32259301376,786432
200,1791413349515,1516368.1831359863,48800,2,1.16875,153038.34432983398,48800,2,1.05,152070.703414917,48800,2,1.05,154480.4678955078,48800,2,1.05,170473.27239990234,48800,2,1.05,152797.76751708984,48800,2,1.05,164302.11920166016,48800,2,1.05,277291.777633667,48800,2,1.16875,277172.7831726074,48800,2,1.16875,271047.16317749023,48800,2,1.16875,624217.6407470703,48800,2,1.16875,260885.34991455078,3050,2,1.05625,260043.79177856445,3050,2,1.05625,250519.56016540527,3050,2,1.05625,158300.5027770996,48800,2,1.05,161978.47326660156,48800,2,1.05,19205627.025543213,5400,400,400,400,400,5061,2484,400,400,400,5407,400,400,5401,400,400,5400,400,400,400,400,400,400,2506,400,2484,400,400,400,400,400,400,0,0,0,0,0,0,0,0,15.000000953674316,0,0,0,0,0,0,0,0,0,0,0,0,0,0,0,0,0,0,0,0,0,0,0,20475,15905,8628,41,0,20475,13200,12123,47,0,66718994432,8589930496,32259301376,786432
200,1791413349715,1516368.2530670166,48800,2,1.125,153038.34448242188,48800,2,1.13125,152070.70356750488,48800,2,1.13125,154480.4680480957,48800,2,1.13125,170473.27255249023,48800,2,1.13125,152797.76766967773,48800,2,0.93125,164302.11936950684,48800,2,0.93125,277291.7783203125,48800,2,1.125,277172.78515625,48800,2,1.125,271047.16387939453,48800,2,1.125,624217.641494751,48800,2,1.125,260885.3506011963,48800,2,1.125,260043.79248046875,48800,2,1.125,250519.56088256836,48800,2,1.125,158300.5029144287,48800,2,1.13125,161978.47341918945,48800,2,1.13125,19205636.76261902,5400,400,400,400,400,5061,2484,400,400,400,5407,400,400,5401,400,400,5400,400,400,400,400,400,400,2506,400,2484,400,400,400,400,400,400,0,0,0,0,0,0,0,0,10.526315689086914,0,0,0,0,0,0,0,0,0,0,0,0,0,0,0,0,0,0,0,0,0,0,0,20475,15905,8628,41,0,20475,13200,12123,47,0,66718994432,8589930496,32259297280,786432
200,1791413349915,1516368.3209991455,48800,2,1.16875,153038.34451293945,48800,2,0.975,152070.70358276367,48800,2,0.975,154480.4680633545,48800,2,0.975,170473.27256774902,48800,2,0.975,152797.7677001953,48800,2,0.975,164302.11938476563,48800,2,0.975,277291.77893066406,48800,2,1.16875,277172.78689575195,48800,2,1.16875,271047.1644897461,48800,2,1.16875,624217.6421661377,48800,2,1.16875,260885.35118103027,48800,2,1.16875,260043.79306030273,48800,2,1.16875,250519.56147766113,48800,2,1.16875,158300.50296020508,48800,2,0.975,161978.47344970703,48800,2,0.975,19205646.239364624,5400,400,400,400,400,5061,2484,400,400,400,5407,400,400,5401,400,400,5400,400,400,400,400,400,400,2506,400,2484,400,400,400,400,400,400,0,0,0,0,0,0,0,0,14.285715103149414,0,0,0,0,0,0,0,0,0,0,0,0,0,0,0,0,0,0,0,0,0,0,0,20475,15905,8628,41,0,20475,13200,12123,47,0,66718994432,8589930496,32259297280,786432
200,1791413350116,1516368.389175415,48800,2,1.16875,153038.34451293945,48800,2,1.05,152070.70359802246,48800,2,1.05,154480.4680633545,48800,2,1.05,170473.27256774902,48800,2,1.05,152797.7677001953,48800,2,1.05,164302.11938476563,48800,2,1.05,277291.77951049805,48800,2,1.16875,277172.78857421875,48800,2,1.16875,271047.16508483887,48800,2,1.16875,624217.6427612305,48800,2,1.16875,260885.35174560547,48800,2,1.16875,260043.79362487793,3050,2,1.05,250519.56205749512,3050,2,1.05,158300.50299072266,48800,2,1.05,161978.47346496582,48800,2,1.05,19205655.70654297,5400,400,400,400,400,5061,2484,400,400,400,5407,400,400,5401,400,400,5400,400,400,400,400,400,400,2506,400,2484,400,400,400,400,400,400,0,0,0,0,0,0,0,0,10.526315689086914,0,0,0,0,0,0,0,0,0,0,0,0,0,0,0,0,0,0,0,0,0,0,0,20475,15905,8583,41,0,20475,13200,12085,47,0,66718994432,8589930496,32259297280,786432
200,1791413350316,1516368.457107544,48800,2,1.1375,153038.34455871582,48800,2,1.1375,152070.70364379883,48800,2,1.1375,154480.46810913086,48800,2,1.1375,170473.2726135254,48800,2,1.1375,152797.76774597168,48800,2,0.93125,164302.119430542,48800,2,0.93125,277291.7801361084,48800,2,1.1375,277172.7903442383,48800,2,1.1375,271047.1657104492,48800,2,1.1375,624217.6435241699,48800,2,1.1375,260885.35235595703,48800,2,1.1375,260043.7942352295,48800,2,1.1375,250519.56268310547,48800,2,1.1375,158300.50303649902,48800,2,1.1375,161978.4735107422,48800,2,1.1375,19205665.202468872,5400,400,400,400,400,5061,2484,400,400,400,5407,400,400,5401,400,400,5400,400,400,400,400,400,400,2506,400,2484,400,400,400,400,400,400,0,0,0,0,0,0,0,0,14.285715103149414,0,0,0,0,0,0,0,0,0,0,0,0,0,0,0,0,0,0,0,0,0,0,0,20475,15905,8583,41,0,20475,13200,12085,47,0,66718994432,8589930496,32258695168,786432
200,1791413350516,1516368.5228729248,48800,2,1.16875,153038.3445892334,48800,2,0.975,152070.70364379883,48800,2,0.975,154480.46810913086,48800,2,0.975,170473.2726135254,48800,2,0.975,152797.76774597168,48800,2,0.975,164302.119430542,48800,2,0.975,277291.7814941406,48800,2,1.16875,277172.7917175293,48800,2,1.16875,271047.16635131836,48800,2,1.16875,624217.6441955566,48800,2,1.16875,260885.35298156738,48800,2,1.16875,260043.79483032227,48800,2,1.16875,250519.56329345703,48800,2,1.16875,158300.5030822754,48800,2,0.975,161978.47354125977,48800,2,0.975,19205674.62966919,5400,400,400,400,400,5061,2484,400,400,400,5407,400,400,5401,400,400,5400,400,400,400,400,400,400,2506,400,2484,400,400,400,400,400,400,14.285715103149414,0,0,0,0,0,0,0,0,0,0,0,0,0,0,0,0,0,0,0,0,0,0,0,0,0,0,0,0,0,0,0,20475,15905,8583,41,0,20475,13200,12085,47,0,66718994432,8589930496,32274341888,786432
200,1791413350717,1516368.589050293,48800,2,1.16875,153038.3445892334,48800,2,1.05,152070.70364379883,48800,2,1.05,154480.46810913086,48800,2,1.05,170473.2726135254,48800,2,1.05,152797.76774597168,48800,2,1.05,164302.119430542,48800,2,1.05,277291.78269958496,48800,2,1.16875,277172.79318237305,48800,2,1.16875,271047.16693115234,48800,2,1.16875,624217.6448364258,48800,2,1.16875,260885.35354614258,48800,2,1.16875,260043.79539489746,48800,2,1.16875,250519.56387329102,3050,2,1.05625,158300.50309753418,48800,2,1.05,161978.47355651855,48800,2,1.05,19205684.114883423,5400,400,400,400,400,5061,2484,400,400,400,5407,400,400,5401,400,400,5400,400,400,400,400,400,400,2506,400,2484,400,400,400,400,400,400,10.526315689086914,0,0,0,0,0,0,0,0,0,0,0,0,0,0,0,0,0,0,0,0,0,0,0,0,0,0,0,0,0,0,0,20475,15905,8583,41,0,20475,13200,12085,47,0,66718994432,8589930496,32274337792,786432
200,1791413350917,1516368.6580963135,48800,2,1.125,153038.34463500977,48800,2,1.13125,152070.7036743164,48800,2,1.13125,154480.46813964844,48800,2,1.13125,170473.27265930176,48800,2,1.13125,152797.76779174805,48800,2,1.13125,164302.11946105957,48800,2,1.13125,277291.78340148926,48800,2,1.125,277172.79469299316,48800,2,1.125,271047.1675415039,48800,2,1.125,624217.6454772949,48800,2,1.125,260885.35415649414,48800,2,1.125,260043.79597473145,48800,2,1.125,250519.5644683838,48800,2,1.125,158300.50315856934,48800,2,1.13125,161978.47358703613,48800,2,1.13125,19205693.590408325,5400,400,400,400,400,5061,2484,400,400,400,5407,400,400,5401,400,400,5400,400,400,400,400,400,400,2506,400,2484,400,400,400,400,400,400,14.285715103149414,0,0,0,0,0,0,0,0,0,0,0,0,0,0,0,0,0,0,0,0,0,0,0,0,0,0,4.761904716491699,0,0,0,0,20475,15905,8583,41,0,20475,13200,12085,47,0,66718994432,8589930496,32274337792,786432
200,1791413351117,1516368.7265167236,48800,2,1.16875,153038.3447265625,48800,2,0.9625,152070.70370483398,48800,2,0.9625,154480.46817016602,48800,2,0.9625,170473.27268981934,48800,2,0.9625,152797.76782226563,48800,2,0.9625,164302.11949157715,48800,2,0.9625,277291.7847747803,48800,2,1.16875,277172.7963562012,48800,2,1.16875,271047.16815185547,48800,2,1.16875,624217.6461639404,48800,2,1.16875,260885.35473632813,48800,2,1.16875,260043.79655456543,48800,2,1.16875,250519.56506347656,48800,2,1.16875,158300.5032043457,48800,2,1.16875,161978.4736328125,48800,2,0.9625,19205703.0748291,5400,400,400,400,400,5061,2484,400,400,400,5407,400,400,5401,400,400,5400,400,400,400,400,400,400,2506,400,2484,400,400,400,400,400,400,10.526315689086914,0,0,0,0,0,0,0,0,0,0,0,0,0,0,0,0,0,0,0,0,0,0,0,0,0,0,0,0,0,0,0,20475,15905,8548,41,0,20475,13200,12080,47,0,66718994432,8589930496,32272936960,786432
200,1791413351318,1516368.7949371338,48800,2,1.16875,153038.3447265625,48800,2,1.0437500000000002,152070.70370483398,48800,2,1.0437500000000002,154480.46817016602,48800,2,1.0437500000000002,170473.27268981934,48800,2,1.0437500000000002,152797.76782226563,48800,2,1.0437500000000002,164302.11949157715,48800,2,1.0437500000000002,277291.7858886719,48800,2,1.16875,277172.79777526855,48800,2,1.16875,271047.1687774658,48800,2,1.16875,624217.6468963623,48800,2,1.16875,260885.3553466797,48800,2,1.16875,260043.797164917,48800,2,1.16875,250519.5656890869,48800,2,1.16875,158300.50323486328,48800,2,1.0437500000000002,161978.4736480713,48800,2,1.0437500000000002,19205712.705047607,5400,400,400,400,400,5061,2484,400,400,400,5407,400,400,5401,400,400,5400,400,400,400,400,400,400,2506,400,2484,400,400,400,400,400,400,14.285715103149414,0,0,0,0,0,0,0,0,0,0,0,0,0,0,0,0,0,0,0,0,0,0,0,0,0,0,0,0,0,0,0,20475,15905,8548,41,0,20475,13200,12080,47,0,66718994432,8589930496,32270036992,786432
200,1791413351518,1516368.863494873,48800,2,1.125,153038.34475708008,48800,2,1.13125,152070.70372009277,48800,2,1.13125,154480.4682006836,48800,2,1.13125,170473.2727203369,48800,2,1.13125,152797.7678527832,48800,2,1.13125,164302.11952209473,48800,2,1.13125,277291.78691101074,48800,2,1.125,277172.7992553711,48800,2,1.125,271047.1693878174,48800,2,1.125,624217.6475830078,48800,2,1.125,260885.35594177246,48800,2,1.125,260043.79774475098,48800,2,1.125,250519.56629943848,48800,2,1.125,158300.50326538086,48800,2,1.13125,161978.47367858887,48800,2,1.13125,19205722.13644409,5400,400,400,400,400,5061,2484,400,400,400,5407,400,400,5401,400,400,5400,400,400,400,400,400,400,2506,400,2484,400,400,400,400,400,400,15.000000953674316,0,0,0,0,0,0,0,0,0,0,0,0,0,0,0,0,0,0,0,0,0,0,0,0,0,0,0,0,0,0,0,20475,15905,8548,41,0,20475,13200,12080,47,0,66718994432,8589930496,32270036992,786432
200,1791413351718,1516368.9302368164,48800,2,1.16875,153038.34478759766,48800,2,0.96875,152070.70373535156,48800,2,0.96875,154480.46823120117,48800,2,0.96875,170473.2727355957,48800,2,0.96875,152797.76788330078,48800,2,0.96875,164302.1195678711,48800,2,0.96875,277291.7884979248,48800,2,1.16875,277172.8018798828,48800,2,1.16875,271047.17001342773,48800,2,1.16875,624217.6482543945,48800,2,1.16875,260885.35655212402,48800,2,1.16875,260043.79835510254,48800,2,1.16875,250519.56692504883,48800,2,1.16875,158300.50332641602,48800,2,1.16875,161978.47370910645,48800,2,0.96875,19205731.618011475,5400,400,400,400,400,5061,2484,400,400,400,5407,400,400,5401,400,400,5400,400,400,400,400,400,400,2506,400,2484,400,400,400,400,400,400,10.526315689086914,0,0,0,0,0,0,0,0,0,0,4.761904716491699,0,0,0,0,0,0,0,0,0,0,0,0,0,4.761904716491699,0,0,0,0,0,0,20475,15905,8548,41,0,20475,13200,12080,47,0,66718994432,8589930496,32270032896,786432
200,1791413351919,1516368.9958648682,48800,2,1.16875,153038.34480285645,48800,2,1.0375,152070.70373535156,48800,2,1.0375,154480.46823120117,48800,2,1.0375,170473.27278137207,48800,2,1.0375,152797.76788330078,48800,2,1.0375,164302.1195678711,48800,2,1.0375,277291.78970336914,48800,2,1.16875,277172.8028717041,48800,2,1.16875,271047.1706237793,48800,2,1.16875,624217.6488800049,48800,2,1.16875,260885.3571624756,48800,2,1.16875,260043.79893493652,48800,2,1.16875,250519.5675201416,48800,2,1.16875,158300.5033416748,48800,2,1.0375,161978.47372436523,48800,2,1.0375,19205741.12449646,5400,400,400,400,400,5061,2484,400,400,400,5407,400,400,5401,400,400,5400,400,400,400,400,400,400,2506,400,2484,400,400,400,400,400,400,14.285715103149414,0,0,0,0,0,0,0,0,0,0,0,0,0,0,0,0,0,0,0,0,0,0,0,0,0,0,0,0,0,0,0,20475,15905,8548,41,0,20475,13200,12080,47,0,66718994432,8589930496,32270032896,786432
200,1791413352119,1516369.0658111572,48800,2,1.1125,153038.3448638916,48800,2,1.125,152070.70379638672,48800,2,1.125,154480.46829223633,48800,2,1.125,170473.27284240723,48800,2,1.125,152797.76795959473,48800,2,1.125,164302.11962890625,48800,2,1.125,277291.7907714844,48800,2,1.1125,277172.80558776855,48800,2,1.1125,271047.1712799072,48800,2,1.1125,624217.6496276855,48800,2,1.1125,260885.35778808594,48800,2,1.1125,260043.79956054688,48800,2,1.1125,250519.56816101074,48800,2,1.1125,158300.50340270996,48800,2,1.125,161978.4737854004,48800,2,1.125,19205750.7215271,5400,400,400,400,400,5061,2484,400,400,400,5407,400,400,5401,400,400,5400,400,400,400,400,400,400,2506,400,2484,400,400,400,400,400,400,10.526315689086914,0,0,0,0,0,0,0,0,0,0,0,0,0,0,0,0,0,0,0,0,0,0,0,0,0,0,0,0,0,0,0,20475,15905,8505,41,0,20475,13200,12109,47,0,66718994432,8589930496,32270032896,786432
200,1791413352319,1516369.1308135986,48800,2,1.0875,153038.3448638916,48800,2,1.1,152070.70379638672,48800,2,1.1,154480.46829223633,48800,2,0.95,170473.27284240723,48800,2,0.95,152797.76795959473,48800,2,0.95,164302.11962890625,48800,2,0.95,277291.792098999,48800,2,1.0875,277172.8081665039,48800,2,1.0875,271047.17182922363,48800,2,1.0875,624217.6502532959,48800,2,1.0875,260885.35833740234,48800,2,1.0875,260043.80010986328,48800,2,1.0875,250519.56872558594,48800,2,1.0875,158300.50341796875,48800,2,1.1,161978.47380065918,48800,2,1.1,19205760.211349487,5400,400,400,400,400,5061,2484,400,400,400,5407,400,400,5401,400,400,5400,400,400,400,400,400,400,2506,400,2484,400,400,400,400,400,400,14.285715103149414,0,0,0,0,0,0,0,0,0,0,0,0,0,0,0,0,0,0,0,0,0,0,0,0,0,0,0,0,0,0,0,20475,15905,8505,41,0,20475,13200,12109,47,0,66718994432,8589930496,32269570048,786432
200,1791413352520,1516369.1990356445,48800,2,1.16875,153038.3448638916,48800,2,1.05,152070.70379638672,48800,2,1.05,154480.46829223633,48800,2,1.05,170473.27284240723,48800,2,1.05,152797.76795959473,48800,2,1.05,164302.11962890625,48800,2,1.05,277291.7933502197,48800,2,1.16875,277172.80920410156,48800,2,1.16875,271047.172454834,48800,2,1.16875,624217.650894165,48800,2,1.16875,260885.35891723633,48800,2,1.16875,260043.80068969727,48800,2,1.16875,250519.5693206787,48800,2,1.16875,158300.50344848633,48800,2,1.05,161978.47381591797,48800,2,1.05,19205769.70666504,5400,400,400,400,400,5061,2484,400,400,400,5407,400,400,5401,400,400,5400,400,400,400,400,400,400,2506,400,2484,400,400,400,400,400,400,10.526315689086914,0,0,0,0,0,0,0,0,0,0,0,0,0,0,0,0,0,0,0,0,0,0,0,0,0,0,0,0,0,0,0,20475,15905,8505,41,0,20475,13200,12109,47,0,66718994432,8589930496,32269565952,786432
200,1791413352720,1516369.2669677734,3050,2,1.11875,153038.3448791504,48800,2,1.11875,152070.7038116455,48800,2,1.11875,154480.4683227539,48800,2,1.11875,170473.2728729248,48800,2,1.11875,152797.7679901123,48800,2,0.93125,164302.11967468262,48800,2,0.93125,277291.7940826416,3050,2,1.11875,277172.8112640381,3050,2,1.11875,271047.1730957031,3050,2,1.11875,624217.6515350342,3050,2,1.11875,260885.3594970703,3050,2,1.11875,260043.80126953125,3050,2,1.11875,250519.56991577148,3050,2,1.11875,158300.5034942627,48800,2,1.11875,161978.47387695313,48800,2,1.11875,19205779.204223633,5400,400,400,400,400,5061,2484,400,400,400,5407,400,400,5401,400,400,5400,400,400,400,400,400,400,2506,400,2484,400,400,400,400,400,400,14.285715103149414,0,0,0,0,0,0,0,0,0,0,0,0,0,0,0,0,0,0,0,0,0,0,0,0,0,0,0,0,0,0,0,20475,15905,8505,41,0,20475,13200,12109,47,0,66718994432,8589930496,32269565952,786432
200,1791413352920,1516369.3372650146,48800,2,1.16875,153038.34494018555,48800,2,0.95625,152070.70387268066,48800,2,0.95625,154480.46838378906,48800,2,0.95625,170473.27293395996,48800,2,0.95625,152797.76803588867,48800,2,0.95625,164302.11972045898,48800,2,0.95625,277291.79583740234,48800,2,1.16875,277172.81242370605,48800,2,1.16875,271047.1737060547,48800,2,1.16875,624217.6521606445,48800,2,1.16875,260885.3600921631,48800,2,1.16875,260043.80186462402,48800,2,1.16875,250519.57051086426,48800,2,1.16875,158300.5040435791,48800,2,1.16875,161978.47393798828,48800,2,1.16875,19205788.74154663,5400,400,400,400,400,5061,2484,400,400,400,5407,400,400,5401,400,400,5400,400,400,400,400,400,400,2506,400,2484,400,400,400,400,400,400,15.000000953674316,0,0,0,0,0,0,0,0,0,0,0,0,0,0,0,0,0,0,0,0,0,0,0,0,0,0,0,0,0,0,0,20475,15905,8505,41,0,20475,13200,12109,47,0,66718994432,8589930496,32267489280,786432
200,1791413353121,1516369.409210205,48800,2,1.16875,153038.34495544434,48800,2,1.025,152070.70387268066,48800,2,1.025,154480.46838378906,48800,2,1.025,170473.27293395996,48800,2,1.025,152797.76805114746,48800,2,1.025,164302.11972045898,48800,2,1.025,277291.79705810547,48800,2,1.16875,277172.8136444092,48800,2,1.16875,271047.17443847656,48800,2,1.16875,624217.652923584,48800,2,1.16875,260885.36169433594,48800,2,1.16875,260043.80255126953,48800,2,1.16875,250519.57121276855,48800,2,1.16875,158300.50407409668,48800,2,1.025,161978.47396850586,48800,2,1.025,19205798.337234497,5400,400,400,400,400,5061,2484,400,400,400,5407,400,400,5401,400,400,5400,400,400,400,400,400,400,2506,400,2484,400,400,400,400,400,400,14.285715103149414,0,0,0,0,0,0,0,0,0,0,0,0,0,0,0,0,0,0,0,0,0,0,0,0,0,0,0,0,0,0,0,20475,15905,8501,41,0,20475,13200,12085,47,0,66718994432,8589930496,32266264576,786432
200,1791413353321,1516369.4767913818,3050,2,1.1125,153038.3449859619,48800,2,1.11875,152070.70390319824,48800,2,1.11875,154480.46844482422,48800,2,1.11875,170473.27297973633,48800,2,0.93125,152797.76809692383,48800,2,0.93125,164302.11976623535,48800,2,0.93125,277291.79806518555,3050,2,1.1125,277172.81520080566,3050,2,1.1125,271047.17503356934,3050,2,1.1125,624217.6535644531,3050,2,1.1125,260885.3623046875,3050,2,1.1125,260043.80311584473,3050,2,1.1125,250519.57179260254,3050,2,1.1125,158300.5046081543,48800,2,1.11875,161978.47401428223,48800,2,1.11875,19205807.993881226,5400,400,400,400,400,5061,2484,400,400,400,5407,400,400,5401,400,400,5400,400,400,400,400,400,400,2506,400,2484,400,400,400,400,400,400,10.526315689086914,0,0,0,0,0,0,0,0,0,0,0,0,0,0,0,0,0,0,0,0,0,0,0,0,0,4.761904716491699,0,0,0,0,0,20475,15905,8501,41,0,20475,13200,12085,47,0,66718994432,8589930496,32260263936,786432
200,1791413353521,1516369.5465240479,48800,2,1.16875,153038.3450164795,48800,2,0.95,152070.70390319824,48800,2,0.95,154480.4684753418,48800,2,0.95,170473.27297973633,48800,2,0.95,152797.76809692383,48800,2,0.95,164302.11978149414,48800,2,0.95,277291.79972839355,48800,2,1.16875,277172.8165588379,48800,2,1.16875,271047.17573547363,48800,2,1.16875,624217.6543426514,48800,2,1.16875,260885.362991333,48800,2,1.16875,260043.80380249023,48800,2,1.16875,250519.57249450684,48800,2,1.16875,158300.50463867188,48800,2,1.16875,161978.47402954102,48800,2,1.16875,19205817.608535767,5400,400,400,400,400,5061,2484,400,400,400,5407,400,400,5401,400,400,5400,400,400,400,400,400,400,2506,400,2484,400,400,400,400,400,400,15.000000953674316,0,0,0,0,0,0,0,0,0,0,0,0,0,0,0,0,0,0,0,0,0,0,0,0,0,0,0,0,0,0,0,20475,15905,8501,41,0,20475,13200,12085,47,0,66718994432,8589930496,32265162752,786432
200,1791413353722,1516369.6142578125,48800,2,1.16875,153038.3451385498,48800,2,1.03125,152070.70402526855,48800,2,1.03125,154480.4686126709,48800,2,1.03125,170473.27310180664,48800,2,1.03125,152797.76821899414,48800,2,1.03125,164302.11991882324,48800,2,1.03125,277291.8009490967,48800,2,1.16875,277172.81871032715,48800,2,1.16875,271047.1764984131,48800,2,1.16875,624217.6551208496,48800,2,1.16875,260885.36366271973,48800,2,1.16875,260043.80450439453,48800,2,1.16875,250519.57319641113,48800,2,1.16875,158300.5047454834,48800,2,1.03125,161978.47416687012,48800,2,1.03125,19205827.31538391,5400,400,400,400,400,5061,2484,400,400,400,5407,400,400,5401,400,400,5400,400,400,400,400,400,400,2506,400,2484,400,400,400,400,400,400,10,0,0,0,0,0,0,0,0,0,0,0,0,0,0,0,0,0,0,0,0,0,0,0,0,0,0,0,0,0,0,0,20475,15905,8501,41,0,20475,13200,12085,47,0,66718994432,8589930496,32265162752,786432
200,1791413353922,1516369.6827697754,48800,2,1.16875,153038.3451538086,48800,2,1.1125,152070.70404052734,48800,2,1.1125,154480.46867370605,48800,2,1.1125,170473.27313232422,48800,2,1.1125,152797.76824951172,48800,2,1.1125,164302.11994934082,48800,2,0.93125,277291.80194091797,3050,2,1.10625,277172.8207092285,3050,2,1.10625,271047.1771392822,3050,2,1.10625,624217.6557769775,3050,2,1.10625,260885.36421203613,3050,2,1.10625,260043.80505371094,3050,2,1.10625,250519.57376098633,3050,2,1.10625,158300.50477600098,48800,2,1.1125,161978.4741973877,48800,2,1.1125,19205836.89857483,5400,400,400,400,400,5061,2484,400,400,400,5407,400,400,5401,400,400,5400,400,400,400,400,400,400,2506,400,2484,400,400,400,400,400,400,15.000000953674316,0,0,0,0,0,0,0,0,0,0,0,0,0,0,0,0,0,0,0,0,0,0,0,0,0,0,0,0,0,0,0,20475,15905,8501,41,0,20475,13200,12085,47,0,66718994432,8589930496,32265162752,786432
200,1791413354122,1516369.7520751953,48800,2,1.14375,153038.34519958496,48800,2,0.93125,152070.70407104492,48800,2,0.93125,154480.46871948242,48800,2,0.93125,170473.2731628418,48800,2,0.93125,152797.7682952881,48800,2,0.93125,164302.1199798584,48800,2,0.93125,277291.80364990234,48800,2,1.14375,277172.82221984863,48800,2,1.14375,271047.1777496338,48800,2,1.14375,624217.6564025879,48800,2,1.14375,260885.36477661133,48800,2,1.14375,260043.80561828613,48800,2,1.14375,250519.5743408203,48800,2,1.14375,158300.50480651855,48800,2,1.14375,161978.47424316406,48800,2,1.14375,19205846.420272827,5400,400,400,400,400,5061,2484,400,400,400,5407,400,400,5401,400,400,5400,400,400,400,400,400,400,2506,400,2484,400,400,400,400,400,400,10,0,0,0,0,0,0,0,0,0,0,0,0,0,0,0,0,0,0,0,0,0,0,0,0,0,0,0,0,0,0,0,20475,15905,8469,41,0,20475,13200,12055,47,0,66718994432,8589930496,32265162752,786432
200,1791413354323,1516369.820022583,48800,2,1.16875,153038.34519958496,48800,2,1.025,152070.70407104492,48800,2,1.025,154480.4687652588,48800,2,1.025,170473.2731628418,48800,2,1.025,152797.7682952881,48800,2,1.025,164302.1199798584,48800,2,1.025,277291.80490112305,48800,2,1.16875,277172.8231201172,48800,2,1.16875,271047.1784057617,48800,2,1.16875,624217.6570739746,48800,2,1.16875,260885.3653564453,48800,2,1.16875,260043.80619812012,48800,2,1.16875,250519.5749359131,48800,2,1.16875,158300.50480651855,48800,2,1.025,161978.47425842285,48800,2,1.025,19205855.988098145,5400,400,400,400,400,5061,2484,400,400,400,5407,400,400,5401,400,400,5400,400,400,400,400,400,400,2506,400,2484,400,400,400,400,400,400,15.000000953674316,0,0,0,0,0,0,0,0,0,0,0,0,0,0,0,0,0,0,0,0,0,0,0,0,0,0,0,0,0,0,0,20475,15905,8469,41,0,20475,13200,12055,47,0,66718994432,8589930496,32263348224,786432
200,1791413354523,1516369.8882141113,48800,2,1.16875,153038.34521484375,48800,2,1.1,152070.7040863037,48800,2,1.1,154480.46882629395,48800,2,1.1,170473.27319335938,48800,2,1.1,152797.76832580566,48800,2,1.1,164302.12001037598,48800,2,0.93125,277291.806060791,48800,2,1.16875,277172.82482910156,3050,2,1.09375,271047.1790161133,3050,2,1.09375,624217.6576538086,3050,2,1.09375,260885.36590576172,3050,2,1.09375,260043.80674743652,3050,2,1.09375,250519.57550048828,3050,2,1.09375,158300.50483703613,48800,2,1.1,161978.47430419922,48800,2,1.1,19205865.408554077,5400,400,400,400,400,5061,2484,400,400,400,5407,400,400,5401,400,400,5400,400,400,400,400,400,400,2506,400,2484,400,400,400,400,400,400,10,0,0,0,0,0,0,0,0,0,0,0,0,0,0,0,0,0,0,0,0,0,0,0,0,0,0,0,0,0,0,0,20475,15905,8469,41,0,20475,13200,12055,47,0,66718994432,8589930496,32263344128,786432
200,1791413354723,1516369.9552001953,48800,2,1.1375,153038.34521484375,48800,2,1.14375,152070.7040863037,48800,2,0.93125,154480.46882629395,48800,2,0.93125,170473.27319335938,48800,2,0.93125,152797.76832580566,48800,2,0.93125,164302.12001037598,48800,2,0.93125,277291.8075866699,48800,2,1.1375,277172.82594299316,48800,2,1.1375,271047.1796569824,48800,2,1.1375,624217.6582946777,48800,2,1.1375,260885.3664703369,48800,2,1.1375,260043.80731201172,48800,2,1.1375,250519.57608032227,48800,2,1.1375,158300.50483703613,48800,2,1.14375,161978.47430419922,48800,2,1.14375,19205874.870544434,5400,400,400,400,400,5061,2484,400,400,400,5407,400,400,5401,400,400,5400,400,400,400,400,400,400,2506,400,2484,400,400,400,400,400,400,15.000000953674316,0,0,0,0,0,0,0,0,0,0,0,0,0,0,0,0,0,0,0,0,0,0,0,0,0,0,0,0,0,0,0,20475,15905,8469,41,0,20475,13200,12055,47,0,66718994432,8589930496,32263344128,786432
200,1791413354924,1516370.0247497559,48800,2,1.16875,153038.34521484375,48800,2,1.0375,152070.7040863037,48800,2,1.0375,154480.46884155273,48800,2,1.0375,170473.27319335938,48800,2,1.0375,152797.76832580566,48800,2,1.0375,164302.12001037598,48800,2,1.0375,277291.8088531494,48800,2,1.16875,277172.82693481445,48800,2,1.16875,271047.18029785156,48800,2,1.16875,624217.6589202881,48800,2,1.16875,260885.3670349121,48800,2,1.16875,260043.8078765869,48800,2,1.16875,250519.57666015625,48800,2,1.16875,158300.50483703613,48800,2,1.0375,161978.474319458,48800,2,1.0375,19205884.23652649,5400,400,400,400,400,5061,2484,400,400,400,5407,400,400,5401,400,400,5400,400,400,400,400,400,400,2506,400,2484,400,400,400,400,400,400,10,0,0,0,0,0,0,0,0,0,0,0,0,0,0,0,0,0,0,0,0,0,0,0,0,0,0,0,0,0,0,0,20475,15905,8469,41,0,20475,13200,12071,47,0,66718994432,8589930496,32263344128,786432
200,1791413355124,1516370.0928192139,48800,2,1.16875,153038.34524536133,48800,2,1.1125,152070.7041015625,48800,2,1.1125,154480.4689025879,48800,2,1.1125,170473.27322387695,48800,2,1.1125,152797.76835632324,48800,2,0.93125,164302.12004089355,48800,2,0.93125,277291.80963134766,3050,2,1.1,277172.8281097412,3050,2,1.1,271047.18101501465,3050,2,1.1,624217.6595916748,3050,2,1.1,260885.36766052246,3050,2,1.1,260043.80850219727,3050,2,1.1,250519.5773010254,3050,2,1.1,158300.5048828125,48800,2,1.1125,161978.4743499756,48800,2,1.1125,19205893.77963257,5400,400,400,400,400,5061,2484,400,400,400,5407,400,400,5401,400,400,5400,400,400,400,400,400,400,2506,400,2484,400,400,400,400,400,400,10.526315689086914,0,0,0,0,0,0,0,0,0,0,0,0,0,0,0,0,0,0,0,0,0,0,0,0,0,0,0,0,0,0,0,20475,15905,8436,41,0,20475,13200,12071,47,0,66718994432,8589930496,32262270976,786432
200,1791413355324,1516370.1642456055,48800,2,1.14375,153038.34524536133,48800,2,0.93125,152070.7041015625,48800,2,0.93125,154480.46891784668,48800,2,0.93125,170473.27322387695,48800,2,0.93125,152797.76835632324,48800,2,0.93125,164302.12004089355,48800,2,0.93125,277291.8113555908,48800,2,1.14375,277172.8296661377,48800,2,1.14375,271047.18170166016,48800,2,1.14375,624217.6602935791,48800,2,1.14375,260885.36827087402,48800,2,1.14375,260043.80911254883,48800,2,1.14375,250519.57792663574,48800,2,1.14375,158300.5048980713,48800,2,1.13125,161978.47436523438,48800,2,1.13125,19205903.280578613,5400,400,400,400,400,5061,2484,400,400,400,5407,400,400,5401,400,400,5400,400,400,400,400,400,400,2506,400,2484,400,400,400,400,400,400,18.18181800842285,0,0,0,0,0,0,0,0,0,0,0,0,0,0,0,0,0,0,0,0,0,0,0,0,0,0,0,0,0,0,0,20475,15905,8436,41,0,20475,13200,12071,47,0,66718994432,8589930496,32260677632,786432
200,1791413355525,1516370.227935791,48800,2,1.16875,153038.3452758789,48800,2,1.0375,152070.7041015625,48800,2,1.0375,154480.46893310547,48800,2,1.0375,170473.27322387695,48800,2,1.0375,152797.76835632324,48800,2,1.0375,164302.12004089355,48800,2,1.0375,277291.8186035156,48800,2,1.16875,277172.83084106445,48800,2,1.16875,271047.1823425293,48800,2,1.16875,624217.660949707,48800,2,1.16875,260885.3688659668,48800,2,1.16875,260043.8097076416,48800,2,1.16875,250519.5785369873,48800,2,1.16875,158300.50491333008,48800,2,1.0375,161978.47438049316,48800,2,1.0375,19205912.78741455,5400,400,400,400,400,5061,2484,400,400,400,5407,400,400,5401,400,400,5400,400,400,400,400,400,400,2506,400,2484,400,400,400,400,400,400,10.526315689086914,0,0,0,0,0,0,0,0,0,0,0,0,0,0,0,0,0,0,0,0,0,0,0,0,0,0,0,0,0,0,0,20475,15905,8436,41,0,20475,13200,12071,47,0,66718994432,8589930496,32251609088,786432
200,1791413355725,1516370.2982025146,48800,2,1.16875,153038.3452911377,48800,2,1.11875,152070.7041168213,48800,2,1.11875,154480.46897888184,48800,2,1.11875,170473.27325439453,48800,2,1.11875,152797.76838684082,48800,2,1.11875,164302.12007141113,48800,2,0.93125,277291.8193664551,3050,2,1.1125,277172.83238220215,3050,2,1.1125,271047.18298339844,3050,2,1.1125,624217.661605835,3050,2,1.1125,260885.36947631836,3050,2,1.1125,260043.81031799316,3050,2,1.1125,250519.57916259766,3050,2,1.1125,158300.50492858887,48800,2,1.11875,161978.47441101074,48800,2,1.11875,19205922.37498474,5400,400,400,400,400,5061,2484,400,400,400,5407,400,400,5401,400,400,5400,400,400,400,400,400,400,2506,400,2484,400,400,400,400,400,400,15.000000953674316,0,0,0,0,0,0,0,0,0,0,0,0,0,0,0,0,0,0,0,0,0,0,0,0,0,0,0,0,0,0,0,20475,15905,8436,41,0,20475,13200,12071,47,0,66718994432,8589930496,32259608576,786432
200,1791413355925,1516370.3682861328,48800,2,1.16875,153038.34530639648,48800,2,0.95625,152070.70413208008,48800,2,0.95625,154480.4690093994,48800,2,0.95625,170473.27326965332,48800,2,0.95625,152797.7684020996,48800,2,0.95625,164302.12008666992,48800,2,0.95625,277291.8209075928,48800,2,1.16875,277172.8337097168,48800,2,1.16875,271047.18359375,48800,2,1.16875,624217.6622161865,48800,2,1.16875,260885.37005615234,48800,2,1.16875,260043.81089782715,48800,2,1.16875,250519.57975769043,48800,2,1.16875,158300.50494384766,48800,2,1.16875,161978.47444152832,48800,2,1.16875,19205931.818969727,5400,400,400,400,400,5061,2484,400,400,400,5407,400,400,5401,400,400,5400,400,400,400,400,400,400,2506,400,2484,400,400,400,400,400,400,10,0,0,0,0,0,0,0,0,0,0,0,0,0,0,0,0,0,0,0,0,0,0,0,0,0,0,0,0,0,0,0,20475,15905,8436,41,0,20475,13200,12073,47,0,66718994432,8589930496,32259608576,786432
200,1791413356126,1516370.436203003,48800,2,1.16875,153038.34532165527,48800,2,1.03125,152070.70413208008,48800,2,1.03125,154480.469039917,48800,2,1.03125,170473.27326965332,48800,2,1.03125,152797.7684020996,48800,2,1.03125,164302.12008666992,48800,2,1.03125,277291.82203674316,48800,2,1.16875,277172.8352203369,48800,2,1.16875,271047.1842803955,48800,2,1.16875,624217.6629180908,48800,2,1.16875,260885.3706817627,48800,2,1.16875,260043.8115386963,48800,2,1.16875,250519.58039855957,48800,2,1.16875,158300.50494384766,48800,2,1.03125,161978.4744567871,48800,2,1.03125,19205941.331619263,5400,400,400,400,400,5061,2484,400,400,400,5407,400,400,5401,400,400,5400,400,400,400,400,400,400,2506,400,2484,400,400,400,400,400,400,15.000000953674316,0,0,0,0,0,0,0,0,0,0,0,0,0,0,0,0,0,0,0,0,0,0,0,0,0,0,0,0,0,0,0,20475,15905,8418,41,0,20475,13200,12073,47,0,66718994432,8589930496,32259608576,786432
200,1791413356326,1516370.505355835,48800,2,1.16875,153038.34533691406,48800,2,1.1125,152070.70414733887,48800,2,1.1125,154480.46910095215,48800,2,1.1125,170473.2733001709,48800,2,1.1125,152797.7684326172,48800,2,1.1125,164302.1201171875,48800,2,0.93125,277291.8226928711,3050,2,1.10625,277172.83625793457,3050,2,1.10625,271047.18493652344,3050,2,1.10625,624217.6635894775,3050,2,1.10625,260885.37130737305,3050,2,1.10625,260043.81216430664,3050,2,1.10625,250519.5810394287,3050,2,1.10625,158300.50495910645,48800,2,1.1125,161978.4744873047,48800,2,1.1125,19205950.929031372,5400,400,400,400,400,5061,2484,400,400,400,5407,400,400,5401,400,400,5400,400,400,400,400,400,400,2506,400,2484,400,400,400,400,400,400,10,0,0,0,0,0,0,0,0,0,0,0,0,0,0,0,0,0,0,0,0,0,0,0,0,0,0,0,0,0,0,0,20475,15905,8418,41,0,20475,13200,12073,47,0,66718994432,8589930496,32256999424,786432
200,1791413356526,1516370.5765686035,48800,2,1.13125,153038.34533691406,48800,2,1.14375,152070.70414733887,48800,2,0.93125,154480.46911621094,48800,2,0.93125,170473.2733001709,48800,2,0.93125,152797.7684326172,48800,2,0.93125,164302.1201171875,48800,2,0.93125,277291.8242492676,48800,2,1.13125,277172.83741760254,48800,2,1.13125,271047.185546875,48800,2,1.13125,624217.6641998291,48800,2,1.13125,260885.37190246582,48800,2,1.13125,260043.8127593994,48800,2,1.13125,250519.58166503906,48800,2,1.13125,158300.50495910645,48800,2,1.14375,161978.47450256348,48800,2,1.14375,19205960.341049194,5400,400,400,400,400,5061,2484,400,400,400,5407,400,400,5401,400,400,5400,400,400,400,400,400,400,2506,400,2484,400,400,400,400,400,400,15.000000953674316,0,0,0,0,0,0,0,0,0,0,0,0,0,0,0,0,0,0,0,0,0,0,0,0,0,0,0,0,0,0,0,20475,15905,8418,41,0,20475,13200,12073,47,0,66718994432,8589930496,32256999424,786432
200,1791413356727,1516370.6470184326,48800,2,1.16875,153038.34535217285,48800,2,1.0375,152070.70414733887,48800,2,1.0375,154480.46911621094,48800,2,1.0375,170473.2733001709,48800,2,1.0375,152797.7684326172,48800,2,1.0375,164302.1201324463,48800,2,1.0375,277291.82542419434,48800,2,1.16875,277172.83879089355,48800,2,1.16875,271047.18620300293,48800,2,1.16875,624217.6648406982,48800,2,1.16875,260885.37251281738,48800,2,1.16875,260043.81336975098,48800,2,1.16875,250519.5822906494,48800,2,1.16875,158300.50495910645,48800,2,1.0375,161978.47451782227,48800,2,1.0375,19205969.898529053,5400,400,400,400,400,5061,2484,400,400,400,5407,400,400,5401,400,400,5400,400,400,400,400,400,400,2506,400,2484,400,400,400,400,400,400,10,0,0,0,0,0,0,0,0,0,0,0,0,0,0,0,0,0,0,0,0,0,0,0,0,0,0,0,0,0,0,0,20475,15905,8418,41,0,20475,13200,12073,47,0,66718994432,8589930496,32256999424,786432
200,1791413356927,1516370.7166900635,48800,2,1.05625,153038.34536743164,48800,2,1.10625,152070.70416259766,48800,2,1.10625,154480.46914672852,48800,2,1.10625,170473.27333068848,48800,2,1.10625,152797.76846313477,48800,2,0.925,164302.12016296387,48800,2,0.925,277291.82621765137,3050,2,1.0875,277172.84020996094,3050,2,1.0875,271047.18688964844,3050,2,1.0875,624217.6655426025,3050,2,1.0875,260885.37315368652,3050,2,1.0875,260043.81401062012,3050,2,1.0875,250519.58294677734,3050,2,1.0875,158300.50498962402,48800,2,1.10625,161978.47453308105,48800,2,1.10625,19205979.466644287,5400,400,400,400,400,5061,2484,400,400,400,5407,400,400,5401,400,400,5400,400,400,400,400,400,400,2506,400,2484,400,400,400,400,400,400,10.526315689086914,0,0,0,0,0,0,0,0,0,0,0,0,0,0,0,0,0,0,0,0,0,0,0,0,0,0,0,0,0,0,0,20475,15905,8418,41,0,20475,13200,12053,46,0,66718994432,8589930496,32256999424,786432
200,1791413357128,1516370.7868804932,48800,2,1.16875,153038.3454284668,48800,2,0.95625,152070.70419311523,48800,2,0.95625,154480.46919250488,48800,2,0.95625,170473.27336120605,48800,2,0.95625,152797.76849365234,48800,2,0.95625,164302.12019348145,48800,2,0.95625,277291.8277282715,48800,2,1.16875,277172.84132385254,48800,2,1.16875,271047.18786621094,48800,2,1.16875,624217.6661987305,48800,2,1.16875,260885.3737487793,48800,2,1.16875,260043.8146057129,48800,2,1.16875,250519.5835723877,48800,2,1.16875,158300.5050201416,48800,2,1.16875,161978.47457885742,48800,2,1.16875,19205988.99003601,5400,400,400,400,400,5061,2484,400,400,400,5407,400,400,5401,400,400,5400,400,400,400,400,400,400,2506,400,2484,400,400,400,400,400,400,14.285715103149414,0,0,0,0,0,0,0,0,0,0,0,0,0,0,0,0,0,0,0,0,0,0,0,0,0,0,0,0,0,0,0,20475,15905,8417,41,0,20475,13200,12053,46,0,66718994432,8589930496,32256061440,786432
200,1791413357328,1516370.8557891846,48800,2,1.16875,153038.3454437256,48800,2,1.025,152070.70419311523,48800,2,1.025,154480.46920776367,48800,2,1.025,170473.27336120605,48800,2,1.025,152797.76849365234,48800,2,1.025,164302.12019348145,48800,2,1.025,277291.8289489746,48800,2,1.16875,277172.84310913086,48800,2,1.16875,271047.1884918213,48800,2,1.16875,624217.6668701172,48800,2,1.16875,260885.37435913086,48800,2,1.16875,260043.81521606445,48800,2,1.16875,250519.58419799805,48800,2,1.16875,158300.5050354004,48800,2,1.025,161978.4745941162,48800,2,1.025,19205998.441452026,5400,400,400,400,400,5061,2484,400,400,400,5407,400,400,5401,400,400,5400,400,400,400,400,400,400,2506,400,2484,400,400,400,400,400,400,15.000000953674316,0,0,0,0,0,0,0,0,0,0,0,0,0,0,0,0,0,0,0,0,0,0,0,0,0,0,0,0,0,0,0,20475,15905,8417,41,0,20475,13200,12053,46,0,66718994432,8589930496,32254992384,786432
200,1791413357528,1516370.9267425537,48800,2,1.16875,153038.34548950195,48800,2,1.10625,152070.7042236328,48800,2,1.10625,154480.46925354004,48800,2,1.10625,170473.27339172363,48800,2,1.10625,152797.7685394287,48800,2,1.10625,164302.1202545166,48800,2,1.10625,277291.82972717285,48800,2,1.16875,277172.84507751465,3050,2,1.0875,271047.1891479492,3050,2,1.0875,624217.6675872803,3050,2,1.0875,260885.375,3050,2,1.0875,260043.8158569336,3050,2,1.0875,250519.58485412598,3050,2,1.0875,158300.50506591797,48800,2,1.10625,161978.4746246338,48800,2,1.10625,19206008.075805664,5400,400,400,400,400,5061,2484,400,400,400,5407,400,400,5401,400,400,5400,400,400,400,400,400,400,2506,400,2484,400,400,400,400,400,400,15.000000953674316,0,0,0,0,0,0,0,0,0,0,0,0,0,0,0,0,0,0,0,0,0,0,0,0,0,0,0,0,0,0,0,20475,15905,8417,41,0,20475,13200,12053,46,0,66718994432,8589930496,32254992384,786432
200,1791413357728,1516370.9970550537,48800,2,1.13125,153038.34564208984,48800,2,1.13125,152070.7043762207,48800,2,1.13125,154480.4697113037,48800,2,0.93125,170473.27354431152,48800,2,0.93125,152797.7686920166,48800,2,0.93125,164302.1204071045,48800,2,0.93125,277291.8312988281,48800,2,1.13125,277172.84672546387,48800,2,1.13125,271047.1898345947,48800,2,1.13125,624217.6683502197,48800,2,1.13125,260885.3756866455,48800,2,1.13125,260043.81657409668,48800,2,1.13125,250519.58557128906,48800,2,1.13125,158300.50520324707,48800,2,1.13125,161978.47494506836,48800,2,1.13125,19206017.81311035,5400,400,400,400,400,5061,2484,400,400,400,5407,400,400,5401,400,400,5400,400,400,400,400,400,400,2506,400,2484,400,400,400,400,400,400,10,0,0,0,0,0,0,0,0,0,0,0,0,0,0,0,0,0,0,0,0,0,0,0,0,0,0,0,0,0,0,0,20475,15905,8417,41,0,20475,13200,12053,46,0,66718994432,8589930496,32254992384,786432
200,1791413357929,1516371.0655822754,48800,2,1.16875,153038.34565734863,48800,2,1.0375,152070.7043762207,48800,2,1.0375,154480.4697265625,48800,2,1.0375,170473.27354431152,48800,2,1.0375,152797.7686920166,48800,2,1.0375,164302.1204071045,48800,2,1.0375,277291.8325805664,48800,2,1.16875,277172.8486633301,48800,2,1.16875,271047.1904296875,48800,2,1.16875,624217.6690216064,48800,2,1.16875,260885.3762664795,48800,2,1.16875,260043.81715393066,48800,2,1.16875,250519.58618164063,48800,2,1.16875,158300.50520324707,48800,2,1.0375,161978.47496032715,48800,2,1.0375,19206027.20124817,5400,400,400,400,400,5061,2484,400,400,400,5407,400,400,5401,400,400,5400,400,400,400,400,400,400,2506,400,2484,400,400,400,400,400,400,15.000000953674316,0,0,0,0,0,0,0,0,0,0,0,0,0,0,0,0,0,0,0,0,0,0,0,0,0,0,0,0,0,0,0,20475,15905,8417,41,0,20475,13200,12028,46,0,66718994432,8589930496,32254992384,786432
200,1791413358129,1516371.1383361816,48800,2,1.16875,153038.345703125,48800,2,1.10625,152070.70442199707,48800,2,1.10625,154480.46978759766,48800,2,1.10625,170473.2735748291,48800,2,1.10625,152797.76875305176,48800,2,1.10625,164302.12045288086,48800,2,1.10625,277291.8334197998,48800,2,1.16875,277172.85095214844,48800,2,1.16875,271047.191116333,3050,2,1.09375,624217.6697845459,3050,2,1.09375,260885.3769683838,3050,0,1.09375,260043.81784057617,3050,2,1.09375,250519.58688354492,3050,2,1.09375,158300.50524902344,48800,2,1.10625,161978.47499084473,48800,2,1.10625,19206036.89425659,5400,400,400,400,400,5061,2484,400,400,400,5407,400,400,5401,400,400,5400,400,400,400,400,400,400,2506,400,2484,400,400,400,400,400,400,10,0,0,0,0,0,0,0,0,0,0,0,0,0,0,0,0,0,0,0,0,0,0,0,0,0,0,0,0,0,0,0,20475,15905,8444,41,0,20475,13200,12028,46,0,66718994432,8589930496,32254988288,786432
200,1791413358329,1516371.210510254,48800,2,1.13125,153038.34576416016,48800,2,1.13125,152070.70445251465,48800,2,0.93125,154480.4698486328,48800,2,0.93125,170473.27360534668,48800,2,0.93125,152797.76878356934,48800,2,0.93125,164302.12048339844,48800,2,0.93125,277291.83502197266,48800,2,1.13125,277172.85220336914,48800,2,1.13125,271047.1918334961,48800,2,1.13125,624217.6705474854,48800,2,1.13125,260885.37803649902,48800,2,1.13125,260043.81854248047,48800,2,1.13125,250519.587600708,48800,2,1.13125,158300.50527954102,48800,2,1.13125,161978.4750366211,48800,2,1.13125,19206046.49937439,5400,400,400,400,400,5061,2484,400,400,400,5407,400,400,5401,400,400,5400,400,400,400,400,400,400,2506,400,2484,400,400,400,400,400,400,15.000000953674316,0,0,0,0,0,0,0,0,0,0,0,0,0,0,0,0,0,0,0,0,0,0,0,0,0,0,0,0,0,0,0,20475,15905,8444,41,0,20475,13200,12028,46,0,66718994432,8589930496,32254988288,786432
200,1791413358530,1516371.2773284912,48800,2,1.16875,153038.34579467773,48800,2,1.025,152070.70446777344,48800,2,1.025,154480.46989440918,48800,2,1.025,170473.27362060547,48800,2,1.025,152797.76879882813,48800,2,1.025,164302.12049865723,48800,2,1.025,277291.8363494873,48800,2,1.16875,277172.8545227051,48800,2,1.16875,271047.19247436523,48800,2,1.16875,624217.6712341309,48800,2,1.16875,260885.37867736816,48800,2,1.16875,260043.8191833496,48800,2,1.16875,250519.58825683594,48800,2,1.16875,158300.5053100586,48800,2,1.025,161978.47505187988,48800,2,1.025,19206056.08908081,5400,400,400,400,400,5061,2484,400,400,400,5407,400,400,5401,400,400,5400,400,400,400,400,400,400,2506,400,2484,400,400,400,400,400,400,10,0,0,0,0,0,0,0,0,0,0,0,0,0,0,0,0,0,0,0,0,0,0,0,0,0,0,0,0,0,0,0,20475,15905,8444,41,0,20475,13200,12028,46,0,66718994432,8589930496,32245800960,786432
200,1791413358730,1516371.3462524414,3050,2,1.09375,153038.34580993652,48800,2,1.1,152070.70448303223,48800,2,1.1,154480.46994018555,48800,2,1.1,170473.27365112305,48800,2,1.1,152797.7688293457,48800,2,0.93125,164302.1205291748,48800,2,0.93125,277291.8371582031,3050,2,1.09375,277172.8561401367,3050,2,1.09375,271047.1930999756,3050,2,1.09375,624217.6722106934,3050,2,1.09375,260885.37930297852,3050,2,1.09375,260043.81980895996,3050,2,1.09375,250519.58889770508,3050,2,1.09375,158300.50532531738,48800,2,1.1,161978.47508239746,48800,2,1.1,19206065.62763977,5400,400,400,400,400,5061,2484,400,400,400,5407,400,400,5401,400,400,5400,400,400,400,400,400,400,2506,400,2484,400,400,400,400,400,400,15.000000953674316,0,0,0,0,0,0,0,0,0,0,0,0,0,0,0,0,0,0,0,0,0,0,0,0,0,0,0,0,0,0,0,20475,15905,8444,41,0,20475,13200,12028,46,0,66718994432,8589930496,32253800448,786432
200,1791413358931,1516371.4151000977,48800,2,1.1375,153038.34580993652,48800,2,1.1375,152070.70448303223,48800,2,0.93125,154480.46995544434,48800,2,0.93125,170473.27365112305,48800,2,0.93125,152797.7688293457,48800,2,0.93125,164302.1205291748,48800,2,0.93125,277291.8386993408,48800,2,1.1375,277172.85707092285,48800,2,1.1375,271047.19372558594,48800,2,1.1375,624217.6728820801,48800,2,1.1375,260885.37991333008,48800,2,1.1375,260043.8204345703,48800,2,1.1375,250519.58952331543,48800,2,1.1375,158300.50534057617,48800,2,1.1375,161978.47509765625,48800,2,1.1375,19206075.133239746,5400,400,400,400,400,5061,2484,400,400,400,5407,400,400,5401,400,400,5400,400,400,400,400,400,400,2506,400,2484,400,400,400,400,400,400,15.000000953674316,0,0,0,0,0,0,0,0,0,0,0,0,0,0,0,0,0,0,0,0,0,0,0,0,0,0,0,0,0,0,0,20475,15905,8444,41,0,20475,13200,12105,46,0,66718994432,8589930496,32253800448,786432
200,1791413359131,1516371.4826507568,48800,2,1.16875,153038.3458404541,48800,2,1.025,152070.70449829102,48800,2,1.025,154480.4699859619,48800,2,1.025,170473.27366638184,48800,2,1.025,152797.76885986328,48800,2,1.025,164302.1205444336,48800,2,1.025,277291.8399505615,48800,2,1.16875,277172.85803222656,48800,2,1.16875,271047.1943511963,48800,2,1.16875,624217.6735687256,48800,2,1.16875,260885.38055419922,48800,2,1.16875,260043.82104492188,48800,2,1.16875,250519.59014892578,48800,2,1.16875,158300.50537109375,48800,2,1.025,161978.47512817383,48800,2,1.025,19206084.668807983,5400,400,400,400,400,5061,2484,400,400,400,5407,400,400,5401,400,400,5400,400,400,400,400,400,400,2506,400,2484,400,400,400,400,400,400,14.285715103149414,0,0,0,0,0,0,0,0,0,0,0,0,0,0,0,0,0,0,0,0,0,0,0,0,0,0,0,0,0,0,0,20475,15905,8395,41,0,20475,13200,12105,46,0,66718994432,8589930496,32252973056,786432
200,1791413359331,1516371.552520752,48800,2,1.16875,153038.3458557129,48800,2,1.10625,152070.7045135498,48800,2,1.10625,154480.4700164795,48800,2,1.10625,170473.2736968994,48800,2,1.10625,152797.76889038086,48800,2,1.10625,164302.12057495117,48800,2,1.10625,277291.84077453613,48800,2,1.16875,277172.86012268066,3050,2,1.1,271047.195022583,3050,2,1.1,624217.6743011475,3050,2,1.1,260885.38122558594,3050,2,1.1,260043.8217010498,3050,2,1.1,250519.5908203125,3050,2,1.1,158300.50538635254,48800,2,1.10625,161978.4751586914,48800,2,1.10625,19206094.289855957,5400,400,400,400,400,5061,2484,400,400,400,5407,400,400,5401,400,400,5400,400,400,400,400,400,400,2506,400,2484,400,400,400,400,400,400,10.526315689086914,0,0,0,0,0,0,0,0,0,0,0,0,0,0,0,0,0,0,0,0,0,0,0,0,0,0,0,0,0,0,0,20475,15905,8395,41,0,20475,13200,12105,46,0,66718994432,8589930496,32252973056,786432
200,1791413359532,1516371.6234283447,48800,2,1.1375,153038.34590148926,48800,2,1.13125,152070.70454406738,48800,2,0.93125,154480.47007751465,48800,2,0.93125,170473.273727417,48800,2,0.93125,152797.76892089844,48800,2,0.93125,164302.12060546875,48800,2,0.93125,277291.8423156738,48800,2,1.1375,277172.86225891113,48800,2,1.1375,271047.19563293457,48800,2,1.1375,624217.6749725342,48800,2,1.1375,260885.3818359375,48800,2,1.1375,260043.82231140137,48800,2,1.1375,250519.59144592285,48800,2,1.1375,158300.50541687012,48800,2,1.13125,161978.47521972656,48800,2,1.13125,19206103.729171753,5400,400,400,400,400,5061,2484,400,400,400,5407,400,400,5401,400,400,5400,400,400,400,400,400,400,2506,400,2484,400,400,400,400,400,400,14.285715103149414,0,0,0,0,0,0,0,0,0,0,0,0,0,0,0,0,0,0,0,0,0,0,0,0,0,0,0,0,0,0,0,20475,15905,8395,41,0,20475,13200,12105,46,0,66718994432,8589930496,32252157952,786432
200,1791413359732,1516371.6939086914,48800,2,1.16875,153038.34591674805,48800,2,1.0125000000000002,152070.70455932617,48800,2,1.0125000000000002,154480.47009277344,48800,2,1.0125000000000002,170473.27374267578,48800,2,1.0125000000000002,152797.76893615723,48800,2,1.0125000000000002,164302.12065124512,48800,2,1.0125000000000002,277291.84342956543,48800,2,1.16875,277172.8634490967,48800,2,1.16875,271047.19633483887,48800,2,1.16875,624217.6757354736,48800,2,1.16875,260885.38250732422,48800,2,1.16875,260043.82299804688,48800,2,1.16875,250519.59213256836,48800,2,1.16875,158300.5054473877,48800,2,1.0125000000000002,161978.47523498535,48800,2,1.0125000000000002,19206113.28819275,5400,400,400,400,400,5061,2484,400,400,400,5407,400,400,5401,400,400,5400,400,400,400,400,400,400,2506,400,2484,400,400,400,400,400,400,10.526315689086914,0,0,0,0,0,0,0,0,0,0,0,4.761904716491699,0,0,0,0,0,0,0,0,0,0,0,0,0,0,0,0,0,0,0,20475,15905,8395,41,0,20475,13200,12105,46,0,66718994432,8589930496,32252157952,786432
200,1791413359932,1516371.7614746094,48800,2,1.16875,153038.34593200684,48800,2,1.0875,152070.70457458496,48800,2,1.0875,154480.47012329102,48800,2,1.0875,170473.27375793457,48800,2,1.0875,152797.7689666748,48800,2,1.0875,164302.1206817627,48800,2,0.93125,277291.84423828125,48800,2,1.16875,277172.8647766113,3050,2,1.09375,271047.1970062256,3050,2,1.09375,624217.6764678955,3050,2,1.09375,260885.38316345215,3050,2,1.09375,260043.8236541748,3050,2,1.09375,250519.59280395508,3050,2,1.09375,158300.50547790527,48800,2,1.0875,161978.47525024414,48800,2,1.0875,19206122.902252197,5400,400,400,400,400,5061,2484,400,400,400,5407,400,400,5401,400,400,5400,400,400,400,400,400,400,2506,400,2484,400,400,400,400,400,400,14.285715103149414,0,0,0,0,0,0,0,0,0,0,0,0,0,0,0,0,0,0,0,0,0,0,0,0,0,0,0,0,0,0,0,20475,15905,8395,41,0,20475,13200,12149,46,0,66718994432,8589930496,32252157952,786432
200,1791413360133,1516371.8299865723,48800,2,1.1375,153038.34594726563,48800,2,1.13125,152070.70457458496,48800,2,1.13125,154480.4701385498,48800,2,0.93125,170473.27375793457,48800,2,0.93125,152797.7689666748,48800,2,0.93125,164302.1206817627,48800,2,0.93125,277291.8458251953,48800,2,1.1375,277172.8669128418,48800,2,1.1375,271047.19763183594,48800,2,1.1375,624217.6771850586,48800,2,1.1375,260885.3837738037,48800,2,1.1375,260043.82426452637,48800,2,1.1375,250519.59342956543,48800,2,1.1375,158300.50547790527,48800,2,1.13125,161978.47525024414,48800,2,1.13125,19206132.48892212,5400,400,400,400,400,5061,2484,400,400,400,5407,400,400,5401,400,400,5400,400,400,400,400,400,400,2506,400,2484,400,400,400,400,400,400,10.526315689086914,0,0,0,0,0,0,0,0,0,0,0,0,0,0,0,0,0,0,0,0,0,0,0,0,0,0,0,0,0,0,0,20475,15905,8426,41,0,20475,13200,12149,46,0,66718994432,8589930496,32252153856,786432
200,1791413360333,1516371.8977355957,48800,2,1.16875,153038.34594726563,48800,2,1.0375,152070.70457458496,48800,2,1.0375,154480.4701538086,48800,2,1.0375,170473.27375793457,48800,2,1.0375,152797.7689666748,48800,2,1.0375,164302.1206817627,48800,2,1.0375,277291.84700012207,48800,2,1.16875,277172.86824035645,48800,2,1.16875,271047.19831848145,48800,2,1.16875,624217.6779022217,48800,2,1.16875,260885.38446044922,48800,2,1.16875,260043.82495117188,48800,2,1.16875,250519.59413146973,48800,2,1.16875,158300.50549316406,48800,2,1.0375,161978.47526550293,48800,2,1.0375,19206142.111053467,5400,400,400,400,400,5061,2484,400,400,400,5407,400,400,5401,400,400,5400,400,400,400,400,400,400,2506,400,2484,400,400,400,400,400,400,10,0,0,0,0,0,0,0,0,0,0,0,0,0,0,0,0,0,0,0,0,0,0,0,0,0,0,0,0,0,0,0,20475,15905,8426,41,0,20475,13200,12149,46,0,66718994432,8589930496,32251441152,786432
200,1791413360533,1516371.9672546387,48800,2,1.16875,153038.345993042,48800,2,1.1125,152070.70460510254,48800,2,1.1125,154480.47018432617,48800,2,1.1125,170473.27380371094,48800,2,1.1125,152797.76901245117,48800,2,0.925,164302.12072753906,48800,2,0.925,277291.8477783203,3050,2,1.10625,277172.8692779541,3050,2,1.10625,271047.1989135742,3050,2,1.10625,624217.6785583496,3050,2,1.10625,260885.385055542,3050,2,1.10625,260043.82554626465,3050,2,1.10625,250519.5947418213,3050,2,1.10625,158300.50552368164,48800,2,1.1125,161978.4752960205,48800,2,1.1125,19206151.663848877,5400,400,400,400,400,5061,2484,400,400,400,5407,400,400,5401,400,400,5400,400,400,400,400,400,400,2506,400,2484,400,400,400,400,400,400,15.000000953674316,0,0,0,0,0,0,0,0,0,0,0,0,0,0,0,0,0,0,0,0,0,0,0,0,0,0,0,0,0,0,0,20475,15905,8426,41,0,20475,13200,12149,46,0,66718994432,8589930496,32251441152,786432
200,1791413360734,1516372.0360717773,48800,2,1.13125,153038.34602355957,48800,2,0.93125,152070.70462036133,48800,2,0.93125,154480.47023010254,48800,2,0.93125,170473.27381896973,48800,2,0.93125,152797.76902770996,48800,2,0.93125,164302.12077331543,48800,2,0.93125,277291.8490905762,48800,2,1.13125,277172.8704071045,48800,2,1.13125,271047.19953918457,48800,2,1.13125,624217.6791992188,48800,2,1.13125,260885.38565063477,48800,2,1.13125,260043.82614135742,48800,2,1.13125,250519.59536743164,48800,2,1.13125,158300.50553894043,48800,2,1.1375,161978.47534179688,48800,2,1.1375,19206161.13883972,5400,400,400,400,400,5061,2484,400,400,400,5407,400,400,5401,400,400,5400,400,400,400,400,400,400,2506,400,2484,400,400,400,400,400,400,15.000000953674316,0,0,0,0,0,0,0,0,0,0,0,0,0,0,0,0,0,0,0,0,0,0,0,0,0,0,0,0,0,0,0,20475,15905,8426,41,0,20475,13200,12149,46,0,66718994432,8589930496,32251441152,786432
200,1791413360934,1516372.1057739258,48800,2,1.175,153038.34603881836,48800,2,1.0375,152070.70463562012,48800,2,1.0375,154480.4702758789,48800,2,1.0375,170473.2738494873,48800,2,1.0375,152797.76904296875,48800,2,1.0375,164302.12078857422,48800,2,1.0375,277291.85037231445,48800,2,1.175,277172.8713684082,48800,2,1.175,271047.20024108887,48800,2,1.175,624217.6799926758,48800,2,1.175,260885.38633728027,48800,2,1.175,260043.82682800293,48800,2,1.175,250519.59606933594,48800,2,1.175,158300.505569458,48800,2,1.0375,161978.47538757324,48800,2,1.0375,19206170.818969727,5400,400,400,400,400,5061,2484,400,400,400,5407,400,400,5401,400,400,5400,400,400,400,400,400,400,2506,400,2484,400,400,400,400,400,400,14.285715103149414,0,0,0,0,0,0,0,0,0,0,0,0,0,0,0,0,0,0,0,0,0,0,0,0,0,0,0,0,0,0,0,20475,15905,8426,41,0,20475,13200,12067,46,0,66718994432,8589930496,32251437056,786432
200,1791413361134,1516372.1773529053,48800,2,1.175,153038.34606933594,48800,2,1.1125,152070.7046508789,48800,2,1.1125,154480.47030639648,48800,2,1.1125,170473.27388000488,48800,2,1.1125,152797.76907348633,48800,2,0.93125,164302.1208190918,48800,2,0.93125,277291.85124206543,3050,2,1.1125,277172.87257385254,3050,2,1.1125,271047.20085144043,3050,2,1.1125,624217.6806640625,3050,2,1.1125,260885.38691711426,3050,2,1.1125,260043.8274078369,3050,2,1.1125,250519.5966644287,3050,2,1.1125,158300.5055847168,48800,2,1.1125,161978.47541809082,48800,2,1.1125,19206180.35609436,5400,400,400,400,400,5061,2484,400,400,400,5407,400,400,5401,400,400,5400,400,400,400,400,400,400,2506,400,2484,400,400,400,400,400,400,10.526315689086914,0,0,0,0,0,0,0,0,0,0,0,0,0,0,0,0,0,0,0,0,0,0,0,0,0,0,0,0,0,0,0,20475,15905,8486,40,0,20475,13200,12067,46,0,66718994432,8589930496,32250716160,786432
199,1791413361335,1516372.2487487793,48800,2,1.175,153038.34608459473,48800,2,0.95,152070.7046661377,48800,2,0.95,154480.47033691406,48800,2,0.95,170473.27389526367,48800,2,0.95,152797.7691040039,48800,2,0.95,164302.1208343506,48800,2,0.95,277291.85261535645,48800,2,1.175,277172.8734436035,48800,2,1.175,271047.2014770508,48800,2,1.175,624217.6813354492,48800,2,1.175,260885.38752746582,48800,2,1.175,260043.82801818848,48800,2,1.175,250519.59730529785,48800,2,1.175,158300.5055999756,48800,2,1.16875,161978.4754486084,48800,2,1.16875,19206189.952941895,5400,400,400,400,400,5061,2484,400,400,400,5407,400,400,5401,400,400,5400,400,400,400,400,400,400,2506,400,2484,400,400,400,400,400,400,14.285715103149414,0,0,0,0,0,0,0,0,0,0,0,0,0,0,0,0,0,0,0,0,0,0,0,0,0,0,0,0,0,0,0,20475,15905,8486,40,0,20475,13200,12067,46,0,66718994432,8589930496,32246743040,786432
200,1791413361535,1516372.31640625,48800,2,1.03125,153038.34609985352,48800,2,0.93125,152070.70468139648,48800,2,0.93125,154480.47038269043,48800,2,0.93125,170473.27391052246,48800,2,0.93125,152797.7691192627,48800,2,0.93125,164302.12086486816,48800,2,0.93125,277291.8539276123,48800,2,1.03125,277172.87437438965,48800,2,1.03125,271047.20220947266,48800,2,1.03125,624217.6821289063,48800,2,1.03125,260885.3882446289,48800,2,1.03125,260043.82873535156,48800,2,1.03125,250519.59803771973,48800,2,1.03125,158300.50561523438,48800,2,0.93125,161978.47547912598,48800,2,0.93125,19206199.765563965,5400,400,400,400,400,5061,2484,400,400,400,5407,400,400,5401,400,400,5400,400,400,400,400,400,400,2506,400,2484,400,400,400,400,400,400,15.000000953674316,0,0,0,0,0,0,0,0,0,0,0,0,0,0,0,0,0,0,0,0,0,0,0,0,0,0,0,0,0,0,0,20475,15905,8486,40,0,20475,13200,12067,46,0,66718994432,8589930496,32251023360,786432
199,1791413361735,1516372.3824768066,48800,2,1.0375,153038.34622192383,48800,2,1.05,152070.7048034668,48800,2,1.05,154480.47052001953,48800,2,1.05,170473.27403259277,48800,2,1.05,152797.769241333,48800,2,1.05,164302.12098693848,48800,2,1.05,277291.8547363281,48800,2,1.0375,277172.8754119873,48800,2,1.0375,271047.2029724121,48800,2,1.0375,624217.6829376221,48800,2,1.0375,260885.38902282715,48800,2,1.0375,260043.8298187256,48800,2,1.0375,250519.59880065918,3050,2,1.05,158300.5057220459,48800,2,1.05,161978.47561645508,48800,2,1.05,19206209.626358032,5400,400,400,400,400,5061,2484,400,400,400,5407,400,400,5401,400,400,5400,400,400,400,400,400,400,2506,400,2484,400,400,400,400,400,400,10,0,0,0,0,0,0,0,0,0,0,0,0,0,0,0,0,0,0,0,0,0,0,0,0,0,0,0,0,0,0,0,20475,15905,8486,40,0,20475,13200,12067,46,0,66718994432,8589930496,32251023360,786432
199,1791413361935,1516372.4509429932,48800,2,1.125,153038.3462524414,48800,2,0.94375,152070.70483398438,48800,2,0.94375,154480.4705657959,48800,2,0.94375,170473.27406311035,48800,2,0.94375,152797.76928710938,48800,2,0.94375,164302.12101745605,48800,2,0.94375,277291.8556213379,48800,2,1.125,277172.8763885498,48800,2,1.125,271047.2036743164,48800,2,1.125,624217.6837310791,48800,2,1.125,260885.38972473145,48800,2,1.125,260043.8304901123,3050,2,0.9375,250519.5994873047,3050,2,0.9375,158300.50575256348,48800,2,0.94375,161978.47563171387,48800,2,0.94375,19206219.240753174,5400,400,400,400,400,5061,2484,400,400,400,5407,400,400,5401,400,400,5400,400,400,400,400,400,400,2506,400,2484,400,400,400,400,400,400,15.000000953674316,0,0,0,0,0,0,0,0,0,0,0,0,0,0,0,0,0,0,0,0,0,0,0,0,0,0,0,0,0,0,0,20475,15905,8486,40,0,20475,13200,12019,46,0,66718994432,8589930496,32251019264,786432
200,1791413362135,1516372.5217590332,48800,2,1.16875,153038.34631347656,48800,2,1.06875,152070.70487976074,48800,2,1.06875,154480.47062683105,48800,2,1.06875,170473.27410888672,48800,2,0.93125,152797.76933288574,48800,2,0.93125,164302.12106323242,48800,2,0.93125,277291.857131958,3050,2,1.075,277172.87771606445,3050,2,1.075,271047.20431518555,3050,0,1.075,624217.6843719482,3050,0,1.075,260885.39038085938,3050,0,1.075,260043.83110046387,3050,2,1.075,250519.60009765625,3050,2,1.075,158300.50578308105,48800,2,1.06875,161978.47567749023,48800,2,1.06875,19206228.781936646,5400,400,400,400,400,5061,2484,400,400,400,5407,400,400,5401,400,400,5400,400,400,400,400,400,400,2506,400,2484,400,400,400,400,400,400,10.526315689086914,0,0,0,0,0,0,0,0,0,0,0,0,0,0,0,0,0,0,0,0,0,0,4.761904716491699,0,0,0,0,0,0,0,0,20475,15905,8471,40,0,20475,13200,12019,46,0,66718994432,8589930496,32251019264,786432
200,1791413362336,1516372.5257415771,48800,2,1.13125,153038.34632873535,48800,2,1.1375,152070.70489501953,48800,2,1.1375,154480.47065734863,48800,2,0.925,170473.2741241455,48800,2,0.925,152797.76936340332,48800,2,0.925,164302.1210784912,48800,2,0.925,277291.86003112793,48800,2,1.13125,277172.9169769287,48800,2,1.13125,271047.22662353516,48800,2,1.13125,624217.7016143799,48800,2,1.13125,260885.39115905762,48800,2,1.13125,260043.83180236816,48800,2,1.13125,250519.60079956055,48800,2,1.13125,158300.50579833984,48800,2,1.1375,161978.47569274902,48800,2,1.1375,19206238.39138794,5400,400,400,400,400,5061,2484,400,400,400,5407,400,400,5401,400,400,5400,400,400,400,400,400,400,2506,400,2484,400,400,400,400,400,400,0,0,0,0,0,0,0,0,0,0,0,0,5,0,0,0,0,0,0,0,0,0,0,5,0,0,4.761904716491699,0,0,0,0,0,20475,15905,8471,40,0,20475,13200,12019,46,0,66718994432,8589930496,32249950208,786432
200,1791413362536,1516372.5267791748,48800,2,1.16875,153038.34632873535,48800,2,1.0375,152070.70489501953,48800,2,1.0375,154480.47067260742,48800,2,1.0375,170473.2741241455,48800,2,1.0375,152797.76936340332,48800,2,1.0375,164302.1210784912,48800,2,1.0375,277291.8606262207,48800,2,1.16875,277172.91789245605,48800,2,1.16875,271047.22732543945,48800,2,1.16875,624217.7694091797,48800,2,1.16875,260885.39183044434,48800,2,1.16875,260043.83239746094,48800,2,1.16875,250519.6014099121,48800,2,1.16875,158300.50581359863,48800,2,1.0375,161978.4757080078,48800,2,1.0375,19206247.852783203,5400,400,400,400,400,5061,2484,400,400,400,5407,400,400,5401,400,400,5400,400,400,400,400,400,400,2506,400,2484,400,400,400,400,400,400,0,0,0,0,0,0,0,0,0,0,0,0,0,0,0,0,0,0,0,0,0,0,0,0,0,0,10.526315689086914,0,0,0,0,0,20475,15905,8471,40,0,20475,13200,12019,46,0,66718994432,8589930496,32267485184,786432
200,1791413362736,1516372.5282440186,3050,2,1.10625,153038.34634399414,48800,2,1.1125,152070.70491027832,48800,2,1.1125,154480.470703125,48800,2,1.1125,170473.2741546631,48800,2,1.1125,152797.7693939209,48800,2,1.1125,164302.1211090088,48800,2,0.93125,277291.8612060547,3050,2,1.10625,277172.91889953613,3050,2,1.10625,271047.2280731201,3050,2,1.10625,624217.8377380371,3050,0,1.10625,260885.39274597168,3050,2,1.10625,260043.83297729492,3050,2,1.10625,250519.60200500488,3050,2,1.10625,158300.50582885742,48800,2,1.1125,161978.4757232666,48800,2,1.1125,19206257.375030518,5400,400,400,400,400,5061,2484,400,400,400,5407,400,400,5401,400,400,5400,400,400,400,400,400,400,2506,400,2484,400,400,400,400,400,400,0,0,0,0,0,0,0,0,0,0,0,0,0,0,0,0,0,0,0,0,0,0,0,0,0,0,18.18181800842285,0,0,0,0,0,20475,15905,8471,40,0,20475,13200,12019,46,0,66718994432,8589930496,32267485184,786432
200,1791413362937,1516372.5305023193,48800,2,1.1375,153038.34637451172,48800,2,1.1375,152070.7049255371,48800,2,0.93125,154480.47073364258,48800,2,0.93125,170473.27416992188,48800,2,0.93125,152797.7694091797,48800,2,0.93125,164302.12112426758,48800,2,0.93125,277291.86181640625,48800,2,1.1375,277172.91973876953,48800,2,1.1375,271047.2289733887,48800,2,1.1375,624217.9095306396,48800,2,1.1375,260885.39334106445,48800,2,1.1375,260043.8335723877,48800,2,1.1375,250519.60263061523,48800,2,1.1375,158300.5058746338,48800,2,1.1375,161978.47575378418,48800,2,1.1375,19206266.79559326,5400,400,400,400,400,5061,2484,400,400,400,5407,400,400,5401,400,400,5400,400,400,400,400,400,400,2506,400,2484,400,400,400,400,400,400,0,0,0,0,0,0,0,0,0,0,0,0,0,0,0,0,0,0,0,0,0,0,0,0,0,0,10.526315689086914,0,0,0,0,0,20475,15905,8471,40,0,20475,13200,12011,46,0,66718994432,8589930496,32267481088,786432
200,1791413363137,1516372.5320129395,48800,2,1.16875,153038.34637451172,48800,2,1.0375,152070.7049255371,48800,2,1.0375,154480.47074890137,48800,2,1.0375,170473.27416992188,48800,2,1.0375,152797.7694091797,48800,2,1.0375,164302.12112426758,48800,2,1.0375,277291.8624572754,48800,2,1.16875,277172.92098999023,48800,2,1.16875,271047.2299346924,48800,2,1.16875,624217.9765167236,48800,2,1.16875,260885.3939666748,48800,2,1.16875,260043.83419799805,48800,2,1.16875,250519.60327148438,48800,2,1.16875,158300.50588989258,48800,2,1.0375,161978.47576904297,48800,2,1.0375,19206276.264083862,5400,400,400,400,400,5061,2484,400,400,400,5407,400,400,5401,400,400,5400,400,400,400,400,400,400,2506,400,2484,400,400,400,400,400,400,0,0,0,0,0,0,0,0,0,0,0,0,0,0,0,0,0,0,0,0,0,0,0,0,0,0,14.285715103149414,0,0,0,0,0,20475,15905,8437,40,0,20475,13200,12011,46,0,66718994432,8589930496,32266850304,786432
200,1791413363337,1516372.5330200195,3050,2,1.10625,153038.3464050293,48800,2,1.125,152070.7049560547,48800,2,1.125,154480.47079467773,48800,2,1.125,170473.27421569824,48800,2,1.125,152797.76947021484,48800,2,1.125,164302.12117004395,48800,2,0.93125,277291.8631134033,3050,2,1.10625,277172.9220428467,3050,2,1.10625,271047.2306060791,3050,2,1.10625,624218.0461425781,3050,0,1.10625,260885.39457702637,3050,2,1.10625,260043.8348236084,3050,2,1.10625,250519.60389709473,3050,2,1.10625,158300.50593566895,48800,2,1.125,161978.47579956055,48800,2,1.125,19206285.826156616,5400,400,400,400,400,5061,2484,400,400,400,5407,400,400,5401,400,400,5400,400,400,400,400,400,400,2506,400,2484,400,400,400,400,400,400,0,0,0,0,0,0,0,0,0,0,0,0,0,0,0,0,0,0,0,0,0,0,0,0,0,0,10.526315689086914,0,0,0,0,0,20475,15905,8437,40,0,20475,13200,12011,46,0,66718994432,8589930496,32265863168,786432
200,1791413363538,1516372.535293579,48800,2,1.1375,153038.3464050293,48800,2,0.93125,152070.7049560547,48800,2,0.93125,154480.47080993652,48800,2,0.93125,170473.27421569824,48800,2,0.93125,152797.76947021484,48800,2,0.93125,164302.12118530273,48800,2,0.93125,277291.8645324707,48800,2,1.1375,277172.922958374,48800,2,1.1375,271047.2312774658,48800,2,1.1375,624218.1173400879,48800,2,1.1375,260885.3960571289,48800,2,1.1375,260043.83544921875,48800,2,1.1375,250519.60456848145,48800,2,1.1375,158300.50593566895,48800,2,1.1375,161978.47579956055,48800,2,1.1375,19206295.32196045,5400,400,400,400,400,5061,2484,400,400,400,5407,400,400,5401,400,400,5400,400,400,400,400,400,400,2506,400,2484,400,400,400,400,400,400,0,0,0,0,0,0,0,0,0,0,0,0,0,0,0,0,0,0,0,0,0,0,0,0,0,0,15.000000953674316,0,0,0,0,0,20475,15905,8437,40,0,20475,13200,12011,46,0,66718994432,8589930496,32265605120,786432
200,1791413363738,1516372.5370178223,48800,2,1.16875,153038.3464050293,48800,2,1.03125,152070.7049560547,48800,2,1.03125,154480.4708404541,48800,2,1.03125,170473.27421569824,48800,2,1.03125,152797.76947021484,48800,2,1.03125,164302.12120056152,48800,2,1.03125,277291.8653411865,48800,2,1.16875,277172.92390441895,48800,2,1.16875,271047.232131958,48800,2,1.16875,624218.1848449707,48800,2,1.16875,260885.39665222168,48800,2,1.16875,260043.83604431152,48800,2,1.16875,250519.605178833,48800,2,1.16875,158300.50593566895,48800,2,1.03125,161978.47581481934,48800,2,1.03125,19206304.80632019,5400,400,400,400,400,5061,2484,400,400,400,5407,400,400,5401,400,400,5400,400,400,400,400,400,400,2506,400,2484,400,400,400,400,400,400,0,0,0,0,0,0,0,0,0,0,0,0,0,0,0,0,0,0,0,0,0,0,0,0,0,0,10,0,0,0,0,0,20475,15905,8437,40,0,20475,13200,12011,46,0,66718994432,8589930496,32265601024,786432
200,1791413363938,1516372.5670166016,48800,2,1.16875,153038.3464202881,48800,2,1.1125,152070.70497131348,48800,2,1.1125,154480.47088623047,48800,2,1.1125,170473.27424621582,48800,2,1.1125,152797.76950073242,48800,2,0.93125,164302.1212310791,48800,2,0.93125,277291.8661804199,3050,2,1.10625,277172.9249725342,3050,2,1.10625,271047.233001709,3050,2,1.10625,624218.2283172607,3050,2,1.10625,260885.39724731445,3050,2,1.10625,260043.8366546631,3050,2,1.10625,250519.60578918457,3050,2,1.10625,158300.50595092773,48800,2,1.1125,161978.47583007813,48800,2,1.1125,19206314.32698059,5400,400,400,400,400,5061,2484,400,400,400,5407,400,400,5401,400,400,5400,400,400,400,400,400,400,2506,400,2484,400,400,400,400,400,400,5,4.761904716491699,0,0,0,0,0,0,0,0,0,0,0,0,0,0,0,0,0,0,0,0,0,0,0,0,5.263157844543457,0,0,0,0,0,20475,15905,8437,40,0,20475,13200,11997,46,0,66718994432,8589930496,32242589696,786432
200,1791413364139,1516372.6364898682,48800,2,1.16875,153038.34643554688,48800,2,0.95625,152070.70498657227,48800,2,0.95625,154480.47093200684,48800,2,0.95625,170473.2742614746,48800,2,0.95625,152797.7695159912,48800,2,0.95625,164302.1212463379,48800,2,0.95625,277291.86793518066,48800,2,1.16875,277172.9259185791,48800,2,1.16875,271047.2345123291,48800,2,1.16875,624218.2292175293,48800,2,1.16875,260885.39782714844,48800,2,1.16875,260043.83723449707,48800,2,1.16875,250519.60639953613,48800,2,1.16875,158300.50596618652,48800,2,0.95625,161978.4758605957,48800,2,0.95625,19206323.89704895,5400,400,400,400,400,5061,2484,400,400,400,5407,400,400,5401,400,400,5400,400,400,400,400,400,400,2506,400,2484,400,400,400,400,400,400,18.18181800842285,0,0,0,0,0,0,0,0,0,0,0,0,0,0,0,0,0,0,0,0,0,0,0,0,0,0,0,0,0,0,0,20475,15905,8396,40,0,20475,13200,11997,46,0,66718994432,8589930496,32251621376,786432
200,1791413364339,1516372.7046813965,48800,2,1.16875,153038.34643554688,48800,2,1.025,152070.70498657227,48800,2,1.025,154480.47093200684,48800,2,1.025,170473.2742614746,48800,2,1.025,152797.7695159912,48800,2,1.025,164302.1212463379,48800,2,1.025,277291.8694152832,48800,2,1.16875,277172.92683410645,48800,2,1.16875,271047.23526000977,48800,2,1.16875,624218.2300109863,48800,2,1.16875,260885.39840698242,48800,2,1.16875,260043.83779907227,48800,2,1.16875,250519.60697937012,48800,2,1.16875,158300.50596618652,48800,2,1.025,161978.4758605957,48800,2,1.025,19206333.4263916,5400,400,400,400,400,5061,2484,400,400,400,5407,400,400,5401,400,400,5400,400,400,400,400,400,400,2506,400,2484,400,400,400,400,400,400,10.526315689086914,0,0,0,0,0,0,0,0,0,0,0,0,0,0,0,0,0,0,0,0,0,0,0,0,0,4.761904716491699,0,0,0,0,0,20475,15905,8396,40,0,20475,13200,11997,46,0,66718994432,8589930496,32251621376,786432
200,1791413364539,1516372.7724456787,48800,2,1.16875,153038.34645080566,48800,2,1.10625,152070.70500183105,48800,2,1.10625,154480.4709777832,48800,2,1.10625,170473.2742919922,48800,2,1.10625,152797.7695465088,48800,2,1.10625,164302.12127685547,48800,2,0.93125,277291.87127685547,3050,2,1.10625,277172.9283294678,3050,2,1.10625,271047.2366333008,3050,2,1.10625,624218.2307128906,3050,2,1.10625,260885.39894104004,3050,2,1.10625,260043.83833312988,3050,2,1.10625,250519.60752868652,3050,2,1.10625,158300.5059814453,48800,2,1.10625,161978.4758758545,48800,2,1.10625,19206342.858810425,5400,400,400,400,400,5061,2484,400,400,400,5407,400,400,5401,400,400,5400,400,400,400,400,400,400,2506,400,2484,400,400,400,400,400,400,14.285715103149414,0,0,0,0,0,0,0,0,0,0,0,0,0,0,0,0,0,0,0,0,0,0,0,0,0,0,0,0,0,0,0,20475,15905,8396,40,0,20475,13200,11997,46,0,66718994432,8589930496,32251621376,786432
200,1791413364740,1516372.844116211,48800,2,1.1375,153038.34649658203,48800,2,1.13125,152070.70503234863,48800,2,0.93125,154480.47103881836,48800,2,0.93125,170473.27432250977,48800,2,0.93125,152797.76957702637,48800,2,0.93125,164302.12130737305,48800,2,0.93125,277291.87477111816,48800,2,1.1375,277172.9292602539,48800,2,1.1375,271047.2372894287,48800,2,1.1375,624218.231338501,48800,2,1.1375,260885.39958190918,48800,2,1.1375,260043.83895874023,48800,2,1.1375,250519.60815429688,48800,2,1.1375,158300.5060119629,48800,2,1.13125,161978.47602844238,48800,2,1.13125,19206352.361297607,5400,400,400,400,400,5061,2484,400,400,400,5407,400,400,5401,400,400,5400,400,400,400,400,400,400,2506,400,2484,400,400,400,400,400,400,10.526315689086914,0,0,0,0,0,0,0,0,0,0,0,0,0,0,0,0,0,0,0,0,0,0,0,0,0,0,0,0,0,0,0,20475,15905,8396,40,0,20475,13200,11997,46,0,66718994432,8589930496,32251617280,786432
200,1791413364940,1516372.912902832,48800,2,1.16875,153038.34649658203,48800,2,1.025,152070.70503234863,48800,2,1.025,154480.47105407715,48800,2,1.025,170473.27432250977,48800,2,1.025,152797.76957702637,48800,2,1.025,164302.12130737305,48800,2,1.025,277291.875579834,48800,2,1.16875,277172.93017578125,48800,2,1.16875,271047.23791503906,48800,2,1.16875,624218.2319488525,48800,2,1.16875,260885.40014648438,48800,2,1.16875,260043.83952331543,48800,2,1.16875,250519.60873413086,48800,2,1.16875,158300.5060119629,48800,2,1.025,161978.47602844238,48800,2,1.025,19206361.7003479,5400,400,400,400,400,5061,2484,400,400,400,5407,400,400,5401,400,400,5400,400,400,400,400,400,400,2506,400,2484,400,400,400,400,400,400,10.526315689086914,0,0,0,0,0,0,0,0,0,0,0,0,0,0,0,0,0,0,0,0,0,0,0,0,0,0,0,0,0,0,0,20475,15905,8396,40,0,20475,13200,12001,46,0,66718994432,8589930496,32251617280,786432
200,1791413365140,1516372.9797668457,48800,2,1.16875,153038.34651184082,48800,2,1.1,152070.70504760742,48800,2,1.1,154480.47106933594,48800,2,1.1,170473.27435302734,48800,2,1.1,152797.76960754395,48800,2,1.1,164302.12133789063,48800,2,0.925,277291.8764190674,48800,2,1.16875,277172.9311828613,3050,2,1.10625,271047.2385864258,3050,2,1.10625,624218.2326202393,3050,2,1.10625,260885.40072631836,3050,2,1.10625,260043.8401031494,3050,2,1.10625,250519.60932922363,3050,2,1.10625,158300.50602722168,48800,2,1.1,161978.47604370117,48800,2,1.1,19206371.226272583,5400,400,400,400,400,5061,2484,400,400,400,5407,400,400,5401,400,400,5400,400,400,400,400,400,400,2506,400,2484,400,400,400,400,400,400,14.285715103149414,0,0,0,0,0,0,0,0,0,0,0,0,0,0,0,0,0,0,0,0,0,0,0,0,0,0,0,0,0,0,0,20475,15905,8380,40,0,20475,13200,12001,46,0,66718994432,8589930496,32251326464,786432
200,1791413365341,1516373.0485076904,48800,2,1.13125,153038.3465270996,48800,2,1.1375,152070.7050628662,48800,2,1.1375,154480.47109985352,48800,2,0.93125,170473.27436828613,48800,2,0.93125,152797.76963806152,48800,2,0.93125,164302.1213531494,48800,2,0.93125,277291.87898254395,48800,2,1.13125,277172.9320678711,48800,2,1.13125,271047.2392883301,48800,2,1.13125,624218.2333526611,48800,2,1.13125,260885.40133666992,48800,2,1.13125,260043.84071350098,48800,2,1.13125,250519.60995483398,48800,2,1.13125,158300.50604248047,48800,2,1.1375,161978.47605895996,48800,2,1.1375,19206380.70942688,5400,400,400,400,400,5061,2484,400,400,400,5407,400,400,5401,400,400,5400,400,400,400,400,400,400,2506,400,2484,400,400,400,400,400,400,10.526315689086914,0,0,0,0,0,0,0,0,0,0,0,0,0,0,0,0,0,0,0,0,0,0,0,0,0,0,0,0,0,0,0,20475,15905,8380,40,0,20475,13200,12001,46,0,66718994432,8589930496,32251326464,786432
200,1791413365541,1516373.1182403564,48800,2,1.16875,153038.3465423584,48800,2,1.025,152070.705078125,48800,2,1.025,154480.4711303711,48800,2,1.025,170473.27438354492,48800,2,1.025,152797.7696533203,48800,2,1.025,164302.121383667,48800,2,1.025,277291.88093566895,48800,2,1.16875,277172.9330749512,48800,2,1.16875,271047.24003601074,48800,2,1.16875,624218.2341308594,48800,2,1.16875,260885.40199279785,48800,2,1.16875,260043.8413696289,48800,2,1.16875,250519.6106262207,48800,2,1.16875,158300.50605773926,48800,2,1.025,161978.47608947754,48800,2,1.025,19206390.276397705,5400,400,400,400,400,5061,2484,400,400,400,5407,400,400,5401,400,400,5400,400,400,400,400,400,400,2506,400,2484,400,400,400,400,400,400,14.285715103149414,0,0,0,0,0,0,0,0,0,0,0,0,0,0,0,0,0,0,0,0,0,0,0,0,0,0,0,0,0,0,0,20475,15905,8380,40,0,20475,13200,12001,46,0,66718994432,8589930496,32251322368,786432
200,1791413365741,1516373.1856536865,48800,2,1.16875,153038.3466949463,48800,2,1.1,152070.7052307129,48800,2,1.1,154480.47128295898,48800,2,1.1,170473.2745361328,48800,2,1.1,152797.769821167,48800,2,1.1,164302.12155151367,48800,2,0.925,277291.8817138672,48800,2,1.16875,277172.93420410156,3050,2,1.09375,271047.24085998535,3050,2,1.09375,624218.2351989746,3050,2,1.09375,260885.40270996094,3050,2,1.09375,260043.842086792,3050,2,1.09375,250519.6113433838,3050,2,1.09375,158300.50619506836,48800,2,1.1,161978.47624206543,48800,2,1.1,19206400.04537964,5400,400,400,400,400,5061,2484,400,400,400,5407,400,400,5401,400,400,5400,400,400,400,400,400,400,2506,400,2484,400,400,400,400,400,400,10.526315689086914,0,0,0,0,0,0,0,0,0,0,0,0,0,0,0,0,0,0,0,0,0,0,0,0,0,4.761904716491699,0,0,0,0,0,20475,15905,8380,40,0,20475,13200,12001,46,0,66718994432,8589930496,32251322368,786432
200,1791413365942,1516373.254623413,48800,2,1.1375,153038.3466949463,48800,2,1.13125,152070.7052307129,48800,2,0.93125,154480.47129821777,48800,2,0.93125,170473.2745361328,48800,2,0.93125,152797.769821167,48800,2,0.93125,164302.12155151367,48800,2,0.93125,277291.88388061523,48800,2,1.1375,277172.9350280762,48800,2,1.1375,271047.24153137207,48800,2,1.1375,624218.2358703613,48800,2,1.1375,260885.40328979492,48800,2,1.1375,260043.84266662598,48800,2,1.1375,250519.61193847656,48800,2,1.1375,158300.50621032715,48800,2,1.13125,161978.47625732422,48800,2,1.13125,19206409.43106079,5400,400,400,400,400,5061,2484,400,400,400,5407,400,400,5401,400,400,5400,400,400,400,400,400,400,2506,400,2484,400,400,400,400,400,400,14.285715103149414,0,0,0,0,0,0,0,0,0,0,0,0,0,0,0,0,0,0,0,0,0,0,0,0,0,0,0,0,0,0,0,20475,15905,8380,40,0,20475,13200,12012,46,0,66718994432,8589930496,32251322368,786432
200,1791413366142,1516373.32321167,48800,2,1.16875,153038.34671020508,48800,2,1.0375,152070.7052307129,48800,2,1.0375,154480.47129821777,48800,2,1.0375,170473.2745361328,48800,2,1.0375,152797.769821167,48800,2,1.0375,164302.12155151367,48800,2,1.0375,277291.88523864746,48800,2,1.16875,277172.9359436035,48800,2,1.16875,271047.2421722412,48800,2,1.16875,624218.236541748,48800,2,1.16875,260885.4038696289,48800,2,1.16875,260043.84324645996,48800,2,1.16875,250519.61253356934,48800,2,1.16875,158300.50622558594,48800,2,1.0375,161978.47625732422,48800,2,1.0375,19206418.89237976,5400,400,400,400,400,5061,2484,400,400,400,5407,400,400,5401,400,400,5400,400,400,400,400,400,400,2506,400,2484,400,400,400,400,400,400,15.000000953674316,0,0,0,0,0,0,0,0,0,0,0,0,0,0,0,0,0,0,0,0,0,0,0,0,0,0,0,0,0,0,0,20475,15905,8411,40,0,20475,13200,12012,46,0,66718994432,8589930496,32251322368,786432
200,1791413366342,1516373.3895874023,48800,2,1.16875,153038.34672546387,48800,2,1.1,152070.70524597168,48800,2,1.1,154480.47131347656,48800,2,1.1,170473.2745666504,48800,2,1.1,152797.76986694336,48800,2,1.1,164302.12158203125,48800,2,1.1,277291.8863220215,48800,2,1.16875,277172.9369506836,48800,2,1.09375,271047.24284362793,3050,2,1.09375,624218.2372436523,3050,2,1.09375,260885.4044494629,3050,2,1.09375,260043.84382629395,3050,2,1.09375,250519.6131286621,3050,2,1.09375,158300.50624084473,48800,2,1.1,161978.476272583,48800,2,1.1,19206428.4710083,5400,400,400,400,400,5061,2484,400,400,400,5407,400,400,5401,400,400,5400,400,400,400,400,400,400,2506,400,2484,400,400,400,400,400,400,10,0,0,0,0,0,0,0,0,0,0,0,0,0,0,0,0,0,0,0,0,0,0,0,0,0,0,0,0,0,0,0,20475,15905,8411,40,0,20475,13200,12012,46,0,66718994432,8589930496,32250331136,786432
200,1791413366543,1516373.4587402344,48800,2,1.0125000000000002,153038.34675598145,48800,2,1.03125,152070.70527648926,48800,2,1.03125,154480.47135925293,48800,2,0.93125,170473.27459716797,48800,2,0.93125,152797.76989746094,48800,2,0.93125,164302.12161254883,48800,2,0.93125,277291.88764953613,48800,2,1.0125000000000002,277172.93772888184,48800,2,1.0125000000000002,271047.2434234619,48800,2,1.0125000000000002,624218.2378692627,48800,2,1.0125000000000002,260885.4049835205,48800,2,1.0125000000000002,260043.84436035156,48800,2,1.0125000000000002,250519.61367797852,48800,2,1.0125000000000002,158300.5062713623,48800,2,1.03125,161978.4763031006,48800,2,1.03125,19206437.843093872,5400,400,400,400,400,5061,2484,400,400,400,5407,400,400,5401,400,400,5400,400,400,400,400,400,400,2506,400,2484,400,400,400,400,400,400,15.000000953674316,0,0,0,0,0,0,0,0,0,0,0,0,0,0,0,0,0,0,0,0,0,0,0,0,0,0,0,0,0,0,0,20475,15905,8411,40,0,20475,13200,12012,46,0,66718994432,8589930496,32250585088,786432
200,1791413366743,1516373.5244598389,48800,2,1.16875,153038.34677124023,48800,2,1.03125,152070.70529174805,48800,2,1.03125,154480.4714050293,48800,2,1.03125,170473.27461242676,48800,2,1.03125,152797.76991271973,48800,2,1.03125,164302.12162780762,48800,2,1.03125,277291.8890686035,48800,2,1.16875,277172.9386138916,48800,2,1.16875,271047.24404907227,48800,2,1.16875,624218.238494873,48800,2,1.16875,260885.4055328369,48800,2,1.16875,260043.84490966797,48800,2,1.16875,250519.6142425537,48800,2,1.16875,158300.5062866211,48800,2,1.03125,161978.4764404297,48800,2,1.03125,19206447.310272217,5400,400,400,400,400,5061,2484,400,400,400,5407,400,400,5401,400,400,5400,400,400,400,400,400,400,2506,400,2484,400,400,400,400,400,400,10.526315689086914,0,0,0,0,0,0,0,0,0,0,0,0,0,0,0,0,0,0,0,0,0,0,0,0,0,0,0,0,0,0,0,20475,15905,8411,40,0,20475,13200,12012,46,0,66718994432,8589930496,32250585088,786432
200,1791413366943,1516373.5937042236,48800,2,1.16875,153038.34678649902,48800,2,1.1,152070.70530700684,48800,2,1.1,154480.4714202881,48800,2,1.1,170473.27464294434,48800,2,1.1,152797.7699432373,48800,2,1.1,164302.1216583252,48800,2,0.93125,277291.8907928467,48800,2,1.16875,277172.93963623047,3050,2,1.1,271047.2446899414,3050,2,1.1,624218.2391662598,3050,2,1.1,260885.4061126709,3050,2,1.1,260043.84548950195,3050,2,1.1,250519.61483764648,3050,2,1.1,158300.50630187988,48800,2,1.1,161978.47645568848,48800,2,1.1,19206456.80819702,5400,400,400,400,400,5061,2484,400,400,400,5407,400,400,5401,400,400,5400,400,400,400,400,400,400,2506,400,2484,400,400,400,400,400,400,14.285715103149414,0,0,0,0,0,0,0,0,0,0,0,0,0,0,0,0,0,0,0,0,0,0,0,0,0,0,0,0,0,0,0,20475,15905,8411,40,0,20475,13200,11990,46,0,66718994432,8589930496,32250585088,786432
200,1791413367144,1516373.6620635986,48800,2,1.13125,153038.3468170166,48800,2,1.1375,152070.70532226563,48800,2,0.93125,154480.47145080566,48800,2,0.93125,170473.27465820313,48800,2,0.93125,152797.7699584961,48800,2,0.93125,164302.12167358398,48800,2,0.93125,277291.8917541504,48800,2,1.13125,277172.9407348633,48800,2,1.13125,271047.24530029297,48800,2,1.13125,624218.2398071289,48800,2,1.13125,260885.4066619873,48800,2,1.13125,260043.84603881836,48800,2,1.13125,250519.61540222168,48800,2,1.13125,158300.50631713867,48800,2,1.1375,161978.47647094727,48800,2,1.1375,19206466.279800415,5400,400,400,400,400,5061,2484,400,400,400,5407,400,400,5401,400,400,5400,400,400,400,400,400,400,2506,400,2484,400,400,400,400,400,400,15.000000953674316,0,0,0,0,0,0,0,0,0,0,0,0,0,0,0,0,0,0,0,0,0,0,0,0,0,0,0,0,0,0,0,20475,15905,8378,40,0,20475,13200,11990,46,0,66718994432,8589930496,32250585088,786432
200,1791413367344,1516373.7299499512,48800,2,1.16875,153038.3468170166,48800,2,1.0375,152070.70532226563,48800,2,1.0375,154480.47148132324,48800,2,1.0375,170473.27465820313,48800,2,1.0375,152797.7699584961,48800,2,1.0375,164302.12167358398,48800,2,1.0375,277291.89263916016,48800,2,1.16875,277172.94163513184,48800,2,1.16875,271047.2459411621,48800,2,1.16875,624218.240447998,48800,2,1.16875,260885.4072113037,48800,2,1.16875,260043.84658813477,48800,2,1.16875,250519.61596679688,48800,2,1.16875,158300.50631713867,48800,2,1.0375,161978.47648620605,48800,2,1.0375,19206475.701278687,5400,400,400,400,400,5061,2484,400,400,400,5407,400,400,5401,400,400,5400,400,400,400,400,400,400,2506,400,2484,400,400,400,400,400,400,10,0,0,0,0,0,0,0,0,0,0,0,0,0,0,0,0,0,0,0,0,0,0,0,0,0,0,0,0,0,0,0,20475,15905,8378,40,0,20475,13200,11990,46,0,66718994432,8589930496,32248397824,786432
200,1791413367544,1516373.798171997,48800,2,1.16875,153038.3468322754,48800,2,1.11875,152070.7053375244,48800,2,1.11875,154480.4715270996,48800,2,1.11875,170473.2746887207,48800,2,1.11875,152797.76998901367,48800,2,0.93125,164302.12170410156,48800,2,0.93125,277291.8947753906,48800,2,1.1,277172.94270324707,3050,2,1.1,271047.2466125488,3050,2,1.1,624218.241104126,3050,2,1.1,260885.40780639648,3050,2,1.1,260043.84718322754,3050,2,1.1,250519.61659240723,3050,2,1.1,158300.50633239746,48800,2,1.11875,161978.47650146484,48800,2,1.11875,19206485.20854187,5400,400,400,400,400,5061,2484,400,400,400,5407,400,400,5401,400,400,5400,400,400,400,400,400,400,2506,400,2484,400,400,400,400,400,400,10.526315689086914,0,0,0,0,0,0,0,0,0,0,0,0,0,0,0,0,0,0,0,0,0,0,0,0,0,0,0,0,0,0,0,20475,15905,8378,40,0,20475,13200,11990,46,0,66718994432,8589930496,32249942016,786432
200,1791413367745,1516373.8673095703,48800,2,1.175,153038.34689331055,48800,2,0.94375,152070.705368042,48800,2,0.94375,154480.4715576172,48800,2,0.94375,170473.27471923828,48800,2,0.94375,152797.77001953125,48800,2,0.94375,164302.12176513672,48800,2,0.94375,277291.89611816406,48800,2,1.175,277172.94329833984,48800,2,1.175,271047.2474975586,48800,2,1.175,624218.2419586182,48800,2,1.175,260885.4083404541,48800,2,1.175,260043.84773254395,48800,2,1.175,250519.61714172363,48800,2,1.175,158300.50637817383,48800,2,1.175,161978.47653198242,48800,2,1.175,19206494.66355896,5400,400,400,400,400,5061,2484,400,400,400,5407,400,400,5401,400,400,5400,400,400,400,400,400,400,2506,400,2484,400,400,400,400,400,400,14.285715103149414,0,0,0,0,0,0,0,0,0,0,0,0,0,0,0,0,0,0,0,0,0,0,0,0,0,0,0,0,0,0,0,20475,15905,8378,40,0,20475,13200,11990,46,0,66718994432,8589930496,32249942016,786432
200,1791413367945,1516373.932937622,48800,2,1.16875,153038.34690856934,48800,2,1.03125,152070.705368042,48800,2,1.03125,154480.47158813477,48800,2,1.03125,170473.27471923828,48800,2,1.03125,152797.77001953125,48800,2,1.03125,164302.12176513672,48800,2,1.03125,277291.897064209,48800,2,1.16875,277172.94386291504,48800,2,1.16875,271047.249420166,48800,2,1.16875,624218.2425994873,48800,2,1.16875,260885.4089050293,48800,2,1.16875,260043.84829711914,48800,2,1.16875,250519.6177368164,48800,2,1.16875,158300.50639343262,48800,2,1.03125,161978.47653198242,48800,2,1.03125,19206504.1035614,5400,400,400,400,400,5061,2484,400,400,400,5407,400,400,5401,400,400,5400,400,400,400,400,400,400,2506,400,2484,400,400,400,400,400,400,15.000000953674316,0,0,0,0,0,0,0,0,0,0,0,0,0,0,0,0,0,0,0,0,0,0,0,0,0,0,0,0,0,0,0,20475,15905,8378,40,0,20475,13200,11959,46,0,66718994432,8589930496,32249942016,786432
200,1791413368145,1516374.0008544922,48800,2,1.16875,153038.34692382813,48800,2,1.10625,152070.70538330078,48800,2,1.10625,154480.47163391113,48800,2,1.10625,170473.27474975586,48800,2,1.10625,152797.77005004883,48800,2,1.10625,164302.1217956543,48800,2,0.93125,277291.8985443115,3050,2,1.1125,277172.94441223145,3050,2,1.1125,271047.2505950928,3050,2,1.1125,624218.2432098389,3050,2,1.1125,260885.4094543457,3050,2,1.1125,260043.84884643555,3050,2,1.1125,250519.6183013916,3050,2,1.1125,158300.5064086914,48800,2,1.10625,161978.4765625,48800,2,1.10625,19206513.663589478,5400,400,400,400,400,5061,2484,400,400,400,5407,400,400,5401,400,400,5400,400,400,400,400,400,400,2506,400,2484,400,400,400,400,400,400,14.285715103149414,0,0,0,0,0,0,0,0,0,0,0,0,0,0,0,0,0,0,0,0,0,0,0,0,0,0,0,0,0,0,0,20475,15905,8368,40,0,20475,13200,11959,46,0,66718994432,8589930496,32249942016,786432
200,1791413368346,1516374.0680999756,48800,2,1.14375,153038.3469543457,48800,2,0.93125,152070.70539855957,48800,2,0.93125,154480.4716644287,48800,2,0.93125,170473.27476501465,48800,2,0.93125,152797.77006530762,48800,2,0.93125,164302.1218109131,48800,2,0.93125,277291.90007019043,48800,2,1.14375,277172.94499206543,48800,2,1.14375,271047.2524719238,48800,2,1.14375,624218.2438659668,48800,2,1.14375,260885.4100341797,48800,2,1.14375,260043.84942626953,48800,2,1.14375,250519.61891174316,48800,2,1.14375,158300.5064239502,48800,2,0.93125,161978.4765777588,48800,2,0.93125,19206523.14479065,5400,400,400,400,400,5061,2484,400,400,400,5407,400,400,5401,400,400,5400,400,400,400,400,400,400,2506,400,2484,400,400,400,400,400,400,10.526315689086914,0,0,0,0,0,0,0,0,0,0,0,0,0,0,0,0,0,0,0,0,0,0,0,0,0,0,0,0,0,0,0,20475,15905,8368,40,0,20475,13200,11959,46,0,66718994432,8589930496,32247836672,786432
200,1791413368546,1516374.1358795166,48800,2,1.16875,153038.3469543457,48800,2,1.025,152070.70539855957,48800,2,1.025,154480.4716796875,48800,2,1.025,170473.27476501465,48800,2,1.025,152797.77006530762,48800,2,1.025,164302.1218109131,48800,2,1.025,277291.9009246826,48800,2,1.16875,277172.9455871582,48800,2,1.16875,271047.2541656494,48800,2,1.16875,624218.2445983887,48800,2,1.16875,260885.41064453125,48800,2,1.16875,260043.8500213623,48800,2,1.16875,250519.61952209473,48800,2,1.16875,158300.5064239502,48800,2,1.025,161978.47659301758,48800,2,1.025,19206532.52684021,5400,400,400,400,400,5061,2484,400,400,400,5407,400,400,5401,400,400,5400,400,400,400,400,400,400,2506,400,2484,400,400,400,400,400,400,10.526315689086914,0,0,0,0,0,0,0,0,0,0,0,0,0,0,0,0,0,0,0,0,0,0,0,0,0,0,0,0,0,0,0,20475,15905,8368,40,0,20475,13200,11959,46,0,66718994432,8589930496,32253227008,786432
200,1791413368746,1516374.2065734863,48800,2,1.16875,153038.34698486328,48800,2,1.1125,152070.70541381836,48800,2,1.1125,154480.47171020508,48800,2,1.1125,170473.27479553223,48800,2,1.1125,152797.7700958252,48800,2,0.925,164302.12184143066,48800,2,0.925,277291.90325927734,3050,2,1.10625,277172.9462585449,3050,2,1.10625,271047.2548675537,3050,2,1.10625,624218.2461395264,3050,2,1.10625,260885.41148376465,3050,2,1.10625,260043.85066223145,3050,2,1.10625,250519.62017822266,3050,2,1.10625,158300.50643920898,48800,2,1.1125,161978.47662353516,48800,2,1.1125,19206542.177825928,5400,400,400,400,400,5061,2484,400,400,400,5407,400,400,5401,400,400,5400,400,400,400,400,400,400,2506,400,2484,400,400,400,400,400,400,18.18181800842285,0,0,0,0,0,0,0,0,0,0,0,0,0,0,0,0,0,0,0,0,0,0,0,0,0,0,0,0,0,0,0,20475,15905,8368,40,0,20475,13200,11959,46,0,66718994432,8589930496,32253227008,786432
200,1791413368947,1516374.2753753662,48800,2,1.16875,153038.34700012207,48800,2,0.94375,152070.70541381836,48800,2,0.94375,154480.47172546387,48800,2,0.94375,170473.27479553223,48800,2,0.94375,152797.7700958252,48800,2,0.94375,164302.12184143066,48800,2,0.94375,277291.90449523926,48800,2,1.16875,277172.9468383789,48800,2,1.16875,271047.25552368164,48800,2,1.16875,624218.2478179932,48800,2,1.16875,260885.41207885742,48800,2,1.16875,260043.85125732422,48800,2,1.16875,250519.62077331543,48800,2,1.16875,158300.50643920898,48800,2,1.16875,161978.47662353516,48800,2,1.16875,19206551.635681152,5400,400,400,400,400,5061,2484,400,400,400,5407,400,400,5401,400,400,5400,400,400,400,400,400,400,2506,400,2484,400,400,400,400,400,400,10.526315689086914,0,0,0,0,0,0,0,0,0,0,0,0,0,0,0,0,0,0,0,0,0,0,0,0,0,0,0,0,0,0,0,20475,15905,8368,40,0,20475,13200,11985,45,0,66718994432,8589930496,32253227008,786432
200,1791413369147,1516374.3413391113,48800,2,1.16875,153038.34700012207,48800,2,1.0375,152070.70541381836,48800,2,1.0375,154480.47174072266,48800,2,1.0375,170473.27479553223,48800,2,1.0375,152797.7700958252,48800,2,1.0375,164302.12184143066,48800,2,1.0375,277291.9051055908,48800,2,1.16875,277172.9473876953,48800,2,1.16875,271047.2561187744,48800,2,1.16875,624218.2490081787,48800,2,1.16875,260885.41264343262,48800,2,1.16875,260043.85180664063,48800,2,1.16875,250519.62133789063,48800,2,1.16875,158300.50643920898,48800,2,1.0375,161978.47662353516,48800,2,1.0375,19206561.03227234,5400,400,400,400,400,5061,2484,400,400,400,5407,400,400,5401,400,400,5400,400,400,400,400,400,400,2506,400,2484,400,400,400,400,400,400,14.285715103149414,0,0,0,0,0,0,0,0,0,0,0,0,0,0,0,0,0,0,0,0,0,0,0,0,0,0,0,0,0,0,4.761904716491699,20475,15905,8406,40,0,20475,13200,11985,45,0,66718994432,8589930496,32253227008,786432
200,1791413369348,1516374.4122009277,3050,2,1.11875,153038.34701538086,48800,2,1.1125,152070.70542907715,48800,2,1.1125,154480.4718170166,48800,2,1.1125,170473.2748260498,48800,2,0.93125,152797.77012634277,48800,2,0.93125,164302.12187194824,48800,2,0.93125,277291.9060058594,3050,2,1.11875,277172.94801330566,3050,2,1.11875,271047.2568206787,3050,2,1.11875,624218.2507629395,3050,2,1.11875,260885.41339111328,3050,2,1.11875,260043.85243225098,3050,2,1.11875,250519.62197875977,3050,2,1.11875,158300.50645446777,48800,2,1.1125,161978.47665405273,48800,2,1.1125,19206570.61505127,5400,400,400,400,400,5061,2484,400,400,400,5407,400,400,5401,400,400,5400,400,400,400,400,400,400,2506,400,2484,400,400,400,400,400,400,10.526315689086914,0,0,0,0,0,0,0,0,0,0,0,0,0,0,0,0,0,0,0,0,0,0,0,0,0,0,0,0,0,0,0,20475,15905,8406,40,0,20475,13200,11985,45,0,66718994432,8589930496,32253202432,786432
200,1791413369548,1516374.4828796387,48800,2,1.16875,153038.34704589844,48800,2,0.94375,152070.70545959473,48800,2,0.94375,154480.47184753418,48800,2,0.94375,170473.27485656738,48800,2,0.94375,152797.77015686035,48800,2,0.94375,164302.1219177246,48800,2,0.94375,277291.9072113037,48800,2,1.16875,277172.9486541748,48800,2,1.16875,271047.2575073242,48800,2,1.16875,624218.2519989014,48800,2,1.16875,260885.4140777588,48800,2,1.16875,260043.85305786133,48800,2,1.16875,250519.62405395508,48800,2,1.16875,158300.50648498535,48800,2,1.16875,161978.4766845703,48800,2,1.16875,19206580.117218018,5400,400,400,400,400,5061,2484,400,400,400,5407,400,400,5401,400,400,5400,400,400,400,400,400,400,2506,400,2484,400,400,400,400,400,400,14.285715103149414,0,0,0,0,0,0,0,0,0,0,0,0,0,0,0,0,0,0,0,0,0,0,0,0,0,0,0,0,0,0,0,20475,15905,8406,40,0,20475,13200,11985,45,0,66718994432,8589930496,32253202432,786432
200,1791413369748,1516374.5515289307,48800,2,1.175,153038.34718322754,48800,2,1.025,152070.70558166504,48800,2,1.025,154480.47198486328,48800,2,1.025,170473.2749786377,48800,2,1.025,152797.77027893066,48800,2,1.025,164302.12203979492,48800,2,1.025,277291.908203125,48800,2,1.175,277172.9493560791,48800,2,1.175,271047.25828552246,48800,2,1.175,624218.254196167,48800,2,1.175,260885.41487121582,48800,2,1.175,260043.8537750244,48800,2,1.175,250519.62478637695,48800,2,1.175,158300.50659179688,48800,2,1.025,161978.47680664063,48800,2,1.025,19206590.04499817,5400,400,400,400,400,5061,2484,400,400,400,5407,400,400,5401,400,400,5400,400,400,400,400,400,400,2506,400,2484,400,400,400,400,400,400,10.526315689086914,0,0,0,0,0,0,0,0,0,0,0,0,0,0,0,0,0,0,0,0,0,0,0,0,0,0,0,0,0,0,0,20475,15905,8406,40,0,20475,13200,11985,45,0,66718994432,8589930496,32253202432,786432
200,1791413369949,1516374.6199035645,3050,2,1.1,153038.34719848633,48800,2,1.10625,152070.70559692383,48800,2,1.10625,154480.47203063965,48800,2,1.10625,170473.27500915527,48800,2,0.93125,152797.77030944824,48800,2,0.93125,164302.1220703125,48800,2,0.93125,277291.90939331055,3050,2,1.1,277172.9499206543,3050,2,1.1,271047.2589111328,3050,2,1.1,624218.2554016113,3050,2,1.1,260885.41548156738,3050,2,1.1,260043.8543395996,3050,2,1.1,250519.62536621094,3050,2,1.1,158300.50662231445,48800,2,1.10625,161978.4768371582,48800,2,1.10625,19206599.443069458,5400,400,400,400,400,5061,2484,400,400,400,5407,400,400,5401,400,400,5400,400,400,400,400,400,400,2506,400,2484,400,400,400,400,400,400,15.000000953674316,0,0,0,0,0,0,0,0,0,0,0,0,0,0,0,0,0,0,0,0,0,0,0,0,0,0,0,0,0,0,0,20475,15905,8406,40,0,20475,13200,12014,45,0,66718994432,8589930496,32253202432,786432
200,1791413370149,1516374.6902313232,48800,2,1.13125,153038.34721374512,48800,2,1.125,152070.70559692383,48800,2,0.93125,154480.47204589844,48800,2,0.93125,170473.27500915527,48800,2,0.93125,152797.77030944824,48800,2,0.93125,164302.1220703125,48800,2,0.93125,277291.91091918945,48800,2,1.13125,277172.9505767822,48800,2,1.13125,271047.2596282959,48800,2,1.13125,624218.2565307617,48800,2,1.13125,260885.41625976563,48800,2,1.13125,260043.85499572754,48800,2,1.13125,250519.62603759766,48800,2,1.13125,158300.50662231445,48800,2,1.125,161978.4768371582,48800,2,1.125,19206609.025787354,5400,400,400,400,400,5061,2484,400,400,400,5407,400,400,5401,400,400,5400,400,400,400,400,400,400,2506,400,2484,400,400,400,400,400,400,10,0,0,0,0,0,0,0,0,0,0,0,0,0,0,0,0,0,0,0,0,0,0,0,0,0,0,0,0,0,0,0,20475,15905,8405,40,0,20475,13200,12014,45,0,66718994432,8589930496,32253202432,786432
200,1791413370349,1516374.7571258545,48800,2,1.16875,153038.3472290039,48800,2,1.025,152070.70559692383,48800,2,1.025,154480.47204589844,48800,2,1.025,170473.27500915527,48800,2,1.025,152797.77030944824,48800,2,1.025,164302.1220703125,48800,2,1.025,277291.9115753174,48800,2,1.16875,277172.9512023926,48800,2,1.16875,271047.2603149414,48800,2,1.16875,624218.2578430176,48800,2,1.16875,260885.41709899902,48800,2,1.16875,260043.8556213379,3050,2,1.025,250519.6266784668,3050,2,1.025,158300.50662231445,48800,2,1.025,161978.4768371582,48800,2,1.025,19206618.54714966,5400,400,400,400,400,5061,2484,400,400,400,5407,400,400,5401,400,400,5400,400,400,400,400,400,400,2506,400,2484,400,400,400,400,400,400,15.000000953674316,0,0,0,0,0,0,0,0,0,0,0,0,0,0,0,0,0,0,0,0,0,0,0,0,0,0,0,0,0,0,0,20475,15905,8405,40,0,20475,13200,12014,45,0,66718994432,8589930496,32251891712,786432
200,1791413370549,1516374.8258972168,48800,2,1.16875,153038.34725952148,48800,2,1.1125,152070.7056274414,48800,2,1.1125,154480.4720916748,48800,2,1.1125,170473.27503967285,48800,2,1.1125,152797.7703552246,48800,2,1.1125,164302.12210083008,48800,2,0.93125,277291.9129180908,48800,2,1.16875,277172.95181274414,3050,2,1.09375,271047.2609863281,3050,2,1.09375,624218.2586212158,3050,2,1.09375,260885.41778564453,3050,2,1.09375,260043.85623168945,3050,2,1.09375,250519.62730407715,3050,2,1.09375,158300.50663757324,48800,2,1.1125,161978.476852417,48800,2,1.1125,19206628.023391724,5400,400,400,400,400,5061,2484,400,400,400,5407,400,400,5401,400,400,5400,400,400,400,400,400,400,2506,400,2484,400,400,400,400,400,400,10,0,0,0,0,0,0,0,0,0,0,0,0,0,0,0,0,0,0,0,0,0,0,0,0,0,0,0,0,0,0,0,20475,15905,8405,40,0,20475,13200,12014,45,0,66718994432,8589930496,32250572800,786432
200,1791413370750,1516374.8977508545,48800,2,1.13125,153038.34733581543,48800,2,1.1375,152070.70567321777,48800,2,0.93125,154480.47215270996,48800,2,0.93125,170473.27508544922,48800,2,0.93125,152797.77040100098,48800,2,0.93125,164302.12214660645,48800,2,0.93125,277291.9144744873,48800,2,1.13125,277172.95248413086,48800,2,1.13125,271047.26171875,48800,2,1.13125,624218.2597961426,48800,2,1.13125,260885.41848754883,48800,2,1.13125,260043.85688781738,48800,2,1.13125,250519.62797546387,48800,2,1.13125,158300.5066833496,48800,2,1.1375,161978.47714233398,48800,2,1.1375,19206637.60658264,5400,400,400,400,400,5061,2484,400,400,400,5407,400,400,5401,400,400,5400,400,400,400,400,400,400,2506,400,2484,400,400,400,400,400,400,15.000000953674316,0,0,0,0,0,0,0,0,0,0,0,0,0,0,0,0,0,0,0,0,0,0,0,0,0,0,0,0,0,0,0,20475,15905,8405,40,0,20475,13200,12014,45,0,66718994432,8589930496,32250572800,786432
200,1791413370950,1516374.9664611816,48800,2,1.175,153038.34735107422,48800,2,1.025,152070.70567321777,48800,2,1.025,154480.47218322754,48800,2,1.025,170473.27508544922,48800,2,1.025,152797.77041625977,48800,2,1.025,164302.12214660645,48800,2,1.025,277291.91537475586,48800,2,1.175,277172.9530944824,48800,2,1.175,271047.26237487793,48800,2,1.175,624218.2608642578,48800,2,1.175,260885.41915893555,48800,2,1.175,260043.85749816895,48800,2,1.175,250519.62860107422,48800,2,1.175,158300.5066986084,48800,2,1.025,161978.47714233398,48800,2,1.025,19206647.01724243,5400,400,400,400,400,5061,2484,400,400,400,5407,400,400,5401,400,400,5400,400,400,400,400,400,400,2506,400,2484,400,400,400,400,400,400,10,0,0,0,0,0,0,0,0,0,0,0,0,0,0,0,0,0,0,0,0,0,0,0,0,0,0,0,0,0,0,0,20475,15905,8405,40,0,20475,13200,11988,45,0,66718994432,8589930496,32250572800,786432
200,1791413371150,1516375.0361938477,48800,2,1.16875,153038.347366333,48800,2,1.1,152070.70568847656,48800,2,1.1,154480.4722442627,48800,2,1.1,170473.2751159668,48800,2,1.1,152797.77044677734,48800,2,1.1,164302.12217712402,48800,2,0.93125,277291.9169769287,48800,2,1.16875,277172.95373535156,3050,2,1.10625,271047.2630767822,3050,2,1.10625,624218.2621307373,3050,2,1.10625,260885.41986083984,3050,2,1.10625,260043.8581390381,3050,2,1.10625,250519.62925720215,3050,2,1.10625,158300.5067138672,48800,2,1.1,161978.47717285156,48800,2,1.1,19206656.62335205,5400,400,400,400,400,5061,2484,400,400,400,5407,400,400,5401,400,400,5400,400,400,400,400,400,400,2506,400,2484,400,400,400,400,400,400,15.000000953674316,0,0,0,0,0,0,0,0,0,0,0,0,0,0,0,0,0,0,0,0,0,0,0,0,0,0,0,0,0,0,0,20475,15905,8416,40,0,20475,13200,11988,45,0,66718994432,8589930496,32250568704,786432
199,1791413371351,1516375.1061553955,48800,2,1.125,153038.3473815918,48800,2,1.13125,152070.70568847656,48800,2,0.93125,154480.47225952148,48800,2,0.93125,170473.2751159668,48800,2,0.93125,152797.77046203613,48800,2,0.93125,164302.12217712402,48800,2,0.93125,277291.91816711426,48800,2,1.125,277172.95433044434,48800,2,1.125,271047.2637023926,48800,2,1.125,624218.2629852295,48800,2,1.125,260885.42050170898,48800,2,1.125,260043.85873413086,48800,2,1.125,250519.6298675537,48800,2,1.125,158300.50672912598,48800,2,1.13125,161978.47717285156,48800,2,1.13125,19206666.088241577,5400,400,400,400,400,5061,2484,400,400,400,5407,400,400,5401,400,400,5400,400,400,400,400,400,400,2506,400,2484,400,400,400,400,400,400,10.526315689086914,0,0,0,0,0,0,0,0,0,0,0,0,0,0,0,0,0,0,0,0,0,0,0,0,0,0,0,0,0,0,0,20475,15905,8416,40,0,20475,13200,11988,45,0,66718994432,8589930496,32250568704,786432
200,1791413371551,1516375.173675537,48800,2,1.16875,153038.34744262695,48800,2,0.94375,152070.70574951172,48800,2,0.94375,154480.47232055664,48800,2,0.94375,170473.27517700195,48800,2,0.94375,152797.77053833008,48800,2,0.94375,164302.12225341797,48800,2,0.94375,277291.91888427734,48800,2,1.16875,277172.9550628662,48800,2,1.16875,271047.26445007324,48800,2,1.16875,624218.264541626,48800,2,1.16875,260885.42138671875,48800,2,1.16875,260043.85946655273,48800,2,1.16875,250519.6305847168,48800,2,1.16875,158300.50679016113,48800,2,1.16875,161978.4783782959,48800,2,1.16875,19206675.89123535,5400,400,400,400,400,5061,2484,400,400,400,5407,400,400,5401,400,400,5400,400,400,400,400,400,400,2506,400,2484,400,400,400,400,400,400,14.285715103149414,0,0,0,0,0,0,0,0,0,0,0,0,0,0,0,0,0,0,0,0,0,0,0,0,0,0,0,0,0,0,0,20475,15905,8416,40,0,20475,13200,11988,45,0,66718994432,8589930496,32250568704,786432
200,1791413371751,1516375.242614746,48800,2,1.175,153038.34747314453,48800,2,1.025,152070.70574951172,48800,2,1.025,154480.47235107422,48800,2,1.025,170473.27517700195,48800,2,1.025,152797.77053833008,48800,2,1.025,164302.12225341797,48800,2,1.025,277291.9196472168,48800,2,1.175,277172.9556274414,48800,2,1.175,271047.265045166,48800,2,1.175,624218.2659454346,48800,2,1.175,260885.4219970703,48800,2,1.175,260043.86003112793,48800,2,1.175,250519.63116455078,48800,2,1.175,158300.50679016113,48800,2,1.025,161978.4783935547,48800,2,1.025,19206685.425216675,5400,400,400,400,400,5061,2484,400,400,400,5407,400,400,5401,400,400,5400,400,400,400,400,400,400,2506,400,2484,400,400,400,400,400,400,15.000000953674316,0,0,0,0,0,0,0,0,0,0,4.761904716491699,0,0,0,0,0,0,0,0,0,0,0,0,0,0,0,0,0,0,0,0,20475,15905,8416,40,0,20475,13200,11988,45,0,66718994432,8589930496,32250568704,786432
200,1791413371952,1516375.3115997314,48800,2,1.175,153038.34748840332,48800,2,1.1,152070.7057647705,48800,2,1.1,154480.47241210938,48800,2,1.1,170473.27520751953,48800,2,1.1,152797.77056884766,48800,2,1.1,164302.12228393555,48800,2,0.93125,277291.92109680176,3050,2,1.11875,277172.95628356934,3050,2,1.11875,271047.26570129395,3050,2,1.11875,624218.2668762207,3050,2,1.11875,260885.42266845703,3050,2,1.11875,260043.8606414795,3050,2,1.11875,250519.63179016113,3050,2,1.11875,158300.50680541992,48800,2,1.1,161978.47842407227,48800,2,1.1,19206694.970291138,5400,400,400,400,400,5061,2484,400,400,400,5407,400,400,5401,400,400,5400,400,400,400,400,400,400,2506,400,2484,400,400,400,400,400,400,14.285715103149414,0,0,0,0,0,0,0,0,0,0,0,0,0,0,0,0,0,0,0,0,0,0,0,0,0,0,0,0,0,0,0,20475,15905,8416,40,0,20475,13200,11995,45,0,66718994432,8589930496,32250568704,786432
200,1791413372152,1516375.3821868896,48800,2,1.1375,153038.3475189209,48800,2,1.1375,152070.7057952881,48800,2,0.93125,154480.47244262695,48800,2,0.93125,170473.2752380371,48800,2,0.93125,152797.77059936523,48800,2,0.93125,164302.12231445313,48800,2,0.93125,277291.92237854004,48800,2,1.1375,277172.95695495605,48800,2,1.1375,271047.26640319824,48800,2,1.1375,624218.2680664063,48800,2,1.1375,260885.42332458496,48800,2,1.1375,260043.86129760742,48800,2,1.1375,250519.63246154785,48800,2,1.1375,158300.5068511963,48800,2,1.1375,161978.47845458984,48800,2,1.1375,19206704.647491455,5400,400,400,400,400,5061,2484,400,400,400,5407,400,400,5401,400,400,5400,400,400,400,400,400,400,2506,400,2484,400,400,400,400,400,400,10.526315689086914,0,0,0,0,0,0,0,0,0,0,0,0,0,0,0,0,0,0,0,0,0,0,0,0,0,0,0,0,0,0,0,20475,15905,8376,40,0,20475,13200,11995,45,0,66718994432,8589930496,32250564608,786432
200,1791413372352,1516375.4506988525,48800,2,1.175,153038.3475189209,48800,2,1.03125,152070.7057952881,48800,2,1.03125,154480.47245788574,48800,2,1.03125,170473.2752380371,48800,2,1.03125,152797.77059936523,48800,2,1.03125,164302.12231445313,48800,2,1.03125,277291.9231262207,48800,2,1.175,277172.9575500488,48800,2,1.175,271047.2670135498,48800,2,1.175,624218.2691345215,48800,2,1.175,260885.42390441895,48800,2,1.175,260043.8618774414,48800,2,1.175,250519.63305664063,3050,2,1.03125,158300.50686645508,48800,2,1.03125,161978.47845458984,48800,2,1.03125,19206714.1880188,5400,400,400,400,400,5061,2484,400,400,400,5407,400,400,5401,400,400,5400,400,400,400,400,400,400,2506,400,2484,400,400,400,400,400,400,10,0,0,0,0,0,0,0,0,0,0,0,0,0,0,0,0,0,0,0,0,0,0,0,0,0,0,0,0,0,0,0,20475,15905,8376,40,0,20475,13200,11995,45,0,66718994432,8589930496,32249647104,786432
200,1791413372553,1516375.5196380615,48800,2,1.03125,153038.34754943848,48800,2,1.10625,152070.70584106445,48800,2,1.10625,154480.4725341797,48800,2,1.10625,170473.27528381348,48800,2,1.10625,152797.7706604004,48800,2,1.10625,164302.1223602295,48800,2,0.93125,277291.9242706299,48800,2,1.03125,277172.9581298828,3050,2,1.09375,271047.2675933838,3050,2,1.09375,624218.2699737549,3050,2,1.09375,260885.42443847656,3050,2,1.09375,260043.8624420166,3050,2,1.09375,250519.63360595703,3050,2,1.09375,158300.50689697266,48800,2,1.10625,161978.4785003662,48800,2,1.10625,19206723.528808594,5400,400,400,400,400,5061,2484,400,400,400,5407,400,400,5401,400,400,5400,400,400,400,400,400,400,2506,400,2484,400,400,400,400,400,400,15.000000953674316,0,0,0,0,0,0,0,0,0,0,0,0,0,0,0,0,0,0,0,0,0,0,0,0,0,0,0,0,0,0,0,20475,15905,8376,40,0,20475,13200,11995,45,0,66718994432,8589930496,32250908672,786432
200,1791413372753,1516375.5898895264,48800,2,1.0375,153038.34762573242,48800,2,1.0437500000000002,152070.7059020996,48800,2,0.93125,154480.47261047363,48800,2,0.93125,170473.27534484863,48800,2,0.93125,152797.77072143555,48800,2,0.93125,164302.12242126465,48800,2,0.93125,277291.9257659912,48800,2,1.0375,277172.95878601074,48800,2,1.0375,271047.2682800293,48800,2,1.0375,624218.2708740234,48800,2,1.0375,260885.4250946045,48800,2,1.0375,260043.86308288574,48800,2,1.0375,250519.63426208496,48800,2,1.0375,158300.5069580078,48800,2,1.0437500000000002,161978.4786682129,48800,2,1.0437500000000002,19206733.114089966,5400,400,400,400,400,5061,2484,400,400,400,5407,400,400,5401,400,400,5400,400,400,400,400,400,400,2506,400,2484,400,400,400,400,400,400,10.526315689086914,0,0,0,0,0,0,0,0,0,0,0,0,0,0,0,0,0,0,0,0,0,0,0,0,0,0,0,0,0,0,0,20475,15905,8376,40,0,20475,13200,11995,45,0,66718994432,8589930496,32250908672,786432
199,1791413372953,1516375.6573028564,48800,2,1.0625,153038.34762573242,48800,2,0.9812500000000001,152070.7059020996,48800,2,0.9812500000000001,154480.47261047363,48800,2,0.9812500000000001,170473.27534484863,48800,2,0.9812500000000001,152797.77072143555,48800,2,0.9812500000000001,164302.12242126465,48800,2,0.9812500000000001,277291.9265136719,48800,2,1.0625,277172.9593963623,48800,2,1.0625,271047.26892089844,48800,2,1.0625,624218.2720794678,48800,2,1.0625,260885.42567443848,48800,2,1.0625,260043.86366271973,48800,2,1.0625,250519.63485717773,48800,2,1.0625,158300.5069580078,48800,2,0.9812500000000001,161978.4786682129,48800,2,0.9812500000000001,19206742.435440063,5400,400,400,400,400,5061,2484,400,400,400,5407,400,400,5401,400,400,5400,400,400,400,400,400,400,2506,400,2484,400,400,400,400,400,400,14.285715103149414,0,0,0,0,0,0,0,0,0,0,0,0,0,0,0,0,0,0,0,0,0,0,0,0,0,0,0,0,0,0,0,20475,15905,8376,40,0,20475,13200,12057,45,0,66718994432,8589930496,32250908672,786432
200,1791413373153,1516375.7269439697,48800,2,1.16875,153038.3476409912,16133.333333333334,2,1.025,152070.7059173584,16133.333333333334,2,1.025,154480.47265625,16133.333333333334,0,1.025,170473.27536010742,16133.333333333334,2,1.025,152797.77075195313,16133.333333333334,2,1.025,164302.12245178223,16133.333333333334,2,1.025,277291.9279785156,48800,2,1.16875,277172.9600830078,48800,2,1.16875,271047.2696380615,48800,2,1.16875,624218.2730407715,48800,2,1.16875,260885.4263458252,48800,2,1.16875,260043.86431884766,48800,2,1.16875,250519.63554382324,48800,2,1.16875,158300.5069732666,48800,2,1.16875,161978.47869873047,48800,2,1.16875,19206751.965911865,5400,400,400,400,400,5061,2484,400,400,400,5407,400,400,5401,400,400,5400,400,400,400,400,400,400,2506,400,2484,400,400,400,400,400,400,10.526315689086914,0,0,0,0,0,0,0,0,0,0,0,0,0,0,0,0,0,0,0,0,0,0,0,0,0,0,0,0,0,0,0,20475,15905,8332,40,0,20475,13200,12057,45,0,66718994432,8589930496,32250904576,786432
200,1791413373354,1516375.7938995361,48800,2,1.16875,153038.34770202637,48800,2,1.1125,152070.70596313477,48800,2,1.1125,154480.47274780273,48800,2,1.1125,170473.2754058838,48800,2,1.1125,152797.7707977295,48800,2,1.1125,164302.1224822998,48800,2,1.1125,277291.9291687012,3050,2,1.11875,277172.960647583,3050,2,1.11875,271047.2702178955,3050,2,1.11875,624218.2738647461,3050,2,1.11875,260885.4268798828,3050,2,1.11875,260043.86485290527,3050,2,1.11875,250519.63609313965,3050,2,1.11875,158300.50701904297,48800,2,1.1125,161978.47875976563,48800,2,1.1125,19206761.431518555,5400,400,400,400,400,5061,2484,400,400,400,5407,400,400,5401,400,400,5400,400,400,400,400,400,400,2506,400,2484,400,400,400,400,400,400,18.18181800842285,0,0,0,0,0,0,0,0,0,0,0,0,0,0,0,0,0,0,0,0,0,0,0,0,0,0,0,0,0,0,0,20475,15905,8332,40,0,20475,13200,12057,45,0,66718994432,8589930496,32250904576,786432
200,1791413373554,1516375.8603668213,48800,2,1.175,153038.34774780273,48800,2,1.175,152070.70600891113,48800,2,1.175,154480.47282409668,48800,2,1.175,170473.27545166016,48800,2,1.175,152797.77084350586,48800,2,1.175,164302.12254333496,48800,2,1.175,277291.93057250977,48800,2,1.175,277172.9613342285,48800,2,1.175,271047.2709197998,48800,2,1.175,624218.2755126953,48800,2,1.175,260885.42755126953,48800,2,1.175,260043.865524292,48800,2,1.175,250519.63844299316,48800,2,1.175,158300.50706481934,48800,2,1.175,161978.47885131836,48800,2,1.175,19206771.012008667,5400,400,400,400,400,5061,2484,400,400,400,5407,400,400,5401,400,400,5400,400,400,400,400,400,400,2506,400,2484,400,400,400,400,400,400,10.526315689086914,0,0,0,0,0,0,0,0,0,0,0,0,0,0,0,0,0,0,0,0,0,0,0,0,0,0,0,0,0,0,0,20475,15905,8332,40,0,20475,13200,12057,45,0,66718994432,8589930496,32250904576,786432
200,1791413373754,1516375.9277038574,48800,2,1.16875,153038.347946167,48800,2,1.025,152070.7061920166,48800,2,1.025,154480.47305297852,48800,2,1.025,170473.27563476563,48800,2,1.025,152797.77102661133,48800,2,1.025,164302.12272644043,48800,2,1.025,277291.931350708,48800,2,1.16875,277172.9620819092,48800,2,1.16875,271047.27168273926,48800,2,1.16875,624218.2769165039,48800,2,1.16875,260885.42826843262,48800,2,1.16875,260043.86624145508,48800,2,1.16875,250519.63919067383,48800,2,1.16875,158300.5072479248,48800,2,1.025,161978.4790802002,48800,2,1.025,19206780.73814392,5400,400,400,400,400,5061,2484,400,400,400,5407,400,400,5401,400,400,5400,400,400,400,400,400,400,2506,400,2484,400,400,400,400,400,400,14.285715103149414,0,0,0,0,0,0,0,0,0,0,0,0,0,0,0,0,0,0,0,0,0,0,0,0,0,0,0,0,0,0,0,20475,15905,8332,40,0,20475,13200,12057,45,0,66718994432,8589930496,32250904576,786432
200,1791413373955,1516375.9975738525,48800,2,1.16875,153038.34796142578,48800,2,1.1,152070.7062072754,48800,2,1.1,154480.47317504883,48800,2,1.1,170473.2756652832,48800,2,1.1,152797.7710571289,48800,2,1.1,164302.122756958,48800,2,1.1,277291.9330749512,48800,2,1.16875,277172.9627227783,48800,2,1.1,271047.27265930176,3050,2,1.1,624218.2779693604,3050,2,1.1,260885.4288635254,3050,2,1.1,260043.86683654785,3050,2,1.1,250519.6398010254,3050,2,1.1,158300.50729370117,48800,2,1.1,161978.47918701172,48800,2,1.1,19206790.20906067,5400,400,400,400,400,5061,2484,400,400,400,5407,400,400,5401,400,400,5400,400,400,400,400,400,400,2506,400,2484,400,400,400,400,400,400,10.526315689086914,0,0,0,0,0,0,0,0,0,0,0,0,0,0,0,0,0,0,0,0,0,0,0,0,0,0,0,0,0,0,0,20475,15905,8332,40,0,20475,13200,12094,45,0,66718994432,8589930496,32250900480,786432
200,1791413374155,1516376.063659668,48800,2,1.1375,153038.34803771973,48800,2,1.13125,152070.70626831055,48800,2,1.13125,154480.4733734131,48800,2,0.93125,170473.27572631836,48800,2,0.93125,152797.77111816406,48800,2,0.93125,164302.12281799316,48800,2,0.93125,277291.9341888428,48800,2,1.1375,277172.9632873535,48800,2,1.1375,271047.27325439453,48800,2,1.1375,624218.2789001465,48800,2,1.1375,260885.429397583,48800,2,1.1375,260043.86737060547,48800,2,1.1375,250519.6403503418,48800,2,1.1375,158300.50735473633,48800,2,1.13125,161978.47940063477,48800,2,1.13125,19206799.61691284,5400,400,400,400,400,5061,2484,400,400,400,5407,400,400,5401,400,400,5400,400,400,400,400,400,400,2506,400,2484,400,400,400,400,400,400,14.285715103149414,0,0,0,0,0,0,0,0,0,0,0,0,0,0,0,0,0,0,0,0,0,0,0,0,0,0,0,0,0,0,0,20475,15905,8335,40,0,20475,13200,12094,45,0,66718994432,8589930496,32250900480,786432
200,1791413374355,1516376.13180542,48800,2,1.16875,153038.34805297852,48800,2,1.0375,152070.70628356934,48800,2,1.0375,154480.4735107422,48800,2,1.0375,170473.27574157715,48800,2,1.0375,152797.77113342285,48800,2,1.0375,164302.12283325195,48800,2,1.0375,277291.9351043701,48800,2,1.16875,277172.9638824463,48800,2,1.16875,271047.2738952637,48800,2,1.16875,624218.2802429199,48800,2,1.16875,260885.4299621582,48800,2,1.03125,260043.86793518066,3050,2,1.03125,250519.64093017578,3050,2,1.03125,158300.50736999512,48800,2,1.0375,161978.47943115234,48800,2,1.0375,19206809.141342163,5400,400,400,400,400,5061,2484,400,400,400,5407,400,400,5401,400,400,5400,400,400,400,400,400,400,2506,400,2484,400,400,400,400,400,400,10.526315689086914,0,0,0,0,0,0,0,0,0,0,0,0,0,0,0,0,0,0,0,0,0,0,0,0,0,0,0,0,0,0,0,20475,15905,8335,40,0,20475,13200,12094,45,0,66718994432,8589930496,32249905152,786432
200,1791413374556,1516376.1997070313,48800,2,1.16875,153038.34809875488,48800,2,1.11875,152070.7063293457,48800,2,1.11875,154480.47372436523,48800,2,1.11875,170473.27578735352,48800,2,1.11875,152797.77117919922,48800,2,1.11875,164302.12287902832,48800,2,0.93125,277291.93629455566,3050,2,1.11875,277172.9644622803,3050,2,1.11875,271047.27449035645,3050,2,1.11875,624218.2811584473,3050,2,1.11875,260885.4305114746,3050,2,1.11875,260043.86848449707,3050,2,1.11875,250519.64149475098,3050,2,1.11875,158300.5074005127,48800,2,1.11875,161978.4794769287,48800,2,1.11875,19206818.545806885,5400,400,400,400,400,5061,2484,400,400,400,5407,400,400,5401,400,400,5400,400,400,400,400,400,400,2506,400,2484,400,400,400,400,400,400,10.526315689086914,0,0,0,0,0,0,0,0,0,0,0,0,0,0,0,0,0,0,0,0,0,0,0,0,0,0,0,0,0,0,0,20475,15905,8335,40,0,20475,13200,12094,45,0,66718994432,8589930496,32251166720,786432
200,1791413374756,1516376.2666625977,48800,2,1.16875,153038.34812927246,48800,2,0.94375,152070.7063446045,48800,2,0.94375,154480.4737548828,48800,2,0.94375,170473.2758026123,48800,2,0.94375,152797.771194458,48800,2,0.94375,164302.1228942871,48800,2,0.94375,277291.93771362305,48800,2,1.16875,277172.96507263184,48800,2,1.16875,271047.2751464844,48800,2,1.16875,624218.2824554443,48800,2,1.16875,260885.4310760498,48800,2,1.16875,260043.86904907227,48800,2,1.16875,250519.64208984375,48800,2,1.16875,158300.50743103027,48800,2,1.16875,161978.4796142578,48800,2,1.16875,19206827.996627808,5400,400,400,400,400,5061,2484,400,400,400,5407,400,400,5401,400,400,5400,400,400,400,400,400,400,2506,400,2484,400,400,400,400,400,400,14.285715103149414,0,0,0,0,0,0,0,0,0,0,0,0,0,0,0,0,0,0,0,0,0,0,0,0,0,0,0,0,0,0,0,20475,15905,8335,40,0,20475,13200,12094,45,0,66718994432,8589930496,32251166720,786432
200,1791413374956,1516376.3343811035,48800,2,1.16875,153038.34817504883,48800,2,1.0375,152070.70637512207,48800,2,1.0375,154480.47398376465,48800,2,1.0375,170473.27583312988,48800,2,1.0375,152797.7712249756,48800,2,1.0375,164302.1229248047,48800,2,1.0375,277291.9385986328,48800,2,1.16875,277172.9656829834,48800,2,1.16875,271047.2757873535,48800,2,1.16875,624218.2850189209,48800,2,1.16875,260885.43167114258,48800,2,1.16875,260043.86962890625,48800,2,1.0375,250519.64268493652,3050,2,1.0375,158300.50746154785,48800,2,1.0375,161978.4797668457,48800,2,1.0375,19206837.483963013,5400,400,400,400,400,5061,2484,400,400,400,5407,400,400,5401,400,400,5400,400,400,400,400,400,400,2506,400,2484,400,400,400,400,400,400,15.000000953674316,0,0,0,0,0,0,0,0,0,0,0,0,0,0,0,0,0,0,0,0,0,0,0,0,0,0,0,0,0,0,0,20475,15905,8335,40,0,20475,13200,12080,45,0,66718994432,8589930496,32251162624,786432
200,1791413375157,1516376.4030151367,3050,2,1.10625,153038.3482208252,48800,2,1.11875,152070.70643615723,48800,2,1.11875,154480.47425842285,48800,2,1.11875,170473.27589416504,48800,2,0.93125,152797.77128601074,48800,2,0.93125,164302.12298583984,48800,2,0.93125,277291.9399871826,3050,2,1.10625,277172.96629333496,3050,2,1.10625,271047.27642822266,3050,2,1.10625,624218.2865753174,3050,2,1.10625,260885.43223571777,3050,2,1.10625,260043.87019348145,3050,2,1.10625,250519.6432647705,3050,2,1.10625,158300.50750732422,48800,2,1.11875,161978.48013305664,48800,2,1.11875,19206847.015655518,5400,400,400,400,400,5061,2484,400,400,400,5407,400,400,5401,400,400,5400,400,400,400,400,400,400,2506,400,2484,400,400,400,400,400,400,14.285715103149414,0,0,0,0,0,0,0,0,0,0,0,0,0,0,0,0,0,0,0,0,0,0,0,0,0,0,0,0,0,0,0,20475,15905,8363,40,0,20475,13200,12080,45,0,66718994432,8589930496,32251162624,786432
200,1791413375357,1516376.4723052979,48800,2,1.16875,153038.34823608398,48800,2,0.95,152070.70645141602,48800,2,0.95,154480.47438049316,48800,2,0.95,170473.27590942383,48800,2,0.95,152797.77130126953,48800,2,0.95,164302.12300109863,48800,2,0.95,277291.94075012207,48800,2,1.16875,277172.9669342041,48800,2,1.16875,271047.2770843506,48800,2,1.16875,624218.2878417969,48800,2,1.16875,260885.43284606934,48800,2,1.16875,260043.87078857422,48800,2,1.16875,250519.64387512207,48800,2,1.16875,158300.507522583,48800,2,1.16875,161978.48023986816,48800,2,0.95,19206856.493240356,5400,400,400,400,400,5061,2484,400,400,400,5407,400,400,5401,400,400,5400,400,400,400,400,400,400,2506,400,2484,400,400,400,400,400,400,10.526315689086914,0,0,0,0,0,0,0,0,0,0,0,0,0,0,0,0,0,0,0,0,0,0,0,0,0,0,0,0,0,0,0,20475,15905,8363,40,0,20475,13200,12080,45,0,66718994432,8589930496,32251162624,786432
200,1791413375557,1516376.541168213,48800,2,1.16875,153038.34825134277,48800,2,1.0375,152070.7064666748,48800,2,1.0375,154480.47485351563,48800,2,1.0375,170473.27592468262,48800,2,1.0375,152797.77131652832,48800,2,1.0375,164302.12301635742,48800,2,1.0375,277291.9423522949,48800,2,1.16875,277172.96759033203,48800,2,1.16875,271047.2777709961,48800,2,1.16875,624218.2895050049,48800,2,1.16875,260885.4334716797,48800,2,1.16875,260043.87141418457,3050,2,1.03125,250519.6445159912,3050,2,1.03125,158300.5075378418,48800,2,1.0375,161978.48068237305,48800,2,1.0375,19206866.063430786,5400,400,400,400,400,5061,2484,400,400,400,5407,400,400,5401,400,400,5400,400,400,400,400,400,400,2506,400,2484,400,400,400,400,400,400,14.285715103149414,0,0,0,0,0,0,0,0,0,0,0,0,0,0,0,0,0,0,0,0,0,0,0,0,0,0,0,0,0,0,0,20475,15905,8363,40,0,20475,13200,12080,45,0,66718994432,8589930496,32251162624,786432
200,1791413375758,1516376.6095733643,3050,2,1.11875,153038.34832763672,48800,2,1.1125,152070.70652770996,48800,2,1.1125,154480.4750366211,48800,2,1.1125,170473.27598571777,48800,2,1.1125,152797.77137756348,48800,2,0.93125,164302.12309265137,48800,2,0.93125,277291.9436645508,3050,2,1.11875,277172.9682006836,3050,2,1.11875,271047.278427124,3050,2,1.11875,624218.2907867432,3050,2,1.11875,260885.43403625488,3050,2,1.11875,260043.87197875977,3050,2,1.11875,250519.6450958252,3050,2,1.11875,158300.50758361816,48800,2,1.1125,161978.48094177246,48800,2,1.1125,19206875.505844116,5400,400,400,400,400,5061,2484,400,400,400,5407,400,400,5401,400,400,5400,400,400,400,400,400,400,2506,400,2484,400,400,400,400,400,400,10.526315689086914,0,0,0,0,0,0,0,0,0,0,0,0,0,0,0,0,0,0,0,0,0,0,0,0,0,0,0,0,0,0,0,20475,15905,8363,40,0,20475,13200,12080,45,0,66718994432,8589930496,32251162624,786432
200,1791413375958,1516376.6802062988,48800,2,1.16875,153038.3483428955,48800,2,0.9375,152070.70654296875,48800,2,0.9375,154480.47547912598,48800,2,0.9375,170473.27600097656,48800,2,0.9375,152797.77139282227,48800,2,0.9375,164302.12310791016,48800,2,0.9375,277291.9447479248,48800,2,1.16875,277172.9688568115,48800,2,1.16875,271047.27911376953,48800,2,1.16875,624218.2919769287,48800,2,1.16875,260885.43464660645,48800,2,1.16875,260043.87260437012,48800,2,1.16875,250519.64572143555,48800,2,1.16875,158300.50759887695,48800,2,1.16875,161978.48135375977,48800,2,1.16875,19206884.849334717,5400,400,400,400,400,5061,2484,400,400,400,5407,400,400,5401,400,400,5400,400,400,400,400,400,400,2506,400,2484,400,400,400,400,400,400,15.000000953674316,0,0,0,0,0,0,0,0,0,0,0,0,0,0,0,0,0,0,0,0,0,0,0,0,0,0,0,0,0,0,0,20475,15905,8363,40,0,20475,13200,12055,45,0,66718994432,8589930496,32251158528,786432
200,1791413376158,1516376.7515411377,48800,2,1.16875,153038.34840393066,48800,2,1.05,152070.70658874512,48800,2,1.05,154480.47555541992,48800,2,1.05,170473.27604675293,48800,2,1.05,152797.77143859863,48800,2,1.05,164302.12315368652,48800,2,1.05,277291.9458618164,48800,2,1.16875,277172.96968078613,48800,2,1.16875,271047.27990722656,48800,2,1.16875,624218.2933502197,48800,2,1.16875,260885.4354248047,48800,2,1.16875,260043.87336730957,48800,2,1.16875,250519.64767456055,48800,2,1.16875,158300.5076599121,48800,2,1.05,161978.48141479492,48800,2,1.05,19206894.5184021,5400,400,400,400,400,5061,2484,400,400,400,5407,400,400,5401,400,400,5400,400,400,400,400,400,400,2506,400,2484,400,400,400,400,400,400,14.285715103149414,0,0,0,0,0,0,0,0,0,0,0,0,0,0,0,0,0,0,0,0,0,0,0,0,0,0,0,0,0,0,0,20475,15905,8396,40,0,20475,13200,12055,45,0,66718994432,8589930496,32251158528,786432
200,1791413376359,1516376.8210754395,3050,0,1.10625,153038.34844970703,48800,2,1.11875,152070.70663452148,48800,2,1.11875,154480.47610473633,48800,2,0.93125,170473.2761077881,48800,2,0.93125,152797.7714996338,48800,2,0.93125,164302.12321472168,48800,2,0.93125,277291.94721984863,3050,2,1.10625,277172.9703979492,3050,2,1.10625,271047.28059387207,3050,2,1.10625,624218.2944641113,3050,2,1.10625,260885.43606567383,3050,2,1.10625,260043.8740081787,3050,2,1.10625,250519.64833068848,3050,2,1.10625,158300.50770568848,48800,2,1.11875,161978.48188781738,48800,2,1.11875,19206904.087997437,5400,400,400,400,400,5061,2484,400,400,400,5407,400,400,5401,400,400,5400,400,400,400,400,400,400,2506,400,2484,400,400,400,400,400,400,10.526315689086914,0,0,0,0,0,0,0,0,0,0,0,0,0,0,0,0,0,0,0,0,0,0,0,0,0,4.761904716491699,0,0,0,0,0,20475,15905,8396,40,0,20475,13200,12055,45,0,66718994432,8589930496,32250101760,786432
200,1791413376559,1516376.891204834,48800,2,1.16875,153038.3484954834,48800,2,0.95625,152070.70666503906,48800,2,0.95625,154480.4765472412,48800,2,0.95625,170473.27613830566,48800,2,0.95625,152797.77153015137,48800,2,0.95625,164302.12324523926,48800,2,0.95625,277291.94830322266,48800,2,1.16875,277172.9710845947,48800,2,1.16875,271047.2812347412,48800,2,1.16875,624218.2956848145,48800,2,1.16875,260885.4366760254,48800,2,1.16875,260043.87461853027,48800,2,1.16875,250519.64895629883,48800,2,1.16875,158300.50773620605,48800,2,1.16875,161978.4822845459,48800,2,1.16875,19206913.471740723,5400,400,400,400,400,5061,2484,400,400,400,5407,400,400,5401,400,400,5400,400,400,400,400,400,400,2506,400,2484,400,400,400,400,400,400,14.285715103149414,0,0,0,0,0,0,0,0,0,0,0,0,0,0,0,0,0,0,0,0,0,0,0,0,0,0,0,0,0,0,0,20475,15905,8396,40,0,20475,13200,12055,45,0,66718994432,8589930496,32251363328,786432
200,1791413376759,1516376.9575500488,48800,2,1.16875,153038.34860229492,48800,2,1.025,152070.706741333,48800,2,1.025,154480.476852417,48800,2,1.025,170473.27842712402,48800,2,1.025,152797.7723236084,48800,2,1.025,164302.12348937988,48800,2,1.025,277291.9495239258,48800,2,1.16875,277172.9734954834,48800,2,1.16875,271047.2820739746,48800,2,1.16875,624218.2971801758,48800,2,1.16875,260885.4405822754,48800,2,1.16875,260043.87567138672,48800,2,1.16875,250519.6506500244,48800,2,1.16875,158300.5078277588,48800,2,1.025,161978.4829711914,48800,2,1.025,19206923.250732422,5400,400,400,400,400,5061,2484,400,400,400,5407,400,400,5401,400,400,5400,400,400,400,400,400,400,2506,400,2484,400,400,400,400,400,400,10.526315689086914,0,0,0,0,0,0,0,0,0,0,0,0,0,0,0,0,0,0,0,0,0,0,0,0,0,0,0,0,0,0,0,20475,15905,8396,40,0,20475,13200,12055,45,0,66718994432,8589930496,32251359232,786432
200,1791413376960,1516377.027496338,48800,2,1.05,153038.3486480713,48800,2,1.10625,152070.70678710938,48800,2,1.10625,154480.47692871094,48800,2,1.10625,170473.27848815918,48800,2,1.10625,152797.77238464355,48800,2,1.10625,164302.12355041504,48800,2,0.93125,277291.95111083984,48800,2,1.05,277172.9742126465,3050,2,1.10625,271047.2827606201,3050,2,1.10625,624218.2987823486,3050,2,1.10625,260885.44123840332,3050,2,1.10625,260043.87632751465,3050,2,1.10625,250519.65132141113,3050,2,1.10625,158300.50788879395,48800,2,1.10625,161978.48303222656,48800,2,1.10625,19206932.804855347,5400,400,400,400,400,5061,2484,400,400,400,5407,400,400,5401,400,400,5400,400,400,400,400,400,400,2506,400,2484,400,400,400,400,400,400,14.285715103149414,0,0,0,0,0,0,0,0,0,0,0,0,0,0,0,0,0,0,0,0,0,0,0,0,0,0,0,0,0,0,0,20475,15905,8396,40,0,20475,13200,12032,45,0,66718994432,8589930496,32251359232,786432
36,1791413377160,1516377.098739624,48800,2,1.1375,153038.34870910645,48800,2,1.1375,152070.70683288574,48800,2,0.93125,154480.47702026367,48800,2,0.93125,170473.27853393555,48800,2,0.93125,152797.77243041992,48800,2,0.93125,164302.1235961914,48800,2,0.93125,277291.9525756836,48800,2,1.1375,277172.9753265381,48800,2,1.1375,271047.2834472656,48800,2,1.1375,624218.3000488281,48800,2,1.1375,260885.44186401367,48800,2,1.1375,260043.876953125,48800,2,1.1375,250519.65197753906,48800,2,1.1375,158300.5089263916,48800,2,1.1375,161978.4831085205,48800,2,1.1375,19206942.383407593,5400,400,400,400,400,5061,2484,400,400,400,5407,400,400,5401,400,400,5400,400,400,400,400,400,400,2506,400,2484,400,400,400,400,400,400,10.526315689086914,0,0,0,0,0,0,0,0,0,0,0,0,0,0,0,0,0,0,0,0,0,0,0,0,0,0,0,0,0,0,0,20475,15905,8355,40,0,20475,13200,12032,45,0,66718994432,8589930496,32251359232,786432
