Delta,Time,CORE0_ENERGY (J),CORE0_FREQ (MHZ),CORE0_PSTATE,CORE0_VOLT (V),CORE10_ENERGY (J),CORE10_FREQ (MHZ),CORE10_PSTATE,CORE10_VOLT (V),CORE11_ENERGY (J),CORE11_FREQ (MHZ),CORE11_PSTATE,CORE11_VOLT (V),CORE12_ENERGY (J),CORE12_FREQ (MHZ),CORE12_PSTATE,CORE12_VOLT (V),CORE13_ENERGY (J),CORE13_FREQ (MHZ),CORE13_PSTATE,CORE13_VOLT (V),CORE14_ENERGY (J),CORE14_FREQ (MHZ),CORE14_PSTATE,CORE14_VOLT (V),CORE15_ENERGY (J),CORE15_FREQ (MHZ),CORE15_PSTATE,CORE15_VOLT (V),CORE1_ENERGY (J),CORE1_FREQ (MHZ),CORE1_PSTATE,CORE1_VOLT (V),CORE2_ENERGY (J),CORE2_FREQ (MHZ),CORE2_PSTATE,CORE2_VOLT (V),CORE3_ENERGY (J),CORE3_FREQ (MHZ),CORE3_PSTATE,CORE3_VOLT (V),CORE4_ENERGY (J),CORE4_FREQ (MHZ),CORE4_PSTATE,CORE4_VOLT (V),CORE5_ENERGY (J),CORE5_FREQ (MHZ),CORE5_PSTATE,CORE5_VOLT (V),CORE6_ENERGY (J),CORE6_FREQ (MHZ),CORE6_PSTATE,CORE6_VOLT (V),CORE7_ENERGY (J),CORE7_FREQ (MHZ),CORE7_PSTATE,CORE7_VOLT (V),CORE8_ENERGY (J),CORE8_FREQ (MHZ),CORE8_PSTATE,CORE8_VOLT (V),CORE9_ENERGY (J),CORE9_FREQ (MHZ),CORE9_PSTATE,CORE9_VOLT (V),CPU_ENERGY (J),CPU_FREQUENCY_0,CPU_FREQUENCY_1,CPU_FREQUENCY_10,CPU_FREQUENCY_11,CPU_FREQUENCY_12,CPU_FREQUENCY_13,CPU_FREQUENCY_14,CPU_FREQUENCY_15,CPU_FREQUENCY_16,CPU_FREQUENCY_17,CPU_FREQUENCY_18,CPU_FREQUENCY_19,CPU_FREQUENCY_2,CPU_FREQUENCY_20,CPU_FREQUENCY_21,CPU_FREQUENCY_22,CPU_FREQUENCY_23,CPU_FREQUENCY_24,CPU_FREQUENCY_25,CPU_FREQUENCY_26,CPU_FREQUENCY_27,CPU_FREQUENCY_28,CPU_FREQUENCY_29,CPU_FREQUENCY_3,CPU_FREQUENCY_30,CPU_FREQUENCY_31,CPU_FREQUENCY_4,CPU_FREQUENCY_5,CPU_FREQUENCY_6,CPU_FREQUENCY_7,CPU_FREQUENCY_8,CPU_FREQUENCY_9,CPU_USAGE_0,CPU_USAGE_1,CPU_USAGE_10,CPU_USAGE_11,CPU_USAGE_12,CPU_USAGE_13,CPU_USAGE_14,CPU_USAGE_15,CPU_USAGE_16,CPU_USAGE_17,CPU_USAGE_18,CPU_USAGE_19,CPU_USAGE_2,CPU_USAGE_20,CPU_USAGE_21,CPU_USAGE_22,CPU_USAGE_23,CPU_USAGE_24,CPU_USAGE_25,CPU_USAGE_26,CPU_USAGE_27,CPU_USAGE_28,CPU_USAGE_29,CPU_USAGE_3,CPU_USAGE_30,CPU_USAGE_31,CPU_USAGE_4,CPU_USAGE_5,CPU_USAGE_6,CPU_USAGE_7,CPU_USAGE_8,CPU_USAGE_9,GPU0_MEMORY_TOTAL,GPU0_MEMORY_USED,GPU0_POWER (mWatts),GPU0_TEMPERATURE,GPU0_USAGE,GPU1_MEMORY_TOTAL,GPU1_MEMORY_USED,GPU1_POWER (mWatts),GPU1_TEMPERATURE,GPU1_USAGE,TOTAL_MEMORY,TOTAL_SWAP,USED_MEMORY,USED_SWAP
0,1791565233102,2843819.7939605713,3050,0,0.32499999999999996,227194.2414703369,48800,2,0.4125000000000001,226102.87762451172,48800,2,0.4125000000000001,228856.69590759277,48800,2,0.4125000000000001,248292.89483642578,48800,2,0.4125000000000001,226245.00939941406,48800,2,0.4125000000000001,242867.5145111084,48800,2,0.4125000000000001,395437.10206604004,3050,2,0.32499999999999996,394957.25103759766,3050,2,0.32499999999999996,385185.7844696045,3050,2,0.32499999999999996,956703.6934967041,3050,2,0.32499999999999996,372913.89518737793,3050,2,0.32499999999999996,372222.51847839355,3050,2,0.32499999999999996,359450.69383239746,3050,2,0.32499999999999996,233579.99472045898,48800,2,0.4125000000000001,237529.93405151367,48800,2,0.4125000000000001,31787793.82923889,5402,400,2502,400,400,2036,2853,400,5402,400,400,400,5395,400,400,400,400,400,400,400,400,400,400,400,2565,400,2440,400,400,400,400,3633,0,0,0,3.5714287757873535,0,0,3.4482758045196533,0,0,3.5714287757873535,3.4482758045196533,0,0,0,3.5714287757873535,0,3.5714287757873535,0,0,0,0,0,3.5714287757873535,3.4482758045196533,3.5714287757873535,3.5714287757873535,0,3.4482758045196533,3.4482758045196533,0,3.5714287757873535,0,20475,15905,7934,35,0,20475,13200,12499,50,0,66718994432,8589930496,35035914240,1048576
200,1791565233103,2843819.862258911,3050,0,0.3062499999999999,227194.2422027588,48800,2,0.6375,226102.88241577148,48800,2,0.6375,228856.6961517334,48800,2,0.6375,248292.8950805664,48800,2,0.6375,226245.01179504395,48800,2,0.6375,242867.51470947266,48800,2,0.6375,395437.1071624756,3050,2,0.3062499999999999,394957.2525482178,3050,0,0.32499999999999996,385185.78593444824,3050,0,0.32499999999999996,956703.6964416504,3050,0,0.32499999999999996,372913.8959503174,3050,0,0.32499999999999996,372222.5227050781,3050,0,0.32499999999999996,359450.6944732666,3050,2,0.32499999999999996,233579.99542236328,48800,2,0.6375,237529.9342803955,48800,2,0.6375,31787796.015625,5402,400,2502,400,400,2036,2853,400,5402,400,400,400,5395,400,400,400,400,400,400,400,400,400,400,400,2565,400,2440,400,400,400,400,3633,0,0,0,3.5714287757873535,0,0,3.4482758045196533,0,0,3.5714287757873535,3.4482758045196533,0,0,0,3.5714287757873535,0,3.5714287757873535,0,0,0,0,0,3.5714287757873535,3.4482758045196533,3.5714287757873535,3.5714287757873535,0,3.4482758045196533,3.4482758045196533,0,3.5714287757873535,0,20475,15905,8022,35,0,20475,13200,12499,50,0,66718994432,8589930496,35035914240,1048576
199,1791565233303,2843819.9335632324,48800,2,1.16875,227194.24263000488,48800,2,0.975,226102.88314819336,48800,2,0.975,228856.6964111328,48800,2,0.975,248292.8964996338,48800,2,0.975,226245.01203918457,48800,2,0.975,242867.5149078369,48800,2,0.975,395437.1083831787,48800,2,1.16875,394957.2550201416,48800,2,1.16875,385185.7882232666,48800,2,1.16875,956703.7032318115,48800,2,1.16875,372913.8973236084,48800,2,1.16875,372222.524307251,48800,2,1.16875,359450.69526672363,48800,2,1.16875,233579.99565124512,48800,2,0.975,237529.93460083008,48800,2,0.975,31787806.5753479,5402,400,2502,400,400,2036,2853,400,5402,400,400,400,5395,400,400,400,400,400,400,400,400,400,400,400,2565,400,2440,400,400,400,400,3633,25.925926208496094,0,0,0,0,0,0,0,0,0,0,0,0,0,0,0,0,0,0,0,0,0,0,0,0,0,0,0,0,0,0,0,20475,15905,8022,35,0,20475,13200,12504,50,0,66718994432,8589930496,35038998528,1048576
199,1791565233503,2843820.004257202,48800,2,1.16875,227194.2430267334,48800,2,1.0625,226102.88414001465,48800,2,1.0625,228856.6968383789,48800,2,1.0625,248292.8967590332,48800,2,1.0625,226245.0125732422,48800,2,1.0625,242867.51513671875,48800,2,1.0625,395437.1109008789,48800,2,1.16875,394957.2568359375,48800,2,1.05,385185.789352417,3050,2,1.05,956703.7102966309,3050,2,1.05,372913.9022369385,3050,2,1.05,372222.52543640137,3050,2,1.05,359450.6962585449,3050,2,1.05,233579.99588012695,48800,2,1.0625,237529.93481445313,48800,2,1.0625,31787817.465057373,5402,400,2502,400,400,2036,2853,400,5402,400,400,400,5395,400,400,400,400,400,400,400,400,400,400,400,2565,400,2440,400,400,400,400,3633,15.000000953674316,0,0,0,0,0,0,0,0,0,0,0,0,0,0,0,0,0,0,0,0,0,0,0,0,0,4.761904716491699,0,0,0,0,0,20475,15905,8022,35,0,20475,13200,12504,50,0,66718994432,8589930496,35036499968,1048576
199,1791565233703,2843820.077972412,48800,2,0.2749999999999999,227194.24363708496,16133.333333333334,2,0.4125000000000001,226102.8847503662,16133.333333333334,2,0.4125000000000001,228856.69903564453,16133.333333333334,0,0.4125000000000001,248292.8974761963,16133.333333333334,0,0.4125000000000001,226245.01329040527,16133.333333333334,0,0.4125000000000001,242867.51559448242,16133.333333333334,2,0.4125000000000001,395437.1146392822,3050,2,0.41874999999999996,394957.2586517334,3050,2,0.41874999999999996,385185.7908935547,3050,0,0.41874999999999996,956703.7195587158,3050,2,0.41874999999999996,372913.90364074707,3050,2,0.41874999999999996,372222.52697753906,3050,2,0.41874999999999996,359450.6973876953,3050,2,0.41874999999999996,233579.99632263184,16133.333333333334,2,0.4125000000000001,237529.935256958,16133.333333333334,2,0.4125000000000001,31787828.320892334,5402,400,2502,400,400,2036,2853,400,5402,400,400,400,5395,400,400,400,400,400,400,400,400,400,400,400,2565,400,2440,400,400,400,400,3633,14.285715103149414,0,0,0,0,0,0,0,0,0,0,0,0,0,0,0,0,0,0,0,0,0,0,0,0,0,0,0,0,0,0,0,20475,15905,8022,35,0,20475,13200,12504,50,0,66718994432,8589930496,35036499968,1048576
199,1791565233904,2843820.1521453857,48800,2,1.125,227194.24436950684,48800,2,1.13125,226102.88526916504,48800,2,0.925,228856.70358276367,48800,2,0.925,248292.89822387695,48800,2,0.925,226245.01425170898,48800,2,0.925,242867.51611328125,48800,2,0.925,395437.11808776855,48800,2,1.125,394957.26055908203,48800,2,1.125,385185.7925109863,48800,2,1.125,956703.7247772217,48800,2,1.125,372913.9046936035,48800,2,1.125,372222.528213501,48800,2,1.125,359450.69833374023,48800,2,1.125,233579.9967956543,48800,2,1.13125,237529.93591308594,48800,2,1.13125,31787839.013916016,5402,400,2502,400,400,2036,2853,400,5402,400,400,400,5395,400,400,400,400,400,400,400,400,400,400,400,2565,400,2440,400,400,400,400,3633,15.000000953674316,0,0,0,0,0,0,0,0,0,0,0,0,0,0,0,0,0,0,0,0,0,0,0,0,0,0,0,0,0,0,0,20475,15905,8022,35,0,20475,13200,12504,50,0,66718994432,8589930496,35036499968,1048576
199,1791565234104,2843820.2230529785,48800,2,1.175,227194.24481201172,48800,2,0.99375,226102.8856048584,48800,2,0.99375,228856.7041015625,48800,2,0.99375,248292.8985900879,48800,2,0.99375,226245.0144958496,48800,2,0.99375,242867.5163269043,48800,2,0.99375,395437.1204071045,48800,2,1.175,394957.26248168945,48800,2,1.175,385185.7935028076,48800,2,1.175,956703.7315673828,48800,2,1.175,372913.9064178467,48800,2,1.175,372222.52922058105,48800,2,1.175,359450.6992034912,48800,2,1.175,233579.99703979492,48800,2,0.99375,237529.9363708496,48800,2,0.99375,31787849.56440735,5402,400,2502,400,400,2036,2853,400,5402,400,400,400,5395,400,400,400,400,400,400,400,400,400,400,400,2565,400,2440,400,400,400,400,3633,10.526315689086914,0,0,0,0,0,0,0,0,0,0,0,0,0,0,0,0,0,0,0,0,0,0,0,0,0,0,0,0,0,0,0,20475,15905,8221,35,0,20475,13200,12504,50,0,66718994432,8589930496,35036499968,1048576
199,1791565234304,2843820.294265747,48800,2,1.16875,227194.24514770508,48800,2,1.0625,226102.88583374023,48800,2,1.0625,228856.70429992676,48800,2,1.0625,248292.89920043945,48800,2,1.0625,226245.01467895508,48800,2,1.0625,242867.51651000977,48800,2,1.0625,395437.12504577637,48800,2,1.16875,394957.26487731934,48800,2,1.0625,385185.7944793701,3050,2,1.0625,956703.7397003174,3050,2,1.0625,372913.90744018555,3050,2,1.0625,372222.53022766113,3050,2,1.0625,359450.7000732422,3050,2,1.0625,233579.9972229004,48800,2,1.0625,237529.9366760254,48800,2,1.0625,31787860.091262817,5402,400,2502,400,400,2036,2853,400,5402,400,400,400,5395,400,400,400,400,400,400,400,400,400,400,400,2565,400,2440,400,400,400,400,3633,14.285715103149414,0,0,0,0,0,0,0,0,0,0,0,0,0,0,0,0,0,0,0,0,0,0,0,0,0,5,0,0,0,0,0,20475,15905,8221,35,0,20475,13200,12510,50,0,66718994432,8589930496,35036495872,1048576
199,1791565234505,2843820.363555908,48800,2,1.125,227194.24555969238,48800,2,1.125,226102.88613891602,48800,2,1.125,228856.7045288086,48800,2,0.925,248292.90022277832,48800,2,0.925,226245.01489257813,48800,2,0.925,242867.5167236328,48800,2,0.925,395437.12632751465,48800,2,1.125,394957.2662963867,48800,2,1.125,385185.7959136963,48800,2,1.125,956703.7451019287,48800,2,1.125,372913.9083709717,48800,2,1.125,372222.53202819824,48800,2,1.125,359450.70094299316,48800,2,1.125,233579.99743652344,48800,2,1.125,237529.93704223633,48800,2,1.125,31787870.738937378,5402,400,2502,400,400,2036,2853,400,5402,400,400,400,5395,400,400,400,400,400,400,400,400,400,400,400,2565,400,2440,400,400,400,400,3633,10.526315689086914,0,0,0,0,0,0,0,0,0,0,0,0,0,0,0,0,0,0,0,0,0,0,0,0,0,0,0,0,0,0,0,20475,15905,8221,35,0,20475,13200,12510,50,0,66718994432,8589930496,35036000256,1048576
199,1791565234705,2843820.433166504,48800,2,0.9125,227194.24591064453,48800,2,0.93125,226102.88681030273,48800,2,0.93125,228856.70477294922,48800,2,0.93125,248292.9010772705,48800,2,0.93125,226245.01510620117,48800,2,0.93125,242867.51699829102,48800,2,0.93125,395437.12811279297,48800,2,0.9125,394957.2672729492,48800,2,0.9125,385185.79679870605,48800,2,0.9125,956703.7501831055,48800,2,0.9125,372913.91064453125,48800,2,0.9125,372222.5329284668,48800,2,0.9125,359450.7017211914,48800,2,0.9125,233579.99768066406,48800,2,0.58125,237529.93740844727,48800,2,0.58125,31787881.277420044,5402,400,2502,400,400,2036,2853,400,5402,400,400,400,5395,400,400,400,400,400,400,400,400,400,400,400,2565,400,2440,400,400,400,400,3633,19.047618865966797,0,0,0,0,0,0,0,0,0,0,0,0,0,0,0,0,0,0,0,0,0,0,0,0,0,0,0,0,0,0,0,20475,15905,8221,35,0,20475,13200,12510,50,0,66718994432,8589930496,35034382336,1048576
199,1791565234905,2843820.5027160645,3050,0,0.3374999999999999,227194.24630737305,48800,2,0.93125,226102.88708496094,48800,2,0.93125,228856.70498657227,48800,2,0.93125,248292.90156555176,48800,2,0.93125,226245.01530456543,48800,2,0.93125,242867.5171661377,48800,2,0.93125,395437.1311187744,3050,0,0.3374999999999999,394957.269241333,3050,0,0.3374999999999999,385185.79794311523,3050,0,0.3374999999999999,956703.7590789795,3050,2,0.3374999999999999,372913.91206359863,3050,2,0.3374999999999999,372222.53399658203,3050,0,0.3374999999999999,359450.7026672363,3050,2,0.3374999999999999,233579.99786376953,48800,2,0.93125,237529.93769836426,48800,2,0.93125,31787892.0370636,5402,400,2502,400,400,2036,2853,400,5402,400,400,400,5395,400,400,400,400,400,400,400,400,400,400,400,2565,400,2440,400,400,400,400,3633,10,0,0,0,0,0,0,0,0,0,0,0,0,0,0,0,0,0,0,0,0,0,0,0,0,0,4.761904716491699,0,0,0,0,0,20475,15905,8221,35,0,20475,13200,12510,50,0,66718994432,8589930496,35034382336,1048576
199,1791565235105,2843820.5760803223,3050,2,0.91875,227194.24667358398,48800,2,0.7,226102.88732910156,48800,2,0.7,228856.70524597168,48800,2,0.7,248292.902053833,48800,2,0.7,226245.0155029297,48800,2,0.7,242867.51741027832,48800,2,0.7,395437.13359069824,3050,0,0.91875,394957.2702331543,3050,2,0.91875,385185.7989654541,3050,2,0.91875,956703.7666931152,3050,2,0.91875,372913.91494750977,3050,2,0.5125,372222.53506469727,3050,0,0.5125,359450.70346069336,3050,2,0.5125,233579.9980621338,48800,2,0.7,237529.93801879883,48800,2,0.7,31787902.544631958,5402,400,2502,400,400,2036,2853,400,5402,400,400,400,5395,400,400,400,400,400,400,400,400,400,400,400,2565,400,2440,400,400,400,400,3633,15.000000953674316,0,0,0,0,0,0,0,0,0,0,0,0,0,0,0,0,0,0,0,0,0,0,0,0,0,0,0,0,0,0,0,20475,15905,8297,35,0,20475,13200,12510,50,0,66718994432,8589930496,35035660288,1048576
199,1791565235305,2843820.6454315186,48800,2,1.16875,227194.24702453613,48800,2,1.0375,226102.88758850098,48800,2,1.0375,228856.70547485352,48800,2,1.0375,248292.9027709961,48800,2,1.0375,226245.0158843994,48800,2,1.0375,242867.517578125,48800,2,1.0375,395437.13790893555,48800,2,1.16875,394957.27139282227,48800,2,1.16875,385185.80000305176,48800,2,1.16875,956703.7761688232,48800,2,1.16875,372913.9178314209,3050,2,1.025,372222.5371398926,3050,2,1.025,359450.70428466797,3050,2,1.025,233579.9983062744,48800,2,1.0375,237529.9383239746,48800,2,1.0375,31787913.060317993,5402,400,2502,400,400,2036,2853,400,5402,400,400,400,5395,400,400,400,400,400,400,400,400,400,400,400,2565,400,2440,400,400,400,400,3633,10.526315689086914,0,0,0,0,0,0,0,0,0,0,0,0,0,0,0,0,0,0,0,0,0,0,0,0,0,4.761904716491699,0,0,0,0,0,20475,15905,8297,35,0,20475,13200,12499,50,0,66718994432,8589930496,35035656192,1048576
200,1791565235505,2843820.7169647217,3050,0,1.05625,227194.24737548828,48800,2,0.925,226102.88787841797,48800,2,0.925,228856.70570373535,48800,2,0.925,248292.9030609131,48800,2,0.925,226245.01606750488,48800,2,0.925,242867.51776123047,48800,2,0.925,395437.14140319824,3050,2,1.05625,394957.2723083496,3050,2,1.05625,385185.8009490967,3050,2,1.05625,956703.7784881592,3050,2,1.05625,372913.9203643799,3050,2,1.05625,372222.53814697266,3050,2,1.05625,359450.7050476074,3050,2,1.05625,233579.9984741211,48800,2,0.925,237529.93870544434,48800,2,0.925,31787923.42567444,5402,400,2502,400,400,2036,2853,400,5402,400,400,400,5395,400,400,400,400,400,400,400,400,400,400,400,2565,400,2440,400,400,400,400,3633,10.526315689086914,0,0,0,0,0,0,0,0,0,0,0,0,0,0,0,0,0,0,0,0,0,0,0,0,0,4.761904716491699,0,0,0,0,0,20475,15905,8297,35,0,20475,13200,12499,50,0,66718994432,8589930496,35027398656,1048576
199,1791565235706,2843820.787628174,48800,2,1.11875,227194.24771118164,48800,2,1.13125,226102.8881225586,48800,2,1.13125,228856.7059020996,48800,2,1.13125,248292.9034423828,48800,2,0.93125,226245.01622009277,48800,2,0.93125,242867.51791381836,48800,2,0.93125,395437.1455230713,48800,2,1.11875,394957.27409362793,48800,2,1.11875,385185.80207824707,48800,2,1.11875,956703.7833404541,48800,2,1.11875,372913.92303466797,48800,2,1.11875,372222.5393066406,48800,2,1.11875,359450.7059020996,48800,2,1.11875,233579.99862670898,48800,2,1.13125,237529.93896484375,48800,2,1.13125,31787933.908950806,5402,400,2502,400,400,2036,2853,400,5402,400,400,400,5395,400,400,400,400,400,400,400,400,400,400,400,2565,400,2440,400,400,400,400,3633,14.634145736694336,0,0,0,0,0,0,0,0,0,0,0,0,0,0,0,0,0,0,0,0,0,0,0,0,0,0,0,0,0,0,0,20475,15905,8297,35,0,20475,13200,12499,50,0,66718994432,8589930496,35033546752,1048576
199,1791565235906,2843820.863418579,48800,2,1.175,227194.24810791016,48800,2,0.95625,226102.88842773438,48800,2,0.95625,228856.7062072754,48800,2,0.95625,248292.9040222168,48800,2,0.95625,226245.01651000977,48800,2,0.95625,242867.51817321777,48800,2,0.95625,395437.1492919922,48800,2,1.175,394957.2754974365,48800,2,1.175,385185.8032684326,48800,2,1.175,956703.7865905762,48800,2,1.175,372913.92694091797,48800,2,1.175,372222.5404815674,48800,2,1.175,359450.70695495605,48800,2,1.175,233579.99891662598,48800,2,0.95625,237529.9393310547,48800,2,0.95625,31787944.530014038,5402,400,2502,400,400,2036,2853,400,5402,400,400,400,5395,400,400,400,400,400,400,400,400,400,400,400,2565,400,2440,400,400,400,400,3633,10.526315689086914,0,0,0,0,0,0,0,0,0,0,0,0,0,0,0,0,0,0,0,0,0,0,0,0,0,0,0,0,0,0,0,20475,15905,8297,35,0,20475,13200,12499,50,0,66718994432,8589930496,35033546752,1048576
199,1791565236106,2843820.939102173,48800,2,1.16875,227194.24853515625,48800,2,1.0437500000000002,226102.8888092041,48800,2,1.0437500000000002,228856.70654296875,48800,2,1.0437500000000002,248292.90454101563,48800,2,1.0437500000000002,226245.0174255371,48800,2,1.0437500000000002,242867.51846313477,48800,2,1.0437500000000002,395437.1521911621,48800,2,1.16875,394957.27865600586,48800,2,1.16875,385185.8046569824,48800,2,1.16875,956703.7991333008,48800,2,1.16875,372913.9323272705,3050,2,1.0375,372222.54165649414,3050,2,1.0375,359450.70796203613,3050,2,1.0375,233579.99922180176,48800,2,1.0437500000000002,237529.9398651123,48800,2,1.0437500000000002,31787955.385787964,5402,400,2502,400,400,2036,2853,400,5402,400,400,400,5395,400,400,400,400,400,400,400,400,400,400,400,2565,400,2440,400,400,400,400,3633,14.285715103149414,0,0,0,0,0,0,0,0,0,0,0,0,0,0,0,0,0,0,0,0,0,0,0,0,0,0,0,0,0,0,4.761904716491699,20475,15905,8283,35,0,20475,13200,12499,50,0,66718994432,8589930496,35033542656,1048576
199,1791565236306,2843821.0104370117,3050,0,0.94375,227194.2488708496,48800,2,0.93125,226102.88905334473,48800,2,0.93125,228856.706741333,48800,2,0.93125,248292.90487670898,48800,2,0.93125,226245.0175933838,48800,2,0.93125,242867.51863098145,48800,2,0.93125,395437.1563873291,3050,2,0.94375,394957.27990722656,3050,2,0.94375,385185.8056945801,3050,2,0.94375,956703.8062591553,3050,2,0.94375,372913.93605041504,3050,2,0.94375,372222.5427246094,3050,0,0.58125,359450.7087249756,3050,2,0.58125,233579.99937438965,48800,2,0.93125,237529.94024658203,48800,2,0.93125,31787965.856781006,5402,400,2502,400,400,2036,2853,400,5402,400,400,400,5395,400,400,400,400,400,400,400,400,400,400,400,2565,400,2440,400,400,400,400,3633,14.285715103149414,0,0,0,0,0,0,0,0,0,0,0,0,0,0,0,0,0,0,0,0,0,0,0,0,0,0,0,0,0,0,4.761904716491699,20475,15905,8283,35,0,20475,13200,12479,50,0,66718994432,8589930496,35033542656,1048576
199,1791565236507,2843821.08303833,3050,0,0.60625,227194.24926757813,48800,2,0.93125,226102.88931274414,48800,2,0.93125,228856.70697021484,48800,2,0.93125,248292.90536499023,48800,2,0.93125,226245.01779174805,48800,2,0.93125,242867.5188140869,48800,2,0.93125,395437.15936279297,3050,2,0.60625,394957.28118896484,3050,0,0.60625,385185.8069458008,3050,0,0.60625,956703.8098907471,3050,0,0.60625,372913.9394226074,3050,2,0.60625,372222.544052124,3050,2,0.60625,359450.7095031738,3050,2,0.60625,233579.9995727539,48800,2,0.93125,237529.9405517578,48800,2,0.93125,31787976.43624878,5402,400,2502,400,400,2036,2853,400,5402,400,400,400,5395,400,400,400,400,400,400,400,400,400,400,400,2565,400,2440,400,400,400,400,3633,12.820513725280762,0,0,0,0,0,0,0,0,0,0,0,0,0,0,0,0,0,0,0,0,0,0,2.4390242099761963,0,0,2.4390242099761963,0,0,0,0,0,20475,15905,8283,35,0,20475,13200,12479,50,0,66718994432,8589930496,35033542656,1048576
199,1791565236707,2843821.1541137695,48800,2,1.1125,227194.2495727539,48800,2,0.93125,226102.88955688477,48800,2,0.93125,228856.7071533203,48800,2,0.93125,248292.90571594238,48800,2,0.93125,226245.01794433594,48800,2,0.93125,242867.5189666748,48800,2,0.93125,395437.162689209,48800,2,1.1125,394957.28552246094,48800,2,1.1125,385185.808883667,48800,2,1.1125,956703.8157043457,48800,2,1.1125,372913.9415588379,48800,2,1.1125,372222.54515075684,48800,2,1.1125,359450.71031188965,48800,2,1.1125,233579.9997253418,48800,2,1.09375,237529.94082641602,48800,2,1.09375,31787986.895263672,5402,400,2502,400,400,2036,2853,400,5402,400,400,400,5395,400,400,400,400,400,400,400,400,400,400,400,2565,400,2440,400,400,400,400,3633,10,0,0,0,0,0,0,0,0,0,0,0,0,0,0,0,0,0,0,0,0,0,0,0,0,0,0,0,0,0,0,0,20475,15905,8283,35,0,20475,13200,12479,50,0,66718994432,8589930496,35033542656,1048576
199,1791565236907,2843821.2268981934,48800,2,1.16875,227194.24989318848,48800,2,0.99375,226102.88973999023,48800,2,0.99375,228856.707321167,48800,2,0.99375,248292.90603637695,48800,2,0.99375,226245.01811218262,48800,2,0.99375,242867.51908874512,48800,2,0.99375,395437.1661224365,48800,2,1.16875,394957.28733825684,48800,2,1.16875,385185.80975341797,48800,2,1.16875,956703.8171386719,3050,2,0.99375,372913.94357299805,3050,2,0.99375,372222.5461425781,3050,0,0.99375,359450.7110900879,3050,2,0.99375,233579.9998779297,48800,2,0.99375,237529.94107055664,48800,2,0.99375,31787997.571853638,5402,400,2502,400,400,2036,2853,400,5402,400,400,400,5395,400,400,400,400,400,400,400,400,400,400,400,2565,400,2440,400,400,400,400,3633,19.047618865966797,4.761904716491699,0,0,0,0,0,0,0,0,0,0,0,0,0,0,0,0,0,0,0,0,0,0,0,0,0,0,0,0,0,0,20475,15905,8283,35,0,20475,13200,12479,50,0,66718994432,8589930496,35033542656,1048576
199,1791565237107,2843821.315597534,3050,0,0.26249999999999996,227194.25604248047,16133.333333333334,0,0.4125000000000001,226102.89115905762,16133.333333333334,2,0.4125000000000001,228856.7075958252,16133.333333333334,2,0.4125000000000001,248292.90673828125,16133.333333333334,2,0.4125000000000001,226245.01835632324,16133.333333333334,2,0.4125000000000001,242867.51931762695,16133.333333333334,2,0.4125000000000001,395437.17543029785,3050,0,0.26249999999999996,394957.2936401367,3050,2,0.26249999999999996,385185.8119812012,3050,2,0.26249999999999996,956703.8251800537,3050,2,0.26249999999999996,372913.95246887207,3050,2,0.26249999999999996,372222.55070495605,3050,2,0.26249999999999996,359450.7137298584,3050,0,0.28125,233580.00010681152,16133.333333333334,2,0.4125000000000001,237529.94151306152,16133.333333333334,2,0.4125000000000001,31788008.323532104,5402,400,2502,400,400,2036,2853,400,5402,400,400,400,5395,400,400,400,400,400,400,400,400,400,400,400,2565,400,2440,400,400,400,400,3633,14.285715103149414,0,0,0,0,0,0,0,0,0,0,0,0,0,0,0,0,0,0,0,0,0,0,0,0,0,0,0,0,0,0,0,20475,15905,8303,35,0,20475,13200,12479,50,0,66718994432,8589930496,35034816512,1048576
199,1791565237307,2843821.4140319824,3050,0,0.48124999999999996,227194.26411437988,48800,2,0.7125,226102.91581726074,48800,2,0.7125,228856.7163696289,48800,2,0.7125,248292.93046569824,48800,2,0.7125,226245.03201293945,48800,2,0.7125,242867.52381896973,48800,2,0.7125,395437.20921325684,3050,0,0.48124999999999996,394957.343170166,3050,0,0.48124999999999996,385185.84202575684,3050,0,0.48124999999999996,956703.8633880615,3050,2,0.48124999999999996,372913.97634887695,3050,2,0.48124999999999996,372222.5752258301,3050,0,0.48124999999999996,359450.74017333984,3050,2,0.48124999999999996,233580.00680541992,48800,2,0.7125,237529.95123291016,48800,2,0.7125,31788020.065170288,5402,400,2502,400,400,2036,2853,400,5402,400,400,400,5395,400,400,400,400,400,400,400,400,400,400,400,2565,400,2440,400,400,400,400,3633,10.526315689086914,0,0,0,0,0,0,0,0,0,0,0,0,0,0,0,0,0,0,0,4.761904716491699,0,0,0,0,0,0,0,0,4.761904716491699,0,0,20475,15905,8303,35,0,20475,13200,12414,50,0,66718994432,8589930496,35035045888,1048576
199,1791565237507,2843821.4873046875,3050,0,0.91875,227194.26446533203,48800,2,0.93125,226102.9161529541,48800,2,0.93125,228856.71669006348,48800,2,0.93125,248292.9308013916,48800,2,0.93125,226245.0322113037,48800,2,0.93125,242867.5240020752,48800,2,0.93125,395437.2155456543,3050,2,0.91875,394957.344619751,3050,2,0.91875,385185.8443450928,3050,2,0.91875,956703.8665771484,3050,0,0.91875,372913.97927856445,3050,2,0.91875,372222.57803344727,3050,2,0.91875,359450.7410583496,3050,2,0.91875,233580.00714111328,48800,2,0.93125,237529.95155334473,48800,2,0.93125,31788030.658309937,5402,400,2502,400,400,2036,2853,400,5402,400,400,400,5395,400,400,400,400,400,400,400,400,400,400,400,2565,400,2440,400,400,400,400,3633,10.526315689086914,0,0,0,0,0,0,0,0,0,0,0,0,0,0,0,0,0,0,0,4.761904716491699,0,0,0,0,0,0,0,0,4.761904716491699,0,0,20475,15905,8303,35,0,20475,13200,12414,49,0,66718994432,8589930496,35027046400,1048576
199,1791565237708,2843821.561340332,48800,2,0.29374999999999996,227194.2647705078,48800,2,0.5,226102.91662597656,48800,2,0.5,228856.71728515625,48800,2,0.5,248292.93127441406,48800,2,0.5,226245.0325164795,48800,2,0.5,242867.52432250977,48800,2,0.5,395437.21990966797,48800,2,0.29374999999999996,394957.3460845947,48800,2,0.29374999999999996,385185.8458099365,48800,2,0.29374999999999996,956703.8688049316,3050,2,0.4750000000000001,372913.98167419434,3050,2,0.4750000000000001,372222.57960510254,3050,0,0.4750000000000001,359450.74211120605,3050,2,0.4750000000000001,233580.00744628906,48800,2,0.5,237529.9520111084,48800,2,0.5,31788041.456436157,5402,400,2502,400,400,2036,2853,400,5402,400,400,400,5395,400,400,400,400,400,400,400,400,400,400,400,2565,400,2440,400,400,400,400,3633,14.634145736694336,0,0,0,0,0,0,0,0,0,0,0,0,0,0,0,0,0,0,0,0,0,0,0,0,2.4390242099761963,2.5,0,0,0,0,0,20475,15905,8303,35,0,20475,13200,12414,49,0,66718994432,8589930496,35030269952,1048576
199,1791565237908,2843821.6328430176,48800,2,1.1375,227194.26502990723,48800,2,1.125,226102.91706848145,48800,2,0.93125,228856.7176361084,48800,2,0.93125,248292.93173217773,48800,2,0.93125,226245.0327911377,48800,2,0.93125,242867.52458190918,48800,2,0.93125,395437.2235107422,48800,2,1.1375,394957.3473968506,48800,2,1.1375,385185.8471984863,48800,2,1.1375,956703.8768005371,48800,2,1.1375,372913.9838104248,48800,2,1.1375,372222.58071899414,48800,2,1.1375,359450.7430419922,48800,2,1.1375,233580.00770568848,48800,2,1.125,237529.9524383545,48800,2,1.125,31788051.999923706,5402,400,2502,400,400,2036,2853,400,5402,400,400,400,5395,400,400,400,400,400,400,400,400,400,400,400,2565,400,2440,400,400,400,400,3633,10.526315689086914,0,0,0,0,0,0,0,0,0,0,0,0,0,0,0,0,0,0,0,0,0,0,0,0,0,0,0,0,0,0,0,20475,15905,8303,35,0,20475,13200,12414,49,0,66718994432,8589930496,35030265856,1048576
199,1791565238108,2843821.7035369873,48800,2,1.05,227194.26530456543,48800,2,0.9875,226102.91748046875,48800,2,0.9875,228856.7180328369,48800,2,0.9875,248292.93231201172,48800,2,0.9875,226245.03424072266,48800,2,0.9875,242867.52601623535,48800,2,0.9875,395437.23039245605,48800,2,1.05,394957.3490905762,48800,2,1.05,385185.84881591797,48800,2,1.05,956703.8824310303,48800,2,1.05,372913.9858703613,48800,2,1.05,372222.58180236816,48800,2,1.05,359450.74404907227,48800,2,1.05,233580.00798034668,48800,2,0.9875,237529.95288085938,48800,2,0.9875,31788062.728637695,5402,400,2502,400,400,2036,2853,400,5402,400,400,400,5395,400,400,400,400,400,400,400,400,400,400,400,2565,400,2440,400,400,400,400,3633,15.000000953674316,0,0,0,0,0,0,0,0,0,0,0,0,0,0,0,0,0,0,0,0,0,0,0,0,0,0,4.761904716491699,0,0,0,0,20475,15905,8350,35,0,20475,13200,12414,49,0,66718994432,8589930496,35030265856,1048576
199,1791565238308,2843821.7749176025,3050,0,1.10625,227194.26544189453,16133.333333333334,2,0.7125,226102.91778564453,16133.333333333334,2,0.7125,228856.7183227539,16133.333333333334,2,0.7125,248292.93266296387,16133.333333333334,0,0.7125,226245.03439331055,16133.333333333334,2,0.7125,242867.52616882324,16133.333333333334,2,0.7125,395437.2332305908,3050,2,1.10625,394957.35119628906,3050,2,1.10625,385185.8499145508,3050,0,1.10625,956703.8874816895,3050,2,1.10625,372913.9880065918,3050,0,1.10625,372222.582901001,3050,0,1.10625,359450.74479675293,3050,2,0.5125,233580.00813293457,16133.333333333334,2,0.7125,237529.95317077637,16133.333333333334,2,0.7125,31788073.15534973,5402,400,2502,400,400,2036,2853,400,5402,400,400,400,5395,400,400,400,400,400,400,400,400,400,400,400,2565,400,2440,400,400,400,400,3633,10,0,0,0,0,0,0,0,0,0,0,0,0,0,0,0,0,0,0,0,0,0,0,0,0,0,4.761904716491699,0,0,0,0,0,20475,15905,8350,35,0,20475,13200,12411,49,0,66718994432,8589930496,35030265856,1048576
199,1791565238509,2843821.848892212,48800,2,1.16875,227194.26565551758,16133.333333333334,2,1.0625,226102.918258667,16133.333333333334,2,1.0625,228856.7186126709,16133.333333333334,2,1.0625,248292.933303833,16133.333333333334,0,1.0625,226245.0345916748,16133.333333333334,2,1.0625,242867.5263671875,16133.333333333334,2,1.0625,395437.2374267578,48800,2,1.16875,394957.35231018066,48800,2,1.16875,385185.8517303467,48800,2,1.16875,956703.8907623291,48800,2,1.16875,372913.9888153076,48800,2,1.16875,372222.58448791504,48800,2,1.16875,359450.74560546875,3050,2,1.0437500000000002,233580.00833129883,16133.333333333334,2,1.0625,237529.95356750488,16133.333333333334,2,1.0625,31788083.793121338,5402,400,2502,400,400,2036,2853,400,5402,400,400,400,5395,400,400,400,400,400,400,400,400,400,400,400,2565,400,2440,400,400,400,400,3633,15.000000953674316,4.761904716491699,0,0,0,0,0,0,0,0,0,0,0,0,0,0,0,0,0,0,0,0,0,0,0,0,0,0,0,0,0,0,20475,15905,8350,35,0,20475,13200,12411,49,0,66718994432,8589930496,35030265856,1048576
199,1791565238709,2843821.8555755615,48800,2,1.1375,227194.26583862305,48800,2,1.125,226102.9186706543,48800,2,1.125,228856.7188720703,48800,2,1.125,248292.93376159668,48800,2,1.125,226245.03477478027,48800,2,1.125,242867.52653503418,48800,2,1.125,395437.2411804199,48800,2,1.1375,394957.3549041748,48800,2,1.1375,385185.88467407227,48800,2,1.1375,956703.9380340576,48800,2,1.1375,372913.98976135254,48800,2,1.1375,372222.58628845215,48800,2,1.1375,359450.74641418457,48800,2,1.1375,233580.0085296631,48800,2,1.125,237529.9541168213,48800,2,1.125,31788094.339279175,5402,400,2502,400,400,2036,2853,400,5402,400,400,400,5395,400,400,400,400,400,400,400,400,400,400,400,2565,400,2440,400,400,400,400,3633,0,0,0,0,0,0,0,0,0,0,0,0,4.761904716491699,0,0,0,0,0,0,0,0,0,0,0,0,0,10,0,0,0,0,0,20475,15905,8350,35,0,20475,13200,12411,49,0,66718994432,8589930496,35033669632,1048576
199,1791565238909,2843821.8621673584,48800,2,0.55625,227194.26609802246,48800,2,0.93125,226102.91911315918,48800,2,0.93125,228856.71936035156,48800,2,0.93125,248292.9344177246,16133.333333333334,2,0.95,226245.03506469727,16133.333333333334,2,0.95,242867.5267791748,16133.333333333334,2,0.95,395437.2429046631,48800,2,0.55625,394957.3560638428,48800,2,0.55625,385185.88635253906,48800,2,0.55625,956704.0049438477,48800,2,0.55625,372913.991104126,48800,2,0.55625,372222.58796691895,48800,2,0.55625,359450.74742126465,48800,2,0.55625,233580.0087890625,48800,2,0.93125,237529.95454406738,48800,2,0.93125,31788105.024993896,5402,400,2502,400,400,2036,2853,400,5402,400,400,400,5395,400,400,400,400,400,400,400,400,400,400,400,2565,400,2440,400,400,400,400,3633,0,0,0,0,0,0,0,0,0,0,0,0,0,0,0,0,0,0,0,0,0,0,0,0,0,0,15.000000953674316,0,0,0,0,0,20475,15905,8350,35,0,20475,13200,12411,49,0,66718994432,8589930496,35051061248,1048576
199,1791565239109,2843821.9333496094,48800,2,0.5875,227194.26638793945,48800,2,0.93125,226102.91961669922,48800,2,0.93125,228856.71994018555,48800,2,0.93125,248292.9348602295,48800,2,0.93125,226245.03535461426,48800,2,0.93125,242867.527053833,48800,2,0.93125,395437.24530029297,48800,2,0.5875,394957.3578186035,48800,2,0.5875,385185.8882293701,48800,2,0.5875,956704.0096282959,48800,2,0.5875,372913.9925994873,48800,2,0.5875,372222.5890197754,48800,2,0.5875,359450.74838256836,48800,2,0.5875,233580.0090789795,48800,2,0.93125,237529.95503234863,48800,2,0.93125,31788115.729385376,5402,400,2502,400,400,2036,2853,400,5402,400,400,400,5395,400,400,400,400,400,400,400,400,400,400,400,2565,400,2440,400,400,400,400,3633,10.526315689086914,0,0,0,0,0,0,0,0,0,0,0,0,0,0,0,0,0,0,0,0,0,0,0,0,0,0,0,0,0,0,0,20475,15905,8320,35,0,20475,13200,12411,49,0,66718994432,8589930496,35051061248,1048576
200,1791565239309,2843822.003387451,48800,2,1.11875,227194.2666168213,48800,2,0.95,226102.91999816895,48800,2,0.95,228856.7202911377,48800,2,0.95,248292.93547058105,48800,2,0.95,226245.03559875488,48800,2,0.95,242867.52729797363,48800,2,0.95,395437.24826049805,48800,2,1.11875,394957.3589782715,48800,2,1.11875,385185.88972473145,48800,2,1.11875,956704.0154724121,48800,2,1.11875,372913.99591064453,48800,2,1.11875,372222.5899505615,48800,2,1.11875,359450.74949645996,3050,2,0.9375,233580.0093383789,48800,2,0.95,237529.95539855957,48800,2,0.95,31788126.28387451,5402,400,2502,400,400,2036,2853,400,5402,400,400,400,5395,400,400,400,400,400,400,400,400,400,400,400,2565,400,2440,400,400,400,400,3633,15.000000953674316,0,0,0,0,0,0,0,0,0,0,0,0,0,0,0,0,0,0,0,0,0,0,0,0,0,5,0,0,0,0,0,20475,15905,8320,35,0,20475,13200,12467,49,0,66718994432,8589930496,35051061248,1048576
199,1791565239510,2843822.0706939697,3050,2,1.1,227194.26681518555,48800,2,1.10625,226102.92045593262,48800,2,1.10625,228856.72062683105,48800,2,1.10625,248292.93620300293,48800,2,1.10625,226245.03581237793,48800,2,1.10625,242867.52751159668,48800,2,1.10625,395437.2514038086,3050,2,1.1,394957.35987854004,3050,2,1.1,385185.89141845703,3050,0,1.1,956704.0178833008,3050,0,1.1,372913.9992675781,3050,2,1.1,372222.59091186523,3050,2,1.1,359450.750579834,3050,2,1.1,233580.00953674316,48800,2,1.10625,237529.95573425293,48800,2,1.10625,31788136.74581909,5402,400,2502,400,400,2036,2853,400,5402,400,400,400,5395,400,400,400,400,400,400,400,400,400,400,400,2565,400,2440,400,400,400,400,3633,14.285715103149414,0,0,0,4.761904716491699,0,0,0,0,0,0,0,0,0,0,0,0,0,0,0,0,0,0,0,0,0,0,0,0,0,0,0,20475,15905,8320,35,0,20475,13200,12467,49,0,66718994432,8589930496,35049644032,1048576
200,1791565239710,2843822.143951416,48800,2,1.14375,227194.26707458496,48800,2,0.93125,226102.9208831787,48800,2,0.93125,228856.720993042,48800,2,0.93125,248292.93714904785,48800,2,0.93125,226245.03607177734,48800,2,0.93125,242867.5277709961,48800,2,0.93125,395437.2550354004,48800,2,1.14375,394957.3607940674,48800,2,1.14375,385185.8942718506,48800,2,1.14375,956704.0223236084,48800,2,1.14375,372914.00314331055,48800,2,1.14375,372222.5927886963,48800,2,1.14375,359450.75190734863,48800,2,1.14375,233580.00979614258,48800,2,1.1375,237529.95616149902,48800,2,0.93125,31788147.216918945,5402,400,2502,400,400,2036,2853,400,5402,400,400,400,5395,400,400,400,400,400,400,400,400,400,400,400,2565,400,2440,400,400,400,400,3633,15.000000953674316,0,0,0,0,0,0,0,0,0,0,0,0,0,0,0,0,0,0,0,0,0,0,0,0,0,0,0,0,0,0,0,20475,15905,8320,35,0,20475,13200,12467,49,0,66718994432,8589930496,35049639936,1048576
200,1791565239910,2843822.21875,48800,2,1.16875,227194.267288208,48800,2,1.0375,226102.92121887207,48800,2,1.0375,228856.72132873535,48800,2,1.0375,248292.93800354004,48800,2,1.0375,226245.0362854004,48800,2,1.0375,242867.52796936035,48800,2,1.0375,395437.25730895996,48800,2,1.16875,394957.3618621826,48800,2,1.16875,385185.89582824707,48800,2,1.16875,956704.0243835449,48800,2,1.16875,372914.0040740967,3050,2,1.03125,372222.5937347412,3050,2,1.03125,359450.75271606445,3050,2,1.03125,233580.0100250244,48800,2,1.0375,237529.95657348633,48800,2,1.0375,31788157.706863403,5402,400,2502,400,400,2036,2853,400,5402,400,400,400,5395,400,400,400,400,400,400,400,400,400,400,400,2565,400,2440,400,400,400,400,3633,10,0,0,0,0,0,0,0,0,0,0,0,0,0,0,0,0,0,0,0,0,0,0,0,0,0,0,0,0,0,0,0,20475,15905,8320,35,0,20475,13200,12467,49,0,66718994432,8589930496,35049639936,1048576
199,1791565240111,2843822.289627075,3050,0,0.96875,227194.26747131348,48800,2,0.99375,226102.92156982422,48800,2,0.925,228856.72161865234,48800,2,0.925,248292.93881225586,48800,2,0.925,226245.03646850586,48800,2,0.925,242867.52813720703,48800,2,0.925,395437.25958251953,3050,2,0.96875,394957.3627319336,3050,2,0.96875,385185.89752197266,3050,2,0.96875,956704.0292510986,3050,2,0.96875,372914.0079803467,3050,2,0.96875,372222.5947265625,3050,2,0.96875,359450.7534942627,3050,2,0.96875,233580.0101928711,48800,2,0.99375,237529.9571685791,48800,2,0.99375,31788168.083862305,5402,400,2502,400,400,2036,2853,400,5402,400,400,400,5395,400,400,400,400,400,400,400,400,400,400,400,2565,400,2440,400,400,400,400,3633,10.526315689086914,0,0,0,0,0,0,0,4.761904716491699,0,0,0,0,0,0,0,0,0,0,0,0,0,0,4.761904716491699,0,0,0,0,0,0,0,0,20475,15905,8227,35,0,20475,13200,12467,49,0,66718994432,8589930496,35049639936,1048576
199,1791565240311,2843822.3628997803,48800,2,1.16875,227194.26760864258,48800,2,0.9812500000000001,226102.92179870605,48800,2,0.9812500000000001,228856.72184753418,48800,2,0.9812500000000001,248292.93911743164,48800,2,0.9812500000000001,226245.03660583496,48800,2,0.9812500000000001,242867.52825927734,48800,2,0.9812500000000001,395437.2625579834,48800,2,1.16875,394957.36460876465,48800,2,1.16875,385185.8990325928,48800,2,1.16875,956704.0337219238,48800,2,1.16875,372914.0105895996,48800,2,1.16875,372222.59552001953,48800,2,1.16875,359450.75427246094,48800,2,1.16875,233580.0103302002,48800,2,0.9812500000000001,237529.95741271973,48800,2,0.9812500000000001,31788178.25732422,5402,400,2502,400,400,2036,2853,400,5402,400,400,400,5395,400,400,400,400,400,400,400,400,400,400,400,2565,400,2440,400,400,400,400,3633,18.18181800842285,0,0,0,0,0,0,0,0,0,0,0,0,0,0,0,0,0,0,0,0,0,0,0,0,0,4.761904716491699,0,0,0,0,0,20475,15905,8227,35,0,20475,13200,12510,49,0,66718994432,8589930496,35049639936,1048576
199,1791565240511,2843822.4329071045,3050,0,0.5,227194.2678527832,48800,2,0.925,226102.92225646973,48800,2,0.925,228856.72225952148,48800,2,0.925,248292.93940734863,48800,2,0.925,226245.0368347168,48800,2,0.925,242867.52848815918,48800,2,0.925,395437.2653808594,3050,2,0.5,394957.3667602539,3050,2,0.5,385185.90034484863,3050,2,0.5,956704.0366516113,3050,2,0.5,372914.01373291016,3050,0,0.5,372222.59631347656,3050,2,0.5,359450.75508117676,3050,2,0.5,233580.01057434082,48800,2,0.925,237529.95776367188,48800,2,0.925,31788188.754592896,5402,400,2502,400,400,2036,2853,400,5402,400,400,400,5395,400,400,400,400,400,400,400,400,400,400,400,2565,400,2440,400,400,400,400,3633,10.526315689086914,0,0,0,0,0,0,0,0,0,0,0,0,0,0,0,0,0,0,0,0,0,0,0,0,0,4.761904716491699,0,0,0,0,0,20475,15905,8227,35,0,20475,13200,12510,49,0,66718994432,8589930496,35041382400,1048576
199,1791565240712,2843822.506225586,48800,2,1.16875,227194.26803588867,48800,2,1.0875,226102.9226989746,48800,2,1.0875,228856.72257995605,48800,2,1.0875,248292.94023132324,48800,2,1.0875,226245.03700256348,48800,2,1.0875,242867.52864074707,48800,2,0.93125,395437.2680969238,3050,2,1.075,394957.37004089355,3050,2,1.075,385185.9020843506,3050,0,1.075,956704.039352417,3050,0,1.075,372914.017288208,3050,2,1.075,372222.59716796875,3050,2,1.075,359450.7569732666,3050,2,1.075,233580.0107574463,48800,2,1.0875,237529.95803833008,48800,2,1.0875,31788199.419509888,5402,400,2502,400,400,2036,2853,400,5402,400,400,400,5395,400,400,400,400,400,400,400,400,400,400,400,2565,400,2440,400,400,400,400,3633,15.000000953674316,0,0,0,4.761904716491699,0,0,0,0,0,0,0,0,0,0,0,0,0,0,0,0,0,0,0,0,0,0,0,0,0,0,0,20475,15905,8227,35,0,20475,13200,12510,49,0,66718994432,8589930496,35056394240,1048576
200,1791565240912,2843822.5802612305,3050,0,0.56875,227194.26818847656,48800,2,0.93125,226102.9235687256,48800,2,0.93125,228856.72288513184,48800,2,0.93125,248292.94049072266,48800,2,0.93125,226245.03715515137,48800,2,0.93125,242867.52879333496,48800,2,0.93125,395437.27058410645,3050,2,0.56875,394957.37300109863,3050,2,0.56875,385185.9057006836,3050,0,0.33125000000000004,956704.0433654785,3050,0,0.33125000000000004,372914.02044677734,3050,2,0.33125000000000004,372222.5980987549,3050,2,0.33125000000000004,359450.75828552246,3050,2,0.33125000000000004,233580.01091003418,48800,2,0.93125,237529.9582824707,48800,2,0.93125,31788210.179748535,5402,400,2502,400,400,2036,2853,400,5402,400,400,400,5395,400,400,400,400,400,400,400,400,400,400,400,2565,400,2440,400,400,400,400,3633,15.000000953674316,0,0,0,4.761904716491699,0,0,0,0,0,0,0,0,0,0,0,0,0,0,0,0,0,0,0,0,0,0,0,0,0,0,0,20475,15905,8227,35,0,20475,13200,12510,49,0,66718994432,8589930496,35056394240,1048576
200,1791565241112,2843822.658569336,48800,2,1.0625,227194.2685546875,48800,2,0.93125,226102.9242401123,48800,2,0.93125,228856.7240447998,48800,2,0.93125,248292.9418334961,48800,2,0.93125,226245.03746032715,48800,2,0.93125,242867.52909851074,48800,2,0.93125,395437.27281188965,48800,2,1.0625,394957.3757171631,48800,2,1.0625,385185.90856933594,48800,2,1.0625,956704.0558776855,48800,2,1.0625,372914.0245819092,48800,2,1.0625,372222.59925842285,48800,2,1.0625,359450.7594604492,48800,2,1.0625,233580.01121520996,48800,2,1.075,237529.96293640137,48800,2,0.93125,31788221.205581665,5402,400,2502,400,400,2036,2853,400,5402,400,400,400,5395,400,400,400,400,400,400,400,400,400,400,400,2565,400,2440,400,400,400,400,3633,12.5,0,0,0,0,0,0,0,2.4390242099761963,0,0,0,0,0,0,0,0,0,0,0,0,0,0,0,0,0,2.4390242099761963,0,0,0,0,0,20475,15905,8217,35,0,20475,13200,12510,49,0,66718994432,8589930496,35056136192,1048576
199,1791565241312,2843822.7320861816,48800,2,1.05625,227194.26913452148,48800,2,1.01875,226102.92471313477,48800,2,1.01875,228856.7244567871,48800,2,1.01875,248292.94259643555,48800,2,1.01875,226245.03775024414,48800,2,1.01875,242867.52935791016,48800,2,1.01875,395437.2754974365,48800,2,1.05625,394957.3784942627,48800,2,1.05625,385185.91033935547,48800,2,1.05625,956704.0605621338,48800,2,1.05625,372914.0319671631,3050,2,1.025,372222.60038757324,3050,2,1.025,359450.76055908203,3050,2,1.025,233580.01153564453,48800,2,1.01875,237529.96333312988,48800,2,1.01875,31788232.05659485,5402,400,2502,400,400,2036,2853,400,5402,400,400,400,5395,400,400,400,400,400,400,400,400,400,400,400,2565,400,2440,400,400,400,400,3633,10.526315689086914,0,0,0,0,0,0,0,0,0,0,0,0,0,0,0,0,0,0,0,0,0,0,0,0,0,0,0,0,0,0,0,20475,15905,8217,35,0,20475,13200,12484,49,0,66718994432,8589930496,35052122112,1048576
200,1791565241513,2843822.8019561768,48800,2,1.175,227194.26945495605,48800,2,1.0437500000000002,226102.92503356934,48800,2,1.0437500000000002,228856.7247314453,48800,2,1.0437500000000002,248292.94285583496,48800,2,1.0437500000000002,226245.03790283203,48800,2,1.0437500000000002,242867.52951049805,48800,2,1.0437500000000002,395437.278717041,48800,2,1.175,394957.380859375,48800,2,1.175,385185.9121398926,48800,2,1.01875,956704.0634307861,3050,2,1.01875,372914.03733825684,3050,2,1.01875,372222.60124206543,3050,2,1.01875,359450.7615509033,3050,2,1.01875,233580.01167297363,48800,2,1.0437500000000002,237529.96366882324,48800,2,1.0437500000000002,31788242.67173767,5402,400,2502,400,400,2036,2853,400,5402,400,400,400,5395,400,400,400,400,400,400,400,400,400,400,400,2565,400,2440,400,400,400,400,3633,14.285715103149414,0,0,0,0,0,0,0,0,0,0,0,0,0,0,0,0,0,0,0,0,0,0,0,0,0,0,0,0,0,0,0,20475,15905,8217,35,0,20475,13200,12484,49,0,66718994432,8589930496,35051032576,1048576
200,1791565241713,2843822.872772217,3050,0,0.99375,227194.26991271973,48800,2,0.99375,226102.92544555664,48800,2,0.93125,228856.7251586914,48800,2,0.93125,248292.94311523438,48800,2,0.93125,226245.03817749023,48800,2,0.93125,242867.52978515625,48800,2,0.93125,395437.28115844727,3050,2,0.99375,394957.38330078125,3050,2,0.99375,385185.91525268555,3050,2,0.99375,956704.0678100586,3050,2,0.99375,372914.0412750244,3050,2,0.99375,372222.6022949219,3050,2,0.99375,359450.7625732422,3050,2,0.99375,233580.01194763184,48800,2,0.99375,237529.96408081055,48800,2,0.99375,31788253.371017456,5402,400,2502,400,400,2036,2853,400,5402,400,400,400,5395,400,400,400,400,400,400,400,400,400,400,400,2565,400,2440,400,400,400,400,3633,10.526315689086914,0,0,0,0,0,0,0,0,0,0,0,0,0,0,0,0,0,0,0,0,0,0,0,0,0,0,0,0,0,0,0,20475,15905,8217,35,0,20475,13200,12484,49,0,66718994432,8589930496,35051032576,1048576
199,1791565241913,2843822.9461364746,48800,2,0.55,227194.2703552246,48800,2,0.94375,226102.92614746094,48800,2,0.94375,228856.72817993164,48800,2,0.94375,248292.94343566895,48800,2,0.94375,226245.0385131836,48800,2,0.94375,242867.53010559082,48800,2,0.94375,395437.282913208,48800,2,0.55,394957.3862915039,48800,2,0.55,385185.9174041748,48800,2,0.55,956704.0712585449,48800,2,0.55,372914.0466308594,48800,2,0.55,372222.6034088135,48800,2,0.55,359450.76371765137,48800,2,0.55,233580.0122680664,48800,2,0.94375,237529.96450805664,48800,2,0.94375,31788264.322875977,5402,400,2502,400,400,2036,2853,400,5402,400,400,400,5395,400,400,400,400,400,400,400,400,400,400,400,2565,400,2440,400,400,400,400,3633,14.285715103149414,0,0,0,0,0,0,0,0,0,0,0,0,0,0,0,0,0,0,0,0,0,0,0,0,0,4.761904716491699,0,0,0,0,0,20475,15905,8217,35,0,20475,13200,12484,49,0,66718994432,8589930496,35051032576,1048576
199,1791565242113,2843823.017074585,3050,0,0.3062499999999999,227194.27075195313,48800,2,0.925,226102.9264984131,48800,2,0.925,228856.72868347168,48800,2,0.925,248292.943649292,48800,2,0.925,226245.03875732422,48800,2,0.925,242867.53033447266,48800,2,0.925,395437.28450012207,3050,2,0.3062499999999999,394957.38874816895,3050,0,0.3062499999999999,385185.9189453125,3050,0,0.3062499999999999,956704.0774688721,3050,0,0.3062499999999999,372914.0500793457,3050,0,0.3062499999999999,372222.6043395996,3050,2,0.3062499999999999,359450.7646636963,3050,2,0.3062499999999999,233580.01251220703,48800,2,0.925,237529.9649810791,48800,2,0.925,31788274.924560547,5402,400,2502,400,400,2036,2853,400,5402,400,400,400,5395,400,400,400,400,400,400,400,400,400,400,400,2565,400,2440,400,400,400,400,3633,15.000000953674316,0,0,0,0,0,0,0,0,0,0,0,0,0,0,0,0,0,0,0,0,0,0,0,0,0,0,4.761904716491699,0,0,0,0,20475,15905,8214,35,0,20475,13200,12484,49,0,66718994432,8589930496,35051032576,1048576
199,1791565242314,2843823.088745117,48800,2,1.16875,227194.27114868164,48800,2,1.075,226102.92681884766,48800,2,1.075,228856.72915649414,48800,2,1.075,248292.94387817383,48800,2,1.075,226245.03900146484,48800,2,1.075,242867.5305633545,48800,2,0.93125,395437.28826904297,3050,2,1.08125,394957.39027404785,3050,2,1.08125,385185.9217224121,3050,0,1.08125,956704.0840911865,3050,0,1.08125,372914.05291748047,3050,2,1.08125,372222.60527038574,3050,2,1.08125,359450.7656097412,3050,2,1.08125,233580.01275634766,48800,2,1.075,237529.96533203125,48800,2,1.075,31788285.56867981,5402,400,2502,400,400,2036,2853,400,5402,400,400,400,5395,400,400,400,400,400,400,400,400,400,400,400,2565,400,2440,400,400,400,400,3633,15.000000953674316,0,0,0,0,0,0,0,0,0,0,0,0,0,0,0,0,0,0,0,0,0,0,0,0,0,0,0,0,0,0,0,20475,15905,8214,35,0,20475,13200,12420,49,0,66718994432,8589930496,35049340928,1048576
199,1791565242514,2843823.156906128,48800,2,1.1375,227194.2714691162,48800,2,1.125,226102.9271697998,48800,2,0.925,228856.72959899902,48800,2,0.925,248292.9440612793,48800,2,0.925,226245.0391845703,48800,2,0.925,242867.53074645996,48800,2,0.925,395437.29026794434,48800,2,1.1375,394957.3916015625,48800,2,1.1375,385185.92578125,48800,2,1.1375,956704.0892181396,48800,2,1.1375,372914.0556945801,48800,2,1.1375,372222.6060638428,48800,2,1.1375,359450.76640319824,48800,2,1.1375,233580.0129547119,48800,2,1.125,237529.96560668945,48800,2,1.125,31788296.049224854,5402,400,2502,400,400,2036,2853,400,5402,400,400,400,5395,400,400,400,400,400,400,400,400,400,400,400,2565,400,2440,400,400,400,400,3633,10,0,0,0,0,0,0,0,0,0,0,0,0,0,0,0,0,0,0,0,0,0,0,0,0,0,4.761904716491699,0,0,0,0,0,20475,15905,8214,35,0,20475,13200,12420,49,0,66718994432,8589930496,35048390656,1048576
199,1791565242714,2843823.2277526855,48800,2,1.16875,227194.27182006836,48800,2,0.9875,226102.92762756348,48800,2,0.9875,228856.72994995117,48800,2,0.9875,248292.94429016113,48800,2,0.9875,226245.03941345215,48800,2,0.9875,242867.5309753418,48800,2,0.9875,395437.2917327881,48800,2,1.16875,394957.3938598633,48800,2,1.16875,385185.9279937744,48800,2,1.16875,956704.092010498,48800,2,1.16875,372914.0584869385,48800,2,1.16875,372222.6068725586,48800,2,1.16875,359450.76724243164,48800,2,1.16875,233580.01321411133,48800,2,0.9875,237529.9659423828,48800,2,0.9875,31788306.494262695,5402,400,2502,400,400,2036,2853,400,5402,400,400,400,5395,400,400,400,400,400,400,400,400,400,400,400,2565,400,2440,400,400,400,400,3633,15.000000953674316,0,0,0,0,0,0,0,0,0,0,0,0,0,0,0,0,0,0,0,0,0,0,4.761904716491699,0,0,0,0,0,0,0,0,20475,15905,8214,35,0,20475,13200,12420,49,0,66718994432,8589930496,35048390656,1048576
199,1791565242915,2843823.296859741,48800,2,1.16875,227194.27229309082,48800,2,1.0625,226102.92822265625,48800,2,1.0625,228856.73042297363,48800,2,1.0625,248292.94458007813,48800,2,1.0625,226245.0397644043,48800,2,1.0625,242867.53128051758,48800,2,1.0625,395437.29400634766,48800,2,1.16875,394957.39585876465,48800,2,1.16875,385185.9302520752,3050,2,1.05625,956704.0974273682,3050,2,1.05625,372914.0618286133,3050,2,1.05625,372222.6078796387,3050,2,1.05625,359450.76988220215,3050,2,1.05625,233580.0135345459,48800,2,1.0625,237529.96635437012,48800,2,1.0625,31788317.226089478,5402,400,2502,400,400,2036,2853,400,5402,400,400,400,5395,400,400,400,400,400,400,400,400,400,400,400,2565,400,2440,400,400,400,400,3633,10.526315689086914,0,0,0,0,0,0,0,0,0,0,0,0,0,0,0,0,0,0,0,0,0,0,0,0,0,0,0,0,0,0,0,20475,15905,8214,35,0,20475,13200,12420,49,0,66718994432,8589930496,35048390656,1048576
199,1791565243115,2843823.3706207275,48800,2,1.13125,227194.27282714844,48800,2,0.93125,226102.92887878418,48800,2,0.93125,228856.73097229004,48800,2,0.93125,248292.94491577148,48800,2,0.93125,226245.04010009766,48800,2,0.93125,242867.53163146973,48800,2,0.93125,395437.29650878906,48800,2,1.13125,394957.3994293213,48800,2,1.13125,385185.9344482422,48800,2,1.13125,956704.1079864502,48800,2,1.13125,372914.06561279297,48800,2,1.13125,372222.6087799072,48800,2,1.13125,359450.7714691162,48800,2,1.13125,233580.01387023926,48800,2,0.93125,237529.96684265137,48800,2,0.93125,31788327.876663208,5402,400,2502,400,400,2036,2853,400,5402,400,400,400,5395,400,400,400,400,400,400,400,400,400,400,400,2565,400,2440,400,400,400,400,3633,10,0,0,0,0,0,0,0,0,0,0,0,0,0,0,0,0,0,0,0,0,0,0,0,0,0,0,0,0,0,0,0,20475,15905,8211,35,0,20475,13200,12420,49,0,66718994432,8589930496,35037487104,1048576
199,1791565243315,2843823.4397125244,48800,2,1.16875,227194.2733001709,48800,2,0.96875,226102.92950439453,48800,2,0.96875,228856.7314605713,48800,2,0.96875,248292.94525146484,48800,2,0.96875,226245.04043579102,48800,2,0.96875,242867.5319671631,48800,2,0.96875,395437.29734802246,48800,2,1.16875,394957.4032897949,48800,2,1.16875,385185.93591308594,48800,2,1.16875,956704.1151428223,48800,2,1.16875,372914.068359375,48800,2,1.16875,372222.6096801758,48800,2,1.16875,359450.7733154297,48800,2,1.16875,233580.0142211914,48800,2,0.96875,237529.96730041504,48800,2,0.96875,31788338.55055237,5402,400,2502,400,400,2036,2853,400,5402,400,400,400,5395,400,400,400,400,400,400,400,400,400,400,400,2565,400,2440,400,400,400,400,3633,0,0,0,0,0,0,0,0,15.000000953674316,0,0,0,0,0,0,0,0,0,0,0,0,0,0,0,0,0,0,0,0,0,0,0,20475,15905,8211,35,0,20475,13200,12346,49,0,66718994432,8589930496,35044614144,1048576
199,1791565243516,2843823.511505127,48800,2,1.175,227194.27380371094,48800,2,1.0437500000000002,226102.93016052246,48800,2,1.0437500000000002,228856.73245239258,48800,2,1.0437500000000002,248292.9455871582,48800,2,1.0437500000000002,226245.04077148438,48800,2,1.0437500000000002,242867.53228759766,48800,2,1.0437500000000002,395437.29971313477,48800,2,1.0437500000000002,394957.40602111816,3050,2,1.0437500000000002,385185.9402618408,3050,2,1.0437500000000002,956704.1212768555,3050,2,1.0437500000000002,372914.0715637207,3050,2,1.0437500000000002,372222.6107330322,3050,2,1.0437500000000002,359450.77589416504,3050,2,1.0437500000000002,233580.0145263672,48800,2,1.0437500000000002,237529.96774291992,48800,2,1.0437500000000002,31788349.53781128,5402,400,2502,400,400,2036,2853,400,5402,400,400,400,5395,400,400,400,400,400,400,400,400,400,400,400,2565,400,2440,400,400,400,400,3633,0,0,0,0,0,0,0,0,10,0,0,0,0,0,0,0,0,0,0,0,0,0,0,0,0,0,5,0,0,0,0,0,20475,15905,8211,35,0,20475,13200,12346,49,0,66718994432,8589930496,35044855808,1048576
199,1791565243716,2843823.583969116,3050,0,1.125,227194.2743988037,48800,2,1.11875,226102.93098449707,48800,2,0.93125,228856.73300170898,48800,2,0.93125,248292.94598388672,48800,2,0.93125,226245.0411682129,48800,2,0.93125,242867.53268432617,48800,2,0.93125,395437.30110168457,3050,2,1.125,394957.40853881836,3050,2,1.125,385185.9436645508,3050,2,1.125,956704.1250915527,3050,2,1.125,372914.07514953613,3050,2,1.125,372222.6115722656,3050,2,1.125,359450.77671813965,3050,2,1.125,233580.0149230957,48800,2,1.11875,237529.96868896484,48800,2,1.11875,31788360.107009888,5402,400,2502,400,400,2036,2853,400,5402,400,400,400,5395,400,400,400,400,400,400,400,400,400,400,400,2565,400,2440,400,400,400,400,3633,0,0,0,0,0,0,0,0,15.000000953674316,0,0,0,0,0,0,0,0,0,0,0,0,0,0,0,0,0,0,0,0,0,0,0,20475,15905,8211,35,0,20475,13200,12346,49,0,66718994432,8589930496,35044024320,1048576
199,1791565243916,2843823.656173706,48800,2,1.175,227194.27478027344,48800,2,0.9625,226102.9317779541,48800,2,0.9625,228856.7335205078,48800,2,0.9625,248292.94622802734,48800,2,0.9625,226245.0414276123,48800,2,0.9625,242867.5329284668,48800,2,0.9625,395437.3020477295,48800,2,1.175,394957.4117279053,48800,2,1.175,385185.94578552246,48800,2,1.175,956704.1276092529,48800,2,1.175,372914.0785827637,48800,2,1.175,372222.61238098145,48800,2,1.175,359450.77755737305,48800,2,1.175,233580.01518249512,48800,2,0.9625,237529.969039917,48800,2,0.9625,31788370.77622986,5402,400,2502,400,400,2036,2853,400,5402,400,400,400,5395,400,400,400,400,400,400,400,400,400,400,400,2565,400,2440,400,400,400,400,3633,4.761904716491699,0,0,0,0,0,0,0,10,0,0,0,0,0,0,0,0,0,0,0,0,0,0,0,0,0,0,0,0,0,0,0,20475,15905,8211,35,0,20475,13200,12346,49,0,66718994432,8589930496,35044024320,1048576
199,1791565244117,2843823.724090576,48800,2,1.025,227194.2752685547,48800,2,1.0375,226102.93258666992,48800,2,1.0375,228856.73402404785,48800,2,1.0375,248292.9465789795,48800,2,1.0375,226245.04177856445,48800,2,1.0375,242867.53327941895,48800,2,1.0375,395437.30282592773,48800,2,1.025,394957.41484069824,48800,2,1.025,385185.9476928711,48800,2,1.025,956704.1308135986,48800,2,1.025,372914.08087158203,48800,2,1.0375,372222.6131439209,3050,2,1.0375,359450.77992248535,3050,2,1.0375,233580.01551818848,48800,2,1.0375,237529.96954345703,48800,2,1.0375,31788381.32170105,5402,400,2502,400,400,2036,2853,400,5402,400,400,400,5395,400,400,400,400,400,400,400,400,400,400,400,2565,400,2440,400,400,400,400,3633,0,0,0,0,0,0,0,0,15.000000953674316,0,0,0,0,0,0,0,0,0,0,0,0,0,0,0,0,0,0,0,0,0,0,0,20475,15905,8233,35,0,20475,13200,12346,49,0,66718994432,8589930496,35044024320,1048576
199,1791565244317,2843823.796875,3050,0,0.58125,227194.2758026123,48800,2,0.93125,226102.93339538574,48800,2,0.93125,228856.7345275879,48800,2,0.93125,248292.94694519043,48800,2,0.93125,226245.0421142578,48800,2,0.93125,242867.5336151123,48800,2,0.93125,395437.3038482666,3050,2,0.58125,394957.4162597656,3050,0,0.58125,385185.95207214355,3050,0,0.58125,956704.1391906738,3050,0,0.58125,372914.0835418701,3050,2,0.58125,372222.6141204834,3050,2,0.58125,359450.7808685303,3050,2,0.58125,233580.01583862305,48800,2,0.93125,237529.97009277344,48800,2,0.93125,31788391.985961914,5402,400,2502,400,400,2036,2853,400,5402,400,400,400,5395,400,400,400,400,400,400,400,400,400,400,400,2565,400,2440,400,400,400,400,3633,0,0,0,0,0,0,0,0,10.526315689086914,0,0,0,0,0,0,0,0,0,0,0,0,0,0,0,0,0,0,4.761904716491699,0,0,0,0,20475,15905,8233,35,0,20475,13200,12294,49,0,66718994432,8589930496,35042729984,1048576
200,1791565244517,2843823.867172241,48800,2,1.16875,227194.27630615234,16133.333333333334,2,1.125,226102.93370056152,16133.333333333334,2,1.125,228856.73495483398,16133.333333333334,0,1.125,248292.94773864746,16133.333333333334,2,1.125,226245.04243469238,16133.333333333334,2,1.125,242867.53393554688,16133.333333333334,2,0.7125,395437.3050842285,3050,2,1.11875,394957.42097473145,3050,2,1.11875,385185.9573364258,3050,2,1.11875,956704.1453399658,3050,2,1.11875,372914.08473205566,3050,2,1.11875,372222.61502075195,3050,2,1.11875,359450.7817840576,3050,2,1.11875,233580.01614379883,16133.333333333334,2,1.125,237529.9705505371,16133.333333333334,2,1.125,31788402.421203613,5402,400,2502,400,400,2036,2853,400,5402,400,400,400,5395,400,400,400,400,400,400,400,400,400,400,400,2565,400,2440,400,400,400,400,3633,15.000000953674316,0,0,0,0,0,0,0,0,0,0,0,0,0,0,0,0,0,0,0,0,0,0,0,0,0,0,0,0,0,0,0,20475,15905,8233,35,0,20475,13200,12294,49,0,66718994432,8589930496,35049914368,1048576
199,1791565244717,2843823.939224243,48800,2,1.16875,227194.27680969238,48800,2,0.95625,226102.93395996094,48800,2,0.95625,228856.73530578613,48800,2,0.95625,248292.9485168457,48800,2,0.95625,226245.0426940918,48800,2,0.95625,242867.5341949463,48800,2,0.95625,395437.30613708496,48800,2,1.16875,394957.42210388184,48800,2,1.16875,385185.9605102539,48800,2,1.16875,956704.1489868164,48800,2,1.16875,372914.0882873535,48800,2,1.16875,372222.61585998535,48800,2,1.16875,359450.78254699707,48800,2,1.16875,233580.01641845703,48800,2,0.95625,237529.97102355957,48800,2,0.95625,31788412.678131104,5402,400,2502,400,400,2036,2853,400,5402,400,400,400,5395,400,400,400,400,400,400,400,400,400,400,400,2565,400,2440,400,400,400,400,3633,10.526315689086914,0,0,0,0,0,0,0,0,0,0,0,0,0,0,0,0,0,0,0,0,0,0,0,0,0,0,0,0,0,0,0,20475,15905,8233,35,0,20475,13200,12294,49,0,66718994432,8589930496,35049914368,1048576
199,1791565244917,2843824.0108032227,48800,2,1.16875,227194.27714538574,48800,2,0.9812500000000001,226102.9341430664,48800,2,0.9812500000000001,228856.7356414795,48800,2,0.9812500000000001,248292.9489440918,48800,2,0.9812500000000001,226245.04287719727,48800,2,0.9812500000000001,242867.53437805176,48800,2,0.9812500000000001,395437.31050109863,48800,2,1.16875,394957.42373657227,48800,2,1.16875,385185.96365356445,48800,2,1.16875,956704.150177002,48800,2,1.16875,372914.09605407715,48800,2,1.16875,372222.6167449951,48800,2,1.16875,359450.7834472656,48800,2,1.16875,233580.0166015625,48800,2,0.9812500000000001,237529.97134399414,48800,2,0.9812500000000001,31788423.243164063,5402,400,2502,400,400,2036,2853,400,5402,400,400,400,5395,400,400,400,400,400,400,400,400,400,400,400,2565,400,2440,400,400,400,400,3633,14.285715103149414,0,0,0,0,0,0,0,0,0,0,0,0,0,0,0,0,0,0,0,0,0,0,0,0,0,0,0,0,0,0,0,20475,15905,8233,35,0,20475,13200,12294,49,0,66718994432,8589930496,35050160128,1048576
199,1791565245118,2843824.0814971924,48800,2,1.16875,227194.2776184082,48800,2,1.0625,226102.9344329834,48800,2,1.0625,228856.7360534668,48800,2,1.0625,248292.94960021973,48800,2,1.0625,226245.04319763184,48800,2,1.0625,242867.53468322754,48800,2,1.0625,395437.3141784668,48800,2,1.16875,394957.4252319336,48800,2,1.16875,385185.96742248535,3050,2,1.05625,956704.1533203125,3050,2,1.05625,372914.1023712158,3050,2,1.05625,372222.61766052246,3050,2,1.05625,359450.78436279297,3050,2,1.05625,233580.01690673828,48800,2,1.0625,237529.97175598145,48800,2,1.0625,31788433.960098267,5402,400,2502,400,400,2036,2853,400,5402,400,400,400,5395,400,400,400,400,400,400,400,400,400,400,400,2565,400,2440,400,400,400,400,3633,10.526315689086914,0,0,0,0,0,0,0,0,0,0,0,0,0,0,0,0,0,0,0,0,0,0,0,0,0,4.761904716491699,0,0,0,0,0,20475,15905,8263,35,0,20475,13200,12294,49,0,66718994432,8589930496,35050156032,1048576
199,1791565245318,2843824.217651367,48800,2,1.13125,227194.27801513672,48800,2,1.13125,226102.93463134766,48800,2,1.13125,228856.73638916016,48800,2,0.925,248292.95027160645,48800,2,0.925,226245.04341125488,48800,2,0.925,242867.5348815918,48800,2,0.925,395437.31742858887,48800,2,1.13125,394957.42808532715,48800,2,1.13125,385185.97105407715,48800,2,1.13125,956704.1622924805,48800,2,1.13125,372914.10359191895,48800,2,1.13125,372222.61878967285,48800,2,1.13125,359450.78549194336,48800,2,1.13125,233580.01712036133,48800,2,1.13125,237529.97212219238,48800,2,1.13125,31788444.661499023,5402,400,2502,400,400,2036,2853,400,5402,400,400,400,5395,400,400,400,400,400,400,400,400,400,400,400,2565,400,2440,400,400,400,400,3633,19.047618865966797,4.761904716491699,0,0,0,0,0,0,0,0,0,0,0,0,0,0,0,0,0,0,0,0,0,0,0,0,0,0,0,0,0,0,20475,15905,8263,35,0,20475,13200,12257,48,0,66718994432,8589930496,35046985728,1048576
200,1791565245518,2843824.288909912,48800,2,1.13125,227194.2784576416,48800,2,1.1375,226102.93492126465,48800,2,1.1375,228856.73681640625,48800,2,1.1375,248292.95100402832,48800,2,1.1375,226245.04370117188,48800,2,1.1375,242867.5351715088,48800,2,1.1375,395437.32093811035,48800,2,1.13125,394957.430267334,48800,2,1.13125,385185.97384643555,48800,2,1.13125,956704.1670684814,48800,2,1.13125,372914.10848999023,48800,2,1.13125,372222.6198425293,48800,2,1.13125,359450.786529541,48800,2,1.13125,233580.0174255371,48800,2,1.1375,237529.9725189209,48800,2,1.1375,31788455.39933777,5402,400,2502,400,400,2036,2853,400,5402,400,400,400,5395,400,400,400,400,400,400,400,400,400,400,400,2565,400,2440,400,400,400,400,3633,10.526315689086914,0,0,0,0,0,0,0,0,0,0,0,0,0,0,0,0,0,0,0,0,0,0,0,0,0,0,0,0,0,0,0,20475,15905,8263,35,0,20475,13200,12257,48,0,66718994432,8589930496,35046260736,1048576
199,1791565245719,2843824.36038208,48800,2,1.16875,227194.27920532227,48800,2,1.025,226102.9352722168,48800,2,1.025,228856.7373199463,48800,2,1.025,248292.95150756836,48800,2,1.025,226245.0440673828,48800,2,1.025,242867.53550720215,48800,2,1.025,395437.3247375488,48800,2,1.16875,394957.4315338135,48800,2,1.16875,385185.97688293457,48800,2,1.16875,956704.1698303223,48800,2,1.16875,372914.11180114746,48800,2,1.16875,372222.6211242676,48800,2,1.16875,359450.78761291504,3050,2,1.03125,233580.01780700684,48800,2,1.025,237529.97311401367,48800,2,1.025,31788466.195373535,5402,400,2502,400,400,2036,2853,400,5402,400,400,400,5395,400,400,400,400,400,400,400,400,400,400,400,2565,400,2440,400,400,400,400,3633,10,0,0,0,0,0,0,0,0,0,0,0,0,0,0,0,0,0,0,0,0,0,0,0,0,0,0,0,0,0,0,0,20475,15905,8263,35,0,20475,13200,12257,48,0,66718994432,8589930496,35046260736,1048576
199,1791565245919,2843824.4289093018,3050,2,1.09375,227194.27966308594,48800,2,1.1,226102.93544006348,48800,2,1.1,228856.7375640869,48800,2,1.1,248292.95196533203,48800,2,1.1,226245.0442352295,48800,2,0.93125,242867.5357055664,48800,2,0.93125,395437.3278198242,3050,2,1.09375,394957.43283081055,3050,2,1.09375,385185.9812774658,3050,2,1.09375,956704.172668457,3050,0,1.09375,372914.11418151855,3050,2,1.09375,372222.62202453613,3050,2,1.09375,359450.7884979248,3050,2,1.09375,233580.01795959473,48800,2,1.1,237529.97341918945,48800,2,1.1,31788476.66091919,5402,400,2502,400,400,2036,2853,400,5402,400,400,400,5395,400,400,400,400,400,400,400,400,400,400,400,2565,400,2440,400,400,400,400,3633,15.000000953674316,0,0,0,0,0,0,0,0,0,0,0,0,0,0,0,0,0,0,0,0,0,0,0,0,0,4.761904716491699,0,0,0,0,0,20475,15905,8263,35,0,20475,13200,12257,48,0,66718994432,8589930496,35046260736,1048576
199,1791565246119,2843824.501968384,48800,2,1.1375,227194.28016662598,48800,2,0.93125,226102.9367980957,48800,2,0.93125,228856.73818969727,48800,2,0.93125,248292.95268249512,48800,2,0.93125,226245.04457092285,48800,2,0.93125,242867.53604125977,48800,2,0.93125,395437.33001708984,48800,2,1.1375,394957.4341125488,48800,2,1.1375,385185.9859008789,48800,2,1.1375,956704.1764221191,48800,2,1.1375,372914.11741638184,48800,2,1.1375,372222.62312316895,48800,2,1.1375,359450.78941345215,48800,2,1.1375,233580.0182952881,48800,2,1.1375,237529.9741821289,48800,2,0.93125,31788487.181015015,5402,400,2502,400,400,2036,2853,400,5402,400,400,400,5395,400,400,400,400,400,400,400,400,400,400,400,2565,400,2440,400,400,400,400,3633,10.526315689086914,0,0,0,0,0,0,0,0,0,0,0,0,0,0,0,0,0,0,0,0,0,0,0,0,0,0,0,0,4.761904716491699,0,0,20475,15905,8270,35,0,20475,13200,12257,48,0,66718994432,8589930496,35046256640,1048576
199,1791565246319,2843824.5738983154,3050,0,0.9812500000000001,227194.28073120117,48800,2,0.93125,226102.93698120117,48800,2,0.93125,228856.73851013184,48800,2,0.93125,248292.95294189453,48800,2,0.93125,226245.04475402832,48800,2,0.93125,242867.53622436523,48800,2,0.93125,395437.3328857422,3050,2,0.9812500000000001,394957.435836792,3050,2,0.9812500000000001,385185.9906921387,3050,2,0.9812500000000001,956704.1800689697,3050,2,0.9812500000000001,372914.11918640137,3050,2,0.9812500000000001,372222.6244354248,3050,2,0.9812500000000001,359450.7902984619,3050,2,0.9812500000000001,233580.01847839355,48800,2,0.9875,237529.9744873047,48800,2,0.93125,31788497.943344116,5402,400,2502,400,400,2036,2853,400,5402,400,400,400,5395,400,400,400,400,400,400,400,400,400,400,400,2565,400,2440,400,400,400,400,3633,18.18181800842285,0,0,0,0,0,0,0,0,0,0,0,0,0,0,0,0,0,0,0,0,0,0,0,0,0,0,0,0,0,0,0,20475,15905,8270,35,0,20475,13200,12205,48,0,66718994432,8589930496,35045240832,1048576
199,1791565246519,2843824.645111084,3050,2,1.075,227194.2812347412,48800,2,0.93125,226102.93731689453,48800,2,0.93125,228856.73892211914,48800,2,0.93125,248292.95370483398,48800,2,0.93125,226245.0450592041,48800,2,0.93125,242867.53652954102,48800,2,0.93125,395437.33531188965,3050,2,1.075,394957.4368286133,3050,2,0.58125,385185.9931640625,3050,0,0.58125,956704.1830749512,3050,2,0.58125,372914.1213531494,3050,0,0.58125,372222.62561035156,3050,0,0.58125,359450.79121398926,3050,2,0.58125,233580.01878356934,48800,2,0.93125,237529.974899292,48800,2,0.93125,31788508.61341858,5402,400,2502,400,400,2036,2853,400,5402,400,400,400,5395,400,400,400,400,400,400,400,400,400,400,400,2565,400,2440,400,400,400,400,3633,10.526315689086914,0,0,0,0,0,0,0,0,0,0,0,0,0,0,0,0,0,0,0,0,0,0,0,0,0,0,0,0,0,0,0,20475,15905,8270,35,0,20475,13200,12205,48,0,66718994432,8589930496,35045240832,1048576
199,1791565246720,2843824.713623047,48800,2,1.16875,227194.2815246582,48800,2,1.0437500000000002,226102.93743896484,48800,2,1.0437500000000002,228856.73908996582,48800,2,1.0437500000000002,248292.9540863037,48800,2,1.0437500000000002,226245.0451965332,48800,2,1.0437500000000002,242867.53665161133,48800,2,1.0437500000000002,395437.3381652832,48800,2,1.16875,394957.43768310547,48800,2,1.16875,385185.9952392578,48800,2,1.16875,956704.1842346191,3050,2,1.0437500000000002,372914.123336792,3050,2,1.0437500000000002,372222.62658691406,3050,2,1.0437500000000002,359450.7920227051,3050,2,1.0437500000000002,233580.01892089844,48800,2,1.0437500000000002,237529.9751586914,48800,2,1.0437500000000002,31788519.222686768,5402,400,2502,400,400,2036,2853,400,5402,400,400,400,5395,400,400,400,400,400,400,400,400,400,400,400,2565,400,2440,400,400,400,400,3633,15.000000953674316,0,0,0,0,0,0,0,0,0,0,0,0,0,0,0,0,0,0,0,0,0,0,4.761904716491699,0,0,4.761904716491699,0,0,0,0,0,20475,15905,8270,35,0,20475,13200,12205,48,0,66718994432,8589930496,35045240832,1048576
200,1791565246920,2843824.7906036377,3050,0,0.4312499999999999,227194.28190612793,48800,2,0.925,226102.93760681152,48800,2,0.925,228856.73933410645,48800,2,0.925,248292.95442199707,48800,2,0.925,226245.04537963867,48800,2,0.925,242867.536819458,48800,2,0.925,395437.3420715332,3050,2,0.4312499999999999,394957.44007873535,3050,0,0.4312499999999999,385186.0008239746,3050,2,0.4312499999999999,956704.1896362305,3050,2,0.4312499999999999,372914.12954711914,3050,0,0.4312499999999999,372222.6277618408,3050,2,0.4312499999999999,359450.7931213379,3050,2,0.4312499999999999,233580.01907348633,48800,2,0.925,237529.97549438477,48800,2,0.925,31788530.071014404,5402,400,2502,400,400,2036,2853,400,5402,400,400,400,5395,400,400,400,400,400,400,400,400,400,400,400,2565,400,2440,400,400,400,400,3633,15.000000953674316,0,0,0,0,0,0,0,0,0,0,0,0,0,0,0,0,0,0,0,0,0,0,4.761904716491699,0,0,4.761904716491699,0,0,0,0,0,20475,15905,8270,35,0,20475,13200,12205,48,0,66718994432,8589930496,35043463168,1048576
199,1791565247120,2843824.862838745,48800,2,0.9875,227194.28231811523,48800,2,0.975,226102.93785095215,48800,2,0.975,228856.73971557617,48800,2,0.925,248292.95487976074,48800,2,0.925,226245.0456390381,48800,2,0.925,242867.5370941162,48800,2,0.925,395437.3461456299,48800,2,0.9875,394957.44610595703,48800,2,0.9875,385186.0045013428,48800,2,0.9875,956704.1927947998,48800,2,0.9875,372914.13345336914,48800,2,0.9875,372222.629776001,48800,2,0.9875,359450.7940979004,48800,2,0.9875,233580.01931762695,48800,2,0.975,237529.9758758545,48800,2,0.975,31788540.73779297,5402,400,2502,400,400,2036,2853,400,5402,400,400,400,5395,400,400,400,400,400,400,400,400,400,400,400,2565,400,2440,400,400,400,400,3633,12.5,0,0,0,0,0,0,0,0,0,0,0,0,0,0,0,0,0,0,0,0,0,0,0,0,0,0,0,0,0,0,0,20475,15905,8253,35,0,20475,13200,12205,48,0,66718994432,8589930496,35043082240,1048576
199,1791565247320,2843824.9349823,48800,2,1.175,227194.28274536133,48800,2,0.9875,226102.93809509277,48800,2,0.9875,228856.74006652832,48800,2,0.9875,248292.95544433594,48800,2,0.9875,226245.0458984375,48800,2,0.9875,242867.53733825684,48800,2,0.9875,395437.35064697266,48800,2,1.175,394957.4485168457,48800,2,1.175,385186.00646972656,48800,2,1.175,956704.1971435547,48800,2,1.175,372914.1345062256,48800,2,1.175,372222.63188171387,48800,2,1.175,359450.79499816895,48800,2,1.175,233580.01959228516,48800,2,0.9875,237529.976272583,48800,2,0.9875,31788551.301239014,5402,400,2502,400,400,2036,2853,400,5402,400,400,400,5395,400,400,400,400,400,400,400,400,400,400,400,2565,400,2440,400,400,400,400,3633,10.526315689086914,0,0,0,0,0,0,0,0,0,0,0,0,0,0,0,0,0,0,0,0,0,0,0,0,0,0,0,0,0,0,0,20475,15905,8253,35,0,20475,13200,12205,48,0,66718994432,8589930496,35042193408,1048576
199,1791565247521,2843825.005645752,48800,2,0.91875,227194.2830657959,48800,2,0.575,226102.93824768066,48800,2,0.575,228856.74034118652,48800,2,0.575,248292.9557647705,48800,2,0.575,226245.04606628418,48800,2,0.575,242867.53747558594,48800,2,0.575,395437.3529510498,48800,2,0.91875,394957.4494934082,48800,2,0.91875,385186.0104370117,48800,2,0.91875,956704.1990509033,48800,2,0.91875,372914.1363220215,48800,2,0.91875,372222.6336364746,48800,2,0.91875,359450.7958831787,48800,2,0.91875,233580.01976013184,48800,2,0.575,237529.9765625,48800,2,0.575,31788561.81059265,5402,400,2502,400,400,2036,2853,400,5402,400,400,400,5395,400,400,400,400,400,400,400,400,400,400,400,2565,400,2440,400,400,400,400,3633,14.285715103149414,0,0,0,0,0,0,0,0,0,0,0,0,0,0,0,0,0,0,0,0,0,0,0,0,0,0,0,0,0,0,0,20475,15905,8253,35,0,20475,13200,12205,48,0,66718994432,8589930496,35042451456,1048576
199,1791565247721,2843825.0752716064,48800,2,0.55625,227194.28341674805,48800,2,0.925,226102.93841552734,48800,2,0.925,228856.74063110352,48800,2,0.925,248292.9561767578,48800,2,0.925,226245.04624938965,48800,2,0.925,242867.5376586914,48800,2,0.925,395437.3553161621,48800,2,0.55625,394957.4506072998,48800,2,0.55625,385186.0139465332,48800,2,0.55625,956704.2016448975,48800,2,0.55625,372914.13720703125,48800,2,0.55625,372222.6365509033,48800,2,0.55625,359450.79666137695,3050,2,0.45625000000000004,233580.0199432373,48800,2,0.925,237529.97688293457,48800,2,0.925,31788572.277023315,5402,400,2502,400,400,2036,2853,400,5402,400,400,400,5395,400,400,400,400,400,400,400,400,400,400,400,2565,400,2440,400,400,400,400,3633,15.000000953674316,0,0,0,0,0,0,0,0,0,0,0,0,0,0,0,0,0,0,0,0,0,0,0,0,0,0,0,4.761904716491699,0,0,0,20475,15905,8253,35,0,20475,13200,12205,48,0,66718994432,8589930496,35042447360,1048576
199,1791565247921,2843825.1478881836,3050,0,0.31874999999999987,227194.28395080566,48800,2,0.925,226102.93864440918,48800,2,0.925,228856.7409515381,48800,2,0.925,248292.95669555664,48800,2,0.925,226245.04647827148,48800,2,0.925,242867.53788757324,48800,2,0.925,395437.35890197754,3050,0,0.31874999999999987,394957.4515686035,3050,2,0.31874999999999987,385186.0196990967,3050,0,0.31874999999999987,956704.2117462158,3050,0,0.31874999999999987,372914.1381225586,3050,2,0.31874999999999987,372222.6377105713,3050,0,0.31874999999999987,359450.7975463867,3050,2,0.31874999999999987,233580.02017211914,48800,2,0.925,237529.9772491455,48800,2,0.925,31788582.789733887,5402,400,2502,400,400,2036,2853,400,5402,400,400,400,5395,400,400,400,400,400,400,400,400,400,400,400,2565,400,2440,400,400,400,400,3633,10.526315689086914,0,0,0,0,0,0,0,0,0,0,0,0,0,0,0,0,0,0,0,0,0,0,0,0,0,4.761904716491699,0,0,0,0,0,20475,15905,8253,35,0,20475,13200,12205,48,0,66718994432,8589930496,35042447360,1048576
199,1791565248121,2843825.221939087,48800,2,0.5625,227194.2843322754,48800,2,0.925,226102.93887329102,48800,2,0.925,228856.7414703369,48800,2,0.925,248292.95719909668,48800,2,0.925,226245.0467376709,48800,2,0.925,242867.53813171387,48800,2,0.925,395437.360748291,48800,2,0.5625,394957.4530181885,3050,2,0.4937499999999999,385186.0230255127,3050,2,0.4937499999999999,956704.2160491943,3050,0,0.4937499999999999,372914.140045166,3050,2,0.4937499999999999,372222.63876342773,3050,2,0.4937499999999999,359450.7984008789,3050,2,0.4937499999999999,233580.02040100098,48800,2,0.925,237529.97914123535,48800,2,0.925,31788593.283676147,5402,400,2502,400,400,2036,2853,400,5402,400,400,400,5395,400,400,400,400,400,400,400,400,400,400,400,2565,400,2440,400,400,400,400,3633,14.285715103149414,0,0,0,0,0,0,0,0,0,0,0,0,0,0,0,0,0,0,0,0,0,0,0,0,0,5,0,0,0,0,0,20475,15905,8248,35,0,20475,13200,12205,48,0,66718994432,8589930496,35042447360,1048576
200,1791565248321,2843825.2958374023,3050,0,0.5249999999999999,227194.28457641602,48800,2,0.4937499999999999,226102.9390258789,48800,2,0.4937499999999999,228856.74169921875,48800,2,0.4937499999999999,248292.9574584961,48800,2,0.4937499999999999,226245.046875,48800,2,0.4937499999999999,242867.53826904297,48800,2,0.4937499999999999,395437.3631591797,3050,2,0.5249999999999999,394957.4539642334,3050,2,0.5249999999999999,385186.0269165039,3050,2,0.5249999999999999,956704.2218017578,3050,2,0.30000000000000004,372914.14112854004,3050,0,0.30000000000000004,372222.6398010254,3050,2,0.30000000000000004,359450.79916381836,3050,2,0.30000000000000004,233580.02053833008,48800,2,0.4937499999999999,237529.97938537598,48800,2,0.4937499999999999,31788603.555480957,5402,400,2502,400,400,2036,2853,400,5402,400,400,400,5395,400,400,400,400,400,400,400,400,400,400,400,2565,400,2440,400,400,400,400,3633,14.285715103149414,0,0,0,0,0,0,0,0,0,0,0,0,0,0,0,0,0,0,0,0,0,0,0,0,0,5,0,0,0,0,0,20475,15905,8248,35,0,20475,13200,12186,48,0,66718994432,8589930496,35038109696,1048576
199,1791565248521,2843825.3701324463,48800,2,1.13125,227194.284866333,48800,2,0.93125,226102.9391784668,48800,2,0.93125,228856.74194335938,48800,2,0.93125,248292.9578552246,48800,2,0.93125,226245.0470275879,48800,2,0.93125,242867.53842163086,48800,2,0.93125,395437.36602783203,48800,2,1.13125,394957.45489501953,48800,2,1.13125,385186.0298919678,48800,2,1.13125,956704.2263336182,48800,2,1.13125,372914.1435699463,48800,2,1.13125,372222.6410369873,48800,2,1.13125,359450.80003356934,48800,2,1.13125,233580.02070617676,48800,2,1.13125,237529.97969055176,48800,2,1.13125,31788614.011428833,5402,400,2502,400,400,2036,2853,400,5402,400,400,400,5395,400,400,400,400,400,400,400,400,400,400,400,2565,400,2440,400,400,400,400,3633,12.820513725280762,0,0,0,0,0,0,0,0,0,0,0,0,0,0,0,0,0,0,0,0,0,0,2.4390242099761963,0,0,0,0,0,0,0,0,20475,15905,8248,35,0,20475,13200,12186,48,0,66718994432,8589930496,35039277056,1048576
199,1791565248721,2843825.4389648438,48800,2,0.975,227194.28520202637,48800,2,0.99375,226102.93934631348,48800,2,0.99375,228856.74226379395,48800,2,0.99375,248292.95811462402,48800,2,0.99375,226245.04721069336,48800,2,0.99375,242867.53858947754,48800,2,0.99375,395437.3701019287,48800,2,0.975,394957.4557495117,48800,2,0.975,385186.030960083,48800,2,0.975,956704.2276611328,48800,2,0.975,372914.14587402344,48800,2,0.975,372222.64263916016,48800,2,0.975,359450.8008117676,48800,2,0.975,233580.0209197998,48800,2,0.99375,237529.97996520996,48800,2,0.99375,31788624.381011963,5402,400,2502,400,400,2036,2853,400,5402,400,400,400,5395,400,400,400,400,400,400,400,400,400,400,400,2565,400,2440,400,400,400,400,3633,10,0,0,0,0,0,0,0,0,0,0,0,0,0,0,0,0,0,0,0,0,0,0,0,0,0,0,0,0,0,0,0,20475,15905,8248,35,0,20475,13200,12186,48,0,66718994432,8589930496,35039272960,1048576
200,1791565248921,2843825.509979248,48800,2,1.11875,227194.28575134277,48800,2,0.93125,226102.93962097168,48800,2,0.93125,228856.74266052246,48800,2,0.93125,248292.95861816406,48800,2,0.93125,226245.04750061035,48800,2,0.93125,242867.53886413574,48800,2,0.93125,395437.3747406006,48800,2,1.11875,394957.4567718506,48800,2,1.11875,385186.03213500977,48800,2,1.11875,956704.2308349609,48800,2,1.11875,372914.14976501465,48800,2,1.11875,372222.6436767578,48800,2,1.11875,359450.8017272949,48800,2,1.11875,233580.021194458,48800,2,0.93125,237529.98051452637,48800,2,0.93125,31788635.125061035,5402,400,2502,400,400,2036,2853,400,5402,400,400,400,5395,400,400,400,400,400,400,400,400,400,400,400,2565,400,2440,400,400,400,400,3633,15.000000953674316,0,0,0,0,0,0,0,0,0,0,0,0,0,0,0,0,0,0,0,0,0,0,0,0,0,0,0,0,0,0,0,20475,15905,8248,35,0,20475,13200,12186,48,0,66718994432,8589930496,35039518720,1048576
199,1791565249122,2843825.580596924,48800,2,1.16875,227194.2861328125,48800,2,1.0375,226102.9398651123,48800,2,1.0375,228856.7431640625,48800,2,1.0375,248292.95907592773,48800,2,1.0375,226245.04776000977,48800,2,1.0375,242867.53910827637,48800,2,1.0375,395437.37867736816,48800,2,1.16875,394957.458404541,48800,2,1.16875,385186.03338623047,48800,2,1.16875,956704.2367401123,48800,2,1.16875,372914.1532897949,48800,2,1.16875,372222.64472961426,3050,2,1.025,359450.80267333984,3050,2,1.025,233580.02145385742,48800,2,1.0375,237529.98091125488,48800,2,1.0375,31788645.77911377,5402,400,2502,400,400,2036,2853,400,5402,400,400,400,5395,400,400,400,400,400,400,400,400,400,400,400,2565,400,2440,400,400,400,400,3633,15.000000953674316,0,0,0,0,0,0,0,0,0,0,0,0,0,0,0,0,0,0,0,0,0,0,0,0,0,4.761904716491699,0,0,0,0,0,20475,15905,8192,35,0,20475,13200,12186,48,0,66718994432,8589930496,35038965760,1048576
199,1791565249322,2843825.6532592773,3050,0,1.1125,227194.28648376465,48800,2,1.1125,226102.94006347656,48800,2,1.1125,228856.7434387207,48800,2,1.1125,248292.95956420898,48800,2,0.93125,226245.04795837402,48800,2,0.93125,242867.53930664063,48800,2,0.93125,395437.3816833496,3050,2,1.1125,394957.4597930908,3050,2,1.1125,385186.03482055664,3050,2,1.1125,956704.2450561523,3050,2,1.1125,372914.15531921387,3050,2,1.1125,372222.6459197998,3050,2,1.1125,359450.8035888672,3050,2,1.1125,233580.02166748047,48800,2,1.1125,237529.98133850098,48800,2,1.1125,31788656.33894348,5402,400,2502,400,400,2036,2853,400,5402,400,400,400,5395,400,400,400,400,400,400,400,400,400,400,400,2565,400,2440,400,400,400,400,3633,10,0,0,0,0,0,0,0,0,0,0,0,0,0,0,0,0,0,0,0,0,0,0,0,0,0,0,4.761904716491699,0,0,0,0,20475,15905,8192,35,0,20475,13200,12170,48,0,66718994432,8589930496,35030396928,1048576
200,1791565249522,2843825.725265503,48800,2,1.1375,227194.28665161133,48800,2,0.93125,226102.94010925293,48800,2,0.93125,228856.7435913086,48800,2,0.93125,248292.95979309082,48800,2,0.93125,226245.0480041504,48800,2,0.93125,242867.539352417,48800,2,0.93125,395437.3837585449,48800,2,1.1375,394957.4617919922,48800,2,1.1375,385186.03636169434,48800,2,1.1375,956704.2490386963,48800,2,1.1375,372914.1578979492,48800,2,1.1375,372222.64698791504,48800,2,1.1375,359450.80448913574,48800,2,1.1375,233580.02171325684,48800,2,0.93125,237529.98150634766,48800,2,0.93125,31788666.89173889,5402,400,2502,400,400,2036,2853,400,5402,400,400,400,5395,400,400,400,400,400,400,400,400,400,400,400,2565,400,2440,400,400,400,400,3633,10.526315689086914,0,0,0,0,0,0,0,0,0,0,0,0,0,0,0,0,0,0,0,0,0,0,0,0,0,0,0,0,0,0,0,20475,15905,8192,35,0,20475,13200,12170,48,0,66718994432,8589930496,35039424512,1048576
199,1791565249723,2843825.797164917,48800,2,1.16875,227194.28704833984,48800,2,1.05,226102.94038391113,48800,2,1.05,228856.7439880371,48800,2,1.05,248292.96026611328,48800,2,1.05,226245.0482788086,48800,2,1.05,242867.5396270752,48800,2,1.05,395437.3858642578,48800,2,1.16875,394957.4637145996,48800,2,1.16875,385186.03816223145,48800,2,1.16875,956704.2532958984,48800,2,1.16875,372914.1590576172,48800,2,1.16875,372222.64810180664,3050,2,1.03125,359450.80546569824,3050,2,1.03125,233580.02200317383,48800,2,1.05,237529.98191833496,48800,2,1.05,31788677.616653442,5402,400,2502,400,400,2036,2853,400,5402,400,400,400,5395,400,400,400,400,400,400,400,400,400,400,400,2565,400,2440,400,400,400,400,3633,19.047618865966797,0,0,0,0,0,0,0,0,0,0,0,0,0,0,0,0,0,0,0,0,0,0,0,0,0,0,0,0,0,0,0,20475,15905,8192,35,0,20475,13200,12170,48,0,66718994432,8589930496,35039424512,1048576
199,1791565249923,2843825.869781494,3050,0,1.11875,227194.28750610352,48800,2,1.1125,226102.9405822754,48800,2,1.1125,228856.74433898926,48800,2,1.1125,248292.96075439453,48800,2,0.93125,226245.04847717285,48800,2,0.93125,242867.53982543945,48800,2,0.93125,395437.38749694824,3050,2,1.11875,394957.46484375,3050,2,1.11875,385186.0418548584,3050,2,1.11875,956704.2573547363,3050,2,1.11875,372914.16024780273,3050,2,1.11875,372222.64923095703,3050,2,1.11875,359450.8063659668,3050,2,1.11875,233580.0221862793,48800,2,1.1125,237529.98233032227,48800,2,1.1125,31788688.046325684,5402,400,2502,400,400,2036,2853,400,5402,400,400,400,5395,400,400,400,400,400,400,400,400,400,400,400,2565,400,2440,400,400,400,400,3633,10,4.761904716491699,0,0,0,0,0,0,0,0,0,0,0,0,0,0,0,0,0,0,0,0,0,0,0,0,4.761904716491699,0,0,0,0,0,20475,15905,8192,35,0,20475,13200,12170,48,0,66718994432,8589930496,35039424512,1048576
200,1791565250123,2843825.941635132,48800,2,1.16875,227194.28790283203,48800,2,0.95625,226102.9408416748,48800,2,0.95625,228856.74488830566,48800,2,0.95625,248292.96128845215,48800,2,0.95625,226245.04875183105,48800,2,0.95625,242867.54010009766,48800,2,0.95625,395437.38902282715,48800,2,1.16875,394957.46629333496,48800,2,1.16875,385186.0446472168,48800,2,1.16875,956704.2648010254,48800,2,1.16875,372914.1613922119,48800,2,1.16875,372222.65032958984,48800,2,1.16875,359450.8071899414,48800,2,1.16875,233580.0224456787,48800,2,0.95625,237529.98286437988,48800,2,0.95625,31788698.613632202,5402,400,2502,400,400,2036,2853,400,5402,400,400,400,5395,400,400,400,400,400,400,400,400,400,400,400,2565,400,2440,400,400,400,400,3633,15.000000953674316,0,0,0,0,0,0,0,0,0,0,0,0,0,0,0,0,0,0,0,0,0,0,0,0,0,0,0,0,0,0,0,20475,15905,8132,35,0,20475,13200,12170,48,0,66718994432,8589930496,35039424512,1048576
199,1791565250324,2843826.0075683594,48800,2,1.16875,227194.2882080078,48800,2,1.0375,226102.94102478027,48800,2,1.0375,228856.7456665039,48800,2,1.0375,248292.96166992188,48800,2,1.0375,226245.04893493652,48800,2,1.0375,242867.54028320313,48800,2,1.0375,395437.3907928467,48800,2,1.16875,394957.46728515625,48800,2,1.16875,385186.0478668213,48800,2,1.16875,956704.2704620361,48800,2,1.16875,372914.16233825684,3050,2,1.0375,372222.6512451172,3050,2,1.0375,359450.80798339844,3050,2,1.0375,233580.02264404297,48800,2,1.0375,237529.98320007324,48800,2,1.0375,31788709.064941406,5402,400,2502,400,400,2036,2853,400,5402,400,400,400,5395,400,400,400,400,400,400,400,400,400,400,400,2565,400,2440,400,400,400,400,3633,10,0,0,0,0,0,0,0,0,0,0,0,4.761904716491699,0,0,0,0,0,0,0,0,0,0,0,0,0,0,0,0,0,0,0,20475,15905,8132,35,0,20475,13200,12183,48,0,66718994432,8589930496,35037544448,1048576
199,1791565250524,2843826.0804595947,3050,0,1.125,227194.28857421875,48800,2,1.125,226102.94122314453,48800,2,1.125,228856.74600219727,48800,2,1.125,248292.96215820313,48800,2,0.93125,226245.04914855957,48800,2,0.93125,242867.54048156738,48800,2,0.93125,395437.3923339844,3050,2,1.125,394957.4682006836,3050,2,1.125,385186.05046081543,3050,2,1.125,956704.2744903564,3050,2,1.125,372914.1639404297,3050,2,1.125,372222.6528015137,3050,2,1.125,359450.8087615967,3050,2,1.125,233580.02282714844,48800,2,1.125,237529.98364257813,48800,2,1.125,31788719.310836792,5402,400,2502,400,400,2036,2853,400,5402,400,400,400,5395,400,400,400,400,400,400,400,400,400,400,400,2565,400,2440,400,400,400,400,3633,19.047618865966797,0,0,0,0,0,0,0,0,0,0,0,0,0,0,0,0,0,0,0,0,0,0,0,0,0,0,0,0,0,0,0,20475,15905,8132,35,0,20475,13200,12183,48,0,66718994432,8589930496,35037540352,1048576
199,1791565250724,2843826.149307251,48800,2,0.925,227194.28881835938,16133.333333333334,2,0.94375,226102.94136047363,16133.333333333334,2,0.94375,228856.7462310791,16133.333333333334,0,0.94375,248292.96229553223,48800,2,0.63125,226245.0495452881,48800,2,0.63125,242867.54061889648,48800,2,0.63125,395437.3943634033,48800,2,0.925,394957.4690551758,48800,2,0.925,385186.05296325684,48800,2,0.925,956704.2782592773,48800,2,0.925,372914.16497802734,48800,2,0.925,372222.6537475586,48800,2,0.925,359450.809463501,48800,2,0.925,233580.02297973633,16133.333333333334,2,0.94375,237529.98388671875,16133.333333333334,2,0.94375,31788729.533096313,5402,400,2502,400,400,2036,2853,400,5402,400,400,400,5395,400,400,400,400,400,400,400,400,400,400,400,2565,400,2440,400,400,400,400,3633,10.526315689086914,0,0,0,0,0,0,0,0,0,0,0,0,0,0,0,0,0,0,0,0,0,0,0,0,0,0,0,0,0,0,0,20475,15905,8132,35,0,20475,13200,12183,48,0,66718994432,8589930496,35037540352,1048576
199,1791565250924,2843826.222137451,48800,2,1.16875,227194.28916931152,48800,2,0.9812500000000001,226102.9415435791,48800,2,0.9812500000000001,228856.74647521973,48800,2,0.9812500000000001,248292.9624786377,48800,2,0.9812500000000001,226245.04986572266,48800,2,0.9812500000000001,242867.54080200195,48800,2,0.9812500000000001,395437.39630126953,48800,2,1.16875,394957.4702911377,48800,2,1.16875,385186.05534362793,48800,2,1.16875,956704.2816925049,48800,2,1.16875,372914.1659851074,48800,2,1.16875,372222.6548309326,48800,2,1.16875,359450.81034851074,48800,2,1.16875,233580.0231628418,48800,2,0.9812500000000001,237529.9842376709,48800,2,0.9812500000000001,31788740.10192871,5402,400,2502,400,400,2036,2853,400,5402,400,400,400,5395,400,400,400,400,400,400,400,400,400,400,400,2565,400,2440,400,400,400,400,3633,14.285715103149414,0,0,0,0,0,0,0,0,0,0,0,0,0,0,0,0,0,0,0,0,0,0,0,0,0,4.761904716491699,0,0,0,0,0,20475,15905,8132,35,0,20475,13200,12183,48,0,66718994432,8589930496,35037052928,1048576
199,1791565251125,2843826.2894744873,48800,2,1.16875,227194.28973388672,48800,2,1.05,226102.94194030762,48800,2,1.05,228856.74797058105,48800,2,1.05,248292.96701049805,48800,2,1.05,226245.05046081543,48800,2,1.05,242867.54122924805,48800,2,1.05,395437.4055786133,48800,2,1.16875,394957.47200012207,48800,2,1.16875,385186.0577545166,3050,2,1.0437500000000002,956704.2912597656,3050,2,1.0437500000000002,372914.1675415039,3050,2,1.0437500000000002,372222.6559448242,3050,2,1.0437500000000002,359450.8113708496,3050,2,1.0437500000000002,233580.0235748291,48800,2,1.05,237529.98593139648,48800,2,1.05,31788750.829360962,5402,400,2502,400,400,2036,2853,400,5402,400,400,400,5395,400,400,400,400,400,400,400,400,400,400,400,2565,400,2440,400,400,400,400,3633,10.526315689086914,0,0,0,0,0,0,0,0,0,0,0,0,0,0,0,0,0,0,0,0,0,0,0,0,0,0,0,0,0,0,0,20475,15905,8132,35,0,20475,13200,12183,48,0,66718994432,8589930496,35036794880,1048576
200,1791565251325,2843826.3651428223,48800,2,1.13125,227194.2901611328,48800,2,1.13125,226102.94219970703,48800,2,1.13125,228856.7491607666,48800,2,1.13125,248292.96728515625,48800,2,1.13125,226245.05072021484,48800,2,1.13125,242867.54148864746,48800,2,1.13125,395437.4079589844,48800,2,1.13125,394957.4733886719,48800,2,1.13125,385186.06324768066,48800,2,1.13125,956704.3030853271,48800,2,1.13125,372914.16874694824,48800,2,1.13125,372222.65715026855,48800,2,1.13125,359450.81228637695,48800,2,1.13125,233580.0238494873,48800,2,1.13125,237529.98635864258,48800,2,1.13125,31788761.25831604,5402,400,2502,400,400,2036,2853,400,5402,400,400,400,5395,400,400,400,400,400,400,400,400,400,400,400,2565,400,2440,400,400,400,400,3633,15.000000953674316,0,0,0,0,0,0,0,0,0,0,0,0,0,0,0,0,0,0,0,0,0,0,0,0,0,0,0,0,0,0,0,20475,15905,8132,35,0,20475,13200,12200,48,0,66718994432,8589930496,35035480064,1048576
200,1791565251525,2843826.3714141846,48800,2,1.16875,227194.29057312012,48800,2,0.95625,226102.94242858887,48800,2,0.95625,228856.7507019043,48800,2,0.95625,248292.9680328369,48800,2,0.95625,226245.0509338379,48800,2,0.95625,242867.5417022705,48800,2,0.95625,395437.4100036621,48800,2,1.16875,394957.4794769287,48800,2,1.16875,385186.06552124023,48800,2,1.16875,956704.3757171631,48800,2,1.16875,372914.16983032227,48800,2,1.16875,372222.65811157227,48800,2,1.16875,359450.8131713867,48800,2,1.16875,233580.02406311035,48800,2,0.95625,237529.98677062988,48800,2,0.95625,31788771.705596924,5402,400,2502,400,400,2036,2853,400,5402,400,400,400,5395,400,400,400,400,400,400,400,400,400,400,400,2565,400,2440,400,400,400,400,3633,0,0,0,0,4.761904716491699,0,0,0,0,0,0,0,0,0,0,0,0,0,0,0,0,0,0,0,0,0,15.000000953674316,0,0,0,0,0,20475,15905,8132,35,0,20475,13200,12200,48,0,66718994432,8589930496,35042074624,1048576
199,1791565251726,2843826.3759002686,3050,2,0.9375,227194.29096984863,48800,2,0.94375,226102.9426574707,48800,2,0.94375,228856.75205993652,48800,2,0.94375,248292.96826171875,48800,2,0.94375,226245.05116271973,48800,2,0.93125,242867.54194641113,48800,2,0.93125,395437.4115753174,3050,2,0.9375,394957.4803619385,3050,2,0.9375,385186.0668182373,3050,0,0.9375,956704.446182251,3050,0,0.9375,372914.1716156006,3050,0,0.9375,372222.6590270996,3050,2,0.9375,359450.81396484375,3050,2,0.9375,233580.02430725098,48800,2,0.94375,237529.9871520996,48800,2,0.94375,31788782.162857056,5402,400,2502,400,400,2036,2853,400,5402,400,400,400,5395,400,400,400,400,400,400,400,400,400,400,400,2565,400,2440,400,400,400,400,3633,0,0,0,0,0,0,0,0,0,0,0,0,0,0,0,0,0,0,0,0,0,0,0,0,0,0,10,0,0,0,0,0,20475,15905,8132,35,0,20475,13200,12200,48,0,66718994432,8589930496,35044655104,1048576
199,1791565251926,2843826.3818206787,48800,2,1.13125,227194.2912750244,48800,2,0.93125,226102.94287109375,48800,2,0.93125,228856.75260925293,48800,2,0.93125,248292.96852111816,48800,2,0.93125,226245.05136108398,48800,2,0.93125,242867.5421447754,48800,2,0.93125,395437.4143371582,48800,2,1.13125,394957.4825897217,48800,2,1.13125,385186.06956481934,48800,2,1.13125,956704.5242919922,48800,2,1.13125,372914.1759185791,48800,2,1.13125,372222.66011047363,48800,2,1.13125,359450.8150482178,48800,2,1.13125,233580.02450561523,48800,2,1.125,237529.98747253418,48800,2,1.125,31788792.86036682,5402,400,2502,400,400,2036,2853,400,5402,400,400,400,5395,400,400,400,400,400,400,400,400,400,400,400,2565,400,2440,400,400,400,400,3633,0,0,0,0,0,0,0,0,0,0,0,0,0,0,0,0,0,0,0,0,0,0,0,0,0,0,15.000000953674316,0,0,0,0,0,20475,15905,8132,35,0,20475,13200,12200,48,0,66718994432,8589930496,35044655104,1048576
200,1791565252126,2843826.3882751465,48800,2,1.125,227194.29164123535,48800,2,0.93125,226102.943069458,48800,2,0.93125,228856.75314331055,48800,2,0.93125,248292.96878051758,48800,2,0.93125,226245.05158996582,48800,2,0.93125,242867.54234313965,48800,2,0.93125,395437.415725708,48800,2,1.125,394957.48362731934,48800,2,1.125,385186.0714569092,48800,2,1.125,956704.5950469971,48800,2,1.125,372914.17906188965,48800,2,1.125,372222.6609802246,48800,2,1.125,359450.81593322754,48800,2,1.125,233580.02473449707,48800,2,1.14375,237529.98805236816,48800,2,0.93125,31788803.219833374,5402,400,2502,400,400,2036,2853,400,5402,400,400,400,5395,400,400,400,400,400,400,400,400,400,400,400,2565,400,2440,400,400,400,400,3633,4.761904716491699,0,0,0,0,0,0,0,0,0,0,0,0,0,0,0,0,0,0,0,0,0,0,0,0,0,15.000000953674316,0,0,0,0,0,20475,15905,8164,35,0,20475,13200,12200,48,0,66718994432,8589930496,35044655104,1048576
199,1791565252327,2843826.4008636475,48800,2,1.16875,227194.29206848145,48800,2,1.01875,226102.94325256348,48800,2,1.01875,228856.7536315918,48800,2,1.01875,248292.96905517578,48800,2,1.01875,226245.0517730713,48800,2,1.01875,242867.54252624512,48800,2,1.01875,395437.4175720215,48800,2,1.16875,394957.48542785645,48800,2,1.16875,385186.07389831543,48800,2,1.16875,956704.6645965576,48800,2,1.16875,372914.18159484863,48800,2,1.16875,372222.66188049316,48800,2,1.01875,359450.8169555664,3050,2,1.01875,233580.02493286133,48800,2,1.01875,237529.98835754395,48800,2,1.01875,31788813.714050293,5402,400,2502,400,400,2036,2853,400,5402,400,400,400,5395,400,400,400,400,400,400,400,400,400,400,400,2565,400,2440,400,400,400,400,3633,0,0,0,0,0,0,0,0,0,0,0,0,0,0,0,0,0,0,0,0,0,0,0,4.761904716491699,0,0,14.285715103149414,0,0,0,0,0,20475,15905,8164,35,0,20475,13200,12276,48,0,66718994432,8589930496,35042164736,1048576
199,1791565252527,2843826.407699585,3050,2,1.01875,227194.29258728027,48800,2,1.025,226102.9435119629,48800,2,1.025,228856.75427246094,48800,2,1.025,248292.9694519043,48800,2,0.925,226245.0520324707,48800,2,0.925,242867.54278564453,48800,2,0.925,395437.41873168945,3050,2,1.01875,394957.48652648926,3050,2,1.01875,385186.0766143799,3050,2,1.01875,956704.7323608398,3050,0,1.01875,372914.1826324463,3050,2,1.01875,372222.6627807617,3050,2,1.01875,359450.8178405762,3050,2,1.01875,233580.02517700195,48800,2,1.025,237529.9888305664,48800,2,1.025,31788824.24232483,5402,400,2502,400,400,2036,2853,400,5402,400,400,400,5395,400,400,400,400,400,400,400,400,400,400,400,2565,400,2440,400,400,400,400,3633,0,0,0,0,0,0,0,0,0,0,0,0,0,0,0,0,0,0,0,0,0,0,0,0,0,0,10.526315689086914,0,0,0,0,0,20475,15905,8164,35,0,20475,13200,12276,48,0,66718994432,8589930496,35040944128,1048576
199,1791565252727,2843826.4140625,3050,2,0.33125000000000004,227194.2928314209,48800,2,0.925,226102.9436187744,48800,2,0.925,228856.75463867188,48800,2,0.925,248292.96965026855,48800,2,0.925,226245.05215454102,48800,2,0.925,242867.54290771484,48800,2,0.925,395437.4209289551,3050,2,0.33125000000000004,394957.4877319336,3050,2,0.33125000000000004,385186.08152770996,3050,2,0.33125000000000004,956704.8047943115,3050,0,0.33125000000000004,372914.1843261719,3050,2,0.33125000000000004,372222.66372680664,3050,2,0.33125000000000004,359450.81872558594,3050,2,0.33125000000000004,233580.02531433105,48800,2,0.925,237529.98902893066,48800,2,0.925,31788834.78907776,5402,400,2502,400,400,2036,2853,400,5402,400,400,400,5395,400,400,400,400,400,400,400,400,400,400,400,2565,400,2440,400,400,400,400,3633,0,0,0,0,0,0,0,0,0,0,0,0,0,0,0,0,0,0,0,0,0,0,0,0,0,0,10,0,0,0,0,0,20475,15905,8164,35,0,20475,13200,12276,48,0,66718994432,8589930496,35040944128,1048576
199,1791565252927,2843826.4213409424,3050,0,0.91875,227194.2932434082,16133.333333333334,2,0.93125,226102.94384765625,16133.333333333334,0,0.93125,228856.7551574707,16133.333333333334,2,0.93125,248292.96995544434,48800,2,0.725,226245.05241394043,48800,2,0.725,242867.54313659668,48800,2,0.725,395437.42332458496,3050,0,0.91875,394957.48916625977,3050,2,0.91875,385186.0849304199,3050,2,0.91875,956704.8790283203,3050,0,0.91875,372914.18536376953,3050,2,0.91875,372222.66471862793,3050,2,0.91875,359450.81970214844,3050,0,0.91875,233580.0255432129,16133.333333333334,2,0.93125,237529.9894104004,16133.333333333334,2,0.93125,31788845.465942383,5402,400,2502,400,400,2036,2853,400,5402,400,400,400,5395,400,400,400,400,400,400,400,400,400,400,400,2565,400,2440,400,400,400,400,3633,0,0,0,0,0,0,0,0,0,0,0,0,0,0,0,0,0,0,0,0,0,0,0,0,0,0,15.000000953674316,0,0,0,0,0,20475,15905,8164,35,0,20475,13200,12276,48,0,66718994432,8589930496,35040935936,1048576
199,1791565253128,2843826.429382324,48800,2,0.975,227194.29362487793,48800,2,0.99375,226102.9440612793,48800,2,0.99375,228856.75579833984,48800,2,0.99375,248292.97026062012,48800,2,0.99375,226245.05265808105,48800,2,0.99375,242867.54336547852,48800,2,0.99375,395437.4249420166,48800,2,0.975,394957.49087524414,48800,2,0.975,385186.08811950684,48800,2,0.975,956704.9509277344,48800,2,0.975,372914.18757629395,48800,2,0.975,372222.665725708,48800,2,0.975,359450.82064819336,48800,2,0.975,233580.02577209473,48800,2,0.99375,237529.98976135254,48800,2,0.99375,31788855.960632324,5402,400,2502,400,400,2036,2853,400,5402,400,400,400,5395,400,400,400,400,400,400,400,400,400,400,400,2565,400,2440,400,400,400,400,3633,0,0,0,0,0,0,0,0,0,0,0,0,0,0,0,0,0,0,0,0,0,0,0,0,0,0,10.526315689086914,0,0,0,0,0,20475,15905,8217,35,0,20475,13200,12276,48,0,66718994432,8589930496,35040931840,1048576
199,1791565253328,2843826.445831299,48800,2,1.16875,227194.29397583008,48800,2,1.05625,226102.9442138672,48800,2,1.05625,228856.7562866211,48800,2,1.05625,248292.97047424316,48800,2,1.05625,226245.05282592773,48800,2,1.05625,242867.5435333252,48800,2,1.05625,395437.42712402344,48800,2,1.05625,394957.4930419922,3050,2,1.05625,385186.09161376953,3050,2,1.05625,956705.0229949951,3050,0,1.05625,372914.18940734863,3050,2,1.05625,372222.6667175293,3050,2,1.05625,359450.82164001465,3050,2,1.05625,233580.0259552002,48800,2,1.05625,237529.99005126953,48800,2,1.05625,31788866.59439087,5402,400,2502,400,400,2036,2853,400,5402,400,400,400,5395,400,400,400,400,400,400,400,400,400,400,400,2565,400,2440,400,400,400,400,3633,4.761904716491699,0,0,0,0,0,0,0,0,0,0,0,0,0,0,0,0,0,0,0,0,0,0,0,0,0,14.285715103149414,0,0,0,0,0,20475,15905,8217,35,0,20475,13200,12316,48,0,66718994432,8589930496,35038314496,1048576
199,1791565253528,2843826.451385498,48800,2,1.1375,227194.2943572998,48800,2,0.93125,226102.94436645508,48800,2,0.93125,228856.75677490234,48800,2,0.93125,248292.9708557129,48800,2,0.93125,226245.0529937744,48800,2,0.93125,242867.5436859131,48800,2,0.93125,395437.43032836914,48800,2,1.1375,394957.49423217773,48800,2,1.1375,385186.09394836426,48800,2,1.1375,956705.0913238525,48800,2,1.1375,372914.19401550293,48800,2,1.1375,372222.6676635742,48800,2,1.1375,359450.822555542,48800,2,1.1375,233580.02612304688,48800,2,1.13125,237529.99034118652,48800,2,1.13125,31788877.14201355,5402,400,2502,400,400,2036,2853,400,5402,400,400,400,5395,400,400,400,400,400,400,400,400,400,400,400,2565,400,2440,400,400,400,400,3633,5,0,0,0,0,0,0,0,0,0,0,0,4.761904716491699,0,0,0,0,0,0,0,0,0,0,0,0,0,10.526315689086914,0,0,0,0,0,20475,15905,8217,35,0,20475,13200,12316,48,0,66718994432,8589930496,35037741056,1048576
199,1791565253729,2843826.4584503174,48800,2,1.16875,227194.2947998047,48800,2,0.9812500000000001,226102.94465637207,48800,2,0.9812500000000001,228856.7572479248,48800,2,0.9812500000000001,248292.9712524414,48800,2,0.9812500000000001,226245.0532836914,48800,2,0.9812500000000001,242867.54397583008,48800,2,0.9812500000000001,395437.4320220947,48800,2,1.16875,394957.49531555176,48800,2,1.16875,385186.095413208,48800,2,1.16875,956705.1618041992,48800,2,1.16875,372914.19580078125,48800,2,1.16875,372222.6685638428,48800,2,1.16875,359450.82345581055,48800,2,1.16875,233580.02641296387,48800,2,0.9812500000000001,237529.9910736084,48800,2,0.9812500000000001,31788887.75567627,5402,400,2502,400,400,2036,2853,400,5402,400,400,400,5395,400,400,400,400,400,400,400,400,400,400,400,2565,400,2440,400,400,400,400,3633,0,0,0,0,0,4.761904716491699,0,0,0,0,0,0,0,0,0,0,0,0,0,0,0,0,0,0,0,0,14.285715103149414,0,0,0,0,0,20475,15905,8217,35,0,20475,13200,12316,48,0,66718994432,8589930496,35037741056,1048576
199,1791565253929,2843826.4679718018,48800,2,1.16875,227194.29513549805,48800,2,1.05,226102.94482421875,48800,2,1.05,228856.75764465332,48800,2,1.05,248292.97151184082,48800,2,1.05,226245.05346679688,48800,2,1.05,242867.54415893555,48800,2,1.05,395437.43325805664,48800,2,1.16875,394957.49673461914,3050,2,1.0437500000000002,385186.09844970703,3050,2,1.0437500000000002,956705.2321624756,3050,2,1.0437500000000002,372914.1968383789,3050,2,1.0437500000000002,372222.66955566406,3050,2,1.0437500000000002,359450.82441711426,3050,2,1.0437500000000002,233580.02659606934,48800,2,1.05,237529.99137878418,48800,2,1.05,31788898.32839966,5402,400,2502,400,400,2036,2853,400,5402,400,400,400,5395,400,400,400,400,400,400,400,400,400,400,400,2565,400,2440,400,400,400,400,3633,0,0,0,0,0,0,0,0,0,0,0,0,0,0,0,0,0,0,0,0,0,0,0,0,0,0,15.000000953674316,0,0,0,0,0,20475,15905,8217,35,0,20475,13200,12316,48,0,66718994432,8589930496,35037741056,1048576
200,1791565254129,2843826.473373413,48800,2,1.1125,227194.29559326172,48800,2,1.10625,226102.94508361816,48800,2,1.10625,228856.75839233398,48800,2,0.93125,248292.97186279297,48800,2,0.93125,226245.0537261963,48800,2,0.93125,242867.54441833496,48800,2,0.93125,395437.4354400635,48800,2,1.1125,394957.49786376953,48800,2,1.1125,385186.1005706787,48800,2,1.1125,956705.3043518066,48800,2,1.1125,372914.1996002197,48800,2,1.1125,372222.67042541504,48800,2,1.1125,359450.82527160645,48800,2,1.1125,233580.02685546875,48800,2,1.10625,237529.9919128418,48800,2,1.10625,31788908.868743896,5402,400,2502,400,400,2036,2853,400,5402,400,400,400,5395,400,400,400,400,400,400,400,400,400,400,400,2565,400,2440,400,400,400,400,3633,0,0,0,0,0,0,0,0,0,0,0,0,0,0,0,0,0,0,0,0,0,0,0,0,0,0,15.000000953674316,0,0,0,0,0,20475,15905,8236,35,0,20475,13200,12316,48,0,66718994432,8589930496,35037736960,1048576
200,1791565254330,2843826.4858398438,48800,2,1.16875,227194.29595947266,48800,2,0.96875,226102.9453125,48800,2,0.96875,228856.7587890625,48800,2,0.96875,248292.97218322754,48800,2,0.96875,226245.0539855957,48800,2,0.96875,242867.5446472168,48800,2,0.96875,395437.4372406006,48800,2,1.16875,394957.50090026855,48800,2,1.16875,385186.10426330566,48800,2,1.16875,956705.3727264404,48800,2,1.16875,372914.2016906738,48800,2,1.16875,372222.6713562012,48800,2,1.16875,359450.8261871338,48800,2,1.16875,233580.0270843506,48800,2,0.96875,237529.99227905273,48800,2,0.96875,31788919.467071533,5402,400,2502,400,400,2036,2853,400,5402,400,400,400,5395,400,400,400,400,400,400,400,400,400,400,400,2565,400,2440,400,400,400,400,3633,5,0,0,0,0,0,0,0,0,0,0,0,0,0,0,0,0,0,0,0,0,0,0,0,0,0,14.285715103149414,0,0,0,0,0,20475,15905,8236,35,0,20475,13200,12320,47,0,66718994432,8589930496,35033702400,1048576
199,1791565254530,2843826.493133545,48800,2,1.16875,227194.2963256836,48800,2,1.0375,226102.94549560547,48800,2,1.0375,228856.75927734375,48800,2,1.0375,248292.97259521484,48800,2,1.0375,226245.05415344238,48800,2,1.0375,242867.54483032227,48800,2,1.0375,395437.4389953613,48800,2,1.16875,394957.5019683838,48800,2,1.16875,385186.1057128906,48800,2,1.16875,956705.4398651123,48800,2,1.16875,372914.20472717285,3050,2,1.03125,372222.67222595215,3050,2,1.03125,359450.82705688477,3050,2,1.03125,233580.02726745605,48800,2,1.0375,237529.99258422852,48800,2,1.0375,31788930.015533447,5402,400,2502,400,400,2036,2853,400,5402,400,400,400,5395,400,400,400,400,400,400,400,400,400,400,400,2565,400,2440,400,400,400,400,3633,0,0,0,0,0,0,0,0,0,0,0,0,0,0,0,0,0,0,0,0,0,0,0,0,0,0,10.526315689086914,4.761904716491699,0,0,0,0,20475,15905,8236,35,0,20475,13200,12320,47,0,66718994432,8589930496,35036020736,1048576
199,1791565254730,2843826.49810791,3050,2,1.1375,227194.29681396484,48800,2,1.125,226102.9461364746,48800,2,1.125,228856.75999450684,48800,2,1.125,248292.97297668457,48800,2,0.93125,226245.05444335938,48800,2,0.93125,242867.54512023926,48800,2,0.93125,395437.4408569336,3050,2,1.1375,394957.50311279297,3050,2,1.1375,385186.10765075684,3050,2,1.1375,956705.5115661621,3050,0,1.1375,372914.20764160156,3050,2,1.1375,372222.6731414795,3050,2,1.1375,359450.8279724121,3050,2,1.1375,233580.02755737305,48800,2,1.125,237529.99308776855,48800,2,1.125,31788940.650924683,5402,400,2502,400,400,2036,2853,400,5402,400,400,400,5395,400,400,400,400,400,400,400,400,400,400,400,2565,400,2440,400,400,400,400,3633,0,0,0,0,0,0,0,0,0,0,0,0,0,0,0,0,0,0,0,0,0,0,0,0,0,0,15.000000953674316,0,0,0,0,0,20475,15905,8236,35,0,20475,13200,12320,47,0,66718994432,8589930496,35036020736,1048576
199,1791565254931,2843826.5085754395,48800,2,1.175,227194.2971496582,48800,2,0.95625,226102.94631958008,48800,2,0.95625,228856.76051330566,48800,2,0.95625,248292.97323608398,48800,2,0.95625,226245.05465698242,48800,2,0.95625,242867.54595947266,48800,2,0.95625,395437.44593811035,48800,2,1.175,394957.5051422119,48800,2,1.175,385186.1105194092,48800,2,1.175,956705.5842437744,48800,2,1.175,372914.20916748047,48800,2,1.175,372222.67405700684,48800,2,1.175,359450.82888793945,48800,2,1.175,233580.0277557373,48800,2,0.95625,237529.9940032959,48800,2,0.95625,31788951.28060913,5402,400,2502,400,400,2036,2853,400,5402,400,400,400,5395,400,400,400,400,400,400,400,400,400,400,400,2565,400,2440,400,400,400,400,3633,0,0,0,0,0,0,0,0,0,0,0,0,0,0,0,0,0,0,0,0,0,0,0,0,0,0,14.285715103149414,0,0,0,0,0,20475,15905,8236,35,0,20475,13200,12320,47,0,66718994432,8589930496,35036016640,1048576
199,1791565255131,2843826.5116271973,48800,2,0.56875,227194.2975921631,48800,2,0.95625,226102.9465789795,48800,2,0.95625,228856.76171875,48800,2,0.95625,248292.97355651855,48800,2,0.95625,226245.05493164063,48800,2,0.95625,242867.54624938965,48800,2,0.95625,395437.4476928711,48800,2,0.56875,394957.50944519043,48800,2,0.56875,385186.1118927002,48800,2,0.56875,956705.6560668945,48800,2,0.56875,372914.21125793457,48800,2,0.56875,372222.6749267578,48800,2,0.56875,359450.82972717285,48800,2,0.56875,233580.0280303955,48800,2,0.95625,237529.9944000244,48800,2,0.95625,31788961.820755005,5402,400,2502,400,400,2036,2853,400,5402,400,400,400,5395,400,400,400,400,400,400,400,400,400,400,400,2565,400,2440,400,400,400,400,3633,0,0,0,0,0,0,0,0,0,0,0,0,0,0,0,0,0,0,0,0,0,0,0,0,0,0,15.000000953674316,0,0,0,0,0,20475,15905,8228,35,0,20475,13200,12320,47,0,66718994432,8589930496,35036016640,1048576
199,1791565255331,2843826.514038086,3050,2,1.09375,227194.29804992676,48800,2,1.11875,226102.9468536377,48800,2,1.11875,228856.7624053955,48800,2,0.93125,248292.97402954102,48800,2,0.93125,226245.05522155762,48800,2,0.93125,242867.54653930664,48800,2,0.93125,395437.449508667,3050,2,1.09375,394957.5170440674,3050,2,1.09375,385186.11332702637,3050,2,1.09375,956705.7268981934,3050,0,1.09375,372914.21282958984,3050,2,1.09375,372222.6757507324,3050,2,1.09375,359450.8305358887,3050,2,1.09375,233580.0283355713,48800,2,1.11875,237529.9948425293,48800,2,1.11875,31788972.311691284,5402,400,2502,400,400,2036,2853,400,5402,400,400,400,5395,400,400,400,400,400,400,400,400,400,400,400,2565,400,2440,400,400,400,400,3633,0,0,0,0,0,0,0,0,0,0,0,0,0,0,0,0,0,0,0,0,0,0,0,0,0,0,10.526315689086914,0,0,0,0,0,20475,15905,8228,35,0,20475,13200,12337,47,0,66718994432,8589930496,35034398720,1048576
200,1791565255531,2843826.5173339844,48800,2,1.125,227194.29837036133,48800,2,0.925,226102.94706726074,48800,2,0.925,228856.76293945313,48800,2,0.925,248292.97477722168,48800,2,0.925,226245.05541992188,48800,2,0.925,242867.5467376709,48800,2,0.925,395437.45179748535,48800,2,1.125,394957.51972961426,48800,2,1.125,385186.1160736084,48800,2,1.125,956705.7975463867,48800,2,1.125,372914.21589660645,48800,2,1.125,372222.6766357422,48800,2,1.125,359450.83139038086,48800,2,1.125,233580.02853393555,48800,2,0.925,237529.99514770508,48800,2,0.925,31788982.82447815,5402,400,2502,400,400,2036,2853,400,5402,400,400,400,5395,400,400,400,400,400,400,400,400,400,400,400,2565,400,2440,400,400,400,400,3633,0,0,0,0,0,0,0,0,0,0,0,0,0,0,0,0,0,0,0,0,0,0,0,0,0,0,10,0,0,0,0,0,20475,15905,8228,35,0,20475,13200,12337,47,0,66718994432,8589930496,35034398720,1048576
199,1791565255732,2843826.5186920166,48800,2,1.16875,227194.29875183105,48800,2,1.025,226102.9472503662,48800,2,1.025,228856.763381958,48800,2,1.025,248292.9750213623,48800,2,1.025,226245.05561828613,48800,2,1.025,242867.54692077637,48800,2,1.025,395437.45344543457,48800,2,1.16875,394957.5206756592,48800,2,1.16875,385186.11975097656,48800,2,1.16875,956705.8646850586,48800,2,1.16875,372914.21755981445,48800,2,1.16875,372222.6774597168,48800,2,1.16875,359450.8321533203,3050,2,1.03125,233580.0287475586,48800,2,1.025,237529.99545288086,48800,2,1.025,31788993.23765564,5402,400,2502,400,400,2036,2853,400,5402,400,400,400,5395,400,400,400,400,400,400,400,400,400,400,400,2565,400,2440,400,400,400,400,3633,0,0,0,0,0,0,0,0,0,0,0,0,0,0,0,0,0,0,0,0,0,0,0,0,0,0,19.047618865966797,0,0,0,0,0,20475,15905,8228,35,0,20475,13200,12337,47,0,66718994432,8589930496,35034398720,1048576
200,1791565255932,2843826.5271759033,3050,2,1.09375,227194.29913330078,48800,2,1.1,226102.94737243652,48800,2,1.1,228856.7636871338,48800,2,1.1,248292.97525024414,48800,2,0.93125,226245.05574035645,48800,2,0.93125,242867.54704284668,48800,2,0.93125,395437.4556732178,3050,2,1.09375,394957.5227661133,3050,2,1.09375,385186.12174987793,3050,0,1.09375,956705.932434082,3050,0,1.09375,372914.21925354004,3050,2,1.09375,372222.67835998535,3050,2,1.09375,359450.83306884766,3050,2,1.09375,233580.02885437012,48800,2,1.1,237529.99571228027,48800,2,1.1,31789003.805099487,5402,400,2502,400,400,2036,2853,400,5402,400,400,400,5395,400,400,400,400,400,400,400,400,400,400,400,2565,400,2440,400,400,400,400,3633,0,0,0,0,0,0,0,0,0,0,0,0,0,0,0,0,4.761904716491699,0,0,0,0,0,0,0,0,0,10,0,0,0,0,0,20475,15905,8228,35,0,20475,13200,12337,47,0,66718994432,8589930496,35034394624,1048576
200,1791565256132,2843826.535018921,48800,2,1.1375,227194.29949951172,48800,2,0.93125,226102.94757080078,48800,2,0.93125,228856.76426696777,48800,2,0.93125,248292.97555541992,48800,2,0.93125,226245.0559539795,48800,2,0.93125,242867.54724121094,48800,2,0.93125,395437.45735168457,48800,2,1.1375,394957.5238952637,48800,2,1.1375,385186.12437438965,48800,2,1.1375,956706.0061187744,48800,2,1.1375,372914.2241821289,48800,2,1.1375,372222.6792755127,48800,2,1.1375,359450.83393859863,48800,2,1.1375,233580.02906799316,48800,2,1.14375,237529.99613952637,48800,2,0.93125,31789014.283859253,5402,400,2502,400,400,2036,2853,400,5402,400,400,400,5395,400,400,400,400,400,400,400,400,400,400,400,2565,400,2440,400,400,400,400,3633,5,0,0,0,0,0,0,0,0,0,0,0,0,0,0,0,0,0,0,0,0,0,0,0,0,0,15.000000953674316,0,0,0,0,0,20475,15905,8225,35,0,20475,13200,12337,47,0,66718994432,8589930496,35034394624,1048576
199,1791565256333,2843826.546295166,48800,2,1.16875,227194.29977416992,48800,2,1.03125,226102.94772338867,48800,2,1.03125,228856.7646636963,48800,2,1.03125,248292.97575378418,48800,2,1.03125,226245.05610656738,48800,2,1.03125,242867.54737854004,48800,2,1.03125,395437.4603729248,48800,2,1.16875,394957.52603149414,48800,2,1.16875,385186.12825012207,48800,2,1.16875,956706.0796813965,48800,2,1.16875,372914.22804260254,3050,2,1.03125,372222.6802520752,3050,2,1.03125,359450.83488464355,3050,2,1.03125,233580.02922058105,48800,2,1.03125,237529.99639892578,48800,2,1.03125,31789024.835021973,5402,400,2502,400,400,2036,2853,400,5402,400,400,400,5395,400,400,400,400,400,400,400,400,400,400,400,2565,400,2440,400,400,400,400,3633,0,0,0,0,0,0,0,0,0,0,0,0,0,0,0,0,0,0,0,0,0,0,0,0,0,0,10.526315689086914,0,0,0,0,0,20475,15905,8225,35,0,20475,13200,12296,47,0,66718994432,8589930496,35032031232,1048576
200,1791565256533,2843826.5530700684,3050,2,1.10625,227194.30059814453,48800,2,1.1125,226102.9479675293,48800,2,1.1125,228856.76528930664,48800,2,0.93125,248292.97610473633,48800,2,0.93125,226245.0563812256,48800,2,0.93125,242867.54762268066,48800,2,0.93125,395437.46224975586,3050,2,1.10625,394957.5289154053,3050,2,1.10625,385186.12995910645,3050,2,1.10625,956706.1493835449,3050,0,1.10625,372914.2290496826,3050,2,1.10625,372222.681060791,3050,2,1.10625,359450.8356628418,3050,2,1.10625,233580.02947998047,48800,2,1.1125,237529.9968109131,48800,2,1.1125,31789035.203659058,5402,400,2502,400,400,2036,2853,400,5402,400,400,400,5395,400,400,400,400,400,400,400,400,400,400,400,2565,400,2440,400,400,400,400,3633,0,0,0,0,0,0,0,0,0,0,0,0,0,0,0,0,0,0,0,0,0,0,0,0,0,0,14.285715103149414,0,0,0,0,0,20475,15905,8225,35,0,20475,13200,12296,47,0,66718994432,8589930496,35031744512,1048576
199,1791565256734,2843826.5607299805,48800,2,1.16875,227194.30088806152,48800,2,0.95,226102.9481201172,48800,2,0.95,228856.76571655273,48800,2,0.95,248292.97634887695,48800,2,0.95,226245.05653381348,48800,2,0.95,242867.54777526855,48800,2,0.95,395437.4633483887,48800,2,1.16875,394957.53036499023,48800,2,1.16875,385186.13215637207,48800,2,1.16875,956706.2236633301,48800,2,1.16875,372914.2311401367,48800,2,1.16875,372222.68182373047,48800,2,1.16875,359450.8364715576,48800,2,1.16875,233580.02975463867,48800,2,0.95,237529.9970703125,48800,2,0.95,31789045.5549469,5402,400,2502,400,400,2036,2853,400,5402,400,400,400,5395,400,400,400,400,400,400,400,400,400,400,400,2565,400,2440,400,400,400,400,3633,0,4.761904716491699,0,0,0,0,0,0,0,0,0,0,0,0,0,0,0,0,0,0,0,0,0,0,0,0,15.000000953674316,0,0,0,0,0,20475,15905,8225,35,0,20475,13200,12296,47,0,66718994432,8589930496,35031666688,1048576
199,1791565256934,2843826.5648498535,3050,0,0.28749999999999987,227194.30117797852,48800,2,0.925,226102.9483642578,48800,2,0.925,228856.76626586914,48800,2,0.925,248292.9766845703,48800,2,0.925,226245.05680847168,48800,2,0.925,242867.54801940918,48800,2,0.925,395437.4656677246,3050,0,0.28749999999999987,394957.5322113037,3050,0,0.28749999999999987,385186.1352844238,3050,0,0.28749999999999987,956706.2924346924,3050,0,0.28749999999999987,372914.2337036133,3050,0,0.28749999999999987,372222.682723999,3050,2,0.28749999999999987,359450.83738708496,3050,2,0.28749999999999987,233580.0301361084,48800,2,0.925,237529.99742126465,48800,2,0.925,31789056.056610107,5402,400,2502,400,400,2036,2853,400,5402,400,400,400,5395,400,400,400,400,400,400,400,400,400,400,400,2565,400,2440,400,400,400,400,3633,0,0,0,0,0,0,0,0,0,0,0,0,0,0,0,0,0,0,0,0,0,0,0,0,0,0,15.000000953674316,4.761904716491699,0,0,0,0,20475,15905,8225,35,0,20475,13200,12296,47,0,66718994432,8589930496,35031662592,1048576
199,1791565257134,2843826.5710144043,48800,2,0.55625,227194.3013458252,48800,2,0.925,226102.9485015869,48800,2,0.925,228856.76664733887,16133.333333333334,2,0.925,248292.97689819336,16133.333333333334,0,0.925,226245.05694580078,16133.333333333334,2,0.925,242867.54815673828,16133.333333333334,2,0.925,395437.467086792,48800,2,0.55625,394957.5345916748,48800,2,0.55625,385186.1393432617,48800,2,0.55625,956706.3649597168,48800,2,0.55625,372914.2363586426,48800,2,0.55625,372222.6840057373,48800,2,0.55625,359450.8383331299,48800,2,0.55625,233580.03038024902,48800,2,0.925,237529.9977722168,48800,2,0.925,31789066.55267334,5402,400,2502,400,400,2036,2853,400,5402,400,400,400,5395,400,400,400,400,400,400,400,400,400,400,400,2565,400,2440,400,400,400,400,3633,0,0,0,0,0,0,0,0,0,0,0,0,0,0,0,0,0,0,0,0,0,0,0,0,0,0,14.285715103149414,0,0,0,0,0,20475,15905,8161,35,0,20475,13200,12296,47,0,66718994432,8589930496,35031662592,1048576
199,1791565257334,2843826.5761413574,48800,2,1.175,227194.3016204834,48800,2,1.075,226102.94874572754,48800,2,1.075,228856.767288208,48800,2,1.075,248292.97729492188,48800,2,1.075,226245.0572052002,48800,2,1.075,242867.5484008789,48800,2,0.93125,395437.4725494385,3050,2,1.06875,394957.5382537842,3050,2,1.06875,385186.1410064697,3050,0,1.06875,956706.4323577881,3050,0,1.06875,372914.2373046875,3050,2,1.06875,372222.68478393555,3050,2,1.06875,359450.8391265869,3050,2,1.06875,233580.03088378906,48800,2,1.075,237529.99826049805,48800,2,1.075,31789077.042510986,5402,400,2502,400,400,2036,2853,400,5402,400,400,400,5395,400,400,400,400,400,400,400,400,400,400,400,2565,400,2440,400,400,400,400,3633,4.761904716491699,0,0,0,0,0,0,0,0,0,0,0,0,0,0,0,0,0,0,0,0,0,0,0,0,0,10.526315689086914,0,0,0,0,0,20475,15905,8161,35,0,20475,13200,12248,47,0,66718994432,8589930496,35023810560,1048576
199,1791565257534,2843826.5803985596,3050,0,1.1,227194.30178833008,48800,2,1.10625,226102.94889831543,48800,2,1.10625,228856.76777648926,48800,2,1.10625,248292.97801208496,48800,2,0.925,226245.0573577881,48800,2,0.925,242867.5485534668,48800,2,0.925,395437.4734802246,3050,0,1.1,394957.53942871094,3050,2,1.1,385186.1449584961,3050,0,1.1,956706.5027618408,3050,0,1.1,372914.24168395996,3050,2,1.1,372222.68562316895,3050,2,1.1,359450.8399963379,3050,0,1.1,233580.0311279297,48800,2,1.10625,237529.99851989746,48800,2,1.10625,31789087.419036865,5402,400,2502,400,400,2036,2853,400,5402,400,400,400,5395,400,400,400,400,400,400,400,400,400,400,400,2565,400,2440,400,400,400,400,3633,4.761904716491699,0,0,0,0,0,0,0,0,0,0,0,0,0,0,0,0,0,0,0,0,0,0,0,0,0,10.526315689086914,0,0,0,0,0,20475,15905,8161,35,0,20475,13200,12248,47,0,66718994432,8589930496,35032842240,1048576
199,1791565257734,2843826.58744812,3050,0,1.05625,227194.30207824707,48800,2,1.05625,226102.94915771484,48800,2,1.05625,228856.76831054688,48800,2,1.05625,248292.9783935547,48800,2,0.93125,226245.05764770508,48800,2,0.93125,242867.548828125,48800,2,0.93125,395437.4748687744,3050,2,1.05625,394957.5414581299,3050,2,1.05625,385186.14949035645,3050,2,1.05625,956706.573135376,3050,0,1.05625,372914.24293518066,3050,2,1.05625,372222.68658447266,3050,2,1.05625,359450.84104919434,3050,2,1.05625,233580.03149414063,48800,2,1.05625,237529.99891662598,48800,2,1.05625,31789098.05130005,5402,400,2502,400,400,2036,2853,400,5402,400,400,400,5395,400,400,400,400,400,400,400,400,400,400,400,2565,400,2440,400,400,400,400,3633,0,0,0,0,0,0,0,0,0,0,0,0,0,0,0,0,0,0,0,0,0,0,0,4.761904716491699,0,0,14.285715103149414,0,0,0,0,0,20475,15905,8161,35,0,20475,13200,12248,47,0,66718994432,8589930496,35032838144,1048576
199,1791565257935,2843826.594406128,48800,2,1.16875,227194.30220031738,48800,2,0.95625,226102.94926452637,48800,2,0.95625,228856.76860046387,48800,2,0.95625,248292.97860717773,48800,2,0.95625,226245.0577697754,48800,2,0.95625,242867.54893493652,48800,2,0.95625,395437.475982666,48800,2,1.16875,394957.54357910156,48800,2,1.16875,385186.1520996094,48800,2,1.16875,956706.6465148926,48800,2,1.16875,372914.2440032959,48800,2,1.16875,372222.68743896484,48800,2,1.16875,359450.8419036865,48800,2,1.16875,233580.03172302246,48800,2,0.95625,237529.9991455078,48800,2,0.95625,31789108.397460938,5402,400,2502,400,400,2036,2853,400,5402,400,400,400,5395,400,400,400,400,400,400,400,400,400,400,400,2565,400,2440,400,400,400,400,3633,0,0,0,0,0,0,0,0,0,0,0,0,0,0,0,0,0,0,0,0,0,0,0,0,0,0,10.526315689086914,0,0,0,0,4.545454502105713,20475,15905,8161,35,0,20475,13200,12248,47,0,66718994432,8589930496,35032838144,1048576
199,1791565258135,2843826.6003112793,48800,2,1.175,227194.30250549316,48800,2,1.03125,226102.94955444336,48800,2,1.03125,228856.769241333,48800,2,1.03125,248292.97898864746,48800,2,1.03125,226245.05805969238,48800,2,1.03125,242867.54922485352,48800,2,1.03125,395437.47801208496,48800,2,1.175,394957.54484558105,48800,2,1.175,385186.1559448242,48800,2,1.175,956706.7162780762,48800,2,1.175,372914.245513916,3050,2,1.01875,372222.688369751,3050,2,1.01875,359450.84281921387,3050,2,1.01875,233580.03213500977,48800,2,1.03125,237529.99964904785,48800,2,1.03125,31789118.84864807,5402,400,2502,400,400,2036,2853,400,5402,400,400,400,5395,400,400,400,400,400,400,400,400,400,400,400,2565,400,2440,400,400,400,400,3633,0,0,0,0,0,0,0,0,0,0,0,0,4.761904716491699,0,0,0,0,0,0,0,0,0,0,0,0,0,14.285715103149414,0,0,0,0,0,20475,15905,8127,35,0,20475,13200,12248,47,0,66718994432,8589930496,35032838144,1048576
199,1791565258335,2843826.607055664,3050,2,1.11875,227194.30281066895,48800,2,1.1375,226102.94984436035,48800,2,1.1375,228856.77001953125,48800,2,0.925,248292.9793701172,48800,2,0.925,226245.05838012695,48800,2,0.925,242867.5495300293,48800,2,0.925,395437.479095459,3050,2,1.11875,394957.54753112793,3050,2,1.11875,385186.1585083008,3050,2,1.11875,956706.7858428955,3050,0,1.11875,372914.2466125488,3050,2,1.11875,372222.6892089844,3050,2,1.11875,359450.84368896484,3050,2,1.11875,233580.03257751465,48800,2,1.1375,237530.00022888184,48800,2,1.1375,31789129.35357666,5402,400,2502,400,400,2036,2853,400,5402,400,400,400,5395,400,400,400,400,400,400,400,400,400,400,400,2565,400,2440,400,400,400,400,3633,4.761904716491699,0,0,0,0,0,0,0,0,0,0,0,0,0,0,0,0,0,0,0,0,0,0,0,0,0,15.000000953674316,0,0,0,0,0,20475,15905,8127,35,0,20475,13200,12165,47,0,66718994432,8589930496,35031818240,1048576
199,1791565258536,2843826.610397339,48800,2,1.16875,227194.30303955078,48800,2,0.9375,226102.9500579834,48800,2,0.9375,228856.77061462402,48800,2,0.9375,248292.9797515869,48800,2,0.9375,226245.05859375,48800,2,0.9375,242867.54974365234,48800,2,0.9375,395437.4802093506,48800,2,1.16875,394957.54878234863,48800,2,1.16875,385186.1612701416,48800,2,1.16875,956706.8560028076,48800,2,1.16875,372914.24769592285,48800,2,1.16875,372222.69006347656,48800,2,1.16875,359450.84449768066,48800,2,1.16875,233580.032913208,48800,2,0.9375,237530.0005645752,48800,2,0.9375,31789139.7918396,5402,400,2502,400,400,2036,2853,400,5402,400,400,400,5395,400,400,400,400,400,400,400,400,400,400,400,2565,400,2440,400,400,400,400,3633,0,0,0,0,0,0,0,0,0,0,0,0,0,0,0,0,0,0,0,0,0,0,0,0,0,0,15.000000953674316,0,0,0,0,0,20475,15905,8127,35,0,20475,13200,12165,47,0,66718994432,8589930496,35031818240,1048576
199,1791565258736,2843826.6147766113,48800,2,0.5875,227194.30326843262,48800,2,0.925,226102.95027160645,48800,2,0.925,228856.77113342285,48800,2,0.925,248292.98011779785,48800,2,0.925,226245.05882263184,48800,2,0.925,242867.5499572754,48800,2,0.925,395437.48236083984,48800,2,0.5875,394957.5510864258,48800,2,0.5875,385186.1643218994,48800,2,0.5875,956706.9251556396,48800,2,0.5875,372914.25047302246,48800,2,0.5875,372222.6908874512,48800,2,0.5875,359450.84535217285,48800,2,0.5875,233580.03327941895,48800,2,0.925,237530.00090026855,48800,2,0.925,31789150.12548828,5402,400,2502,400,400,2036,2853,400,5402,400,400,400,5395,400,400,400,400,400,400,400,400,400,400,400,2565,400,2440,400,400,400,400,3633,0,0,0,0,0,0,0,0,0,0,0,0,0,0,0,0,0,0,0,0,0,0,0,0,0,0,10,0,0,0,0,0,20475,15905,8127,35,0,20475,13200,12165,47,0,66718994432,8589930496,35031814144,1048576
199,1791565258936,2843826.6217956543,48800,2,1.16875,227194.30346679688,48800,2,1.05625,226102.9504699707,48800,2,1.05625,228856.77165222168,48800,2,1.05625,248292.9804534912,48800,2,1.05625,226245.05903625488,48800,2,1.05625,242867.55017089844,48800,2,0.925,395437.484085083,3050,2,1.0437500000000002,394957.55293273926,3050,2,1.0437500000000002,385186.1657104492,3050,0,1.0437500000000002,956706.9934234619,3050,0,1.0437500000000002,372914.25144958496,3050,2,1.0437500000000002,372222.691696167,3050,2,1.0437500000000002,359450.84617614746,3050,2,1.0437500000000002,233580.0336151123,48800,2,1.05625,237530.0012512207,48800,2,1.05625,31789160.702438354,5402,400,2502,400,400,2036,2853,400,5402,400,400,400,5395,400,400,400,400,400,400,400,400,400,400,400,2565,400,2440,400,400,400,400,3633,0,0,0,0,0,0,0,0,4.761904716491699,0,0,0,0,0,0,0,0,0,0,0,0,0,0,0,0,0,15.000000953674316,0,0,0,0,0,20475,15905,8127,35,0,20475,13200,12165,47,0,66718994432,8589930496,35031814144,1048576
199,1791565259136,2843826.6275787354,3050,2,1.025,227194.30363464355,48800,2,1.03125,226102.95063781738,48800,2,1.03125,228856.77229309082,48800,2,1.03125,248292.98068237305,48800,2,1.03125,226245.05920410156,48800,2,1.03125,242867.5503692627,48800,2,0.93125,395437.4849090576,3050,2,1.025,394957.5542449951,3050,2,1.025,385186.16777038574,3050,0,1.025,956707.0635070801,3050,0,1.025,372914.2534790039,3050,2,1.025,372222.69247436523,3050,2,1.025,359450.8469543457,3050,2,1.025,233580.03387451172,48800,2,1.03125,237530.0015411377,48800,2,1.03125,31789171.162628174,5402,400,2502,400,400,2036,2853,400,5402,400,400,400,5395,400,400,400,400,400,400,400,400,400,400,400,2565,400,2440,400,400,400,400,3633,0,0,0,0,0,0,0,0,0,0,0,0,0,0,0,0,0,0,0,0,0,0,0,0,0,0,10.526315689086914,0,0,0,0,0,20475,15905,8173,35,0,20475,13200,12165,47,0,66718994432,8589930496,35031814144,1048576
199,1791565259337,2843826.637435913,48800,2,0.94375,227194.30381774902,48800,2,0.93125,226102.95080566406,48800,2,0.93125,228856.7727203369,48800,2,0.93125,248292.98095703125,48800,2,0.93125,226245.05940246582,48800,2,0.93125,242867.55053710938,48800,2,0.93125,395437.4871520996,48800,2,0.94375,394957.55712890625,48800,2,0.94375,385186.1703186035,48800,2,0.94375,956707.1360015869,48800,2,0.94375,372914.25619506836,48800,2,0.94375,372222.69328308105,48800,2,0.94375,359450.8478088379,48800,2,0.94375,233580.0341644287,48800,2,0.93125,237530.0018157959,48800,2,0.93125,31789181.492538452,5402,400,2502,400,400,2036,2853,400,5402,400,400,400,5395,400,400,400,400,400,400,400,400,400,400,400,2565,400,2440,400,400,400,400,3633,5,0,0,0,0,0,0,0,0,0,0,0,0,0,0,0,0,0,0,0,0,0,0,0,0,0,14.285715103149414,0,0,0,0,0,20475,15905,8173,35,0,20475,13200,12120,47,0,66718994432,8589930496,35025817600,1048576
200,1791565259537,2843826.6427001953,48800,2,1.16875,227194.3040008545,48800,2,1.16875,226102.9510192871,16133.333333333334,2,0.99375,228856.77307128906,16133.333333333334,2,0.99375,248292.98124694824,16133.333333333334,0,0.99375,226245.0595855713,16133.333333333334,2,0.99375,242867.55072021484,16133.333333333334,2,0.99375,395437.487991333,48800,2,1.16875,394957.5589752197,48800,2,1.16875,385186.1723327637,48800,2,1.16875,956707.2054443359,48800,2,1.16875,372914.2571411133,48800,2,1.16875,372222.6940765381,48800,2,1.16875,359450.8486022949,48800,2,1.16875,233580.0344696045,48800,2,1.16875,237530.00213623047,48800,2,1.16875,31789191.939086914,5402,400,2502,400,400,2036,2853,400,5402,400,400,400,5395,400,400,400,400,400,400,400,400,400,400,400,2565,400,2440,400,400,400,400,3633,0,0,0,0,0,0,0,0,0,0,0,0,0,0,0,0,0,0,0,0,0,0,0,0,0,0,10.526315689086914,0,0,0,0,0,20475,15905,8173,35,0,20475,13200,12120,47,0,66718994432,8589930496,35030716416,1048576
200,1791565259737,2843826.6475372314,48800,2,0.5375000000000001,227194.30416870117,48800,2,1.05,226102.951171875,48800,2,1.05,228856.77346801758,48800,2,1.05,248292.9814605713,48800,2,1.05,226245.05975341797,48800,2,0.93125,242867.55087280273,48800,2,0.93125,395437.48934936523,3050,2,1.0437500000000002,394957.56005859375,3050,2,1.0437500000000002,385186.17419433594,3050,0,1.0437500000000002,956707.2770385742,3050,0,1.0437500000000002,372914.2588043213,3050,2,1.0437500000000002,372222.69483947754,3050,2,1.0437500000000002,359450.84938049316,3050,2,1.0437500000000002,233580.034866333,48800,2,1.05,237530.0025024414,48800,2,1.05,31789202.14552307,5402,400,2502,400,400,2036,2853,400,5402,400,400,400,5395,400,400,400,400,400,400,400,400,400,400,400,2565,400,2440,400,400,400,400,3633,0,0,0,0,0,4.761904716491699,0,0,0,0,0,0,0,0,0,0,0,0,0,0,0,0,0,0,0,0,15.000000953674316,0,0,0,0,0,20475,15905,8173,35,0,20475,13200,12120,47,0,66718994432,8589930496,35030716416,1048576
199,1791565259937,2843826.6539001465,48800,2,1.14375,227194.30432128906,48800,2,0.93125,226102.9513244629,48800,2,0.93125,228856.77388000488,48800,2,0.93125,248292.98178100586,48800,2,0.93125,226245.05990600586,48800,2,0.93125,242867.55102539063,48800,2,0.93125,395437.49114990234,48800,2,1.14375,394957.5612640381,48800,2,1.14375,385186.1775665283,48800,2,1.14375,956707.3497619629,48800,2,1.14375,372914.2603302002,48800,2,1.14375,372222.6957397461,48800,2,1.14375,359450.8502960205,48800,2,1.14375,233580.03511047363,48800,2,1.13125,237530.00276184082,48800,2,1.13125,31789212.547607422,5402,400,2502,400,400,2036,2853,400,5402,400,400,400,5395,400,400,400,400,400,400,400,400,400,400,400,2565,400,2440,400,400,400,400,3633,5,0,0,0,0,0,0,0,0,0,0,0,0,0,0,0,0,0,0,0,0,0,0,0,0,0,14.285715103149414,0,0,0,0,0,20475,15905,8173,35,0,20475,13200,12120,47,0,66718994432,8589930496,35030716416,1048576
200,1791565260138,2843826.66545105,3050,0,1.08125,227194.30458068848,48800,2,0.93125,226102.9515838623,48800,2,0.93125,228856.7751312256,48800,2,0.93125,248292.982131958,48800,2,0.93125,226245.06016540527,48800,2,0.93125,242867.55128479004,48800,2,0.93125,395437.49209594727,3050,2,1.08125,394957.56282043457,3050,2,1.08125,385186.17991638184,3050,2,1.08125,956707.4201660156,3050,2,1.08125,372914.2615661621,3050,2,1.08125,372222.69662475586,3050,2,0.5875,359450.8511810303,3050,2,0.5875,233580.03549194336,48800,2,0.93125,237530.00331115723,48800,2,0.93125,31789223.0184021,5402,400,2502,400,400,2036,2853,400,5402,400,400,400,5395,400,400,400,400,400,400,400,400,400,400,400,2565,400,2440,400,400,400,400,3633,0,0,0,0,0,0,0,0,0,0,0,0,0,0,0,0,0,0,0,0,0,0,0,0,0,0,15.000000953674316,0,0,0,0,0,20475,15905,8262,35,0,20475,13200,12120,47,0,66718994432,8589930496,35030716416,1048576
200,1791565260338,2843826.672729492,48800,2,1.16875,227194.3048400879,48800,2,1.0375,226102.95181274414,48800,2,1.0375,228856.7756652832,48800,2,1.0375,248292.98246765137,48800,2,1.0375,226245.06044006348,48800,2,1.0375,242867.55152893066,48800,2,1.0375,395437.493270874,48800,2,1.16875,394957.56452941895,48800,2,1.16875,385186.1831359863,48800,2,1.16875,956707.4889068604,48800,2,1.16875,372914.2631072998,48800,2,1.16875,372222.69732666016,3050,2,1.025,359450.85188293457,3050,2,1.025,233580.03591918945,48800,2,1.0375,237530.00370788574,48800,2,1.0375,31789233.322280884,5402,400,2502,400,400,2036,2853,400,5402,400,400,400,5395,400,400,400,400,400,400,400,400,400,400,400,2565,400,2440,400,400,400,400,3633,0,0,0,0,0,0,0,0,0,0,0,0,0,0,0,0,0,0,0,0,0,0,0,0,0,0,14.285715103149414,0,0,0,0,0,20475,15905,8262,35,0,20475,13200,12147,47,0,66718994432,8589930496,35030196224,1048576
200,1791565260538,2843826.6810302734,3050,2,1.0125000000000002,227194.3050994873,48800,2,0.9875,226102.95207214355,48800,2,0.925,228856.7762451172,48800,2,0.925,248292.9828338623,48800,2,0.925,226245.0606842041,48800,2,0.925,242867.5517730713,48800,2,0.925,395437.49409484863,3050,2,1.0125000000000002,394957.56632995605,3050,2,1.0125000000000002,385186.1869354248,3050,2,1.0125000000000002,956707.5573577881,3050,0,1.0125000000000002,372914.2647857666,3050,2,1.0125000000000002,372222.6981201172,3050,2,1.0125000000000002,359450.8526916504,3050,2,1.0125000000000002,233580.03630065918,48800,2,0.9875,237530.00492858887,48800,2,0.9875,31789243.800109863,5402,400,2502,400,400,2036,2853,400,5402,400,400,400,5395,400,400,400,400,400,400,400,400,400,400,400,2565,400,2440,400,400,400,400,3633,0,0,0,0,0,0,0,0,0,0,0,0,0,0,0,0,0,0,0,0,0,0,0,0,0,0,10.526315689086914,0,0,0,0,0,20475,15905,8262,35,0,20475,13200,12147,47,0,66718994432,8589930496,35030192128,1048576
199,1791565260739,2843826.6853790283,48800,2,1.175,227194.30534362793,48800,2,0.96875,226102.9523010254,48800,2,0.96875,228856.7766571045,48800,2,0.96875,248292.98315429688,48800,2,0.96875,226245.06092834473,48800,2,0.96875,242867.5520324707,48800,2,0.96875,395437.49600219727,48800,2,1.175,394957.5682067871,48800,2,1.175,385186.1896057129,48800,2,1.175,956707.6293334961,48800,2,1.175,372914.2659301758,48800,2,1.175,372222.69902038574,48800,2,1.175,359450.8536376953,48800,2,1.175,233580.0368347168,48800,2,0.96875,237530.00527954102,48800,2,0.96875,31789254.254074097,5402,400,2502,400,400,2036,2853,400,5402,400,400,400,5395,400,400,400,400,400,400,400,400,400,400,400,2565,400,2440,400,400,400,400,3633,0,0,0,0,0,4.761904716491699,0,0,0,0,0,0,0,0,0,0,0,0,0,0,0,0,0,0,0,0,10.526315689086914,0,0,0,0,0,20475,15905,8262,35,0,20475,13200,12147,47,0,66718994432,8589930496,35030192128,1048576
199,1791565260939,2843826.6889038086,48800,2,1.16875,227194.3055419922,48800,2,1.0437500000000002,226102.95248413086,48800,2,1.0437500000000002,228856.77714538574,48800,2,1.0437500000000002,248292.9833984375,48800,2,1.0437500000000002,226245.06115722656,48800,2,1.0437500000000002,242867.55223083496,48800,2,1.0437500000000002,395437.498336792,48800,2,1.16875,394957.56942749023,48800,2,1.16875,385186.192489624,3050,2,1.03125,956707.7002410889,3050,2,1.03125,372914.26695251465,3050,2,1.03125,372222.6999206543,3050,2,1.03125,359450.85453796387,3050,2,1.03125,233580.03715515137,48800,2,1.0437500000000002,237530.0055999756,48800,2,1.0437500000000002,31789264.903442383,5402,400,2502,400,400,2036,2853,400,5402,400,400,400,5395,400,400,400,400,400,400,400,400,400,400,400,2565,400,2440,400,400,400,400,3633,0,0,0,0,0,0,0,0,0,0,0,0,0,0,0,0,0,0,0,0,0,0,0,0,0,0,14.285715103149414,0,0,0,0,0,20475,15905,8262,35,0,20475,13200,12147,47,0,66718994432,8589930496,35030192128,1048576
200,1791565261139,2843826.7004241943,3050,0,0.5,227194.30586242676,48800,2,0.925,226102.95280456543,48800,2,0.925,228856.77838134766,48800,2,0.925,248292.98727416992,48800,2,0.925,226245.06147766113,48800,2,0.925,242867.55255126953,48800,2,0.925,395437.4994812012,3050,0,0.5,394957.57374572754,3050,0,0.5,385186.1962890625,3050,0,0.55625,956707.7771759033,3050,0,0.55625,372914.2691497803,3050,0,0.55625,372222.70095825195,3050,2,0.55625,359450.8556213379,3050,2,0.55625,233580.03770446777,48800,2,0.925,237530.00610351563,48800,2,0.925,31789275.631652832,5402,400,2502,400,400,2036,2853,400,5402,400,400,400,5395,400,400,400,400,400,400,400,400,400,400,400,2565,400,2440,400,400,400,400,3633,0,0,0,0,0,0,0,0,0,0,0,0,0,0,0,0,0,0,0,0,0,0,0,0,0,0,14.285715103149414,0,0,0,0,0,20475,15905,8301,35,0,20475,13200,12147,47,0,66718994432,8589930496,35030192128,1048576
200,1791565261340,2843826.710006714,48800,2,1.01875,227194.30604553223,48800,2,0.93125,226102.9529876709,48800,2,0.93125,228856.77879333496,48800,2,0.93125,248292.9875793457,48800,2,0.93125,226245.06169128418,48800,2,0.93125,242867.552734375,48800,2,0.93125,395437.5005950928,48800,2,1.01875,394957.57542419434,48800,2,1.01875,385186.2021331787,48800,2,1.01875,956707.8488464355,48800,2,1.01875,372914.27070617676,48800,2,1.01875,372222.7018432617,48800,2,1.01875,359450.8565673828,48800,2,1.01875,233580.03802490234,48800,2,1.01875,237530.0064086914,48800,2,0.93125,31789286.288619995,5402,400,2502,400,400,2036,2853,400,5402,400,400,400,5395,400,400,400,400,400,400,400,400,400,400,400,2565,400,2440,400,400,400,400,3633,0,0,0,0,0,0,0,0,0,0,0,0,0,0,0,0,0,0,0,0,0,0,0,0,0,0,15.000000953674316,0,0,0,0,0,20475,15905,8301,35,0,20475,13200,12121,47,0,66718994432,8589930496,35028135936,1048576
199,1791565261540,2843826.7153930664,48800,2,1.16875,227194.30619812012,48800,2,1.0375,226102.9531402588,48800,2,1.0375,228856.77923583984,48800,2,1.0375,248292.98780822754,48800,2,1.0375,226245.06184387207,48800,2,1.0375,242867.5528869629,48800,2,1.0375,395437.50260925293,48800,2,1.16875,394957.5765838623,48800,2,1.16875,385186.2056274414,48800,2,1.16875,956707.9150695801,48800,2,1.16875,372914.2717285156,3050,2,1.025,372222.70542907715,3050,2,1.025,359450.8575286865,3050,2,1.025,233580.03828430176,48800,2,1.0375,237530.00666809082,48800,2,1.0375,31789296.78517151,5402,400,2502,400,400,2036,2853,400,5402,400,400,400,5395,400,400,400,400,400,400,400,400,400,400,400,2565,400,2440,400,400,400,400,3633,4.761904716491699,0,0,0,0,0,0,0,0,0,0,0,0,0,0,0,0,0,0,0,0,0,0,0,0,0,10,0,0,0,0,0,20475,15905,8301,35,0,20475,13200,12121,47,0,66718994432,8589930496,35027849216,1048576
200,1791565261740,2843826.720626831,48800,2,1.16875,227194.30647277832,16133.333333333334,2,1.10625,226102.9533996582,16133.333333333334,2,1.10625,228856.77983093262,16133.333333333334,2,1.10625,248292.98817443848,16133.333333333334,0,1.10625,226245.06211853027,16133.333333333334,2,1.10625,242867.5531616211,16133.333333333334,2,0.70625,395437.50497436523,3050,2,1.1125,394957.57775878906,3050,2,1.1125,385186.20851135254,3050,2,1.1125,956707.9839477539,3050,0,1.1125,372914.2728424072,3050,2,1.1125,372222.7062988281,3050,2,1.1125,359450.8583984375,3050,2,1.1125,233580.03868103027,16133.333333333334,2,1.10625,237530.00714111328,16133.333333333334,2,1.10625,31789307.38093567,5402,400,2502,400,400,2036,2853,400,5402,400,400,400,5395,400,400,400,400,400,400,400,400,400,400,400,2565,400,2440,400,400,400,400,3633,0,0,0,0,0,0,0,0,0,0,0,0,0,0,0,0,0,0,0,0,0,0,0,0,0,0,15.000000953674316,0,0,0,0,0,20475,15905,8301,35,0,20475,13200,12121,47,0,66718994432,8589930496,35027849216,1048576
199,1791565261941,2843826.72605896,48800,2,1.01875,227194.3066253662,48800,2,0.93125,226102.9535369873,48800,2,0.93125,228856.7801513672,48800,2,0.93125,248292.9884033203,48800,2,0.93125,226245.06228637695,48800,2,0.93125,242867.55331420898,48800,2,0.93125,395437.50715637207,48800,2,1.01875,394957.57902526855,48800,2,1.01875,385186.211807251,48800,2,1.01875,956708.0588531494,48800,2,1.01875,372914.2739715576,48800,2,1.01875,372222.7071990967,48800,2,1.01875,359450.85932922363,48800,2,1.01875,233580.03900146484,48800,2,0.93125,237530.00747680664,48800,2,0.93125,31789318.052841187,5402,400,2502,400,400,2036,2853,400,5402,400,400,400,5395,400,400,400,400,400,400,400,400,400,400,400,2565,400,2440,400,400,400,400,3633,4.761904716491699,0,0,0,0,0,0,0,0,0,0,0,0,0,0,0,0,0,0,0,0,0,0,4.761904716491699,0,0,10.526315689086914,0,0,0,0,0,20475,15905,8301,35,0,20475,13200,12121,47,0,66718994432,8589930496,35027849216,1048576
200,1791565262141,2843826.7310943604,3050,2,0.3125,227194.30683898926,48800,2,0.925,226102.95373535156,48800,2,0.925,228856.78038024902,48800,2,0.925,248292.98864746094,48800,2,0.925,226245.0624847412,48800,2,0.925,242867.55351257324,48800,2,0.925,395437.50885009766,3050,2,0.3125,394957.58212280273,3050,0,0.3125,385186.21492004395,3050,2,0.3125,956708.1273956299,3050,0,0.3125,372914.27589416504,3050,0,0.3125,372222.70796203613,3050,2,0.3125,359450.8600921631,3050,2,0.3125,233580.0393218994,48800,2,0.925,237530.0089111328,48800,2,0.925,31789328.381988525,5402,400,2502,400,400,2036,2853,400,5402,400,400,400,5395,400,400,400,400,400,400,400,400,400,400,400,2565,400,2440,400,400,400,400,3633,4.761904716491699,0,0,0,0,0,0,0,0,0,0,0,0,0,0,0,0,0,0,0,0,0,0,4.761904716491699,0,0,10.526315689086914,0,0,0,0,0,20475,15905,8198,35,0,20475,13200,12121,47,0,66718994432,8589930496,35027849216,1048576
199,1791565262341,2843826.7366485596,48800,2,1.175,227194.30715942383,48800,2,1.05,226102.95390319824,48800,2,1.05,228856.7805480957,48800,2,1.05,248292.98887634277,48800,2,1.05,226245.0626525879,48800,2,1.05,242867.55366516113,48800,2,1.05,395437.5108642578,48800,2,1.175,394957.5866546631,48800,2,1.175,385186.21768188477,48800,2,1.03125,956708.1964569092,3050,2,1.03125,372914.27769470215,3050,2,1.03125,372222.7087402344,3050,2,1.03125,359450.86138916016,3050,2,1.03125,233580.0396270752,48800,2,1.05,237530.00936889648,48800,2,1.05,31789338.800048828,5402,400,2502,400,400,2036,2853,400,5402,400,400,400,5395,400,400,400,400,400,400,400,400,400,400,400,2565,400,2440,400,400,400,400,3633,0,0,0,0,0,0,0,0,0,0,0,0,0,0,0,0,0,0,0,0,0,0,0,0,0,0,14.634145736694336,0,0,0,0,0,20475,15905,8198,35,0,20475,13200,12121,47,0,66718994432,8589930496,35022143488,1048576
200,1791565262541,2843826.7393951416,3050,2,1.11875,227194.30731201172,48800,2,1.125,226102.95404052734,48800,2,1.125,228856.7807006836,48800,2,0.93125,248292.9891052246,48800,2,0.93125,226245.062789917,48800,2,0.93125,242867.55380249023,48800,2,0.93125,395437.5117492676,3050,2,1.11875,394957.5879974365,3050,2,1.11875,385186.21954345703,3050,2,1.11875,956708.2686004639,3050,0,1.11875,372914.2793273926,3050,2,1.11875,372222.7095489502,3050,2,1.11875,359450.86222839355,3050,2,1.11875,233580.03999328613,48800,2,1.125,237530.00979614258,48800,2,1.125,31789349.245773315,5402,400,2502,400,400,2036,2853,400,5402,400,400,400,5395,400,400,400,400,400,400,400,400,400,400,400,2565,400,2440,400,400,400,400,3633,0,0,0,0,0,0,0,0,0,0,0,0,0,0,0,0,0,0,0,0,0,0,0,0,0,0,15.000000953674316,0,0,0,0,0,20475,15905,8198,35,0,20475,13200,12121,47,0,66718994432,8589930496,35027046400,1048576
199,1791565262742,2843826.7460479736,48800,2,1.16875,227194.30744934082,48800,2,0.95,226102.95417785645,48800,2,0.95,228856.78085327148,48800,2,0.95,248292.98930358887,48800,2,0.95,226245.0629272461,48800,2,0.95,242867.55395507813,48800,2,0.95,395437.51277160645,48800,2,1.16875,394957.58961486816,48800,2,1.16875,385186.2212524414,48800,2,1.16875,956708.338684082,48800,2,1.16875,372914.2819366455,48800,2,1.16875,372222.71046447754,48800,2,1.16875,359450.86320495605,48800,2,1.16875,233580.04026794434,48800,2,0.95,237530.01055908203,48800,2,0.95,31789359.70779419,5402,400,2502,400,400,2036,2853,400,5402,400,400,400,5395,400,400,400,400,400,400,400,400,400,400,400,2565,400,2440,400,400,400,400,3633,0,0,0,0,0,0,0,0,0,0,0,0,0,0,0,0,0,0,0,0,0,0,0,0,0,0,10,0,0,0,0,0,20475,15905,8198,35,0,20475,13200,12121,47,0,66718994432,8589930496,35025862656,1048576
199,1791565262942,2843826.7501220703,48800,2,1.16875,227194.30764770508,48800,2,1.0437500000000002,226102.9543762207,48800,2,1.0437500000000002,228856.78106689453,48800,2,1.0437500000000002,248292.98960876465,48800,2,1.0437500000000002,226245.06314086914,48800,2,1.0437500000000002,242867.55416870117,48800,2,1.0437500000000002,395437.51403808594,48800,2,1.16875,394957.59118652344,48800,2,1.16875,385186.2236633301,48800,2,1.16875,956708.411895752,48800,2,1.025,372914.2830505371,3050,2,1.025,372222.71141052246,3050,2,1.025,359450.86419677734,3050,2,1.025,233580.0405883789,48800,2,1.0437500000000002,237530.01135253906,48800,2,1.0437500000000002,31789370.51046753,5402,400,2502,400,400,2036,2853,400,5402,400,400,400,5395,400,400,400,400,400,400,400,400,400,400,400,2565,400,2440,400,400,400,400,3633,0,4.761904716491699,0,0,0,0,0,0,0,0,0,0,0,0,0,0,0,0,0,0,0,0,0,0,0,0,15.000000953674316,0,0,0,0,0,20475,15905,8198,35,0,20475,13200,12121,47,0,66718994432,8589930496,35025862656,1048576
199,1791565263142,2843826.753555298,3050,0,0.5625,227194.30786132813,48800,2,0.925,226102.95458984375,48800,2,0.925,228856.78132629395,48800,2,0.925,248292.98991394043,48800,2,0.925,226245.0633544922,48800,2,0.925,242867.5544128418,48800,2,0.925,395437.5151824951,3050,2,0.5625,394957.59327697754,3050,0,0.5625,385186.2302246094,3050,0,0.5625,956708.4868469238,3050,0,0.5625,372914.2886810303,3050,2,0.5625,372222.7123565674,3050,2,0.5625,359450.8650665283,3050,2,0.5625,233580.04095458984,48800,2,0.925,237530.01191711426,48800,2,0.925,31789381.047943115,5402,400,2502,400,400,2036,2853,400,5402,400,400,400,5395,400,400,400,400,400,400,400,400,400,400,400,2565,400,2440,400,400,400,400,3633,0,0,0,0,0,0,0,0,0,0,0,0,0,0,0,0,0,0,0,0,0,0,0,0,0,0,10.526315689086914,0,0,0,0,0,20475,15905,8151,35,0,20475,13200,12121,47,0,66718994432,8589930496,35025858560,1048576
199,1791565263342,2843826.7573547363,3050,2,1.06875,227194.3080291748,48800,2,1.0625,226102.954788208,48800,2,1.0625,228856.7815093994,48800,2,1.0625,248292.99067687988,48800,2,1.0625,226245.06353759766,48800,2,0.93125,242867.55459594727,48800,2,0.93125,395437.5169067383,3050,2,1.06875,394957.5953063965,3050,2,1.06875,385186.2360839844,3050,0,1.06875,956708.5594177246,3050,0,1.06875,372914.2897796631,3050,2,1.06875,372222.7131500244,3050,0,1.06875,359450.86589050293,3050,2,1.06875,233580.0412750244,48800,2,1.0625,237530.0126953125,48800,2,1.0625,31789391.650741577,5402,400,2502,400,400,2036,2853,400,5402,400,400,400,5395,400,400,400,400,400,400,400,400,400,400,400,2565,400,2440,400,400,400,400,3633,0,0,0,0,0,0,0,0,0,0,0,0,0,0,0,0,0,0,0,0,0,0,0,0,0,0,14.285715103149414,0,0,0,0,0,20475,15905,8151,35,0,20475,13200,12153,46,0,66718994432,8589930496,35025309696,1048576
199,1791565263542,2843826.7641601563,3050,0,0.91875,227194.30819702148,48800,2,0.42500000000000004,226102.9549560547,48800,2,0.42500000000000004,228856.78169250488,48800,2,0.42500000000000004,248292.9913482666,48800,2,0.42500000000000004,226245.0637359619,48800,2,0.42500000000000004,242867.55477905273,48800,2,0.42500000000000004,395437.5181274414,3050,2,0.91875,394957.5964355469,3050,2,0.91875,385186.2395324707,3050,0,0.91875,956708.6288909912,3050,0,0.91875,372914.29081726074,3050,2,0.91875,372222.7140197754,3050,2,0.91875,359450.8667297363,3050,2,0.91875,233580.04153442383,48800,2,0.42500000000000004,237530.0129852295,48800,2,0.42500000000000004,31789402.104293823,5402,400,2502,400,400,2036,2853,400,5402,400,400,400,5395,400,400,400,400,400,400,400,400,400,400,400,2565,400,2440,400,400,400,400,3633,0,0,0,0,0,0,0,0,0,0,0,0,0,0,0,0,0,0,0,0,0,0,0,0,0,0,10.526315689086914,0,0,0,0,0,20475,15905,8151,35,0,20475,13200,12153,46,0,66718994432,8589930496,35025309696,1048576
199,1791565263742,2843826.7742614746,3050,2,0.96875,227194.3084564209,48800,2,1,226102.95518493652,48800,2,1,228856.7819519043,48800,2,1,248292.99194335938,48800,2,1,226245.06396484375,48800,2,1,242867.55500793457,48800,2,1,395437.51943969727,3050,2,0.96875,394957.59774780273,3050,2,0.96875,385186.24307250977,3050,2,0.96875,956708.701171875,3050,0,0.96875,372914.29203796387,3050,2,0.96875,372222.7149505615,3050,2,0.96875,359450.86767578125,3050,2,0.96875,233580.04223632813,48800,2,1,237530.01322937012,48800,2,1,31789412.636657715,5402,400,2502,400,400,2036,2853,400,5402,400,400,400,5395,400,400,400,400,400,400,400,400,400,400,400,2565,400,2440,400,400,400,400,3633,4.761904716491699,0,0,0,0,0,0,0,0,0,0,0,0,0,0,0,0,0,0,0,0,0,0,0,0,0,19.047618865966797,0,0,0,0,0,20475,15905,8151,35,0,20475,13200,12153,46,0,66718994432,8589930496,35025309696,1048576
200,1791565263943,2843826.7789154053,48800,2,1.16875,227194.30865478516,48800,2,0.95625,226102.955368042,48800,2,0.95625,228856.78216552734,48800,2,0.95625,248292.9924468994,48800,2,0.95625,226245.064163208,48800,2,0.95625,242867.55519104004,48800,2,0.95625,395437.5203857422,48800,2,1.16875,394957.5988922119,48800,2,1.16875,385186.24613952637,48800,2,1.16875,956708.7751464844,48800,2,1.16875,372914.2930908203,48800,2,1.16875,372222.7160644531,48800,2,1.16875,359450.86849975586,48800,2,1.16875,233580.04260253906,48800,2,0.95625,237530.01342773438,48800,2,0.95625,31789423.01350403,5402,400,2502,400,400,2036,2853,400,5402,400,400,400,5395,400,400,400,400,400,400,400,400,400,400,400,2565,400,2440,400,400,400,400,3633,0,0,0,0,0,0,0,0,0,0,0,0,0,0,0,0,0,0,0,0,0,0,0,0,0,0,10,0,0,0,0,0,20475,15905,8151,35,0,20475,13200,12153,46,0,66718994432,8589930496,35025309696,1048576
199,1791565264143,2843826.7867889404,48800,2,0.3062499999999999,227194.3088684082,48800,2,0.96875,226102.95556640625,48800,2,0.96875,228856.78239440918,48800,2,0.96875,248292.99305725098,48800,2,0.96875,226245.06436157227,48800,2,0.96875,242867.5553894043,48800,2,0.96875,395437.52139282227,48800,2,0.3062499999999999,394957.6007232666,48800,2,0.3062499999999999,385186.2480163574,48800,2,0.3062499999999999,956708.8438873291,48800,2,0.3062499999999999,372914.29484558105,48800,2,0.3062499999999999,372222.7170715332,48800,2,0.3062499999999999,359450.86932373047,48800,2,0.3062499999999999,233580.04292297363,48800,2,0.96875,237530.0138092041,48800,2,0.96875,31789433.495437622,5402,400,2502,400,400,2036,2853,400,5402,400,400,400,5395,400,400,400,400,400,400,400,400,400,400,400,2565,400,2440,400,400,400,400,3633,0,4.761904716491699,0,0,0,0,0,0,0,0,0,0,0,0,0,0,0,0,0,0,0,0,0,0,0,0,15.000000953674316,0,0,0,0,0,20475,15905,8184,35,0,20475,13200,12153,46,0,66718994432,8589930496,35025305600,1048576
199,1791565264344,2843826.7946777344,3050,2,1.13125,227194.30905151367,48800,2,1.13125,226102.9557647705,48800,2,0.93125,228856.78259277344,48800,2,0.93125,248292.99375915527,48800,2,0.93125,226245.06455993652,48800,2,0.93125,242867.55558776855,48800,2,0.93125,395437.52241516113,3050,2,1.13125,394957.60188293457,3050,2,1.13125,385186.25048828125,3050,2,1.13125,956708.9130859375,3050,0,1.13125,372914.2958984375,3050,2,1.13125,372222.7180633545,3050,2,1.13125,359450.87016296387,3050,2,1.13125,233580.04327392578,48800,2,1.13125,237530.01397705078,48800,2,1.13125,31789444.091308594,5402,400,2502,400,400,2036,2853,400,5402,400,400,400,5395,400,400,400,400,400,400,400,400,400,400,400,2565,400,2440,400,400,400,400,3633,0,0,0,0,0,0,0,0,0,0,0,0,0,0,0,0,0,0,0,0,0,0,0,0,0,0,10.526315689086914,0,0,0,0,0,20475,15905,8184,35,0,20475,13200,12192,46,0,66718994432,8589930496,35022020608,1048576
199,1791565264544,2843826.800338745,48800,2,1.03125,227194.30923461914,48800,2,0.9625,226102.9559326172,48800,2,0.9625,228856.7827758789,48800,2,0.9625,248292.994140625,48800,2,0.9625,226245.064743042,48800,2,0.9625,242867.5557861328,48800,2,0.9625,395437.52543640137,48800,2,1.03125,394957.6030578613,48800,2,1.03125,385186.25231933594,48800,2,1.03125,956708.982925415,48800,2,1.03125,372914.2969818115,48800,2,1.03125,372222.71894836426,48800,2,1.03125,359450.87100219727,48800,2,1.03125,233580.04354858398,48800,2,0.9625,237530.01414489746,48800,2,0.9625,31789454.498031616,5402,400,2502,400,400,2036,2853,400,5402,400,400,400,5395,400,400,400,400,400,400,400,400,400,400,400,2565,400,2440,400,400,400,400,3633,0,0,0,0,0,0,0,0,0,0,0,0,0,0,0,0,0,0,0,0,0,0,0,4.761904716491699,0,0,14.285715103149414,0,0,0,0,0,20475,15905,8184,35,0,20475,13200,12192,46,0,66718994432,8589930496,35024908288,1048576
199,1791565264744,2843826.8053741455,48800,2,1.16875,227194.3094177246,48800,2,1.05,226102.9560699463,48800,2,1.05,228856.78297424316,48800,2,1.05,248292.99433898926,48800,2,1.05,226245.06492614746,48800,2,1.05,242867.55619812012,48800,2,1.05,395437.5274505615,48800,2,1.16875,394957.60444641113,3050,2,1.03125,385186.2536010742,3050,2,1.03125,956709.0480499268,3050,2,1.03125,372914.29792785645,3050,2,1.03125,372222.71980285645,3050,2,1.03125,359450.8717803955,3050,2,1.03125,233580.04385375977,48800,2,1.05,237530.01429748535,48800,2,1.05,31789465.012542725,5402,400,2502,400,400,2036,2853,400,5402,400,400,400,5395,400,400,400,400,400,400,400,400,400,400,400,2565,400,2440,400,400,400,400,3633,4.761904716491699,0,0,0,0,0,0,0,0,0,0,0,0,0,0,0,0,0,0,0,0,0,0,4.761904716491699,0,0,10.526315689086914,4.761904716491699,0,0,0,0,20475,15905,8184,35,0,20475,13200,12192,46,0,66718994432,8589930496,35024908288,1048576
199,1791565264944,2843826.8145446777,3050,2,1.11875,227194.3095550537,48800,2,1.125,226102.9562072754,48800,2,1.125,228856.78312683105,48800,2,1.125,248292.9945678711,48800,2,0.93125,226245.06506347656,48800,2,0.93125,242867.55644226074,48800,2,0.93125,395437.5317993164,3050,2,1.11875,394957.607131958,3050,2,1.11875,385186.25650024414,3050,2,1.11875,956709.1185150146,3050,0,1.11875,372914.29902648926,3050,2,1.11875,372222.72074890137,3050,2,1.11875,359450.8726654053,3050,2,1.11875,233580.0442352295,48800,2,1.125,237530.01445007324,48800,2,1.125,31789475.620117188,5402,400,2502,400,400,2036,2853,400,5402,400,400,400,5395,400,400,400,400,400,400,400,400,400,400,400,2565,400,2440,400,400,400,400,3633,0,0,0,0,0,0,0,0,0,0,0,0,0,0,0,0,0,0,0,0,0,0,0,0,0,0,14.285715103149414,0,0,0,0,0,20475,15905,8184,35,0,20475,13200,12192,46,0,66718994432,8589930496,35024904192,1048576
200,1791565265144,2843826.8220214844,3050,2,0.5,227194.30966186523,48800,2,0.925,226102.9563140869,48800,2,0.925,228856.78326416016,48800,2,0.925,248292.99475097656,48800,2,0.925,226245.0651702881,48800,2,0.925,242867.55667114258,48800,2,0.925,395437.533493042,3050,2,0.5,394957.61000061035,3050,0,0.5,385186.2580871582,3050,2,0.5,956709.1897735596,3050,2,0.5,372914.3003692627,3050,2,0.5,372222.7216644287,3050,2,0.5,359450.8734893799,3050,2,0.5,233580.04434204102,48800,2,0.925,237530.01457214355,48800,2,0.925,31789485.985061646,5402,400,2502,400,400,2036,2853,400,5402,400,400,400,5395,400,400,400,400,400,400,400,400,400,400,400,2565,400,2440,400,400,400,400,3633,0,0,0,0,0,0,0,0,0,0,0,0,0,0,0,0,0,0,0,0,0,0,0,0,0,0,10.526315689086914,0,0,0,0,0,20475,15905,8181,35,0,20475,13200,12192,46,0,66718994432,8589930496,35024904192,1048576
199,1791565265345,2843826.833618164,48800,2,1.16875,227194.30981445313,48800,2,0.9812500000000001,226102.9564666748,48800,2,0.9812500000000001,228856.78343200684,48800,2,0.9812500000000001,248292.9949951172,48800,2,0.9812500000000001,226245.06532287598,48800,2,0.9812500000000001,242867.5569152832,48800,2,0.9812500000000001,395437.53494262695,48800,2,1.16875,394957.61279296875,48800,2,1.16875,385186.25999450684,48800,2,1.16875,956709.2574157715,48800,2,1.16875,372914.30126953125,48800,2,1.16875,372222.7224121094,48800,2,1.16875,359450.87422180176,48800,2,1.16875,233580.04452514648,48800,2,0.9812500000000001,237530.01473999023,48800,2,0.9812500000000001,31789496.222213745,5402,400,2502,400,400,2036,2853,400,5402,400,400,400,5395,400,400,400,400,400,400,400,400,400,400,400,2565,400,2440,400,400,400,400,3633,0,0,0,0,0,0,0,0,0,0,0,0,0,0,0,0,0,0,0,0,0,0,0,0,0,0,15.000000953674316,0,0,0,0,0,20475,15905,8181,35,0,20475,13200,12155,46,0,66718994432,8589930496,35019476992,1048576
199,1791565265545,2843826.837677002,48800,2,1.175,227194.31002807617,48800,2,1.05625,226102.95668029785,48800,2,1.05625,228856.78366088867,48800,2,1.05625,248292.99533081055,48800,2,1.05625,226245.0655670166,48800,2,1.05625,242867.5574645996,48800,2,1.05625,395437.5375061035,48800,2,1.175,394957.6145172119,3050,2,1.05,385186.2623901367,3050,2,1.05,956709.3278808594,3050,2,1.05,372914.30238342285,3050,2,1.05,372222.72497558594,3050,2,1.05,359450.87521362305,3050,2,1.05,233580.04473876953,48800,2,1.05625,237530.01496887207,48800,2,1.05625,31789506.975845337,5402,400,2502,400,400,2036,2853,400,5402,400,400,400,5395,400,400,400,400,400,400,400,400,400,400,400,2565,400,2440,400,400,400,400,3633,5,0,0,0,0,0,0,0,0,0,0,0,0,0,0,0,0,0,0,0,0,0,0,0,0,0,14.285715103149414,0,0,0,0,0,20475,15905,8181,35,0,20475,13200,12155,46,0,66718994432,8589930496,35022622720,1048576
199,1791565265745,2843826.8445129395,48800,2,1.175,227194.3102722168,16133.333333333334,2,1.0375,226102.95692443848,16133.333333333334,2,1.0375,228856.78393554688,16133.333333333334,2,1.0375,248292.99565124512,16133.333333333334,0,1.0375,226245.06582641602,16133.333333333334,2,1.0375,242867.55781555176,16133.333333333334,2,1.0375,395437.5390472412,48800,2,1.175,394957.61602783203,48800,2,1.175,385186.2645263672,48800,2,1.175,956709.3979797363,48800,2,1.025,372914.3035583496,3050,2,1.025,372222.72595214844,3050,2,1.025,359450.8760986328,3050,2,1.025,233580.04495239258,16133.333333333334,2,1.0375,237530.01527404785,16133.333333333334,2,1.0375,31789517.556610107,5402,400,2502,400,400,2036,2853,400,5402,400,400,400,5395,400,400,400,400,400,400,400,400,400,400,400,2565,400,2440,400,400,400,400,3633,4.761904716491699,0,0,0,0,0,0,0,0,0,0,0,0,0,0,0,0,0,0,0,0,0,0,0,0,0,15.000000953674316,0,0,0,0,0,20475,15905,8181,35,0,20475,13200,12155,46,0,66718994432,8589930496,35022622720,1048576
199,1791565265946,2843826.853439331,48800,2,1.125,227194.3104248047,48800,2,0.925,226102.95707702637,48800,2,0.925,228856.78410339355,48800,2,0.925,248292.99592590332,48800,2,0.925,226245.0659790039,48800,2,0.925,242867.55810546875,48800,2,0.925,395437.54023742676,48800,2,1.125,394957.61737060547,48800,2,1.125,385186.2665710449,48800,2,1.125,956709.4696655273,48800,2,1.125,372914.3053894043,48800,2,1.125,372222.72677612305,48800,2,1.125,359450.87687683105,48800,2,1.125,233580.04510498047,48800,2,1.1375,237530.01542663574,48800,2,1.1375,31789527.99293518,5402,400,2502,400,400,2036,2853,400,5402,400,400,400,5395,400,400,400,400,400,400,400,400,400,400,400,2565,400,2440,400,400,400,400,3633,0,0,0,0,0,0,0,0,0,0,0,0,0,0,0,0,0,0,0,0,0,0,0,0,0,0,10.526315689086914,0,0,0,0,0,20475,15905,8181,35,0,20475,13200,12155,46,0,66718994432,8589930496,35022618624,1048576
200,1791565266146,2843826.8577423096,48800,2,0.4624999999999999,227194.3106842041,48800,2,0.925,226102.957321167,48800,2,0.925,228856.78437805176,48800,2,0.925,248292.99633789063,48800,2,0.925,226245.06622314453,48800,2,0.925,242867.55865478516,48800,2,0.925,395437.54611206055,48800,2,0.4624999999999999,394957.618560791,48800,2,0.4624999999999999,385186.2690887451,48800,2,0.4624999999999999,956709.5399017334,48800,2,0.4624999999999999,372914.30644226074,48800,2,0.4624999999999999,372222.7279663086,48800,2,0.4624999999999999,359450.8777770996,48800,2,0.4624999999999999,233580.04536437988,48800,2,0.925,237530.0157623291,48800,2,0.925,31789538.511642456,5402,400,2502,400,400,2036,2853,400,5402,400,400,400,5395,400,400,400,400,400,400,400,400,400,400,400,2565,400,2440,400,400,400,400,3633,0,0,0,0,0,0,0,0,0,0,0,0,0,0,0,0,0,0,0,0,0,0,0,0,0,0,10,0,0,0,0,0,20475,15905,8154,35,0,20475,13200,12155,46,0,66718994432,8589930496,35022618624,1048576
199,1791565266346,2843826.8601226807,48800,2,1.16875,227194.31089782715,48800,2,1.05,226102.95753479004,48800,2,1.05,228856.7846069336,48800,2,1.05,248292.99661254883,48800,2,1.05,226245.06643676758,48800,2,1.05,242867.55909729004,48800,2,1.05,395437.5518951416,48800,2,1.16875,394957.61975097656,48800,2,1.16875,385186.2726287842,48800,2,1.16875,956709.6122589111,48800,2,1.16875,372914.30738830566,3050,2,1.025,372222.72917175293,3050,2,1.025,359450.8786315918,3050,2,1.025,233580.04557800293,48800,2,1.05,237530.01597595215,48800,2,1.05,31789549.071517944,5402,400,2502,400,400,2036,2853,400,5402,400,400,400,5395,400,400,400,400,400,400,400,400,400,400,400,2565,400,2440,400,400,400,400,3633,0,0,0,0,0,0,0,0,0,0,0,0,0,0,0,0,0,0,0,0,0,0,0,0,0,0,15.000000953674316,0,0,0,0,0,20475,15905,8154,35,0,20475,13200,12109,46,0,66718994432,8589930496,35022221312,1048576
199,1791565266546,2843826.8636627197,3050,2,1.10625,227194.31114196777,48800,2,1.1125,226102.95777893066,48800,2,1.1125,228856.78485107422,48800,2,1.1125,248292.99699401855,48800,2,0.93125,226245.0666656494,48800,2,0.93125,242867.55946350098,48800,2,0.93125,395437.5532989502,3050,2,1.10625,394957.62185668945,3050,2,1.10625,385186.27404785156,3050,2,1.10625,956709.6845397949,3050,0,1.10625,372914.3094024658,3050,2,1.10625,372222.730178833,3050,2,1.10625,359450.87954711914,3050,2,1.10625,233580.04580688477,48800,2,1.1125,237530.01620483398,48800,2,1.1125,31789559.80105591,5402,400,2502,400,400,2036,2853,400,5402,400,400,400,5395,400,400,400,400,400,400,400,400,400,400,400,2565,400,2440,400,400,400,400,3633,0,0,0,0,0,0,0,0,0,0,0,0,4.761904716491699,0,0,0,0,0,0,0,0,0,0,0,0,0,15.000000953674316,0,0,0,0,0,20475,15905,8154,35,0,20475,13200,12109,46,0,66718994432,8589930496,35020898304,1048576
200,1791565266747,2843826.8699798584,48800,2,1.13125,227194.3113708496,48800,2,0.93125,226102.9579925537,48800,2,0.93125,228856.78507995605,48800,2,0.93125,248292.9974975586,48800,2,0.93125,226245.06687927246,48800,2,0.93125,242867.55967712402,48800,2,0.93125,395437.55450439453,48800,2,1.13125,394957.62295532227,48800,2,1.13125,385186.2762145996,48800,2,1.13125,956709.7543334961,48800,2,1.13125,372914.31161499023,48800,2,1.13125,372222.7309875488,48800,2,1.13125,359450.8803253174,48800,2,1.13125,233580.04612731934,48800,2,0.93125,237530.01643371582,48800,2,0.93125,31789570.186782837,5402,400,2502,400,400,2036,2853,400,5402,400,400,400,5395,400,400,400,400,400,400,400,400,400,400,400,2565,400,2440,400,400,400,400,3633,0,0,0,0,0,0,0,0,0,0,0,0,0,0,0,0,0,0,0,0,0,0,0,0,0,0,10,0,0,0,0,0,20475,15905,8154,35,0,20475,13200,12109,46,0,66718994432,8589930496,35020894208,1048576
199,1791565266947,2843826.877471924,48800,2,1.16875,227194.31155395508,48800,2,1.0375,226102.95817565918,48800,2,1.0375,228856.7852783203,48800,2,1.0375,248292.99822998047,48800,2,1.0375,226245.0670928955,48800,2,1.0375,242867.5598602295,48800,2,1.0375,395437.5574798584,48800,2,1.16875,394957.62464904785,48800,2,1.16875,385186.2783508301,48800,2,1.16875,956709.8255157471,48800,2,1.16875,372914.3128051758,3050,2,1.03125,372222.73210144043,3050,2,1.03125,359450.8813171387,3050,2,1.03125,233580.0463256836,48800,2,1.0375,237530.0166168213,48800,2,1.0375,31789580.898391724,5402,400,2502,400,400,2036,2853,400,5402,400,400,400,5395,400,400,400,400,400,400,400,400,400,400,400,2565,400,2440,400,400,400,400,3633,0,0,0,0,0,0,0,0,0,0,0,0,0,0,0,0,0,0,0,0,0,0,0,0,0,0,19.047618865966797,0,0,0,0,0,20475,15905,8154,35,0,20475,13200,12109,46,0,66718994432,8589930496,35020894208,1048576
200,1791565267147,2843826.881591797,48800,2,0.28749999999999987,227194.31175231934,48800,2,0.925,226102.95837402344,48800,2,0.925,228856.78550720215,48800,2,0.925,248292.99882507324,48800,2,0.925,226245.06729125977,48800,2,0.925,242867.56007385254,48800,2,0.925,395437.5620422363,48800,2,0.28749999999999987,394957.62760925293,48800,2,0.28749999999999987,385186.2830505371,48800,2,0.28749999999999987,956709.8966827393,48800,2,0.28749999999999987,372914.3151245117,3050,2,0.48124999999999996,372222.7330932617,3050,2,0.48124999999999996,359450.88218688965,3050,2,0.48124999999999996,233580.04650878906,48800,2,0.925,237530.01679992676,48800,2,0.925,31789591.547607422,5402,400,2502,400,400,2036,2853,400,5402,400,400,400,5395,400,400,400,400,400,400,400,400,400,400,400,2565,400,2440,400,400,400,400,3633,4.761904716491699,4.761904716491699,0,0,0,0,0,0,0,0,0,0,0,0,0,0,0,0,0,0,0,0,0,0,0,0,10.526315689086914,0,0,0,0,0,20475,15905,8137,35,0,20475,13200,12109,46,0,66718994432,8589930496,35020894208,1048576
199,1791565267348,2843826.8856048584,48800,2,1.11875,227194.31192016602,48800,2,0.93125,226102.95852661133,48800,2,0.93125,228856.78569030762,48800,2,0.93125,248292.99948120117,48800,2,0.93125,226245.06745910645,48800,2,0.93125,242867.56022644043,48800,2,0.93125,395437.56327819824,48800,2,1.11875,394957.6294555664,48800,2,1.11875,385186.2862701416,48800,2,1.11875,956709.969909668,48800,2,1.11875,372914.31661987305,48800,2,1.11875,372222.7339630127,48800,2,1.11875,359450.8829803467,48800,2,1.11875,233580.04667663574,48800,2,1.125,237530.01698303223,48800,2,1.125,31789601.88406372,5402,400,2502,400,400,2036,2853,400,5402,400,400,400,5395,400,400,400,400,400,400,400,400,400,400,400,2565,400,2440,400,400,400,400,3633,0,0,0,0,0,0,0,0,0,0,0,0,0,0,0,0,0,0,0,0,0,0,0,4.761904716491699,0,0,14.285715103149414,0,0,0,0,0,20475,15905,8137,35,0,20475,13200,12160,46,0,66718994432,8589930496,35019509760,1048576
199,1791565267548,2843826.889907837,48800,2,0.575,227194.3120880127,48800,2,0.925,226102.958694458,48800,2,0.925,228856.78593444824,48800,2,0.925,248292.9998626709,48800,2,0.925,226245.06762695313,48800,2,0.925,242867.5603942871,48800,2,0.925,395437.5652770996,48800,2,0.575,394957.63063049316,48800,2,0.575,385186.28747558594,48800,2,0.575,956710.037902832,48800,2,0.575,372914.31872558594,48800,2,0.575,372222.7348937988,48800,2,0.575,359450.8839111328,48800,2,0.575,233580.04684448242,48800,2,0.93125,237530.0171661377,48800,2,0.93125,31789612.335357666,5402,400,2502,400,400,2036,2853,400,5402,400,400,400,5395,400,400,400,400,400,400,400,400,400,400,400,2565,400,2440,400,400,400,400,3633,0,0,0,0,0,0,0,0,0,0,0,0,0,0,0,0,0,0,0,0,0,0,0,0,0,0,15.000000953674316,0,0,0,0,0,20475,15905,8137,35,0,20475,13200,12160,46,0,66718994432,8589930496,35020771328,1048576
199,1791565267748,2843826.8984680176,48800,2,1.08125,227194.31225585938,48800,2,0.99375,226102.9588623047,48800,2,0.99375,228856.78620910645,48800,2,0.99375,248293.00022888184,48800,2,0.99375,226245.0677947998,48800,2,0.99375,242867.5605621338,48800,2,0.99375,395437.56689453125,48800,2,1.08125,394957.6329193115,48800,2,1.08125,385186.28999328613,48800,2,1.08125,956710.1050109863,48800,2,1.08125,372914.32026672363,48800,2,1.08125,372222.7357635498,48800,2,1.08125,359450.884765625,48800,2,1.08125,233580.0470275879,48800,2,0.99375,237530.01736450195,48800,2,0.99375,31789622.75718689,5402,400,2502,400,400,2036,2853,400,5402,400,400,400,5395,400,400,400,400,400,400,400,400,400,400,400,2565,400,2440,400,400,400,400,3633,0,0,0,0,0,0,0,0,0,0,0,0,0,0,0,0,0,0,0,0,0,0,0,0,0,0,10.526315689086914,0,0,0,0,0,20475,15905,8137,35,0,20475,13200,12160,46,0,66718994432,8589930496,35021021184,1048576
199,1791565267948,2843826.913116455,48800,2,1.16875,227194.3136291504,48800,2,1.08125,226102.95922851563,48800,2,1.08125,228856.7891998291,48800,2,1.08125,248293.0292816162,48800,2,1.08125,226245.0682067871,48800,2,1.08125,242867.56094360352,48800,2,0.93125,395437.58280944824,3050,2,1.05625,394957.64320373535,3050,2,1.05625,385186.2918243408,3050,0,1.05625,956710.1799621582,3050,0,1.05625,372914.32151794434,3050,2,1.05625,372222.73725891113,3050,2,1.05625,359450.885848999,3050,2,1.05625,233580.04748535156,48800,2,1.08125,237530.0178375244,48800,2,1.08125,31789633.611709595,5402,400,2502,400,400,2036,2853,400,5402,400,400,400,5395,400,400,400,400,400,400,400,400,400,400,400,2565,400,2440,400,400,400,400,3633,0,0,0,0,0,0,0,0,0,0,0,0,0,0,0,0,0,0,0,0,0,0,0,0,0,0,14.285715103149414,0,0,0,0,0,20475,15905,8137,35,0,20475,13200,12160,46,0,66718994432,8589930496,35021021184,1048576
200,1791565268148,2843826.924133301,48800,2,0.91875,227194.31378173828,48800,2,0.925,226102.95936584473,48800,2,0.925,228856.78942871094,48800,2,0.925,248293.0294189453,48800,2,0.925,226245.0683441162,48800,2,0.925,242867.56108093262,48800,2,0.925,395437.58393859863,3050,2,0.91875,394957.6453704834,3050,2,0.91875,385186.2939300537,3050,0,0.91875,956710.252166748,3050,0,0.91875,372914.32389831543,3050,2,0.91875,372222.7381744385,3050,2,0.91875,359450.8867492676,3050,2,0.91875,233580.04768371582,48800,2,0.925,237530.01820373535,48800,2,0.925,31789644.00805664,5402,400,2502,400,400,2036,2853,400,5402,400,400,400,5395,400,400,400,400,400,400,400,400,400,400,400,2565,400,2440,400,400,400,400,3633,9.090909004211426,0,0,0,0,0,0,0,0,0,0,0,0,0,0,0,0,0,0,0,0,0,0,0,0,0,10.526315689086914,0,0,0,0,0,20475,15905,8193,35,0,20475,13200,12160,46,0,66718994432,8589930496,35021021184,1048576
199,1791565268349,2843826.9473724365,48800,2,1.125,227194.31799316406,48800,2,0.93125,226102.9630279541,48800,2,0.93125,228856.7901916504,48800,2,0.93125,248293.03428649902,48800,2,0.93125,226245.06889343262,48800,2,0.93125,242867.56159973145,48800,2,0.93125,395437.5895385742,48800,2,1.125,394957.6611480713,48800,2,1.125,385186.3106536865,48800,2,1.125,956710.3321380615,48800,2,1.125,372914.32765197754,48800,2,1.125,372222.7395019531,48800,2,1.125,359450.88801574707,48800,2,1.125,233580.0485687256,48800,2,1.125,237530.01875305176,48800,2,1.125,31789655.27885437,5402,400,2502,400,400,2036,2853,400,5402,400,400,400,5395,400,400,400,400,400,400,400,400,400,400,400,2565,400,2440,400,400,400,400,3633,0,0,0,0,0,0,0,0,0,0,0,0,4.761904716491699,0,0,0,0,0,0,0,0,0,0,0,0,0,15.000000953674316,0,0,0,0,0,20475,15905,8193,35,0,20475,13200,12226,46,0,66718994432,8589930496,35021221888,1048576
199,1791565268549,2843826.949783325,48800,2,1.16875,227194.31829833984,48800,2,1,226102.9633178711,48800,2,1,228856.79048156738,48800,2,1,248293.0345916748,48800,2,1,226245.0690765381,48800,2,1,242867.56176757813,48800,2,1,395437.5917816162,48800,2,1.16875,394957.66220092773,48800,2,1.16875,385186.3132019043,48800,2,1.16875,956710.4034118652,48800,2,1.16875,372914.33139038086,48800,2,1.16875,372222.7403869629,48800,2,1.16875,359450.88887023926,48800,2,1.16875,233580.0488433838,48800,2,1,237530.01895141602,48800,2,1,31789665.806289673,5402,400,2502,400,400,2036,2853,400,5402,400,400,400,5395,400,400,400,400,400,400,400,400,400,400,400,2565,400,2440,400,400,400,400,3633,0,0,0,0,0,0,0,0,0,0,0,0,0,0,0,0,0,0,0,0,0,0,0,0,0,0,10,0,0,0,0,0,20475,15905,8193,35,0,20475,13200,12226,46,0,66718994432,8589930496,35021221888,1048576
199,1791565268749,2843826.9530792236,3050,2,1.06875,227194.3184814453,48800,2,1.0625,226102.96350097656,48800,2,1.0625,228856.79080200195,48800,2,1.0625,248293.03479003906,48800,2,1.0625,226245.06927490234,48800,2,1.0625,242867.5619506836,48800,2,0.93125,395437.59286499023,3050,2,1.06875,394957.66329956055,3050,2,1.06875,385186.3147277832,3050,0,1.06875,956710.4753570557,3050,0,1.06875,372914.3331298828,3050,2,1.06875,372222.74128723145,3050,2,1.06875,359450.889755249,3050,2,1.06875,233580.04927062988,48800,2,1.0625,237530.01913452148,48800,2,1.0625,31789676.337921143,5402,400,2502,400,400,2036,2853,400,5402,400,400,400,5395,400,400,400,400,400,400,400,400,400,400,400,2565,400,2440,400,400,400,400,3633,0,0,0,0,0,0,0,0,0,0,0,0,0,0,0,0,0,0,0,0,0,0,0,0,0,0,15.000000953674316,0,0,0,0,0,20475,15905,8193,35,0,20475,13200,12226,46,0,66718994432,8589930496,35021217792,1048576
199,1791565268950,2843826.9611053467,48800,2,1.1375,227194.3186187744,48800,2,1.13125,226102.96363830566,48800,2,0.925,228856.79109191895,48800,2,0.925,248293.03492736816,48800,2,0.925,226245.06941223145,48800,2,0.925,242867.5620880127,48800,2,0.925,395437.5940093994,48800,2,1.1375,394957.6650085449,48800,2,1.1375,385186.31869506836,48800,2,1.1375,956710.5475006104,48800,2,1.1375,372914.33546447754,48800,2,1.1375,372222.7422027588,48800,2,1.1375,359450.8906555176,48800,2,1.1375,233580.04946899414,48800,2,1.13125,237530.01928710938,48800,2,1.13125,31789686.872192383,5402,400,2502,400,400,2036,2853,400,5402,400,400,400,5395,400,400,400,400,400,400,400,400,400,400,400,2565,400,2440,400,400,400,400,3633,4.761904716491699,0,0,0,0,0,0,0,0,0,0,0,0,0,0,0,0,0,0,0,0,0,0,0,0,0,15.000000953674316,0,0,0,0,0,20475,15905,8193,35,0,20475,13200,12226,46,0,66718994432,8589930496,35021217792,1048576
200,1791565269150,2843826.9702301025,48800,2,0.58125,227194.31880187988,48800,2,0.925,226102.96382141113,48800,2,0.925,228856.79138183594,48800,2,0.925,248293.03511047363,48800,2,0.925,226245.0695953369,48800,2,0.925,242867.56227111816,48800,2,0.925,395437.59663391113,48800,2,0.58125,394957.6662597656,48800,2,0.58125,385186.32052612305,48800,2,0.58125,956710.6147003174,48800,2,0.58125,372914.3383331299,48800,2,0.58125,372222.74311828613,48800,2,0.58125,359450.89152526855,48800,2,0.58125,233580.0498199463,48800,2,0.925,237530.01948547363,48800,2,0.925,31789697.340805054,5402,400,2502,400,400,2036,2853,400,5402,400,400,400,5395,400,400,400,400,400,400,400,400,400,400,400,2565,400,2440,400,400,400,400,3633,0,0,0,0,0,0,0,0,0,0,0,0,0,0,0,0,0,0,0,0,0,0,0,0,0,0,14.285715103149414,0,0,0,0,0,20475,15905,8199,35,0,20475,13200,12226,46,0,66718994432,8589930496,35021217792,1048576
199,1791565269350,2843826.977203369,48800,2,1.16875,227194.3189086914,48800,2,1.05,226102.96392822266,48800,2,1.05,228856.7915649414,48800,2,1.05,248293.03521728516,48800,2,1.05,226245.06970214844,48800,2,1.05,242867.5623779297,48800,2,1.05,395437.5980529785,48800,2,1.16875,394957.66787719727,48800,2,1.16875,385186.3220062256,48800,2,1.16875,956710.6851348877,48800,2,1.01875,372914.3402252197,3050,2,1.01875,372222.7439727783,3050,2,1.01875,359450.89236450195,3050,2,1.01875,233580.0500946045,48800,2,1.05,237530.01960754395,48800,2,1.05,31789707.849105835,5402,400,2502,400,400,2036,2853,400,5402,400,400,400,5395,400,400,400,400,400,400,400,400,400,400,400,2565,400,2440,400,400,400,400,3633,0,0,0,0,0,0,0,0,0,0,0,0,0,0,0,0,0,0,0,0,0,0,0,0,0,0,10.526315689086914,0,0,0,0,0,20475,15905,8199,35,0,20475,13200,12245,46,0,66718994432,8589930496,35020300288,1048576
200,1791565269551,2843826.9807891846,3050,2,1.10625,227194.31909179688,48800,2,1.11875,226102.96411132813,48800,2,1.11875,228856.79229736328,48800,2,1.11875,248293.03540039063,48800,2,0.93125,226245.0698852539,48800,2,0.93125,242867.56256103516,48800,2,0.93125,395437.6000061035,3050,2,1.10625,394957.6691131592,3050,2,1.10625,385186.3239135742,3050,2,1.10625,956710.7548522949,3050,0,1.10625,372914.34411621094,3050,2,1.10625,372222.7472381592,3050,2,1.10625,359450.89332580566,3050,2,1.10625,233580.05041503906,48800,2,1.11875,237530.0198059082,48800,2,1.11875,31789718.54650879,5402,400,2502,400,400,2036,2853,400,5402,400,400,400,5395,400,400,400,400,400,400,400,400,400,400,400,2565,400,2440,400,400,400,400,3633,0,0,0,0,0,0,0,0,0,0,0,0,0,0,0,0,0,0,0,0,0,0,0,0,0,0,15.000000953674316,0,0,0,0,0,20475,15905,8199,35,0,20475,13200,12245,46,0,66718994432,8589930496,35020554240,1048576
199,1791565269751,2843826.9849090576,48800,2,1.16875,227194.31936645508,48800,2,0.94375,226102.96438598633,48800,2,0.94375,228856.7926940918,48800,2,0.94375,248293.03567504883,48800,2,0.94375,226245.0701599121,48800,2,0.94375,242867.56283569336,48800,2,0.94375,395437.60188293457,48800,2,1.16875,394957.6703491211,48800,2,1.16875,385186.3259124756,48800,2,1.16875,956710.8274383545,48800,2,1.16875,372914.3469543457,48800,2,1.16875,372222.74822998047,48800,2,1.16875,359450.89431762695,48800,2,1.16875,233580.05078125,48800,2,0.94375,237530.0200805664,48800,2,0.94375,31789729.047210693,5402,400,2502,400,400,2036,2853,400,5402,400,400,400,5395,400,400,400,400,400,400,400,400,400,400,400,2565,400,2440,400,400,400,400,3633,0,0,0,0,0,0,0,0,0,0,0,0,0,0,0,0,0,0,0,0,0,0,0,0,0,0,14.285715103149414,0,0,0,0,0,20475,15905,8199,35,0,20475,13200,12245,46,0,66718994432,8589930496,35020554240,1048576
199,1791565269951,2843826.9875793457,48800,2,1.0437500000000002,227194.31950378418,48800,2,1.025,226102.96452331543,48800,2,1.025,228856.7929534912,48800,2,1.025,248293.03581237793,48800,2,1.025,226245.0702972412,48800,2,1.025,242867.56297302246,48800,2,1.025,395437.6030883789,48800,2,1.0437500000000002,394957.671295166,48800,2,1.0437500000000002,385186.32681274414,3050,2,1.0125000000000002,956710.8921966553,3050,2,1.0125000000000002,372914.3500366211,3050,2,1.0125000000000002,372222.7489929199,3050,2,1.0125000000000002,359450.8950958252,3050,2,1.0125000000000002,233580.05113220215,48800,2,1.025,237530.0202178955,48800,2,1.025,31789739.555374146,5402,400,2502,400,400,2036,2853,400,5402,400,400,400,5395,400,400,400,400,400,400,400,400,400,400,400,2565,400,2440,400,400,400,400,3633,0,0,0,0,0,0,0,0,0,0,0,0,0,0,0,0,0,0,0,0,0,0,0,0,0,0,10.526315689086914,0,0,0,0,0,20475,15905,8199,35,0,20475,13200,12245,46,0,66718994432,8589930496,35020554240,1048576
199,1791565270152,2843826.9957122803,3050,2,1.1,227194.31973266602,48800,2,1.10625,226102.96473693848,48800,2,1.10625,228856.79397583008,48800,2,1.10625,248293.03602600098,48800,2,1.10625,226245.07051086426,48800,2,1.10625,242867.5631866455,48800,2,1.10625,395437.60443115234,3050,2,1.1,394957.6724700928,3050,2,1.1,385186.3288116455,3050,2,1.1,956710.9622802734,3050,0,1.1,372914.35249328613,3050,2,1.1,372222.7498779297,3050,2,1.1,359450.8959350586,3050,2,1.1,233580.05137634277,48800,2,1.10625,237530.0205078125,48800,2,1.10625,31789750.006607056,5402,400,2502,400,400,2036,2853,400,5402,400,400,400,5395,400,400,400,400,400,400,400,400,400,400,400,2565,400,2440,400,400,400,400,3633,5,0,0,0,0,0,0,0,0,0,0,0,0,0,0,0,0,0,0,0,0,0,0,0,0,0,15.000000953674316,0,0,0,0,0,20475,15905,8137,35,0,20475,13200,12245,46,0,66718994432,8589930496,35020554240,1048576
199,1791565270352,2843827.003326416,48800,2,1.1375,227194.31991577148,48800,2,0.93125,226102.96493530273,48800,2,0.93125,228856.79499816895,48800,2,0.93125,248293.03622436523,48800,2,0.93125,226245.07069396973,48800,2,0.93125,242867.56336975098,48800,2,0.93125,395437.6062774658,48800,2,1.1375,394957.67359924316,48800,2,1.1375,385186.3317565918,48800,2,1.1375,956711.0316619873,48800,2,1.1375,372914.35470581055,48800,2,1.1375,372222.7507019043,48800,2,1.1375,359450.8967590332,48800,2,1.1375,233580.05155944824,48800,2,0.93125,237530.02067565918,48800,2,0.93125,31789760.35836792,5402,400,2502,400,400,2036,2853,400,5402,400,400,400,5395,400,400,400,400,400,400,400,400,400,400,400,2565,400,2440,400,400,400,400,3633,0,0,0,0,0,0,0,0,0,0,0,0,0,0,0,0,0,0,0,0,0,0,0,0,0,0,10,0,0,0,0,0,20475,15905,8137,35,0,20475,13200,12215,46,0,66718994432,8589930496,35018092544,1048576
200,1791565270552,2843827.007888794,48800,2,1.16875,227194.3201599121,48800,2,1.025,226102.96516418457,48800,2,1.025,228856.79600524902,48800,2,1.025,248293.03645324707,48800,2,1.025,226245.07093811035,48800,2,1.025,242867.5635986328,48800,2,1.025,395437.6077270508,48800,2,1.16875,394957.67546081543,48800,2,1.16875,385186.3341064453,48800,2,1.16875,956711.1018066406,48800,2,1.16875,372914.3575897217,48800,2,1.16875,372222.75177001953,3050,2,1.01875,359450.8977661133,3050,2,1.01875,233580.05178833008,48800,2,1.025,237530.0209350586,48800,2,1.025,31789771.177459717,5402,400,2502,400,400,2036,2853,400,5402,400,400,400,5395,400,400,400,400,400,400,400,400,400,400,400,2565,400,2440,400,400,400,400,3633,0,0,0,0,0,0,0,0,0,0,0,0,0,0,0,0,0,0,0,0,0,0,0,4.761904716491699,0,0,19.047618865966797,0,0,0,0,0,20475,15905,8137,35,0,20475,13200,12215,46,0,66718994432,8589930496,35019636736,1048576
199,1791565270753,2843827.015914917,3050,2,0.9875,227194.32035827637,48800,2,1,226102.96536254883,48800,2,1,228856.79650878906,48800,2,0.93125,248293.03665161133,48800,2,0.93125,226245.0711364746,48800,2,0.93125,242867.56379699707,48800,2,0.93125,395437.6088409424,3050,2,0.9875,394957.6766357422,3050,2,0.9875,385186.33514404297,3050,2,0.9875,956711.1715240479,3050,0,0.9875,372914.3594818115,3050,2,0.9875,372222.75270080566,3050,2,0.9875,359450.8986053467,3050,2,0.9875,233580.05197143555,48800,2,1,237530.02111816406,48800,2,1,31789781.687667847,5402,400,2502,400,400,2036,2853,400,5402,400,400,400,5395,400,400,400,400,400,400,400,400,400,400,400,2565,400,2440,400,400,400,400,3633,0,0,0,0,0,0,0,0,0,0,0,0,0,0,0,0,0,0,0,0,0,0,0,0,0,0,10,0,0,0,0,0,20475,15905,8137,35,0,20475,13200,12215,46,0,66718994432,8589930496,35019636736,1048576
199,1791565270953,2843827.0230255127,48800,2,1.16875,227194.32055664063,48800,2,0.96875,226102.9655609131,48800,2,0.96875,228856.79718017578,48800,2,0.96875,248293.0368499756,48800,2,0.96875,226245.07133483887,48800,2,0.96875,242867.56399536133,48800,2,0.96875,395437.6110839844,48800,2,1.16875,394957.6777038574,48800,2,1.16875,385186.3384246826,48800,2,1.16875,956711.2424621582,48800,2,1.16875,372914.3609008789,48800,2,1.16875,372222.7535095215,48800,2,1.16875,359450.8994140625,48800,2,1.16875,233580.0521697998,48800,2,0.96875,237530.0213317871,48800,2,0.96875,31789792.218688965,5402,400,2502,400,400,2036,2853,400,5402,400,400,400,5395,400,400,400,400,400,400,400,400,400,400,400,2565,400,2440,400,400,400,400,3633,4.761904716491699,0,0,0,0,0,0,0,0,0,0,0,0,0,0,0,0,0,0,0,0,0,0,0,0,0,15.000000953674316,4.761904716491699,0,0,0,0,20475,15905,8137,35,0,20475,13200,12215,46,0,66718994432,8589930496,35019636736,1048576
199,1791565271153,2843827.030303955,48800,2,0.4937499999999999,227194.32090759277,48800,2,0.925,226102.96591186523,48800,2,0.925,228856.79844665527,48800,2,0.925,248293.0414428711,48800,2,0.925,226245.07168579102,48800,2,0.925,242867.56437683105,48800,2,0.925,395437.61418151855,48800,2,0.4937499999999999,394957.6795196533,48800,2,0.4937499999999999,385186.33978271484,48800,2,0.4937499999999999,956711.3202819824,48800,2,0.4937499999999999,372914.3628540039,48800,2,0.4937499999999999,372222.7546386719,48800,2,0.4937499999999999,359450.90046691895,48800,2,0.4937499999999999,233580.05252075195,48800,2,0.925,237530.02168273926,48800,2,0.925,31789803.03451538,5402,400,2502,400,400,2036,2853,400,5402,400,400,400,5395,400,400,400,400,400,400,400,400,400,400,400,2565,400,2440,400,400,400,400,3633,4.761904716491699,0,0,0,0,0,0,0,0,0,0,0,0,0,0,0,0,0,0,0,0,0,0,0,0,0,10.526315689086914,0,0,0,0,0,20475,15905,8073,35,0,20475,13200,12215,46,0,66718994432,8589930496,35017560064,1048576
199,1791565271353,2843827.0404663086,3050,2,1.05,227194.3211517334,48800,2,1.06875,226102.96615600586,48800,2,1.06875,228856.8011932373,48800,2,1.06875,248293.04168701172,48800,2,0.93125,226245.07192993164,48800,2,0.93125,242867.56463623047,48800,2,0.93125,395437.615234375,3050,2,1.05,394957.68061828613,3050,2,1.05,385186.34309387207,3050,0,1.05,956711.3890075684,3050,0,1.05,372914.3638305664,3050,2,1.05,372222.75552368164,3050,2,1.05,359450.901260376,3050,2,1.05,233580.05278015137,48800,2,1.06875,237530.02192687988,48800,2,1.06875,31789813.53425598,5402,400,2502,400,400,2036,2853,400,5402,400,400,400,5395,400,400,400,400,400,400,400,400,400,400,400,2565,400,2440,400,400,400,400,3633,0,0,0,0,0,0,0,0,0,0,0,0,0,0,0,0,0,0,0,0,0,0,0,0,0,0,14.285715103149414,0,0,0,0,0,20475,15905,8073,35,0,20475,13200,12143,46,0,66718994432,8589930496,35018940416,1048576
199,1791565271554,2843827.0463256836,48800,2,1.13125,227194.3213043213,48800,2,1.1375,226102.96630859375,48800,2,1.1375,228856.80284118652,48800,2,0.93125,248293.0418395996,48800,2,0.93125,226245.07208251953,48800,2,0.93125,242867.56478881836,48800,2,0.93125,395437.6168060303,48800,2,1.13125,394957.68171691895,48800,2,1.13125,385186.34548950195,48800,2,1.13125,956711.4613800049,48800,2,1.13125,372914.36598205566,48800,2,1.13125,372222.7566833496,48800,2,1.13125,359450.90216064453,48800,2,1.13125,233580.05293273926,48800,2,1.1375,237530.02207946777,48800,2,1.1375,31789824.00654602,5402,400,2502,400,400,2036,2853,400,5402,400,400,400,5395,400,400,400,400,400,400,400,400,400,400,400,2565,400,2440,400,400,400,400,3633,0,0,0,0,0,0,0,0,0,0,0,0,0,0,0,0,0,0,0,0,0,0,0,0,0,0,15.000000953674316,0,0,0,0,0,20475,15905,8073,35,0,20475,13200,12143,46,0,66718994432,8589930496,35020201984,1048576
199,1791565271754,2843827.053039551,48800,2,1.16875,227194.32150268555,48800,2,0.96875,226102.966506958,48800,2,0.96875,228856.80407714844,48800,2,0.96875,248293.04203796387,48800,2,0.96875,226245.0722808838,48800,2,0.96875,242867.56498718262,48800,2,0.96875,395437.618270874,48800,2,1.16875,394957.6827392578,48800,2,1.16875,385186.3465270996,48800,2,1.16875,956711.5270080566,48800,2,1.16875,372914.3669128418,48800,2,1.16875,372222.7575378418,48800,2,1.16875,359450.90298461914,48800,2,1.16875,233580.05313110352,48800,2,0.96875,237530.02227783203,48800,2,0.96875,31789834.39703369,5402,400,2502,400,400,2036,2853,400,5402,400,400,400,5395,400,400,400,400,400,400,400,400,400,400,400,2565,400,2440,400,400,400,400,3633,4.761904716491699,4.761904716491699,0,0,4.761904716491699,0,0,0,0,0,0,0,0,0,0,0,0,0,0,0,0,0,0,0,0,0,15.000000953674316,0,0,0,0,0,20475,15905,8073,35,0,20475,13200,12143,46,0,66718994432,8589930496,35020201984,1048576
199,1791565271954,2843827.0574798584,48800,2,1.175,227194.32162475586,48800,2,1.0375,226102.96662902832,48800,2,1.0375,228856.8050994873,48800,2,1.0375,248293.04216003418,48800,2,1.0375,226245.0724182129,48800,2,1.0375,242867.56512451172,48800,2,1.0375,395437.61935424805,48800,2,1.175,394957.6837463379,48800,2,1.175,385186.3480377197,3050,2,1.0375,956711.5960388184,3050,2,1.0375,372914.36837768555,3050,2,1.0375,372222.7583618164,3050,2,1.0375,359450.9037780762,3050,2,1.0375,233580.05325317383,48800,2,1.0375,237530.02239990234,48800,2,1.0375,31789844.936767578,5402,400,2502,400,400,2036,2853,400,5402,400,400,400,5395,400,400,400,400,400,400,400,400,400,400,400,2565,400,2440,400,400,400,400,3633,0,0,0,0,0,0,0,0,0,0,0,0,0,0,0,0,0,0,0,0,0,0,0,0,0,0,10,0,0,0,0,0,20475,15905,8073,35,0,20475,13200,12143,46,0,66718994432,8589930496,35020201984,1048576
200,1791565272154,2843827.066757202,3050,2,0.3374999999999999,227194.32186889648,48800,2,0.63125,226102.96685791016,48800,2,0.63125,228856.8059234619,48800,2,0.63125,248293.04238891602,48800,2,0.63125,226245.07264709473,48800,2,0.63125,242867.56535339355,48800,2,0.63125,395437.6213989258,3050,0,0.3374999999999999,394957.68505859375,3050,0,0.3374999999999999,385186.35121154785,3050,0,0.3374999999999999,956711.668838501,3050,0,0.3374999999999999,372914.3730316162,3050,0,0.3374999999999999,372222.7607116699,3050,2,0.3374999999999999,359450.90478515625,3050,2,0.3374999999999999,233580.05348205566,48800,2,0.63125,237530.0227508545,48800,2,0.63125,31789855.51197815,5402,400,2502,400,400,2036,2853,400,5402,400,400,400,5395,400,400,400,400,400,400,400,400,400,400,400,2565,400,2440,400,400,400,400,3633,0,0,0,0,0,0,0,0,0,0,0,0,0,0,0,0,0,0,0,0,0,0,0,0,0,0,10.526315689086914,0,0,0,0,0,20475,15905,8059,35,0,20475,13200,12143,46,0,66718994432,8589930496,35020201984,1048576
199,1791565272355,2843827.074783325,48800,2,1.13125,227194.32205200195,48800,2,1.1375,226102.96702575684,48800,2,1.1375,228856.8070678711,48800,2,1.1375,248293.04257202148,48800,2,1.1375,226245.0728149414,48800,2,1.1375,242867.56552124023,48800,2,1.1375,395437.6244354248,48800,2,1.13125,394957.686630249,48800,2,1.13125,385186.3526611328,48800,2,1.13125,956711.7384643555,48800,2,1.13125,372914.37757873535,48800,2,1.13125,372222.7614440918,48800,2,1.13125,359450.90548706055,48800,2,1.13125,233580.05366516113,48800,2,1.1375,237530.02293395996,48800,2,1.1375,31789865.963485718,5402,400,2502,400,400,2036,2853,400,5402,400,400,400,5395,400,400,400,400,400,400,400,400,400,400,400,2565,400,2440,400,400,400,400,3633,0,4.761904716491699,0,0,0,0,0,0,0,0,0,0,0,0,0,0,0,0,0,0,0,0,0,0,0,0,18.18181800842285,0,0,0,0,0,20475,15905,8059,35,0,20475,13200,12104,46,0,66718994432,8589930496,35020197888,1048576
199,1791565272555,2843827.082962036,48800,2,1.16875,227194.3222808838,48800,2,0.9812500000000001,226102.96723937988,48800,2,0.9812500000000001,228856.8078765869,48800,2,0.9812500000000001,248293.04278564453,48800,2,0.9812500000000001,226245.07302856445,48800,2,0.9812500000000001,242867.5657196045,48800,2,0.9812500000000001,395437.62799072266,48800,2,1.16875,394957.6877746582,48800,2,1.16875,385186.353805542,48800,2,1.16875,956711.8100738525,48800,2,1.16875,372914.37994384766,48800,2,1.16875,372222.76246643066,48800,2,1.16875,359450.9064941406,48800,2,1.16875,233580.05387878418,48800,2,0.9812500000000001,237530.023147583,48800,2,0.9812500000000001,31789876.541397095,5402,400,2502,400,400,2036,2853,400,5402,400,400,400,5395,400,400,400,400,400,400,400,400,400,400,400,2565,400,2440,400,400,400,400,3633,0,0,0,0,0,0,0,0,0,0,0,0,0,0,0,0,0,0,0,0,0,0,0,0,0,0,10.526315689086914,0,0,0,0,0,20475,15905,8059,35,0,20475,13200,12104,46,0,66718994432,8589930496,35020197888,1048576
199,1791565272755,2843827.0935516357,48800,2,0.33125000000000004,227194.32243347168,48800,2,0.925,226102.96739196777,48800,2,0.925,228856.80899047852,48800,2,0.925,248293.04293823242,48800,2,0.925,226245.07319641113,48800,2,0.925,242867.56588745117,48800,2,0.925,395437.62940979004,48800,2,0.33125000000000004,394957.6887817383,48800,2,0.33125000000000004,385186.35610961914,48800,2,0.33125000000000004,956711.882019043,48800,2,0.33125000000000004,372914.38117980957,48800,2,0.33125000000000004,372222.7633972168,48800,2,0.33125000000000004,359450.9073791504,48800,2,0.33125000000000004,233580.05403137207,48800,2,0.925,237530.02388000488,48800,2,0.925,31789886.97465515,5402,400,2502,400,400,2036,2853,400,5402,400,400,400,5395,400,400,400,400,400,400,400,400,400,400,400,2565,400,2440,400,400,400,400,3633,4.761904716491699,0,0,0,0,0,0,0,0,0,0,0,0,0,0,0,0,0,0,0,0,0,0,0,0,0,10.526315689086914,0,0,0,0,0,20475,15905,8059,35,0,20475,13200,12104,46,0,66718994432,8589930496,35020197888,1048576
199,1791565272955,2843827.1023254395,3050,2,1.0625,227194.32260131836,48800,2,1.0625,226102.96754455566,48800,2,1.0625,228856.81045532227,48800,2,1.0625,248293.0431060791,48800,2,1.0625,226245.0733795166,48800,2,0.93125,242867.56605529785,48800,2,0.93125,395437.6317138672,3050,2,1.0625,394957.69052124023,3050,2,1.0625,385186.35845947266,3050,0,1.0625,956711.9524993896,3050,0,1.0625,372914.38215637207,3050,2,1.0625,372222.764251709,3050,2,1.0625,359450.90826416016,3050,2,1.0625,233580.05421447754,48800,2,1.0625,237530.02404785156,48800,2,1.0625,31789897.49081421,5402,400,2502,400,400,2036,2853,400,5402,400,400,400,5395,400,400,400,400,400,400,400,400,400,400,400,2565,400,2440,400,400,400,400,3633,0,0,0,0,0,0,0,0,0,0,0,0,0,0,0,0,0,0,0,0,0,0,0,0,0,0,14.285715103149414,0,0,0,0,0,20475,15905,8059,35,0,20475,13200,12104,46,0,66718994432,8589930496,35020197888,1048576
199,1791565273156,2843827.1150665283,48800,2,1.1125,227194.3228149414,48800,2,0.925,226102.9677581787,48800,2,0.925,228856.81144714355,48800,2,0.925,248293.04331970215,48800,2,0.925,226245.07359313965,48800,2,0.925,242867.5662689209,48800,2,0.925,395437.63523864746,48800,2,1.1125,394957.6918029785,48800,2,1.1125,385186.3613433838,48800,2,1.1125,956712.0218963623,48800,2,1.1125,372914.3832702637,48800,2,1.1125,372222.76513671875,48800,2,1.1125,359450.909072876,48800,2,1.1125,233580.05444335938,48800,2,1.125,237530.0242919922,48800,2,1.125,31789907.966918945,5402,400,2502,400,400,2036,2853,400,5402,400,400,400,5395,400,400,400,400,400,400,400,400,400,400,400,2565,400,2440,400,400,400,400,3633,0,0,0,0,0,0,0,0,0,0,0,0,0,0,0,0,0,0,0,0,0,0,0,0,0,0,10.526315689086914,0,0,0,0,0,20475,15905,8080,35,0,20475,13200,12104,46,0,66718994432,8589930496,35020193792,1048576
199,1791565273356,2843827.120071411,48800,2,0.55,227194.3229827881,48800,2,0.975,226102.9679260254,48800,2,0.975,228856.8124847412,48800,2,0.975,248293.04350280762,48800,2,0.975,226245.07376098633,48800,2,0.975,242867.56643676758,48800,2,0.975,395437.63671875,48800,2,0.55,394957.69384765625,48800,2,0.55,385186.3633880615,48800,2,0.55,956712.0910186768,48800,2,0.55,372914.3840484619,48800,2,0.55,372222.76583862305,48800,2,0.55,359450.90980529785,48800,2,0.55,233580.05462646484,48800,2,0.975,237530.02447509766,48800,2,0.975,31789918.288085938,5402,400,2502,400,400,2036,2853,400,5402,400,400,400,5395,400,400,400,400,400,400,400,400,400,400,400,2565,400,2440,400,400,400,400,3633,0,0,0,0,0,0,0,0,0,0,0,0,0,0,0,0,0,0,0,0,0,0,0,0,0,0,15.000000953674316,0,0,0,0,0,20475,15905,8080,35,0,20475,13200,12141,46,0,66718994432,8589930496,35013267456,1048576
199,1791565273556,2843827.1260375977,48800,2,1.16875,227194.32319641113,48800,2,1.0625,226102.96815490723,48800,2,1.0625,228856.81326293945,48800,2,1.0625,248293.04373168945,48800,2,1.0625,226245.07398986816,48800,2,1.0625,242867.5666656494,48800,2,0.93125,395437.63787841797,3050,2,1.06875,394957.6958312988,3050,2,1.06875,385186.36541748047,3050,0,1.06875,956712.1621704102,3050,0,1.06875,372914.3852081299,3050,2,1.06875,372222.76918029785,3050,2,1.06875,359450.9107055664,3050,2,1.06875,233580.0548400879,48800,2,1.0625,237530.02471923828,48800,2,1.0625,31789928.895385742,5402,400,2502,400,400,2036,2853,400,5402,400,400,400,5395,400,400,400,400,400,400,400,400,400,400,400,2565,400,2440,400,400,400,400,3633,0,0,0,0,0,0,0,0,0,0,0,0,0,0,0,0,0,0,0,0,0,0,0,0,0,0,14.285715103149414,0,0,0,0,0,20475,15905,8080,35,0,20475,13200,12141,46,0,66718994432,8589930496,35022299136,1048576
200,1791565273757,2843827.1371917725,3050,0,0.5625,227194.3235015869,48800,2,0.93125,226102.968460083,48800,2,0.93125,228856.814453125,48800,2,0.93125,248293.04403686523,48800,2,0.93125,226245.07431030273,48800,2,0.93125,242867.5669708252,48800,2,0.93125,395437.64587402344,3050,2,0.5625,394957.70014953613,3050,2,0.5625,385186.3670806885,3050,0,0.5625,956712.2334442139,3050,0,0.5625,372914.3875579834,3050,0,0.5625,372222.7702484131,3050,0,0.5625,359450.911819458,3050,2,0.5625,233580.05513000488,48800,2,0.93125,237530.02503967285,48800,2,0.93125,31789939.573349,5402,400,2502,400,400,2036,2853,400,5402,400,400,400,5395,400,400,400,400,400,400,400,400,400,400,400,2565,400,2440,400,400,400,400,3633,0,0,0,0,0,0,0,0,0,0,0,0,0,0,0,0,0,0,0,0,0,0,0,0,0,0,10.526315689086914,0,0,0,0,0,20475,15905,8080,35,0,20475,13200,12141,46,0,66718994432,8589930496,35022299136,1048576
199,1791565273957,2843827.1425476074,48800,2,1.1375,227194.32368469238,48800,2,0.925,226102.96865844727,48800,2,0.925,228856.8154296875,48800,2,0.925,248293.0442352295,48800,2,0.925,226245.074508667,48800,2,0.925,242867.56716918945,48800,2,0.925,395437.6491546631,48800,2,1.1375,394957.7021331787,48800,2,1.1375,385186.369430542,48800,2,1.1375,956712.3081207275,48800,2,1.1375,372914.39169311523,48800,2,1.1375,372222.771194458,48800,2,1.1375,359450.91276550293,48800,2,1.1375,233580.05531311035,48800,2,1.1375,237530.0252380371,48800,2,0.925,31789950.006835938,5402,400,2502,400,400,2036,2853,400,5402,400,400,400,5395,400,400,400,400,400,400,400,400,400,400,400,2565,400,2440,400,400,400,400,3633,0,0,0,0,0,0,0,0,0,0,0,0,4.761904716491699,0,0,0,0,0,0,0,0,0,0,0,0,0,15.000000953674316,0,0,0,0,0,20475,15905,8080,35,0,20475,13200,12141,46,0,66718994432,8589930496,35022299136,1048576
199,1791565274157,2843827.1491394043,3050,0,0.91875,227194.32389831543,48800,2,0.93125,226102.96885681152,48800,2,0.93125,228856.81657409668,48800,2,0.93125,248293.04443359375,48800,2,0.93125,226245.07470703125,48800,2,0.93125,242867.5673675537,48800,2,0.93125,395437.65379333496,3050,2,0.91875,394957.7059326172,3050,2,0.91875,385186.37225341797,3050,2,0.91875,956712.3754882813,3050,0,0.91875,372914.3934326172,3050,2,0.91875,372222.7720489502,3050,2,0.91875,359450.9135437012,3050,2,0.91875,233580.0555114746,48800,2,0.93125,237530.02560424805,48800,2,0.93125,31789960.49531555,5402,400,2502,400,400,2036,2853,400,5402,400,400,400,5395,400,400,400,400,400,400,400,400,400,400,400,2565,400,2440,400,400,400,400,3633,0,0,0,0,0,0,0,0,0,0,0,0,0,0,0,0,0,0,0,0,0,0,0,0,0,0,14.285715103149414,0,0,0,0,0,20475,15905,8066,35,0,20475,13200,12141,46,0,66718994432,8589930496,35022295040,1048576
199,1791565274357,2843827.156814575,48800,2,0.9812500000000001,227194.32402038574,48800,2,0.9812500000000001,226102.96897888184,48800,2,0.9812500000000001,228856.81727600098,48800,2,0.9812500000000001,248293.04455566406,48800,2,0.9812500000000001,226245.07482910156,48800,2,0.9812500000000001,242867.56748962402,16133.333333333334,2,0.93125,395437.65480041504,48800,2,0.9812500000000001,394957.70822143555,48800,2,0.9812500000000001,385186.3733520508,48800,2,0.9812500000000001,956712.4466552734,48800,2,0.9812500000000001,372914.3949890137,48800,2,0.9812500000000001,372222.7729034424,48800,2,0.9812500000000001,359450.91442871094,48800,2,0.9812500000000001,233580.05563354492,48800,2,0.9812500000000001,237530.02574157715,48800,2,0.9812500000000001,31789970.98536682,5402,400,2502,400,400,2036,2853,400,5402,400,400,400,5395,400,400,400,400,400,400,400,400,400,400,400,2565,400,2440,400,400,400,400,3633,4.761904716491699,0,0,0,0,0,0,0,0,0,0,0,0,0,0,0,0,0,0,0,0,0,0,0,0,0,15.000000953674316,0,0,0,0,0,20475,15905,8066,35,0,20475,13200,12137,46,0,66718994432,8589930496,35022295040,1048576
199,1791565274557,2843827.1628570557,48800,2,1.16875,227194.3242340088,48800,2,1.025,226102.96919250488,48800,2,1.025,228856.81803894043,48800,2,1.025,248293.0447845459,48800,2,1.025,226245.07502746582,48800,2,1.025,242867.56768798828,48800,2,1.025,395437.65629577637,48800,2,1.16875,394957.71173095703,48800,2,1.16875,385186.37425231934,48800,2,1.16875,956712.5167999268,48800,2,1.16875,372914.39736938477,48800,2,1.03125,372222.77377319336,3050,2,1.03125,359450.91522216797,3050,2,1.03125,233580.05583190918,48800,2,1.025,237530.0259399414,48800,2,1.025,31789981.266342163,5402,400,2502,400,400,2036,2853,400,5402,400,400,400,5395,400,400,400,400,400,400,400,400,400,400,400,2565,400,2440,400,400,400,400,3633,0,0,0,0,0,0,0,0,0,0,0,0,0,0,0,0,0,0,0,0,0,0,0,0,0,0,10.526315689086914,0,0,0,0,0,20475,15905,8066,35,0,20475,13200,12137,46,0,66718994432,8589930496,35022295040,1048576
199,1791565274758,2843827.1682128906,3050,2,1.06875,227194.32440185547,48800,2,1.0875,226102.96951293945,48800,2,1.0875,228856.81840515137,48800,2,1.0875,248293.04498291016,48800,2,1.0875,226245.0751953125,48800,2,1.0875,242867.56787109375,48800,2,0.93125,395437.6573638916,3050,2,1.06875,394957.7141265869,3050,2,1.06875,385186.3752441406,3050,0,1.06875,956712.5846405029,3050,0,1.06875,372914.3991241455,3050,2,1.06875,372222.7748565674,3050,2,1.06875,359450.9161682129,3050,2,1.06875,233580.05598449707,48800,2,1.0875,237530.0261077881,48800,2,1.0875,31789991.803085327,5402,400,2502,400,400,2036,2853,400,5402,400,400,400,5395,400,400,400,400,400,400,400,400,400,400,400,2565,400,2440,400,400,400,400,3633,0,0,0,0,0,0,0,0,0,0,0,0,0,0,0,0,0,0,0,0,0,0,0,0,0,0,14.285715103149414,4.761904716491699,0,0,0,0,20475,15905,8066,35,0,20475,13200,12137,46,0,66718994432,8589930496,35022295040,1048576
200,1791565274958,2843827.1761169434,48800,2,1.125,227194.3246459961,48800,2,1.1375,226102.96975708008,48800,2,0.925,228856.8187866211,48800,2,0.925,248293.04542541504,48800,2,0.925,226245.07543945313,48800,2,0.925,242867.56857299805,48800,2,0.925,395437.6584625244,48800,2,1.125,394957.7192687988,48800,2,1.125,385186.3776855469,48800,2,1.125,956712.6550140381,48800,2,1.125,372914.4006500244,48800,2,1.125,372222.7761077881,48800,2,1.125,359450.9170074463,48800,2,1.125,233580.0562286377,48800,2,1.1375,237530.02633666992,48800,2,1.1375,31790002.275421143,5402,400,2502,400,400,2036,2853,400,5402,400,400,400,5395,400,400,400,400,400,400,400,400,400,400,400,2565,400,2440,400,400,400,400,3633,4.761904716491699,0,0,0,0,0,0,0,0,0,0,0,0,0,0,0,0,0,0,0,0,0,0,0,0,0,15.000000953674316,0,0,0,0,0,20475,15905,8066,35,0,20475,13200,12137,46,0,66718994432,8589930496,35022290944,1048576
199,1791565275158,2843827.184814453,48800,2,1.16875,227194.32482910156,48800,2,1.01875,226102.96994018555,48800,2,1.01875,228856.81909179688,48800,2,1.01875,248293.04585266113,48800,2,1.01875,226245.0756225586,48800,2,1.01875,242867.5687713623,48800,2,1.01875,395437.6605377197,48800,2,1.16875,394957.7226257324,48800,2,1.16875,385186.3812561035,48800,2,1.16875,956712.7239532471,48800,2,1.16875,372914.4018096924,48800,2,1.16875,372222.7770690918,48800,2,1.16875,359450.91796875,3050,2,1.01875,233580.05641174316,48800,2,1.01875,237530.0265197754,48800,2,1.01875,31790012.77522278,5402,400,2502,400,400,2036,2853,400,5402,400,400,400,5395,400,400,400,400,400,400,400,400,400,400,400,2565,400,2440,400,400,400,400,3633,0,0,0,0,0,0,0,0,0,0,0,0,0,0,0,0,0,0,0,0,0,0,0,0,0,0,10,0,0,0,0,0,20475,15905,8106,35,0,20475,13200,12137,46,0,66718994432,8589930496,35022290944,1048576
199,1791565275359,2843827.1927337646,3050,2,1.1,227194.32498168945,48800,2,1.09375,226102.97009277344,48800,2,1.09375,228856.81939697266,48800,2,1.09375,248293.04614257813,48800,2,1.09375,226245.07579040527,48800,2,0.93125,242867.56893920898,48800,2,0.93125,395437.6615447998,3050,2,1.1,394957.72497558594,3050,2,1.1,385186.38301086426,3050,0,1.1,956712.7929077148,3050,0,1.1,372914.40255737305,3050,2,1.1,372222.77799987793,3050,2,1.1,359450.91873168945,3050,2,1.1,233580.05657958984,48800,2,1.09375,237530.02667236328,48800,2,1.09375,31790023.026931763,5402,400,2502,400,400,2036,2853,400,5402,400,400,400,5395,400,400,400,400,400,400,400,400,400,400,400,2565,400,2440,400,400,400,400,3633,0,0,0,0,0,0,0,0,0,0,0,0,0,0,0,0,0,0,0,0,0,0,0,0,0,0,15.000000953674316,0,0,0,0,0,20475,15905,8106,35,0,20475,13200,12114,45,0,66718994432,8589930496,35016949760,1048576
199,1791565275559,2843827.2029418945,48800,2,1.0437500000000002,227194.32513427734,48800,2,0.925,226102.97026062012,48800,2,0.925,228856.81967163086,48800,2,0.925,248293.0464477539,48800,2,0.925,226245.07594299316,48800,2,0.925,242867.56909179688,48800,2,0.925,395437.6635284424,48800,2,1.0437500000000002,394957.7289276123,48800,2,1.0437500000000002,385186.3890533447,48800,2,1.0437500000000002,956712.8641662598,48800,2,1.0437500000000002,372914.4034881592,48800,2,1.0437500000000002,372222.7794647217,48800,2,1.0437500000000002,359450.9196777344,48800,2,1.0437500000000002,233580.05673217773,48800,2,0.925,237530.02684020996,48800,2,0.925,31790033.444091797,5402,400,2502,400,400,2036,2853,400,5402,400,400,400,5395,400,400,400,400,400,400,400,400,400,400,400,2565,400,2440,400,400,400,400,3633,0,0,0,0,0,0,0,0,0,0,0,0,0,0,0,0,0,0,0,0,0,0,0,0,0,0,15.000000953674316,0,0,0,0,0,20475,15905,8106,35,0,20475,13200,12114,45,0,66718994432,8589930496,35019272192,1048576
199,1791565275759,2843827.208389282,48800,2,1.16875,227194.32528686523,48800,2,1.03125,226102.97039794922,48800,2,1.03125,228856.81993103027,48800,2,1.03125,248293.04678344727,48800,2,1.03125,226245.07609558105,48800,2,1.03125,242867.56922912598,48800,2,1.03125,395437.6646118164,48800,2,1.16875,394957.7317199707,48800,2,1.16875,385186.3909301758,48800,2,1.16875,956712.934463501,48800,2,1.16875,372914.4043273926,3050,2,1.01875,372222.7804260254,3050,2,1.01875,359450.920501709,3050,2,1.01875,233580.05688476563,48800,2,1.03125,237530.02697753906,48800,2,1.03125,31790043.823684692,5402,400,2502,400,400,2036,2853,400,5402,400,400,400,5395,400,400,400,400,400,400,400,400,400,400,400,2565,400,2440,400,400,400,400,3633,4.761904716491699,0,0,0,0,0,0,0,0,0,0,0,0,0,0,0,0,0,0,0,0,0,0,0,0,0,10,0,0,0,0,0,20475,15905,8106,35,0,20475,13200,12114,45,0,66718994432,8589930496,35019272192,1048576
200,1791565275959,2843827.214569092,3050,0,0.9625,227194.32551574707,48800,2,0.93125,226102.97061157227,48800,2,0.93125,228856.82023620605,48800,2,0.93125,248293.04718017578,48800,2,0.93125,226245.0763092041,48800,2,0.93125,242867.56944274902,48800,2,0.93125,395437.6657714844,3050,2,0.9625,394957.7344055176,3050,2,0.9625,385186.39430236816,3050,0,0.9625,956713.0044403076,3050,0,0.9625,372914.4051513672,3050,2,0.9625,372222.7813568115,3050,2,0.9625,359450.921295166,3050,2,0.9625,233580.05708312988,48800,2,0.93125,237530.02717590332,48800,2,0.93125,31790054.30381775,5402,400,2502,400,400,2036,2853,400,5402,400,400,400,5395,400,400,400,400,400,400,400,400,400,400,400,2565,400,2440,400,400,400,400,3633,4.761904716491699,0,0,0,0,0,0,0,0,0,0,0,0,0,0,0,0,0,0,0,0,0,0,0,0,0,10,0,0,0,0,0,20475,15905,8106,35,0,20475,13200,12114,45,0,66718994432,8589930496,35019268096,1048576
199,1791565276160,2843827.227005005,3050,2,1.11875,227194.32571411133,48800,2,1.125,226102.97079467773,48800,2,1.125,228856.8211669922,48800,2,0.93125,248293.0475616455,48800,2,0.93125,226245.07649230957,48800,2,0.93125,242867.5696258545,48800,2,0.93125,395437.6669921875,3050,2,1.11875,394957.7362976074,3050,2,1.11875,385186.3979034424,3050,2,1.11875,956713.0729522705,3050,0,1.11875,372914.4063720703,3050,2,1.11875,372222.78256225586,3050,2,1.11875,359450.922164917,3050,2,1.11875,233580.05726623535,48800,2,1.125,237530.02745056152,48800,2,1.125,31790064.97817993,5402,400,2502,400,400,2036,2853,400,5402,400,400,400,5395,400,400,400,400,400,400,400,400,400,400,400,2565,400,2440,400,400,400,400,3633,2.5,0,0,0,0,0,0,0,0,0,0,0,0,0,0,0,0,0,0,0,0,0,0,2.5,0,0,15.000000953674316,0,0,0,0,0,20475,15905,8119,35,0,20475,13200,12114,45,0,66718994432,8589930496,35019268096,1048576
200,1791565276360,2843827.236404419,48800,2,1.1375,227194.325881958,48800,2,0.925,226102.97102355957,48800,2,0.925,228856.82139587402,48800,2,0.925,248293.0478668213,48800,2,0.925,226245.07662963867,48800,2,0.925,242867.5697631836,48800,2,0.925,395437.6688079834,48800,2,1.1375,394957.7402191162,48800,2,1.1375,385186.40187072754,48800,2,1.1375,956713.144241333,48800,2,1.1375,372914.40783691406,48800,2,1.1375,372222.7836608887,48800,2,1.1375,359450.92308044434,48800,2,1.1375,233580.05740356445,48800,2,1.125,237530.02758789063,48800,2,1.125,31790075.34022522,5402,400,2502,400,400,2036,2853,400,5402,400,400,400,5395,400,400,400,400,400,400,400,400,400,400,400,2565,400,2440,400,400,400,400,3633,0,0,0,0,0,0,0,0,0,0,0,0,0,0,0,0,0,0,0,0,0,0,0,0,0,0,14.285715103149414,0,0,0,0,0,20475,15905,8119,35,0,20475,13200,12106,45,0,66718994432,8589930496,35019268096,1048576
199,1791565276560,2843827.2425689697,48800,2,1.05625,227194.32606506348,48800,2,1.01875,226102.97117614746,48800,2,1.01875,228856.82164001465,48800,2,1.01875,248293.04824829102,48800,2,1.01875,226245.07679748535,48800,2,1.01875,242867.56993103027,48800,2,1.01875,395437.6700744629,48800,2,1.05625,394957.7427062988,48800,2,1.05625,385186.4039154053,48800,2,1.05625,956713.2101593018,48800,2,1.05625,372914.4094238281,48800,2,1.05625,372222.7844543457,3050,2,1.025,359450.9238128662,3050,2,1.025,233580.05758666992,48800,2,1.01875,237530.02774047852,48800,2,1.01875,31790085.68687439,5402,400,2502,400,400,2036,2853,400,5402,400,400,400,5395,400,400,400,400,400,400,400,400,400,400,400,2565,400,2440,400,400,400,400,3633,0,0,0,0,0,0,0,0,0,0,0,0,0,0,0,0,0,0,0,0,0,0,0,0,0,0,10.526315689086914,0,0,0,0,0,20475,15905,8119,35,0,20475,13200,12106,45,0,66718994432,8589930496,35019268096,1048576
199,1791565276761,2843827.253753662,3050,2,1.09375,227194.32626342773,48800,2,1.10625,226102.97137451172,48800,2,1.10625,228856.82192993164,48800,2,1.10625,248293.04861450195,48800,2,0.93125,226245.0770111084,48800,2,0.93125,242867.57012939453,48800,2,0.93125,395437.6712036133,3050,2,1.09375,394957.7451171875,3050,2,1.09375,385186.4063873291,3050,2,1.09375,956713.2809753418,3050,0,1.09375,372914.4102935791,3050,2,1.09375,372222.78552246094,3050,2,1.09375,359450.9246673584,3050,2,1.09375,233580.0577697754,48800,2,1.10625,237530.02792358398,48800,2,1.10625,31790096.10484314,5402,400,2502,400,400,2036,2853,400,5402,400,400,400,5395,400,400,400,400,400,400,400,400,400,400,400,2565,400,2440,400,400,400,400,3633,0,0,0,0,0,0,0,0,0,0,0,0,0,0,0,0,0,0,0,0,0,0,0,0,0,0,10.526315689086914,0,0,0,0,0,20475,15905,8119,35,0,20475,13200,12106,45,0,66718994432,8589930496,35019268096,1048576
199,1791565276961,2843827.2671203613,3050,2,0.55625,227194.32641601563,48800,2,0.93125,226102.97149658203,48800,2,0.93125,228856.82221984863,48800,2,0.93125,248293.0488433838,48800,2,0.93125,226245.0771331787,48800,2,0.93125,242867.57025146484,48800,2,0.93125,395437.67320251465,3050,2,0.55625,394957.7468261719,3050,2,0.55625,385186.41038513184,3050,2,0.55625,956713.3537139893,3050,0,0.55625,372914.4114379883,3050,2,0.55625,372222.7866516113,3050,2,0.55625,359450.92556762695,3050,2,0.55625,233580.0578918457,48800,2,0.93125,237530.0280456543,48800,2,0.93125,31790106.70399475,5402,400,2502,400,400,2036,2853,400,5402,400,400,400,5395,400,400,400,400,400,400,400,400,400,400,400,2565,400,2440,400,400,400,400,3633,4.761904716491699,0,0,0,0,0,0,0,0,0,0,0,0,0,0,0,0,0,0,0,0,0,0,0,0,0,14.285715103149414,0,0,0,0,0,20475,15905,8119,35,0,20475,13200,12106,45,0,66718994432,8589930496,35019264000,1048576
200,1791565277161,2843827.278152466,48800,2,1.16875,227194.32661437988,48800,2,0.96875,226102.9716796875,48800,2,0.96875,228856.8225402832,48800,2,0.96875,248293.04920959473,48800,2,0.96875,226245.07731628418,48800,2,0.96875,242867.5704345703,48800,2,0.96875,395437.67684936523,48800,2,1.16875,394957.7502441406,48800,2,1.16875,385186.4171600342,48800,2,1.16875,956713.4261627197,48800,2,1.16875,372914.4126281738,48800,2,1.16875,372222.7883453369,48800,2,1.16875,359450.92652893066,48800,2,1.16875,233580.05807495117,48800,2,0.96875,237530.02822875977,48800,2,0.96875,31790117.24586487,5402,400,2502,400,400,2036,2853,400,5402,400,400,400,5395,400,400,400,400,400,400,400,400,400,400,400,2565,400,2440,400,400,400,400,3633,0,0,0,0,0,0,0,0,0,0,0,0,0,0,0,0,0,0,0,0,0,0,0,0,0,0,10.526315689086914,0,0,0,0,0,20475,15905,8103,35,0,20475,13200,12106,45,0,66718994432,8589930496,35019264000,1048576
199,1791565277361,2843827.2850494385,48800,2,0.54375,227194.32679748535,48800,2,1.01875,226102.97186279297,48800,2,1.01875,228856.8228149414,48800,2,1.01875,248293.0496520996,48800,2,1.01875,226245.07749938965,48800,2,1.01875,242867.57063293457,48800,2,1.01875,395437.6782836914,48800,2,0.54375,394957.7533721924,48800,2,0.54375,385186.4191131592,48800,2,0.54375,956713.4943695068,3050,2,1.03125,372914.41342163086,3050,2,1.03125,372222.7892150879,3050,2,1.03125,359450.92726135254,3050,2,1.03125,233580.05827331543,48800,2,1.01875,237530.02841186523,48800,2,1.01875,31790127.709396362,5402,400,2502,400,400,2036,2853,400,5402,400,400,400,5395,400,400,400,400,400,400,400,400,400,400,400,2565,400,2440,400,400,400,400,3633,0,0,0,0,0,0,0,0,0,0,0,0,0,0,0,0,0,0,0,0,0,0,0,0,0,0,14.285715103149414,0,0,0,0,0,20475,15905,8103,35,0,20475,13200,12131,45,0,66718994432,8589930496,35017728000,1048576
199,1791565277562,2843827.2931518555,3050,2,1.11875,227194.3270111084,48800,2,1.11875,226102.97204589844,48800,2,1.11875,228856.82315063477,48800,2,0.93125,248293.0500793457,48800,2,0.93125,226245.0777130127,48800,2,0.93125,242867.57081604004,48800,2,0.93125,395437.6802825928,3050,2,1.11875,394957.7553253174,3050,2,1.11875,385186.4213562012,3050,2,1.11875,956713.5662078857,3050,0,1.11875,372914.41442871094,3050,2,1.11875,372222.7925872803,3050,2,1.11875,359450.92822265625,3050,2,1.11875,233580.0584716797,48800,2,1.11875,237530.0285949707,48800,2,1.11875,31790138.348892212,5402,400,2502,400,400,2036,2853,400,5402,400,400,400,5395,400,400,400,400,400,400,400,400,400,400,400,2565,400,2440,400,400,400,400,3633,0,0,0,0,0,0,0,0,0,0,0,0,0,0,0,0,0,0,0,0,0,0,0,0,0,0,15.000000953674316,0,0,0,0,0,20475,15905,8103,35,0,20475,13200,12131,45,0,66718994432,8589930496,35020050432,1048576
199,1791565277762,2843827.3047180176,48800,2,1.16875,227194.32736206055,48800,2,0.95625,226102.9723815918,48800,2,0.95625,228856.82363891602,48800,2,0.95625,248293.05059814453,48800,2,0.95625,226245.07806396484,48800,2,0.95625,242867.5711517334,48800,2,0.95625,395437.6819458008,48800,2,1.16875,394957.7588043213,48800,2,1.16875,385186.4231109619,48800,2,1.16875,956713.6365814209,48800,2,1.16875,372914.41567993164,48800,2,1.16875,372222.793838501,48800,2,1.16875,359450.9292449951,48800,2,1.16875,233580.05877685547,48800,2,0.95625,237530.02893066406,48800,2,0.95625,31790149.00465393,5402,400,2502,400,400,2036,2853,400,5402,400,400,400,5395,400,400,400,400,400,400,400,400,400,400,400,2565,400,2440,400,400,400,400,3633,0,0,0,0,0,0,0,0,0,0,0,0,0,0,0,0,0,0,0,0,0,0,0,0,0,0,10.526315689086914,0,0,0,0,0,20475,15905,8103,35,0,20475,13200,12131,45,0,66718994432,8589930496,35020046336,1048576
200,1791565277962,2843827.310241699,3050,2,0.29374999999999996,227194.32745361328,48800,2,0.925,226102.97247314453,48800,2,0.925,228856.82385253906,48800,2,0.925,248293.05084228516,48800,2,0.925,226245.07815551758,48800,2,0.925,242867.57125854492,48800,2,0.925,395437.6865234375,3050,2,0.29374999999999996,394957.76097106934,3050,2,0.29374999999999996,385186.4249267578,3050,2,0.29374999999999996,956713.709777832,3050,0,0.29374999999999996,372914.4173736572,3050,2,0.29374999999999996,372222.79486083984,3050,2,0.29374999999999996,359450.9301452637,3050,2,0.29374999999999996,233580.0588684082,48800,2,0.925,237530.0290222168,48800,2,0.925,31790159.319732666,5402,400,2502,400,400,2036,2853,400,5402,400,400,400,5395,400,400,400,400,400,400,400,400,400,400,400,2565,400,2440,400,400,400,400,3633,0,0,0,0,0,0,0,0,0,0,0,0,0,0,0,0,0,0,0,0,0,0,0,0,0,0,10.526315689086914,0,0,0,0,0,20475,15905,8103,35,0,20475,13200,12131,45,0,66718994432,8589930496,35020046336,1048576
199,1791565278162,2843827.3202056885,48800,2,1.01875,227194.32760620117,48800,2,1.05,226102.97257995605,48800,2,1.05,228856.82461547852,48800,2,1.05,248293.05094909668,48800,2,1.05,226245.0782775879,48800,2,1.05,242867.57136535645,48800,2,1.05,395437.68952941895,48800,2,1.01875,394957.7651977539,48800,2,1.01875,385186.42834472656,3050,2,1.05,956713.7850341797,3050,2,1.05,372914.41969299316,3050,2,1.05,372222.7986755371,3050,2,1.05,359450.93116760254,3050,2,1.05,233580.05899047852,48800,2,1.05,237530.02934265137,48800,2,1.05,31790169.842773438,5402,400,2502,400,400,2036,2853,400,5402,400,400,400,5395,400,400,400,400,400,400,400,400,400,400,400,2565,400,2440,400,400,400,400,3633,2.4390242099761963,2.4390242099761963,0,0,0,0,0,0,0,0,0,0,0,0,0,0,0,0,0,0,0,0,0,0,0,0,14.634145736694336,0,0,0,0,0,20475,15905,8117,35,0,20475,13200,12131,45,0,66718994432,8589930496,35020046336,1048576
199,1791565278363,2843827.3318634033,3050,2,1.1125,227194.3277130127,48800,2,1.1125,226102.9726409912,48800,2,1.1125,228856.82525634766,48800,2,0.93125,248293.05101013184,48800,2,0.93125,226245.07835388184,48800,2,0.93125,242867.5714263916,48800,2,0.93125,395437.6904602051,3050,2,1.1125,394957.7689361572,3050,2,1.1125,385186.43016052246,3050,2,1.1125,956713.8561859131,3050,0,1.1125,372914.42182922363,3050,2,1.1125,372222.7996826172,3050,2,1.1125,359450.93197631836,3050,2,1.1125,233580.05905151367,48800,2,1.1125,237530.02940368652,48800,2,1.1125,31790180.166259766,5402,400,2502,400,400,2036,2853,400,5402,400,400,400,5395,400,400,400,400,400,400,400,400,400,400,400,2565,400,2440,400,400,400,400,3633,0,0,0,0,0,0,0,0,0,0,0,0,0,0,0,0,0,0,0,0,0,0,0,4.761904716491699,0,0,10.526315689086914,0,0,0,0,0,20475,15905,8117,35,0,20475,13200,12182,45,0,66718994432,8589930496,35016687616,1048576
199,1791565278563,2843827.3376464844,48800,2,0.63125,227194.32781982422,48800,2,0.93125,226102.97271728516,48800,2,0.93125,228856.8254547119,48800,2,0.93125,248293.05113220215,48800,2,0.93125,226245.07843017578,48800,2,0.93125,242867.57150268555,48800,2,0.93125,395437.6915588379,48800,2,0.63125,394957.77143859863,48800,2,0.63125,385186.43182373047,48800,2,0.63125,956713.9320983887,48800,2,0.63125,372914.4227294922,48800,2,0.63125,372222.8009338379,48800,2,0.63125,359450.93284606934,48800,2,0.63125,233580.05912780762,48800,2,0.93125,237530.02947998047,48800,2,0.93125,31790190.593902588,5402,400,2502,400,400,2036,2853,400,5402,400,400,400,5395,400,400,400,400,400,400,400,400,400,400,400,2565,400,2440,400,400,400,400,3633,0,0,0,0,0,0,0,0,0,0,0,0,0,0,0,0,0,0,0,0,0,0,0,0,0,0,14.285715103149414,0,0,0,0,0,20475,15905,8117,35,0,20475,13200,12182,45,0,66718994432,8589930496,35019010048,1048576
200,1791565278763,2843827.3424072266,48800,2,0.91875,227194.32789611816,48800,2,0.93125,226102.9727783203,48800,2,0.93125,228856.8256072998,48800,2,0.93125,248293.0511932373,48800,2,0.93125,226245.07850646973,48800,2,0.93125,242867.5715789795,48800,2,0.93125,395437.6926879883,48800,2,0.91875,394957.7736968994,48800,2,0.91875,385186.4331665039,48800,2,0.91875,956714.0047912598,48800,2,0.91875,372914.42361450195,48800,2,0.91875,372222.80253601074,48800,2,0.91875,359450.93368530273,48800,2,0.91875,233580.05918884277,48800,2,0.93125,237530.02954101563,48800,2,0.93125,31790201.021621704,5402,400,2502,400,400,2036,2853,400,5402,400,400,400,5395,400,400,400,400,400,400,400,400,400,400,400,2565,400,2440,400,400,400,400,3633,0,0,0,0,0,0,0,0,0,0,0,0,0,0,0,0,0,0,0,0,0,0,0,0,0,0,10.526315689086914,0,0,0,0,0,20475,15905,8117,35,0,20475,13200,12182,45,0,66718994432,8589930496,35019005952,1048576
199,1791565278964,2843827.3495635986,3050,2,1.0437500000000002,227194.32795715332,48800,2,1.0625,226102.97282409668,48800,2,1.0625,228856.82572937012,48800,2,1.0625,248293.05123901367,48800,2,1.0625,226245.07856750488,48800,2,1.0625,242867.57164001465,48800,2,0.93125,395437.6941680908,3050,2,1.0437500000000002,394957.7775115967,3050,2,1.0437500000000002,385186.4352722168,3050,0,1.0437500000000002,956714.0764160156,3050,0,1.0437500000000002,372914.42459106445,3050,2,1.0437500000000002,372222.80418395996,3050,2,1.0437500000000002,359450.93461608887,3050,2,1.0437500000000002,233580.05923461914,48800,2,1.0625,237530.029586792,48800,2,1.0625,31790211.52862549,5402,400,2502,400,400,2036,2853,400,5402,400,400,400,5395,400,400,400,400,400,400,400,400,400,400,400,2565,400,2440,400,400,400,400,3633,0,0,0,0,0,0,0,0,0,0,0,0,4.761904716491699,0,0,0,0,0,0,0,0,0,0,0,0,0,15.000000953674316,0,0,0,0,0,20475,15905,8117,35,0,20475,13200,12182,45,0,66718994432,8589930496,35017846784,1048576
199,1791565279164,2843827.408279419,48800,2,0.5,227194.33354187012,48800,2,0.925,226102.97386169434,48800,2,0.925,228856.8281402588,48800,2,0.925,248293.05183410645,48800,2,0.925,226245.0868988037,48800,2,0.925,242867.572265625,48800,2,0.925,395437.7064819336,3050,2,0.5,394957.7943267822,3050,2,0.5,385186.4662780762,3050,0,0.5,956714.156829834,3050,0,0.5,372914.4267730713,3050,2,0.5,372222.8093109131,3050,2,0.5,359450.9363555908,3050,2,0.5,233580.07893371582,48800,2,0.925,237530.03855895996,48800,2,0.925,31790223.50215149,5402,400,2502,400,400,2036,2853,400,5402,400,400,400,5395,400,400,400,400,400,400,400,400,400,400,400,2565,400,2440,400,400,400,400,3633,9.090909004211426,0,4.761904716491699,0,0,0,0,0,0,0,0,0,0,0,0,0,0,0,0,0,0,0,0,0,0,0,14.285715103149414,0,0,0,0,0,20475,15905,8132,35,0,20475,13200,12182,45,0,66718994432,8589930496,35014135808,1048576
199,1791565279364,2843828.4167022705,3050,0,0.5375000000000001,227194.37300109863,48800,2,0.65,226102.98052978516,48800,2,0.65,228856.84342956543,48800,2,0.65,248293.05786132813,48800,2,0.65,226245.1046295166,48800,2,0.65,242867.64212036133,48800,2,0.65,395437.7841949463,3050,2,0.5375000000000001,394957.89990234375,3050,0,0.5375000000000001,385186.5469970703,3050,0,0.5375000000000001,956714.4107513428,3050,0,0.5375000000000001,372914.47492980957,3050,0,0.5375000000000001,372222.8456878662,3050,0,0.28749999999999987,359450.98371887207,3050,2,0.28749999999999987,233580.12664794922,16133.333333333334,0,0.65,237530.080368042,48800,2,0.65,31790238.57246399,5402,400,2502,400,400,2036,2853,400,5402,400,400,400,5395,400,400,400,400,400,400,400,400,400,400,400,2565,400,2440,400,400,400,400,3633,9.090909004211426,0,4.761904716491699,0,0,0,0,0,0,0,0,0,0,0,0,0,0,0,0,0,0,0,0,0,0,0,14.285715103149414,0,0,0,0,0,20475,15905,8132,35,0,20475,13200,12197,45,0,66718994432,8589930496,35008999424,1048576
199,1791565279564,2843828.4792633057,3050,0,0.51875,227194.38456726074,48800,2,0.40625,226103.03108215332,48800,2,0.40625,228856.8617553711,48800,2,0.40625,248293.07597351074,48800,2,0.40625,226245.12167358398,48800,2,0.40625,242867.65557861328,48800,2,0.40625,395437.8188934326,3050,2,0.51875,394957.9275665283,3050,2,0.51875,385186.5781555176,3050,0,0.51875,956714.5953063965,3050,0,0.51875,372914.50061035156,3050,2,0.51875,372222.87966918945,3050,2,0.51875,359451.0055541992,3050,2,0.51875,233580.1388092041,48800,2,0.40625,237530.09269714355,48800,2,0.40625,31790250.998535156,5402,400,2502,400,400,2036,2853,400,5402,400,400,400,5395,400,400,400,400,400,400,400,400,400,400,400,2565,400,2440,400,400,400,400,3633,23.68421173095703,0,0,0,2.4390242099761963,0,0,4.878048419952393,0,0,0,0,0,0,0,0,0,2.4390242099761963,0,0,0,0,0,2.4390242099761963,0,0,20.512821197509766,2.5,0,0,0,0,20475,15905,8132,35,0,20475,13200,12197,45,0,66718994432,8589930496,35021541376,1048576
199,1791565279764,2843828.5108032227,48800,2,0.58125,227194.3861541748,48800,2,0.925,226103.03413391113,48800,2,0.925,228856.86282348633,48800,2,0.925,248293.08442687988,48800,2,0.925,226245.1301422119,48800,2,0.925,242867.6689300537,48800,2,0.925,395437.84211730957,48800,2,0.58125,394957.9479827881,48800,2,0.58125,385186.59075927734,48800,2,0.58125,956714.8140106201,48800,2,0.58125,372914.52841186523,48800,2,0.58125,372222.90493774414,48800,2,0.58125,359451.0368041992,48800,2,0.58125,233580.14250183105,48800,2,0.925,237530.09829711914,48800,2,0.925,31790263.048110962,5402,400,2502,400,400,2036,2853,400,5402,400,400,400,5395,400,400,400,400,400,400,400,400,400,400,400,2565,400,2440,400,400,400,400,3633,0,0,0,0,0,0,0,0,0,0,0,0,0,0,0,0,0,0,0,0,0,0,0,0,0,0,15.789472579956055,0,0,0,0,0,20475,15905,8132,35,0,20475,13200,12197,45,0,66718994432,8589930496,35023527936,1048576
199,1791565279964,2843828.5473327637,48800,2,0.58125,227194.3863067627,48800,2,0.925,226103.03422546387,48800,2,0.925,228856.86294555664,48800,2,0.925,248293.08456420898,48800,2,0.925,226245.13032531738,48800,2,0.925,242867.66902160645,48800,2,0.925,395437.8644104004,48800,2,0.58125,394957.9586791992,48800,2,0.58125,385186.6150817871,48800,2,0.58125,956714.9100189209,48800,2,0.58125,372914.5343475342,48800,2,0.58125,372222.9147949219,48800,2,0.58125,359451.0382385254,48800,2,0.58125,233580.14260864258,48800,2,0.925,237530.09869384766,48800,2,0.925,31790274.28514099,5402,400,2502,400,400,2036,2853,400,5402,400,400,400,5395,400,400,400,400,400,400,400,400,400,400,400,2565,400,2440,400,400,400,400,3633,5,0,0,0,0,0,0,0,0,0,0,0,0,0,0,0,0,0,0,0,0,0,0,5,0,0,19.047618865966797,0,0,0,0,0,20475,15905,8132,35,0,20475,13200,12197,45,0,66718994432,8589930496,35022180352,1048576
199,1791565280164,2843828.553039551,3050,2,0.33125000000000004,227194.386428833,48800,2,0.925,226103.0343322754,48800,2,0.925,228856.86306762695,48800,2,0.925,248293.08474731445,48800,2,0.925,226245.13088989258,48800,2,0.925,242867.66912841797,48800,2,0.925,395437.86709594727,3050,2,0.33125000000000004,394957.9617919922,3050,2,0.33125000000000004,385186.61784362793,3050,2,0.33125000000000004,956714.9862213135,3050,0,0.33125000000000004,372914.5356903076,3050,2,0.33125000000000004,372222.9158782959,3050,2,0.33125000000000004,359451.0392150879,3050,2,0.33125000000000004,233580.1427307129,48800,2,0.925,237530.0989227295,48800,2,0.925,31790284.727752686,5402,400,2502,400,400,2036,2853,400,5402,400,400,400,5395,400,400,400,400,400,400,400,400,400,400,400,2565,400,2440,400,400,400,400,3633,0,0,0,0,0,0,0,0,0,0,0,0,0,0,0,0,0,0,0,0,0,0,0,0,0,0,10.526315689086914,0,0,0,0,0,20475,15905,8109,35,0,20475,13200,12197,45,0,66718994432,8589930496,35022180352,1048576
200,1791565280364,2843828.563217163,3050,2,1.11875,227194.38671875,48800,2,0.93125,226103.0345916748,48800,2,0.93125,228856.86332702637,48800,2,0.93125,248293.08990478516,48800,2,0.93125,226245.13302612305,48800,2,0.93125,242867.67399597168,48800,2,0.93125,395437.86851501465,3050,2,1.11875,394957.96405029297,3050,2,1.11875,385186.6199951172,3050,2,1.11875,956715.0594482422,3050,0,1.11875,372914.53775024414,3050,2,1.11875,372222.9172668457,3050,2,1.11875,359451.0415496826,3050,2,1.11875,233580.14297485352,48800,2,1.125,237530.09916687012,48800,2,1.125,31790295.38786316,5402,400,2502,400,400,2036,2853,400,5402,400,400,400,5395,400,400,400,400,400,400,400,400,400,400,400,2565,400,2440,400,400,400,400,3633,5,0,0,0,0,4.761904716491699,0,0,0,0,0,0,0,0,0,0,0,0,0,0,0,0,0,0,0,0,14.285715103149414,0,0,0,0,0,20475,15905,8109,35,0,20475,13200,12154,45,0,66718994432,8589930496,35022438400,1048576
199,1791565280564,2843828.5657348633,48800,2,1.16875,227194.38682556152,48800,2,1.0375,226103.03466796875,48800,2,1.0375,228856.8634338379,48800,2,1.0375,248293.09005737305,48800,2,1.0375,226245.13320922852,48800,2,1.0375,242867.67407226563,48800,2,1.0375,395437.8697052002,48800,2,1.16875,394957.9664916992,48800,2,1.16875,385186.621963501,48800,2,1.16875,956715.1305999756,48800,2,1.16875,372914.5393676758,48800,2,1.03125,372222.91860961914,3050,2,1.03125,359451.0424346924,3050,2,1.03125,233580.14305114746,48800,2,1.0375,237530.09924316406,48800,2,1.0375,31790305.728485107,5402,400,2502,400,400,2036,2853,400,5402,400,400,400,5395,400,400,400,400,400,400,400,400,400,400,400,2565,400,2440,400,400,400,400,3633,0,0,0,0,0,0,0,0,0,0,0,0,0,0,0,0,0,0,0,0,0,0,0,0,0,0,10.526315689086914,0,0,0,0,0,20475,15905,8109,35,0,20475,13200,12154,45,0,66718994432,8589930496,35022434304,1048576
199,1791565280765,2843828.572280884,3050,2,1.1125,227194.38694763184,48800,2,1.1125,226103.03475952148,48800,2,1.1125,228856.8635406494,48800,2,1.1125,248293.09020996094,48800,2,0.93125,226245.13343811035,48800,2,0.93125,242867.67416381836,48800,2,0.93125,395437.8731689453,3050,2,1.1125,394957.9689178467,3050,2,1.1125,385186.6244506836,3050,2,1.1125,956715.2026062012,3050,0,1.1125,372914.54260253906,3050,2,1.1125,372222.9200744629,3050,2,1.1125,359451.04412841797,3050,2,1.1125,233580.1431427002,48800,2,1.1125,237530.099319458,48800,2,1.1125,31790316.068603516,5402,400,2502,400,400,2036,2853,400,5402,400,400,400,5395,400,400,400,400,400,400,400,400,400,400,400,2565,400,2440,400,400,400,400,3633,0,0,0,0,0,0,0,0,0,0,0,0,0,0,0,0,0,0,0,0,0,0,0,0,0,0,14.285715103149414,0,0,0,0,0,20475,15905,8109,35,0,20475,13200,12154,45,0,66718994432,8589930496,35022434304,1048576
199,1791565280965,2843828.59715271,48800,2,1.0125000000000002,227194.39237976074,48800,2,0.93125,226103.03967285156,48800,2,0.93125,228856.87184143066,48800,2,0.93125,248293.09637451172,48800,2,0.93125,226245.13929748535,48800,2,0.93125,242867.67947387695,48800,2,0.93125,395437.88652038574,48800,2,1.0125000000000002,394957.98796081543,48800,2,1.0125000000000002,385186.6391906738,48800,2,1.0125000000000002,956715.2940063477,48800,2,1.0125000000000002,372914.5626525879,48800,2,1.0125000000000002,372222.93019104004,48800,2,1.0125000000000002,359451.0574951172,48800,2,1.0125000000000002,233580.1488647461,48800,2,0.93125,237530.1044769287,48800,2,0.93125,31790327.3523407,5402,400,2502,400,400,2036,2853,400,5402,400,400,400,5395,400,400,400,400,400,400,400,400,400,400,400,2565,400,2440,400,400,400,400,3633,9.090909004211426,0,0,0,0,0,0,0,4.761904716491699,0,0,0,0,4.761904716491699,0,0,0,0,0,0,0,0,0,0,0,0,15.000000953674316,0,0,0,4.761904716491699,0,20475,15905,8109,35,0,20475,13200,12154,45,0,66718994432,8589930496,35019194368,1048576
199,1791565281166,2843828.6116485596,48800,2,1.16875,227194.3925628662,48800,2,1.03125,226103.03982543945,48800,2,1.03125,228856.87202453613,48800,2,1.03125,248293.10081481934,48800,2,1.03125,226245.1394958496,48800,2,1.03125,242867.67976379395,48800,2,1.03125,395437.8898162842,48800,2,1.16875,394957.9900817871,48800,2,1.16875,385186.643661499,48800,2,1.16875,956715.382232666,48800,2,1.16875,372914.56590270996,48800,2,1.16875,372222.9315185547,3050,2,1.0125000000000002,359451.0601196289,3050,2,1.0125000000000002,233580.14906311035,48800,2,1.03125,237530.1046295166,48800,2,1.03125,31790338.17866516,5402,400,2502,400,400,2036,2853,400,5402,400,400,400,5395,400,400,400,400,400,400,400,400,400,400,400,2565,400,2440,400,400,400,400,3633,0,0,0,0,0,0,0,0,0,0,0,0,0,0,0,0,0,0,0,0,0,0,0,0,0,0,15.000000953674316,0,0,4.761904716491699,0,0,20475,15905,8053,35,0,20475,13200,12154,45,0,66718994432,8589930496,35019194368,1048576
199,1791565281366,2843828.6312408447,48800,2,0.91875,227194.39277648926,48800,2,0.5875,226103.04000854492,48800,2,0.5875,228856.8722076416,48800,2,0.5875,248293.10111999512,48800,2,0.5875,226245.14083862305,48800,2,0.5875,242867.67993164063,48800,2,0.5875,395437.8981933594,48800,2,0.91875,394957.99505615234,48800,2,0.91875,385186.648727417,48800,2,0.91875,956715.4563751221,48800,2,0.91875,372914.5722808838,3050,2,0.91875,372222.9334564209,3050,2,0.91875,359451.06271362305,3050,2,0.91875,233580.14921569824,48800,2,0.5875,237530.10479736328,48800,2,0.5875,31790348.613937378,5402,400,2502,400,400,2036,2853,400,5402,400,400,400,5395,400,400,400,400,400,400,400,400,400,400,400,2565,400,2440,400,400,400,400,3633,0,0,0,0,0,0,0,0,0,0,0,0,0,0,0,0,0,0,0,0,0,0,0,0,0,0,10.526315689086914,0,0,0,0,0,20475,15905,8053,35,0,20475,13200,12114,45,0,66718994432,8589930496,35018788864,1048576
200,1791565281565,2843828.644165039,3050,2,0.26249999999999996,227194.39289855957,48800,2,0.65625,226103.04013061523,48800,2,0.65625,228856.8723297119,48800,2,0.65625,248293.1012878418,48800,2,0.65625,226245.14125061035,48800,2,0.65625,242867.68005371094,48800,2,0.65625,395437.90788269043,3050,2,0.26249999999999996,394958.004196167,3050,2,0.26249999999999996,385186.656539917,3050,2,0.26249999999999996,956715.5321502686,3050,0,0.26249999999999996,372914.5740661621,3050,2,0.26249999999999996,372222.9377746582,3050,0,0.26875000000000004,359451.0662841797,3050,2,0.26875000000000004,233580.14932250977,48800,2,0.65625,237530.1049194336,48800,2,0.65625,31790359.481552124,5402,400,2502,400,400,2036,2853,400,5402,400,400,400,5395,400,400,400,400,400,400,400,400,400,400,400,2565,400,2440,400,400,400,400,3633,0,0,0,0,0,0,0,0,0,0,0,0,0,0,0,0,0,0,0,0,0,0,0,0,0,0,10.526315689086914,0,0,0,0,0,20475,15905,8053,35,0,20475,13200,12114,45,0,66718994432,8589930496,35019042816,1048576
199,1791565281766,2843828.667098999,48800,2,1.13125,227194.39332580566,48800,2,1.14375,226103.04052734375,48800,2,1.14375,228856.87284851074,48800,2,1.14375,248293.10179138184,48800,2,1.14375,226245.14204406738,48800,2,1.14375,242867.68045043945,48800,2,1.14375,395437.91358947754,48800,2,1.13125,394958.009185791,48800,2,1.13125,385186.66117858887,48800,2,1.13125,956715.6089324951,48800,2,1.13125,372914.57569885254,48800,2,1.13125,372222.9398345947,48800,2,1.13125,359451.06996154785,48800,2,1.13125,233580.14973449707,48800,2,1.14375,237530.1053161621,48800,2,1.14375,31790370.730636597,5402,400,2502,400,400,2036,2853,400,5402,400,400,400,5395,400,400,400,400,400,400,400,400,400,400,400,2565,400,2440,400,400,400,400,3633,2.5,2.4390242099761963,0,0,0,0,0,0,0,0,0,0,0,0,0,0,0,0,0,0,0,0,0,0,0,0,12.5,0,0,0,0,0,20475,15905,8053,35,0,20475,13200,12114,45,0,66718994432,8589930496,35019042816,1048576
199,1791565281966,2843828.6782226563,48800,2,0.63125,227194.39349365234,48800,2,0.93125,226103.04069519043,48800,2,0.93125,228856.87301635742,48800,2,0.93125,248293.10200500488,48800,2,0.93125,226245.1424407959,48800,2,0.93125,242867.68061828613,48800,2,0.93125,395437.91667175293,48800,2,0.63125,394958.01052856445,48800,2,0.63125,385186.66471862793,48800,2,0.63125,956715.6811523438,48800,2,0.63125,372914.57708740234,48800,2,0.63125,372222.9414215088,48800,2,0.63125,359451.07333374023,48800,2,0.63125,233580.14990234375,48800,2,0.93125,237530.10546875,48800,2,0.93125,31790381.319656372,5402,400,2502,400,400,2036,2853,400,5402,400,400,400,5395,400,400,400,400,400,400,400,400,400,400,400,2565,400,2440,400,400,400,400,3633,0,0,0,0,0,0,0,0,0,0,0,0,0,0,0,0,0,0,0,0,0,0,0,0,0,0,14.285715103149414,0,0,0,0,0,20475,15905,8053,35,0,20475,13200,12114,45,0,66718994432,8589930496,35019042816,1048576
199,1791565282167,2843828.688095093,48800,2,1.16875,227194.39527893066,48800,2,1.05,226103.0408782959,48800,2,1.05,228856.87324523926,48800,2,1.05,248293.10247802734,48800,2,1.05,226245.14280700684,48800,2,1.05,242867.68083190918,48800,2,1.05,395437.9206542969,48800,2,1.16875,394958.01554870605,48800,2,1.16875,385186.6675872803,3050,2,1.05625,956715.7537994385,3050,2,1.05625,372914.57846069336,3050,2,1.05625,372222.9431152344,3050,2,1.05625,359451.074508667,3050,2,1.05625,233580.15022277832,48800,2,1.05,237530.10568237305,48800,2,1.05,31790392.075958252,5402,400,2502,400,400,2036,2853,400,5402,400,400,400,5395,400,400,400,400,400,400,400,400,400,400,400,2565,400,2440,400,400,400,400,3633,0,0,0,0,0,0,0,0,0,0,0,0,0,0,0,0,0,0,0,0,0,0,0,0,0,0,15.000000953674316,0,0,0,0,0,20475,15905,8069,35,0,20475,13200,12114,45,0,66718994432,8589930496,35019038720,1048576
199,1791565282367,2843828.6950683594,3050,0,0.51875,227194.3954925537,16133.333333333334,0,0.7125,226103.04104614258,16133.333333333334,0,0.7125,228856.87341308594,16133.333333333334,2,0.7125,248293.10273742676,16133.333333333334,0,0.7125,226245.14323425293,16133.333333333334,2,0.7125,242867.68099975586,16133.333333333334,2,0.7125,395437.9231414795,3050,0,0.51875,394958.01664733887,3050,0,0.51875,385186.67362976074,3050,0,0.51875,956715.8275909424,3050,0,0.51875,372914.57960510254,3050,2,0.51875,372222.94410705566,3050,0,0.51875,359451.07540893555,3050,2,0.51875,233580.150390625,16133.333333333334,2,0.7125,237530.10583496094,16133.333333333334,2,0.7125,31790402.357070923,5402,400,2502,400,400,2036,2853,400,5402,400,400,400,5395,400,400,400,400,400,400,400,400,400,400,400,2565,400,2440,400,400,400,400,3633,0,0,0,0,0,0,0,0,0,0,0,0,4.761904716491699,0,0,0,0,0,0,0,0,0,0,0,0,0,15.000000953674316,0,0,0,0,0,20475,15905,8069,35,0,20475,13200,12101,45,0,66718994432,8589930496,35014414336,1048576
200,1791565282567,2843828.7044677734,3050,2,0.91875,227194.39558410645,48800,2,0.93125,226103.04110717773,48800,2,0.93125,228856.87350463867,48800,2,0.93125,248293.10293579102,48800,2,0.93125,226245.14334106445,48800,2,0.93125,242867.68106079102,48800,2,0.93125,395437.92668151855,3050,2,0.91875,394958.01789855957,3050,2,0.91875,385186.6774597168,3050,0,0.5875,956715.903427124,3050,0,0.5875,372914.5807800293,3050,2,0.5875,372222.9457702637,3050,2,0.5875,359451.07624816895,3050,2,0.5875,233580.15049743652,48800,2,0.93125,237530.10591125488,48800,2,0.93125,31790412.513702393,5402,400,2502,400,400,2036,2853,400,5402,400,400,400,5395,400,400,400,400,400,400,400,400,400,400,400,2565,400,2440,400,400,400,400,3633,0,0,0,0,0,0,0,0,0,0,0,0,4.761904716491699,0,0,0,0,0,0,0,0,0,0,0,0,0,15.000000953674316,0,0,0,0,0,20475,15905,8069,35,0,20475,13200,12101,45,0,66718994432,8589930496,35019317248,1048576
199,1791565282767,2843828.713470459,48800,2,1.1375,227194.39567565918,48800,2,0.93125,226103.04119873047,48800,2,0.93125,228856.8735961914,48800,2,0.93125,248293.10311889648,48800,2,0.93125,226245.1434326172,48800,2,0.93125,242867.68115234375,48800,2,0.93125,395437.9319000244,48800,2,1.1375,394958.02044677734,48800,2,1.1375,385186.6806640625,48800,2,1.1375,956715.9816741943,48800,2,1.1375,372914.5841522217,48800,2,1.1375,372222.9476928711,48800,2,1.1375,359451.07723999023,48800,2,1.1375,233580.15071105957,48800,2,1.13125,237530.10600280762,48800,2,0.93125,31790423.032073975,5402,400,2502,400,400,2036,2853,400,5402,400,400,400,5395,400,400,400,400,400,400,400,400,400,400,400,2565,400,2440,400,400,400,400,3633,2.5,0,0,0,0,0,0,0,0,0,0,0,0,0,0,0,0,0,0,0,0,0,0,0,0,0,12.5,0,0,0,0,0,20475,15905,8069,35,0,20475,13200,12101,45,0,66718994432,8589930496,35019317248,1048576
199,1791565282967,2843828.7213897705,48800,2,0.33125000000000004,227194.39581298828,48800,2,0.925,226103.04132080078,48800,2,0.925,228856.87371826172,48800,2,0.925,248293.10333251953,48800,2,0.925,226245.1435699463,48800,2,0.925,242867.68127441406,48800,2,0.925,395437.933883667,48800,2,0.33125000000000004,394958.0229187012,48800,2,0.33125000000000004,385186.68424987793,48800,2,0.33125000000000004,956716.0540618896,48800,2,0.33125000000000004,372914.58598327637,48800,2,0.33125000000000004,372222.9488067627,48800,2,0.33125000000000004,359451.07821655273,48800,2,0.33125000000000004,233580.1509552002,48800,2,0.925,237530.10612487793,48800,2,0.925,31790433.563186646,5402,400,2502,400,400,2036,2853,400,5402,400,400,400,5395,400,400,400,400,400,400,400,400,400,400,400,2565,400,2440,400,400,400,400,3633,2.5,0,0,0,0,0,0,0,0,0,0,0,0,0,0,0,0,0,0,0,0,0,0,0,0,0,12.5,0,0,0,0,0,20475,15905,8069,35,0,20475,13200,12101,45,0,66718994432,8589930496,35019317248,1048576
199,1791565283167,2843828.7292175293,48800,2,0.91875,227194.3959350586,48800,2,0.63125,226103.04141235352,48800,2,0.63125,228856.87384033203,48800,2,0.63125,248293.103515625,48800,2,0.63125,226245.14366149902,48800,2,0.63125,242867.6813659668,48800,2,0.63125,395437.9366607666,48800,2,0.91875,394958.0256347656,48800,2,0.91875,385186.68936157227,48800,2,0.91875,956716.1276550293,48800,2,0.91875,372914.5873260498,48800,2,0.91875,372222.9503479004,48800,2,0.91875,359451.0792388916,48800,2,0.91875,233580.1512298584,48800,2,0.63125,237530.10636901855,48800,2,0.63125,31790444.122802734,5402,400,2502,400,400,2036,2853,400,5402,400,400,400,5395,400,400,400,400,400,400,400,400,400,400,400,2565,400,2440,400,400,400,400,3633,0,0,0,0,0,0,0,0,0,0,0,0,0,0,0,0,0,0,0,0,0,0,0,0,0,0,15.000000953674316,4.761904716491699,0,0,0,0,20475,15905,8103,35,0,20475,13200,12101,45,0,66718994432,8589930496,35019313152,1048576
199,1791565283367,2843828.7346954346,48800,2,0.58125,227194.3960571289,48800,2,0.925,226103.04153442383,48800,2,0.925,228856.87397766113,48800,2,0.925,248293.10371398926,48800,2,0.925,226245.144821167,48800,2,0.925,242867.6814880371,48800,2,0.925,395437.9387512207,48800,2,0.58125,394958.0277862549,48800,2,0.58125,385186.69340515137,48800,2,0.58125,956716.1962280273,48800,2,0.58125,372914.5880584717,48800,2,0.58125,372222.95153808594,48800,2,0.58125,359451.0802154541,48800,2,0.58125,233580.15180969238,48800,2,0.925,237530.10649108887,48800,2,0.925,31790454.348358154,5402,400,2502,400,400,2036,2853,400,5402,400,400,400,5395,400,400,400,400,400,400,400,400,400,400,400,2565,400,2440,400,400,400,400,3633,0,0,0,0,0,0,0,0,0,0,0,0,0,0,0,0,0,0,0,0,0,0,0,0,0,0,10.526315689086914,0,0,0,0,0,20475,15905,8103,35,0,20475,13200,12110,45,0,66718994432,8589930496,35019313152,1048576
200,1791565283567,2843828.7415618896,3050,2,0.9812500000000001,227194.39616394043,48800,2,0.93125,226103.04164123535,48800,2,0.93125,228856.87408447266,48800,2,0.93125,248293.10389709473,48800,2,0.93125,226245.14492797852,48800,2,0.93125,242867.68159484863,48800,2,0.93125,395437.9420013428,3050,2,0.9812500000000001,394958.02964782715,3050,2,0.9812500000000001,385186.69787597656,3050,2,0.9812500000000001,956716.270980835,3050,0,0.9812500000000001,372914.5890197754,3050,2,0.9812500000000001,372222.9538421631,3050,2,0.9812500000000001,359451.08114624023,3050,2,0.9812500000000001,233580.15209960938,48800,2,0.93125,237530.1065826416,48800,2,0.93125,31790464.84286499,5402,400,2502,400,400,2036,2853,400,5402,400,400,400,5395,400,400,400,400,400,400,400,400,400,400,400,2565,400,2440,400,400,400,400,3633,0,0,0,0,0,0,0,0,0,0,0,0,0,0,0,0,0,0,0,0,0,0,0,0,0,0,14.285715103149414,0,0,0,0,0,20475,15905,8103,35,0,20475,13200,12110,45,0,66718994432,8589930496,35019309056,1048576
199,1791565283768,2843828.748565674,3050,2,0.975,227194.39630126953,48800,2,0.99375,226103.04180908203,48800,2,0.99375,228856.87420654297,48800,2,0.99375,248293.10409545898,48800,2,0.99375,226245.14505004883,48800,2,0.925,242867.68171691895,48800,2,0.925,395437.94470214844,3050,2,0.975,394958.03146362305,3050,2,0.975,385186.7007446289,3050,0,0.975,956716.3398590088,3050,0,0.975,372914.58990478516,3050,2,0.975,372222.9555053711,3050,2,0.975,359451.0821838379,3050,2,0.975,233580.1523284912,48800,2,0.99375,237530.1067047119,48800,2,0.99375,31790475.42880249,5402,400,2502,400,400,2036,2853,400,5402,400,400,400,5395,400,400,400,400,400,400,400,400,400,400,400,2565,400,2440,400,400,400,400,3633,4.761904716491699,0,0,0,0,0,0,0,0,0,0,0,0,0,0,0,0,0,0,0,0,0,0,0,0,0,15.000000953674316,0,4.761904716491699,0,0,0,20475,15905,8103,35,0,20475,13200,12110,45,0,66718994432,8589930496,35019304960,1048576
199,1791565283968,2843828.760559082,48800,2,0.51875,227194.39643859863,48800,2,0.975,226103.04191589355,48800,2,0.975,228856.8743133545,48800,2,0.975,248293.10424804688,48800,2,0.975,226245.14517211914,48800,2,0.975,242867.68182373047,48800,2,0.975,395437.94999694824,48800,2,0.51875,394958.03398132324,48800,2,0.51875,385186.71311950684,48800,2,0.51875,956716.4161376953,48800,2,0.51875,372914.59184265137,48800,2,0.51875,372222.9567718506,48800,2,0.51875,359451.08319091797,48800,2,0.51875,233580.15255737305,48800,2,0.975,237530.10681152344,48800,2,0.975,31790485.96876526,5402,400,2502,400,400,2036,2853,400,5402,400,400,400,5395,400,400,400,400,400,400,400,400,400,400,400,2565,400,2440,400,400,400,400,3633,0,0,0,0,0,0,0,0,0,0,0,0,0,0,0,0,0,0,0,0,0,0,0,4.761904716491699,0,0,15.000000953674316,0,0,0,0,0,20475,15905,8103,35,0,20475,13200,12110,45,0,66718994432,8589930496,35019300864,1048576
199,1791565284168,2843828.7713623047,48800,2,1.1375,227194.39666748047,48800,2,0.93125,226103.0421142578,48800,2,0.93125,228856.87454223633,48800,2,0.93125,248293.1046295166,48800,2,0.93125,226245.1453857422,48800,2,0.93125,242867.68202209473,48800,2,0.93125,395437.95097351074,48800,2,1.1375,394958.03802490234,48800,2,1.1375,385186.7170715332,48800,2,1.1375,956716.4922180176,48800,2,1.1375,372914.59297180176,48800,2,1.1375,372222.9578552246,48800,2,1.1375,359451.08489990234,48800,2,1.1375,233580.15287780762,48800,2,1.14375,237530.10708618164,48800,2,0.93125,31790496.43751526,5402,400,2502,400,400,2036,2853,400,5402,400,400,400,5395,400,400,400,400,400,400,400,400,400,400,400,2565,400,2440,400,400,400,400,3633,0,0,0,0,0,0,0,0,0,0,0,0,0,0,0,0,0,0,0,0,0,0,0,0,0,0,10,0,0,0,0,0,20475,15905,8067,35,0,20475,13200,12110,45,0,66718994432,8589930496,35019300864,1048576
199,1791565284369,2843828.777420044,48800,2,0.54375,227194.3967437744,48800,2,1,226103.04217529297,48800,2,1,228856.87460327148,48800,2,1,248293.1047821045,48800,2,1,226245.14546203613,48800,2,1,242867.68208312988,48800,2,1,395437.9564361572,48800,2,0.54375,394958.040725708,48800,2,0.54375,385186.7218322754,3050,2,0.99375,956716.5618896484,3050,2,0.99375,372914.59382629395,3050,2,0.99375,372222.95903015137,3050,2,0.99375,359451.08573913574,3050,2,0.99375,233580.15310668945,48800,2,1,237530.1071472168,48800,2,1,31790506.88519287,5402,400,2502,400,400,2036,2853,400,5402,400,400,400,5395,400,400,400,400,400,400,400,400,400,400,400,2565,400,2440,400,400,400,400,3633,0,0,0,0,0,0,0,0,0,0,0,0,0,0,0,0,0,0,0,0,0,0,0,0,0,0,15.000000953674316,0,0,0,0,0,20475,15905,8067,35,0,20475,13200,12130,45,0,66718994432,8589930496,35017945088,1048576
199,1791565284569,2843828.7867736816,3050,2,0.9625,227194.39685058594,48800,2,0.9625,226103.0422668457,48800,2,0.9625,228856.874710083,48800,2,0.9625,248293.10493469238,48800,2,0.93125,226245.14555358887,48800,2,0.93125,242867.68217468262,48800,2,0.93125,395437.9575805664,3050,2,0.9625,394958.0425567627,3050,2,0.9625,385186.726272583,3050,0,0.9625,956716.6340484619,3050,0,0.9625,372914.594833374,3050,2,0.9625,372222.9602661133,3050,2,0.9625,359451.0867614746,3050,2,0.9625,233580.15354919434,48800,2,0.9625,237530.10723876953,48800,2,0.9625,31790517.2701416,5402,400,2502,400,400,2036,2853,400,5402,400,400,400,5395,400,400,400,400,400,400,400,400,400,400,400,2565,400,2440,400,400,400,400,3633,4.761904716491699,0,0,0,0,0,0,0,0,0,0,0,0,0,0,0,0,0,0,0,0,0,0,0,0,0,10,0,0,0,0,0,20475,15905,8067,35,0,20475,13200,12130,45,0,66718994432,8589930496,35019206656,1048576
200,1791565284769,2843828.798751831,48800,2,1.13125,227194.39891052246,48800,2,0.93125,226103.04243469238,48800,2,0.93125,228856.8748779297,48800,2,0.93125,248293.10516357422,48800,2,0.93125,226245.14573669434,48800,2,0.93125,242867.6823272705,48800,2,0.93125,395437.96199035645,48800,2,1.13125,394958.04583740234,48800,2,1.13125,385186.7310638428,48800,2,1.13125,956716.7054443359,48800,2,1.13125,372914.5957336426,48800,2,1.13125,372222.9622039795,48800,2,1.13125,359451.08796691895,48800,2,1.13125,233580.15383911133,48800,2,0.93125,237530.1074066162,48800,2,0.93125,31790527.691986084,5402,400,2502,400,400,2036,2853,400,5402,400,400,400,5395,400,400,400,400,400,400,400,400,400,400,400,2565,400,2440,400,400,400,400,3633,0,0,0,0,0,0,0,0,0,0,0,0,0,0,0,0,0,0,0,0,0,0,0,0,0,0,15.000000953674316,0,0,0,0,0,20475,15905,8067,35,0,20475,13200,12130,45,0,66718994432,8589930496,35019206656,1048576
199,1791565284970,2843828.8103637695,48800,2,1.16875,227194.3990020752,48800,2,1.0375,226103.04249572754,48800,2,1.0375,228856.87493896484,48800,2,1.0375,248293.1053161621,48800,2,1.0375,226245.14581298828,48800,2,1.0375,242867.68241882324,48800,2,1.0375,395437.96434020996,48800,2,1.16875,394958.0496673584,48800,2,1.16875,385186.73806762695,48800,2,1.16875,956716.7789154053,48800,2,1.16875,372914.59674072266,48800,2,1.16875,372222.96322631836,48800,2,1.16875,359451.08990478516,3050,2,1.03125,233580.15391540527,48800,2,1.0375,237530.10746765137,48800,2,1.0375,31790538.359909058,5402,400,2502,400,400,2036,2853,400,5402,400,400,400,5395,400,400,400,400,400,400,400,400,400,400,400,2565,400,2440,400,400,400,400,3633,4.761904716491699,4.761904716491699,0,0,0,0,0,0,0,0,0,0,0,0,0,0,0,0,0,0,0,0,0,0,0,0,10.526315689086914,0,0,0,0,0,20475,15905,8067,35,0,20475,13200,12130,45,0,66718994432,8589930496,35019202560,1048576
199,1791565285170,2843828.822555542,3050,0,0.5625,227194.39916992188,48800,2,0.93125,226103.04261779785,48800,2,0.93125,228856.87510681152,48800,2,0.93125,248293.10552978516,48800,2,0.93125,226245.14595031738,48800,2,0.93125,242867.68254089355,48800,2,0.93125,395437.9673461914,3050,0,0.5625,394958.0552215576,3050,0,0.5625,385186.7445831299,3050,0,0.5625,956716.8517303467,3050,0,0.5625,372914.5981750488,3050,2,0.5625,372222.96449279785,3050,2,0.5625,359451.09146118164,3050,2,0.5625,233580.15408325195,48800,2,0.93125,237530.1075744629,48800,2,0.93125,31790548.84977722,5402,400,2502,400,400,2036,2853,400,5402,400,400,400,5395,400,400,400,400,400,400,400,400,400,400,400,2565,400,2440,400,400,400,400,3633,0,0,0,0,0,0,0,0,0,0,0,0,0,0,0,0,0,0,0,0,0,0,0,0,0,0,14.285715103149414,0,0,0,0,0,20475,15905,8075,35,0,20475,13200,12130,45,0,66718994432,8589930496,35019202560,1048576
199,1791565285370,2843828.8400878906,48800,2,0.9875,227194.39921569824,48800,2,0.9875,226103.04266357422,48800,2,0.9875,228856.8751525879,48800,2,0.93125,248293.1057281494,48800,2,0.93125,226245.14601135254,48800,2,0.93125,242867.6826171875,48800,2,0.93125,395437.9691925049,48800,2,0.9875,394958.05841064453,48800,2,0.9875,385186.7488861084,48800,2,0.9875,956716.929611206,48800,2,0.9875,372914.59910583496,48800,2,0.9875,372222.9656982422,48800,2,0.9875,359451.0926361084,48800,2,0.9875,233580.1541595459,48800,2,0.9875,237530.10762023926,48800,2,0.9875,31790559.31187439,5402,400,2502,400,400,2036,2853,400,5402,400,400,400,5395,400,400,400,400,400,400,400,400,400,400,400,2565,400,2440,400,400,400,400,3633,0,0,0,0,0,0,0,0,0,0,0,0,0,0,0,0,0,0,0,0,0,0,0,0,0,0,10.526315689086914,0,0,0,0,0,20475,15905,8075,35,0,20475,13200,12119,45,0,66718994432,8589930496,35019202560,1048576
199,1791565285570,2843828.8461914063,48800,2,1.025,227194.3992767334,48800,2,0.9625,226103.0427093506,48800,2,0.9625,228856.87522888184,48800,2,0.9625,248293.1058807373,48800,2,0.9625,226245.1460723877,48800,2,0.9625,242867.68283081055,48800,2,0.9625,395437.9711303711,48800,2,1.025,394958.0615539551,48800,2,1.025,385186.7534637451,48800,2,1.025,956716.9991912842,48800,2,1.025,372914.6025390625,48800,2,1.025,372222.96855163574,48800,2,1.025,359451.095993042,48800,2,1.025,233580.15422058105,48800,2,0.9625,237530.10766601563,48800,2,0.9625,31790569.928878784,5402,400,2502,400,400,2036,2853,400,5402,400,400,400,5395,400,400,400,400,400,400,400,400,400,400,400,2565,400,2440,400,400,400,400,3633,4.761904716491699,0,0,0,0,0,0,0,0,0,0,0,0,0,0,0,0,0,0,0,0,0,0,4.761904716491699,0,0,19.047618865966797,0,0,0,0,0,20475,15905,8075,35,0,20475,13200,12119,45,0,66718994432,8589930496,35019198464,1048576
199,1791565285770,2843828.8554992676,48800,2,0.91875,227194.3995513916,48800,2,0.5875,226103.0429840088,48800,2,0.5875,228856.87548828125,48800,2,0.5875,248293.10635375977,48800,2,0.5875,226245.1463470459,48800,2,0.5875,242867.6834411621,48800,2,0.5875,395437.9725494385,48800,2,0.91875,394958.0637664795,48800,2,0.91875,385186.7579650879,48800,2,0.91875,956717.0713500977,48800,2,0.91875,372914.6072540283,48800,2,0.91875,372222.9696960449,48800,2,0.91875,359451.0979003906,48800,2,0.91875,233580.15447998047,48800,2,0.5875,237530.10794067383,48800,2,0.5875,31790580.539596558,5402,400,2502,400,400,2036,2853,400,5402,400,400,400,5395,400,400,400,400,400,400,400,400,400,400,400,2565,400,2440,400,400,400,400,3633,0,0,0,0,0,0,0,0,0,0,0,0,0,0,0,0,0,0,0,0,0,0,0,0,0,0,10,0,0,0,0,0,20475,15905,8075,35,0,20475,13200,12119,45,0,66718994432,8589930496,35019198464,1048576
199,1791565285971,2843828.8655700684,3050,0,0.58125,227194.3996887207,48800,2,0.93125,226103.0431060791,48800,2,0.93125,228856.87562561035,48800,2,0.93125,248293.1065673828,48800,2,0.93125,226245.1464996338,48800,2,0.93125,242867.68389892578,48800,2,0.93125,395437.97410583496,3050,0,0.58125,394958.0656890869,3050,0,0.58125,385186.76235961914,3050,0,0.58125,956717.1435699463,3050,0,0.58125,372914.6106567383,3050,2,0.58125,372222.97079467773,3050,0,0.58125,359451.10009765625,3050,2,0.58125,233580.15460205078,48800,2,0.93125,237530.10806274414,48800,2,0.93125,31790590.971740723,5402,400,2502,400,400,2036,2853,400,5402,400,400,400,5395,400,400,400,400,400,400,400,400,400,400,400,2565,400,2440,400,400,400,400,3633,0,0,0,0,0,0,0,0,0,0,0,0,0,0,0,0,0,0,0,0,0,0,0,0,0,0,15.000000953674316,0,0,0,0,0,20475,15905,8075,35,0,20475,13200,12119,45,0,66718994432,8589930496,35019194368,1048576
200,1791565286170,2843828.875595093,3050,0,0.56875,227194.3998413086,48800,2,0.925,226103.0432281494,48800,2,0.925,228856.87576293945,48800,2,0.925,248293.10678100586,48800,2,0.925,226245.1466217041,48800,2,0.925,242867.6841430664,48800,2,0.925,395437.97674560547,3050,2,0.56875,394958.06938171387,3050,2,0.56875,385186.76850891113,3050,2,0.56875,956717.2198181152,3050,0,0.56875,372914.6144104004,3050,2,0.56875,372222.97232055664,3050,2,0.56875,359451.1023712158,3050,2,0.56875,233580.1547241211,48800,2,0.93125,237530.10829162598,48800,2,0.925,31790601.387924194,5402,400,2502,400,400,2036,2853,400,5402,400,400,400,5395,400,400,400,400,400,400,400,400,400,400,400,2565,400,2440,400,400,400,400,3633,0,0,0,0,0,0,0,0,0,0,0,0,0,0,0,0,0,0,0,0,0,0,0,0,0,0,15.000000953674316,0,0,0,0,0,20475,15905,8059,35,0,20475,13200,12119,45,0,66718994432,8589930496,35019194368,1048576
199,1791565286371,2843828.8846435547,3050,2,1.125,227194.39993286133,48800,2,0.925,226103.04331970215,48800,2,0.925,228856.87586975098,48800,2,0.925,248293.10697937012,48800,2,0.925,226245.14671325684,48800,2,0.925,242867.68434143066,48800,2,0.925,395437.97914123535,3050,2,1.125,394958.0719604492,3050,2,1.125,385186.77423095703,3050,2,1.125,956717.2934875488,3050,0,1.125,372914.6184082031,3050,2,1.125,372222.97399902344,3050,2,1.125,359451.10871887207,3050,2,1.125,233580.15481567383,48800,2,1.11875,237530.1083831787,48800,2,1.11875,31790611.694229126,5402,400,2502,400,400,2036,2853,400,5402,400,400,400,5395,400,400,400,400,400,400,400,400,400,400,400,2565,400,2440,400,400,400,400,3633,2.4390242099761963,0,0,0,0,0,0,0,0,0,0,0,0,0,0,0,0,0,0,0,0,0,0,0,0,0,12.5,0,0,0,0,0,20475,15905,8059,35,0,20475,13200,12057,45,0,66718994432,8589930496,35017879552,1048576
198,1791565286573,2843828.892562866,3050,2,1.0437500000000002,227194.40003967285,48800,2,0.93125,226103.04341125488,48800,2,0.93125,228856.8759765625,48800,2,0.93125,248293.1075592041,48800,2,0.93125,226245.14682006836,48800,2,0.93125,242867.6845550537,48800,2,0.93125,395437.9801635742,3050,0,1.0437500000000002,394958.07441711426,3050,2,1.0437500000000002,385186.78091430664,3050,2,1.0437500000000002,956717.3685302734,3050,2,1.0437500000000002,372914.6203765869,3050,2,1.0437500000000002,372222.9752044678,3050,2,1.0437500000000002,359451.11180114746,3050,2,1.0437500000000002,233580.15492248535,48800,2,0.93125,237530.10845947266,48800,2,0.93125,31790622.160064697,5402,400,2502,400,400,2036,2853,400,5402,400,400,400,5395,400,400,400,400,400,400,400,400,400,400,400,2565,400,2440,400,400,400,400,3633,0,0,0,0,0,0,0,0,0,0,0,0,0,0,0,0,0,0,0,0,0,0,0,0,0,0,14.285715103149414,4.761904716491699,0,0,0,0,20475,15905,8059,35,0,20475,13200,12057,45,0,66718994432,8589930496,35019141120,1048576
199,1791565286772,2843828.9029541016,48800,2,1.16875,227194.40020751953,48800,2,1.0375,226103.04354858398,48800,2,1.0375,228856.8761291504,48800,2,1.0375,248293.10777282715,48800,2,1.0375,226245.14698791504,48800,2,1.0375,242867.68479919434,48800,2,1.0375,395437.9831085205,48800,2,1.16875,394958.0771636963,48800,2,1.16875,385186.7869873047,48800,2,1.16875,956717.4404449463,48800,2,1.16875,372914.6220397949,48800,2,1.16875,372222.976272583,48800,2,1.16875,359451.1127471924,48800,2,1.16875,233580.15507507324,48800,2,1.0375,237530.10861206055,48800,2,1.0375,31790632.52442932,5402,400,2502,400,400,2036,2853,400,5402,400,400,400,5395,400,400,400,400,400,400,400,400,400,400,400,2565,400,2440,400,400,400,400,3633,0,0,0,0,0,0,0,0,0,0,0,0,0,0,0,0,0,0,0,0,0,0,0,0,0,0,14.285715103149414,4.761904716491699,0,0,0,0,20475,15905,8059,35,0,20475,13200,12057,45,0,66718994432,8589930496,35019137024,1048576
199,1791565286972,2843828.9123687744,3050,2,1.1125,227194.40036010742,48800,2,1.1125,226103.04364013672,48800,2,1.1125,228856.8762512207,48800,2,0.93125,248293.10794067383,48800,2,0.93125,226245.14712524414,48800,2,0.93125,242867.68515014648,48800,2,0.93125,395437.98751831055,3050,2,1.1125,394958.08071899414,3050,2,1.1125,385186.79695129395,3050,2,1.1125,956717.5145111084,3050,0,1.1125,372914.62312316895,3050,2,1.1125,372222.97747802734,3050,2,1.1125,359451.1137390137,3050,2,1.1125,233580.15518188477,48800,2,1.1125,237530.10870361328,48800,2,1.1125,31790642.93812561,5402,400,2502,400,400,2036,2853,400,5402,400,400,400,5395,400,400,400,400,400,400,400,400,400,400,400,2565,400,2440,400,400,400,400,3633,0,0,0,0,0,0,0,0,0,0,0,0,0,0,0,0,0,0,0,0,0,0,0,0,0,0,12.5,0,0,0,0,0,20475,15905,8059,35,0,20475,13200,12057,45,0,66718994432,8589930496,35019137024,1048576
200,1791565287172,2843828.9317626953,3050,2,0.31874999999999987,227194.4005279541,48800,2,0.925,226103.0438079834,48800,2,0.925,228856.87643432617,48800,2,0.925,248293.10818481445,48800,2,0.925,226245.14729309082,48800,2,0.925,242867.6855316162,48800,2,0.925,395437.99311828613,3050,2,0.31874999999999987,394958.0855407715,3050,2,0.31874999999999987,385186.8068084717,3050,2,0.31874999999999987,956717.5944976807,3050,0,0.31874999999999987,372914.6248779297,3050,2,0.31874999999999987,372222.97917175293,3050,2,0.31874999999999987,359451.1153869629,3050,2,0.31874999999999987,233580.15534973145,48800,2,0.925,237530.10890197754,48800,2,0.925,31790653.608016968,5402,400,2502,400,400,2036,2853,400,5402,400,400,400,5395,400,400,400,400,400,400,400,400,400,400,400,2565,400,2440,400,400,400,400,3633,0,0,0,0,0,0,0,0,0,0,0,0,0,10.526315689086914,0,0,0,0,0,0,0,0,0,4.761904716491699,0,0,0,0,0,0,0,0,20475,15905,8045,35,0,20475,13200,12057,45,0,66718994432,8589930496,35001761792,1048576
199,1791565287372,2843828.9383392334,48800,2,1.09375,227194.4006500244,48800,2,0.9625,226103.04391479492,48800,2,0.9625,228856.87655639648,48800,2,0.9625,248293.10835266113,48800,2,0.9625,226245.14739990234,48800,2,0.9625,242867.68565368652,48800,2,0.9625,395437.9942626953,48800,2,1.09375,394958.08811950684,48800,2,1.09375,385186.8132019043,48800,2,1.09375,956717.674041748,48800,2,1.09375,372914.625869751,48800,2,1.09375,372222.9803314209,48800,2,1.09375,359451.1163635254,48800,2,1.09375,233580.15547180176,48800,2,0.9625,237530.10900878906,48800,2,0.9625,31790663.909332275,5402,400,2502,400,400,2036,2853,400,5402,400,400,400,5395,400,400,400,400,400,400,400,400,400,400,400,2565,400,2440,400,400,400,400,3633,0,0,0,0,0,0,0,0,0,0,0,0,0,14.285715103149414,0,0,0,0,0,0,0,0,0,0,0,0,0,0,0,0,0,0,20475,15905,8045,35,0,20475,13200,11981,44,0,66718994432,8589930496,35019186176,1048576
199,1791565287573,2843828.9491882324,48800,2,1.16875,227194.40074157715,48800,2,1.05,226103.04400634766,48800,2,1.05,228856.87664794922,48800,2,1.05,248293.10850524902,48800,2,1.05,226245.14750671387,48800,2,1.05,242867.68577575684,48800,2,1.05,395437.9961090088,48800,2,1.16875,394958.0905456543,48800,2,1.16875,385186.8186340332,3050,2,1.05625,956717.7475891113,3050,2,1.05625,372914.6269683838,3050,2,1.05625,372222.9814605713,3050,2,1.05625,359451.11740112305,3050,2,1.05625,233580.1556854248,48800,2,1.05,237530.1091003418,48800,2,1.05,31790674.421539307,5402,400,2502,400,400,2036,2853,400,5402,400,400,400,5395,400,400,400,400,400,400,400,400,400,400,400,2565,400,2440,400,400,400,400,3633,5,0,0,0,0,0,0,0,0,0,0,0,0,10.526315689086914,0,0,0,0,0,0,0,0,0,0,0,0,0,0,4.761904716491699,0,0,0,20475,15905,8045,35,0,20475,13200,11981,44,0,66718994432,8589930496,35019186176,1048576
199,1791565287773,2843828.9540863037,48800,2,1.125,227194.4008178711,48800,2,1.125,226103.0440673828,48800,2,1.125,228856.87670898438,48800,2,0.93125,248293.10864257813,48800,2,0.93125,226245.14756774902,48800,2,0.93125,242867.68585205078,48800,2,0.93125,395437.99925231934,48800,2,1.125,394958.0926513672,48800,2,1.125,385186.82510375977,48800,2,1.125,956717.8244018555,48800,2,1.125,372914.6294555664,48800,2,1.125,372222.98237609863,48800,2,1.125,359451.11834716797,48800,2,1.125,233580.15574645996,48800,2,1.125,237530.10916137695,48800,2,1.125,31790684.75933838,5402,400,2502,400,400,2036,2853,400,5402,400,400,400,5395,400,400,400,400,400,400,400,400,400,400,400,2565,400,2440,400,400,400,400,3633,0,0,0,0,0,0,0,0,0,0,0,0,4.761904716491699,14.285715103149414,0,0,0,0,0,0,0,0,0,0,0,0,0,0,0,0,0,0,20475,15905,8045,35,0,20475,13200,11981,44,0,66718994432,8589930496,35019182080,1048576
199,1791565287973,2843828.9615478516,48800,2,1.16875,227194.40089416504,48800,2,1.16875,226103.04412841797,48800,2,1.16875,228856.87678527832,48800,2,1.16875,248293.10876464844,16133.333333333334,2,0.975,226245.14764404297,16133.333333333334,2,0.975,242867.68592834473,16133.333333333334,2,0.975,395438.0020751953,48800,2,1.16875,394958.0958404541,48800,2,1.16875,385186.83013916016,48800,2,1.16875,956717.89402771,48800,2,1.16875,372914.63313293457,48800,2,1.16875,372222.9832611084,48800,2,1.16875,359451.11920166016,48800,2,1.16875,233580.15580749512,48800,2,1.16875,237530.1092224121,48800,2,1.16875,31790695.129852295,5402,400,2502,400,400,2036,2853,400,5402,400,400,400,5395,400,400,400,400,400,400,400,400,400,400,400,2565,400,2440,400,400,400,400,3633,0,0,0,0,0,0,0,0,0,0,0,0,0,10.526315689086914,0,0,0,0,0,0,0,0,0,0,0,0,4.761904716491699,0,0,0,0,0,20475,15905,8045,35,0,20475,13200,11981,44,0,66718994432,8589930496,35019182080,1048576
199,1791565288173,2843828.973602295,48800,2,0.96875,227194.4011077881,48800,2,0.625,226103.04428100586,48800,2,0.625,228856.8769378662,48800,2,0.625,248293.10899353027,48800,2,0.625,226245.14779663086,48800,2,0.625,242867.68620300293,48800,2,0.625,395438.0041503906,48800,2,0.96875,394958.0989227295,48800,2,0.96875,385186.8351135254,48800,2,0.96875,956718.0379180908,48800,2,0.96875,372914.6369628906,48800,2,0.96875,372222.984375,48800,2,0.96875,359451.1204223633,48800,2,0.96875,233580.155960083,48800,2,0.625,237530.10946655273,48800,2,0.625,31790705.804595947,5402,400,2502,400,400,2036,2853,400,5402,400,400,400,5395,400,400,400,400,400,400,400,400,400,400,400,2565,400,2440,400,400,400,400,3633,5,0,0,0,0,0,0,0,0,0,0,0,0,14.285715103149414,0,0,0,0,0,0,0,0,0,0,0,0,0,0,0,0,0,0,20475,15905,8127,35,0,20475,13200,11981,44,0,66718994432,8589930496,35019182080,1048576
199,1791565288374,2843828.9796295166,48800,2,1.075,227194.40119934082,48800,2,1.06875,226103.0443725586,48800,2,1.06875,228856.87702941895,48800,2,1.06875,248293.10913085938,48800,2,1.06875,226245.1478881836,48800,2,1.06875,242867.68630981445,48800,2,1.06875,395438.0079650879,3050,2,1.075,394958.1007537842,3050,2,1.075,385186.8388366699,3050,0,1.075,956718.1144714355,3050,0,1.075,372914.6396484375,3050,2,1.075,372222.985244751,3050,2,1.075,359451.12130737305,3050,2,1.075,233580.15605163574,48800,2,1.06875,237530.10955810547,48800,2,1.06875,31790716.076049805,5402,400,2502,400,400,2036,2853,400,5402,400,400,400,5395,400,400,400,400,400,400,400,400,400,400,400,2565,400,2440,400,400,400,400,3633,0,0,0,0,0,0,0,0,0,0,0,0,0,15.000000953674316,0,0,0,0,0,0,0,0,0,0,0,0,0,0,0,0,0,0,20475,15905,8127,35,0,20475,13200,11934,44,0,66718994432,8589930496,35019182080,1048576
199,1791565288574,2843828.985458374,48800,2,1.1375,227194.40129089355,48800,2,1.13125,226103.04446411133,48800,2,1.13125,228856.87712097168,48800,2,1.13125,248293.1093902588,48800,2,1.13125,226245.14799499512,48800,2,1.13125,242867.68641662598,48800,2,1.13125,395438.0120239258,48800,2,1.1375,394958.102935791,48800,2,1.1375,385186.84312438965,48800,2,1.1375,956718.2073974609,48800,2,1.1375,372914.6419830322,48800,2,1.1375,372222.98609924316,48800,2,1.1375,359451.12216186523,48800,2,1.1375,233580.15614318848,48800,2,1.13125,237530.109664917,48800,2,1.13125,31790726.242919922,5402,400,2502,400,400,2036,2853,400,5402,400,400,400,5395,400,400,400,400,400,400,400,400,400,400,400,2565,400,2440,400,400,400,400,3633,4.761904716491699,0,0,0,0,0,0,0,0,0,0,0,0,10.526315689086914,0,0,0,0,0,0,0,0,0,0,0,0,0,0,0,0,0,0,20475,15905,8127,35,0,20475,13200,11934,44,0,66718994432,8589930496,35019177984,1048576
199,1791565288774,2843828.993789673,3050,2,1.05,227194.40141296387,48800,2,0.93125,226103.04458618164,48800,2,0.93125,228856.877243042,48800,2,0.93125,248293.1096343994,48800,2,0.93125,226245.14811706543,48800,2,0.93125,242867.68655395508,48800,2,0.93125,395438.014251709,3050,2,1.05,394958.10580444336,3050,2,1.05,385186.8465270996,3050,2,1.05,956718.2805938721,3050,0,1.05,372914.6441040039,3050,2,1.05,372222.9869995117,3050,2,1.05,359451.1230316162,3050,2,1.05,233580.15628051758,48800,2,1.05,237530.1097869873,48800,2,1.05,31790736.48527527,5402,400,2502,400,400,2036,2853,400,5402,400,400,400,5395,400,400,400,400,400,400,400,400,400,400,400,2565,400,2440,400,400,400,400,3633,0,0,0,0,0,0,0,0,0,0,0,0,0,14.285715103149414,0,0,0,0,0,0,0,0,0,0,0,0,0,0,0,0,0,0,20475,15905,8127,35,0,20475,13200,11934,44,0,66718994432,8589930496,35019177984,1048576
199,1791565288975,2843829.0021514893,48800,2,1.05625,227194.4015045166,48800,2,0.9812500000000001,226103.04467773438,48800,2,0.9812500000000001,228856.87733459473,48800,2,0.9812500000000001,248293.1098022461,48800,2,0.9812500000000001,226245.14822387695,48800,2,0.9812500000000001,242867.6866607666,48800,2,0.9812500000000001,395438.01794433594,48800,2,1.05625,394958.1088256836,48800,2,1.05625,385186.8501739502,48800,2,1.05625,956718.3479614258,48800,2,1.05625,372914.6463623047,48800,2,1.05625,372222.98794555664,48800,2,1.05625,359451.1239013672,48800,2,1.05625,233580.1563720703,48800,2,0.9812500000000001,237530.10990905762,48800,2,0.9812500000000001,31790746.96659851,5402,400,2502,400,400,2036,2853,400,5402,400,400,400,5395,400,400,400,400,400,400,400,400,400,400,400,2565,400,2440,400,400,400,400,3633,0,0,0,0,0,0,0,0,0,0,0,0,0,10.526315689086914,0,0,0,0,0,0,0,0,0,0,0,0,0,0,0,0,0,0,20475,15905,8127,35,0,20475,13200,11934,44,0,66718994432,8589930496,35019177984,1048576
199,1791565289175,2843829.0134887695,48800,2,0.58125,227194.40156555176,48800,2,0.925,226103.04473876953,48800,2,0.925,228856.87741088867,48800,2,0.925,248293.10997009277,48800,2,0.925,226245.1483001709,48800,2,0.925,242867.68675231934,48800,2,0.925,395438.01960754395,48800,2,0.58125,394958.111038208,48800,2,0.58125,385186.8564453125,48800,2,0.58125,956718.4218444824,48800,2,0.58125,372914.6485443115,3050,2,0.4937499999999999,372222.988861084,3050,2,0.4937499999999999,359451.12480163574,3050,2,0.4937499999999999,233580.15643310547,48800,2,0.925,237530.10998535156,48800,2,0.925,31790757.455841064,5402,400,2502,400,400,2036,2853,400,5402,400,400,400,5395,400,400,400,400,400,400,400,400,400,400,400,2565,400,2440,400,400,400,400,3633,5,0,0,0,0,0,0,0,0,0,0,0,0,14.285715103149414,0,0,0,0,0,0,0,0,0,0,0,0,0,0,0,0,0,0,20475,15905,8223,35,0,20475,13200,11934,44,0,66718994432,8589930496,35019177984,1048576
199,1791565289375,2843829.021560669,3050,2,1.10625,227194.4016571045,48800,2,1.1125,226103.04483032227,48800,2,1.1125,228856.8775024414,48800,2,1.1125,248293.1101989746,48800,2,0.93125,226245.14839172363,48800,2,0.93125,242867.68684387207,48800,2,0.93125,395438.0207672119,3050,2,1.10625,394958.11476135254,3050,2,1.10625,385186.8601989746,3050,2,1.10625,956718.4942321777,3050,0,1.10625,372914.6499633789,3050,2,1.10625,372222.98962402344,3050,2,1.10625,359451.1255340576,3050,2,1.10625,233580.15663146973,48800,2,1.1125,237530.1100921631,48800,2,1.1125,31790767.60675049,5402,400,2502,400,400,2036,2853,400,5402,400,400,400,5395,400,400,400,400,400,400,400,400,400,400,400,2565,400,2440,400,400,400,400,3633,0,0,0,0,0,0,0,0,0,0,0,0,0,10.526315689086914,0,0,0,0,0,0,0,0,0,0,0,0,0,0,0,0,0,0,20475,15905,8223,35,0,20475,13200,11955,44,0,66718994432,8589930496,35017183232,1048576
200,1791565289575,2843829.030029297,3050,2,0.9125,227194.40182495117,48800,2,0.925,226103.04791259766,48800,2,0.925,228856.87770080566,48800,2,0.925,248293.11045837402,48800,2,0.925,226245.1485595703,48800,2,0.925,242867.68699645996,48800,2,0.925,395438.02407836914,3050,2,0.9125,394958.11892700195,3050,2,0.9125,385186.8649902344,3050,2,0.9125,956718.5647583008,3050,0,0.9125,372914.65368652344,3050,2,0.9125,372222.9935760498,3050,2,0.9125,359451.1267089844,3050,2,0.9125,233580.15809631348,48800,2,0.925,237530.11026000977,48800,2,0.925,31790778.352722168,5402,400,2502,400,400,2036,2853,400,5402,400,400,400,5395,400,400,400,400,400,400,400,400,400,400,400,2565,400,2440,400,400,400,400,3633,0,0,0,0,0,0,0,0,0,0,0,0,0,14.285715103149414,0,0,0,0,0,0,0,0,0,0,0,0,0,0,0,0,0,0,20475,15905,8223,35,0,20475,13200,11955,44,0,66718994432,8589930496,35017695232,1048576
199,1791565289775,2843829.0400390625,48800,2,1.09375,227194.40202331543,48800,2,1.1,226103.0486755371,48800,2,0.9625,228856.87788391113,48800,2,0.9625,248293.11071777344,48800,2,0.9625,226245.14874267578,48800,2,0.9625,242867.68717956543,48800,2,0.9625,395438.0269165039,48800,2,1.09375,394958.12188720703,48800,2,1.09375,385186.8678588867,48800,2,1.09375,956718.638381958,48800,2,1.09375,372914.65464782715,48800,2,1.09375,372222.9948272705,48800,2,1.09375,359451.1276245117,48800,2,1.09375,233580.15850830078,48800,2,1.1,237530.11044311523,48800,2,1.1,31790788.78593445,5402,400,2502,400,400,2036,2853,400,5402,400,400,400,5395,400,400,400,400,400,400,400,400,400,400,400,2565,400,2440,400,400,400,400,3633,0,0,0,0,0,0,0,0,0,0,0,0,0,15.000000953674316,0,0,0,0,0,0,0,0,0,0,0,0,0,0,0,0,0,0,20475,15905,8223,35,0,20475,13200,11955,44,0,66718994432,8589930496,35017695232,1048576
199,1791565289976,2843829.0514831543,48800,2,0.91875,227194.40211486816,48800,2,0.5875,226103.04872131348,48800,2,0.5875,228856.87797546387,48800,2,0.5875,248293.11083984375,48800,2,0.5875,226245.14878845215,48800,2,0.5875,242867.6872253418,48800,2,0.5875,395438.0294494629,48800,2,0.91875,394958.1238555908,48800,2,0.91875,385186.8726348877,48800,2,0.91875,956718.7102813721,48800,2,0.91875,372914.6564025879,48800,2,0.91875,372222.99577331543,48800,2,0.91875,359451.12855529785,48800,2,0.91875,233580.15908813477,48800,2,0.5875,237530.1104888916,48800,2,0.5875,31790799.232299805,5402,400,2502,400,400,2036,2853,400,5402,400,400,400,5395,400,400,400,400,400,400,400,400,400,400,400,2565,400,2440,400,400,400,400,3633,0,0,0,0,0,0,0,0,0,0,0,0,0,15.000000953674316,0,0,0,0,0,0,0,0,0,0,0,0,0,0,0,0,0,0,20475,15905,8223,35,0,20475,13200,11955,44,0,66718994432,8589930496,35017695232,1048576
199,1791565290176,2843829.0656433105,48800,2,0.38749999999999996,227194.40310668945,48800,2,0.53125,226103.04890441895,48800,2,0.53125,228856.87815856934,48800,2,0.53125,248293.11109924316,48800,2,0.53125,226245.1489868164,48800,2,0.53125,242867.68739318848,48800,2,0.53125,395438.03324890137,48800,2,0.38749999999999996,394958.1257324219,48800,2,0.38749999999999996,385186.87757873535,48800,2,0.38749999999999996,956718.7843170166,48800,2,0.38749999999999996,372914.6573791504,48800,2,0.91875,372222.99687194824,3050,2,0.91875,359451.1294250488,3050,2,0.91875,233580.15950012207,48800,2,0.53125,237530.11067199707,48800,2,0.53125,31790809.869628906,5402,400,2502,400,400,2036,2853,400,5402,400,400,400,5395,400,400,400,400,400,400,400,400,400,400,400,2565,400,2440,400,400,400,400,3633,4.761904716491699,0,0,0,0,0,0,0,0,0,0,0,0,10,0,0,0,0,0,0,0,0,0,0,0,0,0,0,0,0,0,0,20475,15905,8229,35,0,20475,13200,11955,44,0,66718994432,8589930496,35017695232,1048576
199,1791565290376,2843829.0764312744,3050,0,0.55625,227194.40322875977,16133.333333333334,2,0.93125,226103.04901123047,16133.333333333334,2,0.93125,228856.87828063965,16133.333333333334,2,0.93125,248293.11129760742,16133.333333333334,0,0.93125,226245.14909362793,16133.333333333334,2,0.93125,242867.6875,16133.333333333334,2,0.93125,395438.0359802246,3050,0,0.55625,394958.1279449463,3050,2,0.55625,385186.8802642822,3050,0,0.55625,956718.8580627441,3050,0,0.55625,372914.6598510742,3050,2,0.55625,372222.99772644043,3050,2,0.55625,359451.13020324707,3050,2,0.55625,233580.15971374512,16133.333333333334,2,0.93125,237530.1107788086,16133.333333333334,2,0.93125,31790820.149108887,5402,400,2502,400,400,2036,2853,400,5402,400,400,400,5395,400,400,400,400,400,400,400,400,400,400,400,2565,400,2440,400,400,400,400,3633,0,0,0,0,0,0,0,0,0,0,0,0,0,10.526315689086914,0,0,0,0,0,0,0,0,0,0,0,0,0,0,0,0,0,0,20475,15905,8229,35,0,20475,13200,11995,44,0,66718994432,8589930496,35015454720,1048576
200,1791565290576,2843829.0843200684,3050,2,1.11875,227194.40339660645,48800,2,1.13125,226103.04916381836,48800,2,1.13125,228856.87843322754,48800,2,0.93125,248293.11149597168,48800,2,0.93125,226245.14924621582,48800,2,0.93125,242867.6876525879,48800,2,0.93125,395438.04301452637,3050,2,1.11875,394958.129989624,3050,2,1.11875,385186.8833312988,3050,2,1.11875,956718.9321289063,3050,0,1.11875,372914.6611175537,3050,2,1.11875,372222.9991455078,3050,2,1.11875,359451.131149292,3050,2,1.11875,233580.15995788574,48800,2,1.13125,237530.1109161377,48800,2,1.13125,31790830.65475464,5402,400,2502,400,400,2036,2853,400,5402,400,400,400,5395,400,400,400,400,400,400,400,400,400,400,400,2565,400,2440,400,400,400,400,3633,0,0,0,0,0,0,0,0,0,0,0,0,0,14.285715103149414,0,0,0,0,0,0,0,0,0,4.761904716491699,0,0,0,0,0,0,0,0,20475,15905,8229,35,0,20475,13200,11995,44,0,66718994432,8589930496,35016716288,1048576
199,1791565290776,2843829.095474243,48800,2,1.175,227194.4034576416,48800,2,0.9625,226103.04922485352,48800,2,0.9625,228856.8784942627,48800,2,0.9625,248293.11207580566,48800,2,0.9625,226245.14930725098,48800,2,0.9625,242867.68771362305,48800,2,0.9625,395438.04766845703,48800,2,1.175,394958.1326599121,48800,2,1.175,385186.88552856445,48800,2,1.175,956719.0062713623,48800,2,1.175,372914.6640625,48800,2,1.175,372223.0001068115,48800,2,1.175,359451.13191223145,48800,2,1.175,233580.16020202637,48800,2,0.9625,237530.11099243164,48800,2,0.9625,31790840.880859375,5402,400,2502,400,400,2036,2853,400,5402,400,400,400,5395,400,400,400,400,400,400,400,400,400,400,400,2565,400,2440,400,400,400,400,3633,0,4.761904716491699,0,0,0,0,0,0,0,0,0,0,0,10.526315689086914,0,0,0,0,0,0,0,0,0,0,0,0,0,0,0,0,0,0,20475,15905,8229,35,0,20475,13200,11995,44,0,66718994432,8589930496,35016716288,1048576
199,1791565290977,2843829.104598999,48800,2,0.91875,227194.40364074707,48800,2,0.58125,226103.04933166504,48800,2,0.58125,228856.87867736816,48800,2,0.58125,248293.1123046875,48800,2,0.58125,226245.14944458008,48800,2,0.58125,242867.68785095215,48800,2,0.58125,395438.0498046875,48800,2,0.91875,394958.1420135498,48800,2,0.91875,385186.88887023926,48800,2,0.91875,956719.0805053711,48800,2,0.91875,372914.66593933105,48800,2,0.91875,372223.00115966797,48800,2,0.91875,359451.1329345703,48800,2,0.91875,233580.16050720215,48800,2,0.58125,237530.11109924316,48800,2,0.58125,31790851.45918274,5402,400,2502,400,400,2036,2853,400,5402,400,400,400,5395,400,400,400,400,400,400,400,400,400,400,400,2565,400,2440,400,400,400,400,3633,0,0,0,0,0,0,0,0,0,0,0,0,4.761904716491699,14.285715103149414,0,0,0,0,0,0,0,0,0,4.761904716491699,0,0,0,0,0,0,0,0,20475,15905,8229,35,0,20475,13200,11995,44,0,66718994432,8589930496,35016716288,1048576
199,1791565291177,2843829.1254730225,48800,2,0.5875,227194.40379333496,48800,2,0.925,226103.04946899414,48800,2,0.925,228856.87881469727,48800,2,0.925,248293.11270141602,48800,2,0.925,226245.14961242676,48800,2,0.925,242867.68800354004,48800,2,0.925,395438.0611419678,48800,2,0.5875,394958.1496887207,48800,2,0.5875,385186.8955230713,48800,2,0.5875,956719.1547088623,48800,2,0.5875,372914.66748046875,48800,2,0.5875,372223.0024719238,48800,2,0.5875,359451.134185791,3050,2,0.48750000000000004,233580.16081237793,48800,2,0.925,237530.11126708984,48800,2,0.925,31790862.417892456,5402,400,2502,400,400,2036,2853,400,5402,400,400,400,5395,400,400,400,400,400,400,400,400,400,400,400,2565,400,2440,400,400,400,400,3633,0,0,0,0,0,0,0,0,0,0,0,0,0,15.000000953674316,0,0,0,0,0,0,0,0,0,0,0,0,0,0,0,0,0,0,20475,15905,8148,34,0,20475,13200,11995,44,0,66718994432,8589930496,35016716288,1048576
199,1791565291377,2843829.135498047,3050,2,1.09375,227194.40390014648,48800,2,1.1,226103.04957580566,48800,2,1.1,228856.8789215088,48800,2,1.1,248293.11289978027,48800,2,0.925,226245.14971923828,48800,2,0.925,242867.68811035156,48800,2,0.925,395438.0639953613,3050,2,1.09375,394958.15284729004,3050,2,1.09375,385186.89961242676,3050,0,1.09375,956719.228515625,3050,0,1.09375,372914.6683807373,3050,2,1.09375,372223.0035095215,3050,2,1.09375,359451.1350097656,3050,2,1.09375,233580.16102600098,48800,2,1.1,237530.11135864258,48800,2,1.1,31790872.776641846,5402,400,2502,400,400,2036,2853,400,5402,400,400,400,5395,400,400,400,400,400,400,400,400,400,400,400,2565,400,2440,400,400,400,400,3633,0,0,0,0,0,0,0,0,0,0,0,0,0,15.000000953674316,0,0,0,0,0,0,0,0,0,0,0,0,0,0,0,0,0,0,20475,15905,8148,34,0,20475,13200,11957,44,0,66718994432,8589930496,35016712192,1048576
200,1791565291577,2843829.1466674805,48800,2,1.13125,227194.40405273438,48800,2,0.93125,226103.04971313477,48800,2,0.93125,228856.8790588379,48800,2,0.93125,248293.1131439209,48800,2,0.93125,226245.14985656738,48800,2,0.93125,242867.68824768066,48800,2,0.93125,395438.06787109375,48800,2,1.13125,394958.1547241211,48800,2,1.13125,385186.90312194824,48800,2,1.13125,956719.3001251221,48800,2,1.13125,372914.6693267822,48800,2,1.13125,372223.0044403076,48800,2,1.13125,359451.1358642578,48800,2,1.13125,233580.1612854004,48800,2,1.125,237530.11149597168,48800,2,0.93125,31790883.098342896,5402,400,2502,400,400,2036,2853,400,5402,400,400,400,5395,400,400,400,400,400,400,400,400,400,400,400,2565,400,2440,400,400,400,400,3633,4.761904716491699,0,0,0,0,0,0,0,0,0,0,0,0,10,0,0,0,0,0,0,0,0,0,0,0,0,0,0,0,0,0,0,20475,15905,8148,34,0,20475,13200,11957,44,0,66718994432,8589930496,35016712192,1048576
199,1791565291778,2843829.157546997,48800,2,1.175,227194.4041442871,48800,2,1.025,226103.0497894287,48800,2,1.025,228856.87915039063,48800,2,1.025,248293.11331176758,48800,2,1.025,226245.14993286133,48800,2,1.025,242867.6883239746,48800,2,1.025,395438.0700378418,48800,2,1.175,394958.1565246582,48800,2,1.175,385186.9058380127,48800,2,1.175,956719.3701782227,48800,2,1.175,372914.6700897217,48800,2,1.01875,372223.005279541,3050,2,1.01875,359451.1366119385,3050,2,1.01875,233580.16148376465,48800,2,1.025,237530.11157226563,48800,2,1.025,31790893.369537354,5402,400,2502,400,400,2036,2853,400,5402,400,400,400,5395,400,400,400,400,400,400,400,400,400,400,400,2565,400,2440,400,400,400,400,3633,0,0,0,0,0,0,0,0,0,0,0,0,0,15.000000953674316,0,0,0,0,0,0,0,0,0,0,0,0,0,0,0,0,0,0,20475,15905,8148,34,0,20475,13200,11957,44,0,66718994432,8589930496,35016712192,1048576
199,1791565291978,2843829.168701172,48800,2,0.51875,227194.40426635742,48800,2,0.93125,226103.04991149902,48800,2,0.93125,228856.87928771973,48800,2,0.93125,248293.1135559082,48800,2,0.93125,226245.15005493164,48800,2,0.93125,242867.68844604492,48800,2,0.93125,395438.074508667,48800,2,0.51875,394958.1597290039,48800,2,0.51875,385186.90992736816,3050,2,0.4125000000000001,956719.4431762695,3050,2,0.4125000000000001,372914.6711730957,3050,2,0.4125000000000001,372223.0063781738,3050,2,0.4125000000000001,359451.13763427734,3050,2,0.4125000000000001,233580.16171264648,48800,2,0.93125,237530.11167907715,48800,2,0.93125,31790904.05432129,5402,400,2502,400,400,2036,2853,400,5402,400,400,400,5395,400,400,400,400,400,400,400,400,400,400,400,2565,400,2440,400,400,400,400,3633,0,0,0,0,0,0,0,0,0,0,0,0,0,10,0,0,0,0,0,0,0,0,0,0,0,0,0,0,0,0,0,0,20475,15905,8148,34,0,20475,13200,11957,44,0,66718994432,8589930496,35016712192,1048576
199,1791565292178,2843829.178451538,48800,2,1.125,227194.40440368652,48800,2,1.11875,226103.05001831055,48800,2,1.11875,228856.87939453125,48800,2,0.93125,248293.11378479004,48800,2,0.93125,226245.15017700195,48800,2,0.93125,242867.68855285645,48800,2,0.93125,395438.0839996338,48800,2,1.125,394958.1631011963,48800,2,1.125,385186.91902160645,48800,2,1.125,956719.5214996338,48800,2,1.125,372914.6750946045,48800,2,1.125,372223.0079803467,48800,2,1.125,359451.1388092041,48800,2,1.125,233580.16232299805,48800,2,1.11875,237530.1118774414,48800,2,1.11875,31790914.744903564,5402,400,2502,400,400,2036,2853,400,5402,400,400,400,5395,400,400,400,400,400,400,400,400,400,400,400,2565,400,2440,400,400,400,400,3633,0,0,0,0,0,0,0,0,0,0,0,0,0,15.000000953674316,0,0,0,0,0,0,0,0,0,0,0,0,0,0,0,0,0,0,20475,15905,8115,34,0,20475,13200,11957,44,0,66718994432,8589930496,35016708096,1048576
199,1791565292378,2843829.1866760254,48800,2,1.175,227194.40454101563,48800,2,0.96875,226103.05014038086,48800,2,0.96875,228856.87951660156,48800,2,0.96875,248293.1139678955,48800,2,0.96875,226245.15029907227,48800,2,0.96875,242867.68865966797,48800,2,0.96875,395438.08918762207,48800,2,1.175,394958.167388916,48800,2,1.175,385186.92193603516,48800,2,1.175,956719.5907287598,48800,2,1.175,372914.6771850586,48800,2,1.175,372223.008895874,48800,2,1.175,359451.1396484375,48800,2,1.175,233580.16259765625,48800,2,0.96875,237530.11198425293,48800,2,0.96875,31790925.063858032,5402,400,2502,400,400,2036,2853,400,5402,400,400,400,5395,400,400,400,400,400,400,400,400,400,400,400,2565,400,2440,400,400,400,400,3633,0,0,0,0,0,0,0,0,0,0,0,0,0,10.526315689086914,0,0,0,0,0,0,0,0,0,0,0,0,0,0,0,0,0,0,20475,15905,8115,34,0,20475,13200,11923,44,0,66718994432,8589930496,35015303168,1048576
199,1791565292579,2843829.19581604,48800,2,1.16875,227194.40464782715,16133.333333333334,2,1.025,226103.0502319336,16133.333333333334,2,1.025,228856.8796234131,16133.333333333334,2,1.025,248293.11421203613,16133.333333333334,0,1.025,226245.1504058838,16133.333333333334,2,1.025,242867.6887664795,16133.333333333334,2,1.025,395438.09117126465,48800,2,1.16875,394958.17155456543,48800,2,1.16875,385186.92587280273,48800,2,1.16875,956719.6636047363,48800,2,1.16875,372914.68005371094,48800,2,1.16875,372223.00981140137,48800,2,1.16875,359451.1404724121,48800,2,1.16875,233580.16290283203,16133.333333333334,2,1.025,237530.11207580566,16133.333333333334,2,1.025,31790935.40185547,5402,400,2502,400,400,2036,2853,400,5402,400,400,400,5395,400,400,400,400,400,400,400,400,400,400,400,2565,400,2440,400,400,400,400,3633,0,0,0,0,0,0,0,0,0,0,0,0,0,14.285715103149414,0,0,0,0,0,0,0,0,0,0,0,0,4.761904716491699,0,0,0,0,0,20475,15905,8115,34,0,20475,13200,11923,44,0,66718994432,8589930496,35016564736,1048576
199,1791565292779,2843829.203109741,3050,2,1.10625,227194.40480041504,48800,2,1.09375,226103.0503692627,48800,2,1.09375,228856.8797607422,48800,2,1.09375,248293.11463928223,48800,2,0.93125,226245.1524963379,48800,2,0.93125,242867.68913269043,48800,2,0.93125,395438.09452819824,3050,2,1.10625,394958.17546081543,3050,2,1.10625,385186.93086242676,3050,2,1.10625,956719.7407684326,3050,0,1.10625,372914.68132019043,3050,2,1.10625,372223.0109100342,3050,2,1.10625,359451.14141845703,3050,2,1.10625,233580.16346740723,48800,2,1.09375,237530.11288452148,48800,2,1.09375,31790946.070404053,5402,400,2502,400,400,2036,2853,400,5402,400,400,400,5395,400,400,400,400,400,400,400,400,400,400,400,2565,400,2440,400,400,400,400,3633,0,0,0,0,0,0,0,0,4.761904716491699,0,0,0,0,15.000000953674316,0,0,0,0,0,0,0,0,0,0,0,0,4.761904716491699,0,0,0,0,0,20475,15905,8115,34,0,20475,13200,11923,44,0,66718994432,8589930496,35016564736,1048576
200,1791565292979,2843829.2136383057,48800,2,1.13125,227194.40489196777,48800,2,0.93125,226103.05044555664,48800,2,0.93125,228856.8798675537,48800,2,0.93125,248293.11489868164,48800,2,0.93125,226245.15257263184,48800,2,0.93125,242867.68920898438,48800,2,0.93125,395438.09704589844,48800,2,1.13125,394958.18045043945,48800,2,1.13125,385186.9332885742,48800,2,1.13125,956719.818649292,48800,2,1.13125,372914.68284606934,48800,2,1.13125,372223.01190185547,48800,2,1.13125,359451.1423339844,48800,2,1.13125,233580.16366577148,48800,2,1.1375,237530.11296081543,48800,2,0.93125,31790956.511505127,5402,400,2502,400,400,2036,2853,400,5402,400,400,400,5395,400,400,400,400,400,400,400,400,400,400,400,2565,400,2440,400,400,400,400,3633,0,0,0,0,0,0,0,0,0,0,0,0,0,10,0,0,0,0,0,0,0,0,0,0,0,0,0,0,0,0,0,0,20475,15905,8115,34,0,20475,13200,11923,44,0,66718994432,8589930496,35016564736,1048576
36,1791565293180,2843829.224838257,48800,2,1.175,227194.40505981445,48800,2,1.0437500000000002,226103.05058288574,48800,2,1.0437500000000002,228856.8800048828,48800,2,1.0437500000000002,248293.11526489258,48800,2,1.0437500000000002,226245.15272521973,48800,2,1.0437500000000002,242867.68934631348,48800,2,1.0437500000000002,395438.1019744873,48800,2,1.175,394958.1872558594,48800,2,1.175,385186.93534851074,48800,2,1.175,956719.893951416,48800,2,1.175,372914.68881225586,3050,2,1.03125,372223.016998291,3050,2,1.03125,359451.14390563965,3050,2,1.03125,233580.16429138184,48800,2,1.0437500000000002,237530.11311340332,48800,2,1.0437500000000002,31790967.45956421,5402,400,2502,400,400,2036,2853,400,5402,400,400,400,5395,400,400,400,400,400,400,400,400,400,400,400,2565,400,2440,400,400,400,400,3633,4.761904716491699,0,0,0,0,0,0,0,0,0,0,0,0,15.000000953674316,0,0,0,0,0,0,0,0,0,0,0,0,0,0,0,0,0,0,20475,15905,8145,34,0,20475,13200,11923,44,0,66718994432,8589930496,35016560640,1048576
