Delta,Time,CORE0_ENERGY (J),CORE0_FREQ (MHZ),CORE0_PSTATE,CORE0_VOLT (V),CORE10_ENERGY (J),CORE10_FREQ (MHZ),CORE10_PSTATE,CORE10_VOLT (V),CORE11_ENERGY (J),CORE11_FREQ (MHZ),CORE11_PSTATE,CORE11_VOLT (V),CORE12_ENERGY (J),CORE12_FREQ (MHZ),CORE12_PSTATE,CORE12_VOLT (V),CORE13_ENERGY (J),CORE13_FREQ (MHZ),CORE13_PSTATE,CORE13_VOLT (V),CORE14_ENERGY (J),CORE14_FREQ (MHZ),CORE14_PSTATE,CORE14_VOLT (V),CORE15_ENERGY (J),CORE15_FREQ (MHZ),CORE15_PSTATE,CORE15_VOLT (V),CORE1_ENERGY (J),CORE1_FREQ (MHZ),CORE1_PSTATE,CORE1_VOLT (V),CORE2_ENERGY (J),CORE2_FREQ (MHZ),CORE2_PSTATE,CORE2_VOLT (V),CORE3_ENERGY (J),CORE3_FREQ (MHZ),CORE3_PSTATE,CORE3_VOLT (V),CORE4_ENERGY (J),CORE4_FREQ (MHZ),CORE4_PSTATE,CORE4_VOLT (V),CORE5_ENERGY (J),CORE5_FREQ (MHZ),CORE5_PSTATE,CORE5_VOLT (V),CORE6_ENERGY (J),CORE6_FREQ (MHZ),CORE6_PSTATE,CORE6_VOLT (V),CORE7_ENERGY (J),CORE7_FREQ (MHZ),CORE7_PSTATE,CORE7_VOLT (V),CORE8_ENERGY (J),CORE8_FREQ (MHZ),CORE8_PSTATE,CORE8_VOLT (V),CORE9_ENERGY (J),CORE9_FREQ (MHZ),CORE9_PSTATE,CORE9_VOLT (V),CPU_ENERGY (J),CPU_FREQUENCY_0,CPU_FREQUENCY_1,CPU_FREQUENCY_10,CPU_FREQUENCY_11,CPU_FREQUENCY_12,CPU_FREQUENCY_13,CPU_FREQUENCY_14,CPU_FREQUENCY_15,CPU_FREQUENCY_16,CPU_FREQUENCY_17,CPU_FREQUENCY_18,CPU_FREQUENCY_19,CPU_FREQUENCY_2,CPU_FREQUENCY_20,CPU_FREQUENCY_21,CPU_FREQUENCY_22,CPU_FREQUENCY_23,CPU_FREQUENCY_24,CPU_FREQUENCY_25,CPU_FREQUENCY_26,CPU_FREQUENCY_27,CPU_FREQUENCY_28,CPU_FREQUENCY_29,CPU_FREQUENCY_3,CPU_FREQUENCY_30,CPU_FREQUENCY_31,CPU_FREQUENCY_4,CPU_FREQUENCY_5,CPU_FREQUENCY_6,CPU_FREQUENCY_7,CPU_FREQUENCY_8,CPU_FREQUENCY_9,CPU_USAGE_0,CPU_USAGE_1,CPU_USAGE_10,CPU_USAGE_11,CPU_USAGE_12,CPU_USAGE_13,CPU_USAGE_14,CPU_USAGE_15,CPU_USAGE_16,CPU_USAGE_17,CPU_USAGE_18,CPU_USAGE_19,CPU_USAGE_2,CPU_USAGE_20,CPU_USAGE_21,CPU_USAGE_22,CPU_USAGE_23,CPU_USAGE_24,CPU_USAGE_25,CPU_USAGE_26,CPU_USAGE_27,CPU_USAGE_28,CPU_USAGE_29,CPU_USAGE_3,CPU_USAGE_30,CPU_USAGE_31,CPU_USAGE_4,CPU_USAGE_5,CPU_USAGE_6,CPU_USAGE_7,CPU_USAGE_8,CPU_USAGE_9,GPU0_MEMORY_TOTAL,GPU0_MEMORY_USED,GPU0_POWER (mWatts),GPU0_TEMPERATURE,GPU0_USAGE,GPU1_MEMORY_TOTAL,GPU1_MEMORY_USED,GPU1_POWER (mWatts),GPU1_TEMPERATURE,GPU1_USAGE,TOTAL_MEMORY,TOTAL_SWAP,USED_MEMORY,USED_SWAP
0,1791349209448,986474.8706817627,3050,2,0.3062499999999999,100071.85873413086,48800,2,0.93125,99138.21369934082,48800,2,0.93125,100468.20378112793,16133.333333333334,2,0.93125,109907.08085632324,16133.333333333334,0,0.93125,99658.90461730957,16133.333333333334,0,0.93125,106925.95712280273,16133.333333333334,0,0.93125,171374.83842468262,3050,2,0.3062499999999999,173142.08735656738,3050,2,0.3062499999999999,170357.55604553223,3050,2,0.3062499999999999,375295.21795654297,3050,0,0.3062499999999999,163387.52839660645,3050,2,0.3062499999999999,162238.1848449707,3050,0,0.3125,157467.6619873047,3050,0,0.3125,102704.6351928711,48800,2,0.93125,104573.30442810059,48800,2,0.93125,12796255.993133545,4617,2456,5044,5054,2496,400,400,400,400,400,400,400,5398,3313,2476,400,2556,400,2419,400,400,400,400,3885,400,400,3409,400,2895,3778,2493,5055,3.7037036418914795,0,0,3.5714287757873535,3.5714287757873535,0,0,0,0,6.896551609039307,0,0,3.5714287757873535,0,0,0,0,0,0,0,0,0,3.5714287757873535,0,0,0,0,0,0,0,0,0,20475,15905,9367,49,0,20475,13200,11689,39,0,66718994432,8589930496,32754606080,524288
200,1791349209448,986474.8720092773,3050,2,0.3062499999999999,100071.86308288574,48800,2,0.65625,99138.21389770508,48800,2,0.65625,100468.20397949219,48800,2,0.65625,109907.0810546875,48800,2,0.65625,99658.90480041504,48800,2,0.65625,106925.95732116699,48800,2,0.65625,171374.83909606934,3050,2,0.3062499999999999,173142.08805847168,3050,2,0.3062499999999999,170357.55670166016,3050,2,0.3062499999999999,375295.27629089355,3050,0,0.3062499999999999,163387.52954101563,3050,2,0.3062499999999999,162238.18548583984,3050,2,0.3062499999999999,157467.66264343262,3050,2,0.3062499999999999,102704.63882446289,48800,2,0.65625,104573.30462646484,48800,2,0.65625,12796258.19946289,4617,2456,5044,5054,2496,400,400,400,400,400,400,400,5398,3313,2476,400,2556,400,2419,400,400,400,400,3885,400,400,3409,400,2895,3778,2493,5055,3.7037036418914795,0,0,3.5714287757873535,3.5714287757873535,0,0,0,0,6.896551609039307,0,0,3.5714287757873535,0,0,0,0,0,0,0,0,0,3.5714287757873535,0,0,0,0,0,0,0,0,0,20475,15905,9367,49,0,20475,13200,11689,39,0,66718994432,8589930496,32754601984,524288
200,1791349209649,986474.8727264404,48800,2,1.16875,100071.8635559082,48800,2,1.09375,99138.21411132813,48800,2,1.09375,100468.20428466797,48800,2,1.09375,109907.08116149902,48800,2,1.09375,99658.9051361084,48800,2,1.09375,106925.95742797852,48800,2,1.09375,171374.83981323242,48800,2,1.16875,173142.0887145996,3050,2,1.08125,170357.56575012207,3050,2,1.08125,375295.348739624,3050,0,1.08125,163387.53030395508,3050,2,1.08125,162238.18614196777,3050,2,1.08125,157467.66329956055,3050,2,1.08125,102704.63891601563,48800,2,1.09375,104573.30471801758,48800,2,1.09375,12796268.031661987,4617,2456,5044,5054,2496,400,400,400,400,400,400,400,5398,3313,2476,400,2556,400,2419,400,400,400,400,3885,400,400,3409,400,2895,3778,2493,5055,0,0,0,0,0,0,0,0,0,0,0,0,0,0,0,0,0,0,0,0,0,0,0,0,0,0,28.571430206298828,0,0,0,0,0,20475,15905,9510,49,0,20475,13200,11689,39,0,66718994432,8589930496,32754597888,524288
200,1791349209849,986474.8737335205,48800,2,1.125,100071.86375427246,48800,2,1.14375,99138.2142944336,48800,2,0.93125,100468.20449829102,48800,2,0.93125,109907.08135986328,48800,2,0.93125,99658.90531921387,48800,2,0.93125,106925.95761108398,48800,2,0.93125,171374.8408050537,48800,2,1.125,173142.08947753906,48800,2,1.125,170357.5665283203,48800,2,1.125,375295.421295166,48800,2,1.125,163387.53160095215,48800,2,1.125,162238.18685913086,48800,2,1.125,157467.6640472412,48800,2,1.125,102704.6390838623,48800,2,1.14375,104573.30491638184,48800,2,1.14375,12796277.85470581,4617,2456,5044,5054,2496,400,400,400,400,400,400,400,5398,3313,2476,400,2556,400,2419,400,400,400,400,3885,400,400,3409,400,2895,3778,2493,5055,0,0,0,0,0,0,0,0,0,0,0,0,0,0,0,0,0,0,0,0,0,0,0,0,0,0,10.526315689086914,0,0,0,0,0,20475,15905,9510,49,0,20475,13200,11689,39,0,66718994432,8589930496,32754593792,524288
199,1791349210050,986474.8760986328,48800,2,1.16875,100071.86376953125,48800,2,1.0375,99138.21430969238,48800,2,1.0375,100468.20454406738,48800,2,1.0375,109907.08137512207,48800,2,1.0375,99658.90533447266,48800,2,1.0375,106925.95762634277,48800,2,1.0375,171374.84141540527,48800,2,1.16875,173142.09007263184,48800,2,1.16875,170357.56715393066,48800,2,1.16875,375295.48762512207,48800,2,1.16875,163387.53240966797,48800,2,1.16875,162238.18742370605,48800,2,1.16875,157467.6646270752,48800,2,1.16875,102704.63912963867,48800,2,1.0375,104573.30493164063,48800,2,1.0375,12796287.383270264,4617,2456,5044,5054,2496,400,400,400,400,400,400,400,5398,3313,2476,400,2556,400,2419,400,400,400,400,3885,400,400,3409,400,2895,3778,2493,5055,0,4.761904716491699,0,0,0,0,0,0,0,0,0,0,0,0,0,0,0,0,0,0,0,0,0,0,0,0,14.285715103149414,0,0,0,0,0,20475,15905,9510,49,0,20475,13200,11717,39,0,66718994432,8589930496,32754593792,524288
200,1791349210250,986474.8774414063,48800,2,0.91875,100071.86380004883,48800,2,0.925,99138.21434020996,48800,2,0.925,100468.20460510254,48800,2,0.925,109907.08142089844,48800,2,0.925,99658.90538024902,48800,2,0.925,106925.95767211914,48800,2,0.925,171374.84204101563,48800,2,0.91875,173142.09065246582,48800,2,0.91875,170357.56776428223,48800,2,0.91875,375295.5549468994,48800,2,0.91875,163387.53338623047,48800,2,0.91875,162238.18801879883,3050,2,0.91875,157467.66520690918,3050,2,0.91875,102704.63919067383,48800,2,0.925,104573.3049621582,48800,2,0.925,12796296.857330322,4617,2456,5044,5054,2496,400,400,400,400,400,400,400,5398,3313,2476,400,2556,400,2419,400,400,400,400,3885,400,400,3409,400,2895,3778,2493,5055,0,0,0,0,0,0,0,0,0,0,0,0,0,0,0,0,0,0,0,0,0,0,0,0,0,0,15.000000953674316,0,0,0,0,0,20475,15905,9510,49,0,20475,13200,11717,39,0,66718994432,8589930496,32754593792,524288
200,1791349210450,986474.8781433105,48800,2,1.1375,100071.8638458252,48800,2,1.13125,99138.21438598633,48800,2,1.13125,100468.2046661377,48800,2,1.13125,109907.08149719238,48800,2,1.13125,99658.90542602539,48800,2,0.925,106925.95771789551,48800,2,0.925,171374.84268188477,48800,2,1.1375,173142.09127807617,48800,2,1.1375,170357.56838989258,48800,2,1.1375,375295.62547302246,48800,2,1.1375,163387.53439331055,48800,2,1.1375,162238.18864440918,48800,2,1.1375,157467.66581726074,48800,2,1.1375,102704.63925170898,48800,2,1.13125,104573.30500793457,48800,2,1.13125,12796306.367660522,4617,2456,5044,5054,2496,400,400,400,400,400,400,400,5398,3313,2476,400,2556,400,2419,400,400,400,400,3885,400,400,3409,400,2895,3778,2493,5055,0,0,0,0,0,0,0,0,0,0,0,0,0,0,0,0,0,0,0,0,0,0,0,0,0,0,10.526315689086914,0,0,0,0,0,20475,15905,9510,49,0,20475,13200,11717,39,0,66718994432,8589930496,32743493632,524288
200,1791349210650,986474.879699707,48800,2,1.175,100071.86390686035,48800,2,0.975,99138.2144317627,48800,2,0.975,100468.20474243164,48800,2,0.975,109907.08155822754,48800,2,0.975,99658.90550231934,48800,2,0.975,106925.95774841309,48800,2,0.975,171374.8433227539,48800,2,1.175,173142.09188842773,48800,2,1.175,170357.56901550293,48800,2,1.175,375295.6938171387,48800,2,1.175,163387.53536987305,48800,2,1.175,162238.18922424316,48800,2,1.175,157467.66641235352,48800,2,1.175,102704.63932800293,48800,2,0.975,104573.30503845215,48800,2,0.975,12796315.907623291,4617,2456,5044,5054,2496,400,400,400,400,400,400,400,5398,3313,2476,400,2556,400,2419,400,400,400,400,3885,400,400,3409,400,2895,3778,2493,5055,0,0,0,0,0,0,0,0,0,0,0,0,0,0,0,0,0,0,0,0,0,0,0,0,0,0,14.285715103149414,0,0,0,0,0,20475,15905,9610,49,0,20475,13200,11717,39,0,66718994432,8589930496,32752361472,524288
200,1791349210851,986474.8810882568,48800,2,1.08125,100071.86393737793,48800,2,1.05,99138.21444702148,48800,2,1.05,100468.20478820801,48800,2,1.05,109907.08158874512,48800,2,1.05,99658.90551757813,48800,2,1.05,106925.95776367188,48800,2,1.05,171374.84391784668,48800,2,1.08125,173142.0924987793,48800,2,1.08125,170357.5696258545,48800,2,1.08125,375295.76065063477,48800,2,1.08125,163387.5362701416,48800,2,1.08125,162238.18980407715,48800,2,1.08125,157467.66702270508,3050,2,1.05,102704.63935852051,48800,2,1.05,104573.30506896973,48800,2,1.05,12796325.542922974,4617,2456,5044,5054,2496,400,400,400,400,400,400,400,5398,3313,2476,400,2556,400,2419,400,400,400,400,3885,400,400,3409,400,2895,3778,2493,5055,0,0,0,0,0,0,0,0,0,0,0,0,0,0,0,0,0,0,0,0,0,0,0,0,0,0,15.000000953674316,0,0,0,0,0,20475,15905,9610,49,0,20475,13200,11717,39,0,66718994432,8589930496,32752357376,524288
199,1791349211051,986474.8818969727,48800,2,1.1125,100071.86399841309,48800,2,1.125,99138.21450805664,48800,2,1.125,100468.20486450195,48800,2,1.125,109907.08166503906,48800,2,1.125,99658.90557861328,48800,2,1.125,106925.95782470703,48800,2,0.93125,171374.84455871582,48800,2,1.1125,173142.09310913086,48800,2,1.1125,170357.57025146484,48800,2,1.1125,375295.8304748535,48800,2,1.1125,163387.53742980957,48800,2,1.1125,162238.19039916992,48800,2,1.1125,157467.66763305664,48800,2,1.1125,102704.63943481445,48800,2,1.125,104573.3051147461,48800,2,1.125,12796335.10772705,4617,2456,5044,5054,2496,400,400,400,400,400,400,400,5398,3313,2476,400,2556,400,2419,400,400,400,400,3885,400,400,3409,400,2895,3778,2493,5055,0,0,0,0,0,0,0,0,0,0,0,0,0,0,0,0,0,0,0,0,0,0,0,0,0,0,10,0,0,0,0,0,20475,15905,9610,49,0,20475,13200,11715,39,0,66718994432,8589930496,32752357376,524288
200,1791349211251,986474.8835449219,3050,0,1.01875,100071.86407470703,48800,2,0.93125,99138.2145690918,48800,2,0.93125,100468.20497131348,48800,2,0.93125,109907.08174133301,48800,2,0.93125,99658.90562438965,48800,2,0.93125,106925.9578704834,48800,2,0.93125,171374.84516906738,3050,2,1.01875,173142.09371948242,3050,2,1.01875,170357.5708618164,3050,2,1.01875,375295.89825439453,3050,2,1.01875,163387.53846740723,3050,2,1.01875,162238.19102478027,3050,2,1.01875,157467.6682281494,3050,2,1.01875,102704.63954162598,48800,2,0.93125,104573.3052368164,48800,2,0.93125,12796344.710449219,4617,2456,5044,5054,2496,400,400,400,400,400,400,400,5398,3313,2476,400,2556,400,2419,400,400,400,400,3885,400,400,3409,400,2895,3778,2493,5055,0,0,0,0,0,0,0,0,0,0,0,0,0,0,0,0,0,0,0,0,0,0,0,0,0,0,15.000000953674316,0,0,0,0,0,20475,15905,9610,49,0,20475,13200,11715,39,0,66718994432,8589930496,32752357376,524288
200,1791349211451,986474.8856811523,48800,2,1.16875,100071.86408996582,48800,2,0.975,99138.21458435059,48800,2,0.975,100468.20500183105,48800,2,0.975,109907.08177185059,48800,2,0.975,99658.90563964844,48800,2,0.975,106925.95788574219,48800,2,0.975,171374.84590148926,48800,2,1.16875,173142.0944519043,48800,2,1.16875,170357.5715789795,48800,2,1.16875,375295.96713256836,48800,2,1.16875,163387.53942871094,48800,2,1.16875,162238.19172668457,48800,2,1.16875,157467.6689453125,48800,2,1.16875,102704.63958740234,48800,2,0.975,104573.30526733398,48800,2,0.975,12796354.25769043,4617,2456,5044,5054,2496,400,400,400,400,400,400,400,5398,3313,2476,400,2556,400,2419,400,400,400,400,3885,400,400,3409,400,2895,3778,2493,5055,0,0,0,0,0,0,0,0,0,0,0,0,0,0,0,0,0,0,0,0,0,0,0,0,0,0,10.526315689086914,0,0,0,0,0,20475,15905,9610,49,0,20475,13200,11715,39,0,66718994432,8589930496,32752357376,524288
200,1791349211652,986474.8877410889,48800,2,1.16875,100071.86419677734,48800,2,1.05,99138.21463012695,48800,2,1.05,100468.205078125,48800,2,1.05,109907.08192443848,48800,2,1.05,99658.9057006836,48800,2,1.05,106925.95793151855,48800,2,1.05,171374.8465576172,48800,2,1.16875,173142.09509277344,48800,2,1.16875,170357.57220458984,48800,2,1.16875,375296.0336608887,48800,2,1.16875,163387.54090881348,48800,2,1.16875,162238.19233703613,48800,2,1.16875,157467.6696472168,48800,2,1.16875,102704.63966369629,48800,2,1.05,104573.30531311035,48800,2,1.05,12796363.894699097,4617,2456,5044,5054,2496,400,400,400,400,400,400,400,5398,3313,2476,400,2556,400,2419,400,400,400,400,3885,400,400,3409,400,2895,3778,2493,5055,0,0,0,0,0,0,0,0,0,0,0,0,0,0,0,0,0,0,0,0,0,0,0,0,0,0,14.285715103149414,0,0,0,0,0,20475,15905,9592,49,0,20475,13200,11715,39,0,66718994432,8589930496,32752353280,524288
200,1791349211852,986474.8889923096,3050,2,1.13125,100071.86421203613,48800,2,1.125,99138.21464538574,48800,2,1.125,100468.20512390137,48800,2,1.125,109907.08197021484,48800,2,1.125,99658.90573120117,48800,2,0.93125,106925.95796203613,48800,2,0.93125,171374.84719848633,3050,2,1.13125,173142.0957183838,3050,2,1.13125,170357.5728302002,3050,2,1.13125,375296.102432251,3050,0,1.13125,163387.54191589355,3050,2,1.13125,162238.1929321289,3050,2,1.13125,157467.67027282715,3050,2,1.13125,102704.63970947266,48800,2,1.125,104573.30534362793,48800,2,1.125,12796373.436843872,4617,2456,5044,5054,2496,400,400,400,400,400,400,400,5398,3313,2476,400,2556,400,2419,400,400,400,400,3885,400,400,3409,400,2895,3778,2493,5055,0,0,0,0,0,0,0,0,0,0,0,0,0,0,0,0,0,0,0,0,0,0,0,0,0,0,10.526315689086914,0,0,0,0,0,20475,15905,9592,49,0,20475,13200,11715,39,0,66718994432,8589930496,32752353280,524288
200,1791349212052,986474.8912506104,48800,2,1.16875,100071.86421203613,48800,2,0.96875,99138.21464538574,48800,2,0.96875,100468.20513916016,48800,2,0.96875,109907.08200073242,48800,2,0.96875,99658.90573120117,48800,2,0.96875,106925.95796203613,48800,2,0.96875,171374.8479156494,48800,2,1.16875,173142.0964050293,48800,2,1.16875,170357.5735321045,48800,2,1.16875,375296.17349243164,48800,2,1.16875,163387.5432281494,48800,2,1.16875,162238.1936187744,48800,2,1.16875,157467.67095947266,48800,2,1.16875,102704.63972473145,48800,2,1.16875,104573.30534362793,48800,2,0.96875,12796383.058822632,4617,2456,5044,5054,2496,400,400,400,400,400,400,400,5398,3313,2476,400,2556,400,2419,400,400,400,400,3885,400,400,3409,400,2895,3778,2493,5055,0,0,0,0,0,0,0,0,0,0,0,0,0,0,0,0,0,0,0,0,0,0,0,0,0,0,14.285715103149414,0,0,0,0,0,20475,15905,9592,49,0,20475,13200,11703,39,0,66718994432,8589930496,32752353280,524288
200,1791349212253,986474.893371582,48800,2,1.16875,100071.86422729492,48800,2,1.0375,99138.21464538574,48800,2,1.0375,100468.20515441895,48800,2,1.0375,109907.08203125,48800,2,1.0375,99658.90573120117,48800,2,1.0375,106925.95796203613,48800,2,1.0375,171374.84854125977,48800,2,1.16875,173142.09703063965,48800,2,1.16875,170357.5743713379,48800,2,1.16875,375296.2414703369,48800,2,1.16875,163387.54411315918,48800,2,1.16875,162238.19425964355,48800,2,1.16875,157467.67155456543,48800,2,1.16875,102704.63975524902,48800,2,1.0375,104573.30534362793,48800,2,1.0375,12796392.560394287,4617,2456,5044,5054,2496,400,400,400,400,400,400,400,5398,3313,2476,400,2556,400,2419,400,400,400,400,3885,400,400,3409,400,2895,3778,2493,5055,0,0,0,0,0,0,0,0,0,0,0,0,0,0,0,0,0,0,0,0,0,0,0,0,0,0,15.000000953674316,0,0,0,0,0,20475,15905,9592,49,0,20475,13200,11703,39,0,66718994432,8589930496,32752353280,524288
200,1791349212453,986474.8955841064,3050,2,1.125,100071.86430358887,48800,2,1.125,99138.2147064209,48800,2,1.125,100468.20524597168,48800,2,1.125,109907.08212280273,48800,2,0.93125,99658.90580749512,48800,2,0.93125,106925.95803833008,48800,2,0.93125,171374.84916687012,3050,2,1.125,173142.09867858887,3050,2,1.125,170357.57498168945,3050,2,1.125,375296.3094482422,3050,0,1.125,163387.54513549805,3050,2,1.125,162238.19485473633,3050,2,1.125,157467.67218017578,3050,2,1.125,102704.63984680176,48800,2,1.125,104573.30561828613,48800,2,1.125,12796402.002380371,4617,2456,5044,5054,2496,400,400,400,400,400,400,400,5398,3313,2476,400,2556,400,2419,400,400,400,400,3885,400,400,3409,400,2895,3778,2493,5055,0,0,0,0,0,0,0,0,0,0,0,0,0,0,0,0,0,0,0,0,0,0,0,0,0,0,10,0,0,0,0,0,20475,15905,9592,49,0,20475,13200,11703,39,0,66718994432,8589930496,32752353280,524288
200,1791349212653,986474.8990325928,48800,2,1.16875,100071.86431884766,48800,2,0.96875,99138.21472167969,48800,2,0.96875,100468.20530700684,48800,2,0.96875,109907.08215332031,48800,2,0.96875,99658.90580749512,48800,2,0.96875,106925.95803833008,48800,2,0.96875,171374.84991455078,48800,2,1.16875,173142.09936523438,48800,2,1.16875,170357.57565307617,48800,2,1.16875,375296.3806152344,48800,2,1.16875,163387.54627990723,48800,2,1.16875,162238.19551086426,48800,2,1.16875,157467.67282104492,48800,2,1.16875,102704.63986206055,48800,2,1.16875,104573.30561828613,48800,2,0.96875,12796411.605133057,4617,2456,5044,5054,2496,400,400,400,400,400,400,400,5398,3313,2476,400,2556,400,2419,400,400,400,400,3885,400,400,3409,400,2895,3778,2493,5055,0,0,0,0,0,0,0,0,0,0,0,0,0,0,0,0,0,0,0,0,0,0,0,0,0,0,15.000000953674316,0,0,0,0,0,20475,15905,9599,49,0,20475,13200,11703,39,0,66718994432,8589930496,32752349184,524288
200,1791349212854,986474.9009094238,48800,2,1.16875,100071.86431884766,48800,2,1.05625,99138.21472167969,48800,2,1.05625,100468.20532226563,48800,2,1.05625,109907.08218383789,48800,2,1.05625,99658.9058227539,48800,2,1.05625,106925.95803833008,48800,2,1.05625,171374.85052490234,48800,2,1.16875,173142.09996032715,48800,2,1.16875,170357.57626342773,48800,2,1.16875,375296.44900512695,48800,2,1.16875,163387.54718017578,48800,2,1.16875,162238.19610595703,48800,2,1.16875,157467.67343139648,48800,2,1.16875,102704.63989257813,48800,2,1.05625,104573.30561828613,48800,2,1.05625,12796421.18133545,4617,2456,5044,5054,2496,400,400,400,400,400,400,400,5398,3313,2476,400,2556,400,2419,400,400,400,400,3885,400,400,3409,400,2895,3778,2493,5055,0,0,0,0,0,0,0,0,0,0,0,0,0,0,0,0,0,0,0,0,0,0,0,0,0,0,10,0,0,0,0,0,20475,15905,9599,49,0,20475,13200,11703,39,0,66718994432,8589930496,32752349184,524288
200,1791349213054,986474.9025115967,3050,2,1.11875,100071.86433410645,48800,2,1.13125,99138.21473693848,48800,2,1.13125,100468.20536804199,48800,2,1.13125,109907.08224487305,48800,2,1.13125,99658.90585327148,48800,2,0.925,106925.95806884766,48800,2,0.925,171374.85111999512,3050,2,1.11875,173142.10054016113,3050,2,1.11875,170357.5768585205,3050,2,1.11875,375296.5157470703,3050,0,1.11875,163387.54815673828,3050,2,1.11875,162238.19667053223,3050,2,1.11875,157467.67401123047,3050,2,1.11875,102704.6399230957,48800,2,1.13125,104573.30563354492,48800,2,1.13125,12796430.708816528,4617,2456,5044,5054,2496,400,400,400,400,400,400,400,5398,3313,2476,400,2556,400,2419,400,400,400,400,3885,400,400,3409,400,2895,3778,2493,5055,0,0,0,0,0,0,0,0,0,0,0,0,0,0,0,0,0,0,0,0,0,0,0,0,0,0,15.000000953674316,0,0,0,0,0,20475,15905,9599,49,0,20475,13200,11704,39,0,66718994432,8589930496,32752349184,524288
200,1791349213254,986474.904296875,48800,2,1.16875,100071.86436462402,48800,2,0.95625,99138.21475219727,48800,2,0.95625,100468.20542907715,48800,2,0.95625,109907.08229064941,48800,2,0.95625,99658.90588378906,48800,2,0.95625,106925.95808410645,48800,2,0.95625,171374.8516998291,48800,2,1.16875,173142.1011352539,48800,2,1.16875,170357.5774383545,48800,2,1.16875,375296.58349609375,48800,2,1.16875,163387.54934692383,48800,2,1.16875,162238.197265625,48800,2,1.16875,157467.67460632324,48800,2,1.16875,102704.63996887207,48800,2,1.16875,104573.30574035645,48800,2,1.16875,12796440.264678955,4617,2456,5044,5054,2496,400,400,400,400,400,400,400,5398,3313,2476,400,2556,400,2419,400,400,400,400,3885,400,400,3409,400,2895,3778,2493,5055,0,0,0,0,0,0,0,0,0,0,0,0,0,0,0,0,0,0,0,0,0,0,0,0,0,0,15.000000953674316,0,0,0,0,0,20475,15905,9599,49,0,20475,13200,11704,39,0,66718994432,8589930496,32752349184,524288
200,1791349213455,986474.9063873291,48800,2,1.16875,100071.8643951416,48800,2,1.025,99138.21476745605,48800,2,1.025,100468.20547485352,48800,2,1.025,109907.08233642578,48800,2,1.025,99658.90589904785,48800,2,1.025,106925.95809936523,48800,2,1.025,171374.85229492188,48800,2,1.16875,173142.10173034668,48800,2,1.16875,170357.57803344727,48800,2,1.16875,375296.6517791748,48800,2,1.16875,163387.55024719238,48800,2,1.16875,162238.19786071777,48800,2,1.16875,157467.67520141602,48800,2,1.16875,102704.64001464844,48800,2,1.025,104573.30577087402,48800,2,1.025,12796449.705932617,4617,2456,5044,5054,2496,400,400,400,400,400,400,400,5398,3313,2476,400,2556,400,2419,400,400,400,400,3885,400,400,3409,400,2895,3778,2493,5055,4.761904716491699,0,0,0,0,0,0,0,0,0,0,0,0,0,0,0,0,0,0,0,0,0,0,0,0,0,14.285715103149414,0,0,0,0,0,20475,15905,9599,49,0,20475,13200,11704,39,0,66718994432,8589930496,32744079360,524288
200,1791349213655,986474.9082183838,48800,2,1.16875,100071.86441040039,48800,2,1.1,99138.21478271484,48800,2,1.1,100468.20553588867,48800,2,1.1,109907.08238220215,48800,2,1.1,99658.90592956543,48800,2,1.1,106925.9581451416,48800,2,0.93125,171374.85287475586,3050,2,1.10625,173142.10231018066,3050,2,1.10625,170357.58181762695,3050,2,1.10625,375296.72273254395,3050,0,1.10625,163387.5512084961,3050,2,1.10625,162238.19844055176,3050,2,1.10625,157467.6757965088,3050,2,1.10625,102704.6400756836,48800,2,1.1,104573.30578613281,48800,2,1.1,12796459.249725342,4617,2456,5044,5054,2496,400,400,400,400,400,400,400,5398,3313,2476,400,2556,400,2419,400,400,400,400,3885,400,400,3409,400,2895,3778,2493,5055,0,0,0,0,0,0,0,0,0,0,0,0,0,0,0,0,0,0,0,0,0,0,0,0,0,0,10.526315689086914,0,0,0,0,0,20475,15905,9613,49,0,20475,13200,11704,39,0,66718994432,8589930496,32753106944,524288
200,1791349213855,986474.9097747803,48800,2,1.125,100071.86454772949,48800,2,1.13125,99138.21492004395,48800,2,0.93125,100468.20570373535,48800,2,0.93125,109907.08255004883,48800,2,0.93125,99658.90608215332,48800,2,0.93125,106925.9582824707,48800,2,0.93125,171374.85400390625,48800,2,1.125,173142.10301208496,48800,2,1.125,170357.58407592773,48800,2,1.125,375296.79484558105,48800,2,1.125,163387.55241394043,48800,2,1.125,162238.19914245605,48800,2,1.125,157467.67651367188,48800,2,1.125,102704.64018249512,48800,2,1.13125,104573.30592346191,48800,2,1.13125,12796468.918319702,4617,2456,5044,5054,2496,400,400,400,400,400,400,400,5398,3313,2476,400,2556,400,2419,400,400,400,400,3885,400,400,3409,400,2895,3778,2493,5055,0,0,0,0,0,0,0,0,0,0,0,0,0,0,0,0,0,0,0,0,0,0,0,0,0,0,14.285715103149414,0,0,0,0,0,20475,15905,9613,49,0,20475,13200,11704,39,0,66718994432,8589930496,32753106944,524288
200,1791349214056,986474.9118804932,48800,2,1.16875,100071.86456298828,48800,2,1.025,99138.21493530273,48800,2,1.025,100468.20573425293,48800,2,1.025,109907.0825958252,48800,2,1.025,99658.90609741211,48800,2,1.025,106925.95829772949,48800,2,1.025,171374.85455322266,48800,2,1.16875,173142.10356140137,48800,2,1.16875,170357.58464050293,48800,2,1.16875,375296.8609008789,48800,2,1.16875,163387.55323791504,48800,2,1.16875,162238.19969177246,48800,2,1.16875,157467.67707824707,48800,2,1.16875,102704.64024353027,48800,2,1.025,104573.30595397949,48800,2,1.025,12796478.374557495,4617,2456,5044,5054,2496,400,400,400,400,400,400,400,5398,3313,2476,400,2556,400,2419,400,400,400,400,3885,400,400,3409,400,2895,3778,2493,5055,0,0,0,0,0,0,0,0,0,0,0,0,0,0,0,0,0,0,0,0,0,0,0,0,0,0,10.526315689086914,0,0,0,0,4.761904716491699,20475,15905,9613,49,0,20475,13200,11712,39,0,66718994432,8589930496,32753106944,524288
200,1791349214256,986474.9136505127,48800,2,1.16875,100071.86457824707,48800,2,1.1,99138.21495056152,48800,2,1.1,100468.20579528809,48800,2,1.1,109907.08262634277,48800,2,1.1,99658.90612792969,48800,2,1.1,106925.95832824707,48800,2,0.93125,171374.85513305664,48800,2,1.16875,173142.10415649414,3050,2,1.09375,170357.5852355957,3050,2,1.09375,375296.9293823242,3050,0,1.09375,163387.55422973633,3050,2,1.09375,162238.20028686523,3050,2,1.09375,157467.67767333984,3050,2,1.09375,102704.64028930664,48800,2,1.1,104573.30596923828,48800,2,1.1,12796487.888809204,4617,2456,5044,5054,2496,400,400,400,400,400,400,400,5398,3313,2476,400,2556,400,2419,400,400,400,400,3885,400,400,3409,400,2895,3778,2493,5055,0,0,0,0,0,0,0,0,0,0,0,0,0,0,0,0,0,0,0,0,0,0,0,0,0,0,15.000000953674316,0,0,0,0,0,20475,15905,9613,49,0,20475,13200,11712,39,0,66718994432,8589930496,32753106944,524288
200,1791349214456,986474.9161834717,48800,2,1.1375,100071.86465454102,48800,2,1.1375,99138.21499633789,48800,2,0.93125,100468.20585632324,48800,2,0.93125,109907.08270263672,48800,2,0.93125,99658.90617370605,48800,2,0.93125,106925.95837402344,48800,2,0.93125,171374.85707092285,48800,2,1.1375,173142.1047515869,48800,2,1.1375,170357.58584594727,48800,2,1.1375,375297.0014190674,48800,2,1.1375,163387.55517578125,48800,2,1.1375,162238.200881958,48800,2,1.1375,157467.67826843262,48800,2,1.1375,102704.6403503418,48800,2,1.1375,104573.30606079102,48800,2,1.1375,12796497.401626587,4617,2456,5044,5054,2496,400,400,400,400,400,400,400,5398,3313,2476,400,2556,400,2419,400,400,400,400,3885,400,400,3409,400,2895,3778,2493,5055,0,0,0,0,0,0,0,0,0,0,0,0,0,0,0,0,0,0,0,0,0,0,0,0,0,0,10,0,0,0,0,0,20475,15905,9613,49,0,20475,13200,11712,39,0,66718994432,8589930496,32753102848,524288
200,1791349214657,986474.9184570313,48800,2,1.16875,100071.86476135254,48800,2,1.01875,99138.21508789063,48800,2,1.01875,100468.20596313477,48800,2,1.01875,109907.08288574219,48800,2,1.01875,99658.90626525879,48800,2,1.01875,106925.95921325684,48800,2,1.01875,171374.85772705078,48800,2,1.16875,173142.10540771484,48800,2,1.16875,170357.5865020752,48800,2,1.16875,375297.0695800781,48800,2,1.16875,163387.55610656738,48800,2,1.16875,162238.2015838623,48800,2,1.16875,157467.67893981934,48800,2,1.16875,102704.64044189453,48800,2,1.01875,104573.30616760254,48800,2,1.01875,12796507.103683472,4617,2456,5044,5054,2496,400,400,400,400,400,400,400,5398,3313,2476,400,2556,400,2419,400,400,400,400,3885,400,400,3409,400,2895,3778,2493,5055,0,0,0,0,0,0,0,0,0,0,0,0,0,0,0,0,0,0,0,0,0,0,0,0,0,0,15.000000953674316,0,0,0,0,0,20475,15905,9576,48,0,20475,13200,11712,39,0,66718994432,8589930496,32753102848,524288
200,1791349214857,986474.9199066162,3050,2,1.10625,100071.8648071289,48800,2,1.10625,99138.21513366699,48800,2,1.10625,100468.20603942871,48800,2,1.10625,109907.08293151855,48800,2,0.93125,99658.90632629395,48800,2,0.93125,106925.9592590332,48800,2,0.93125,171374.85830688477,3050,2,1.10625,173142.10597229004,3050,2,1.10625,170357.5870666504,3050,2,1.10625,375297.1359100342,3050,0,1.10625,163387.55694580078,3050,2,1.10625,162238.2021484375,3050,2,1.10625,157467.67950439453,3050,2,1.10625,102704.6404876709,48800,2,1.10625,104573.3062133789,48800,2,1.10625,12796516.694885254,4617,2456,5044,5054,2496,400,400,400,400,400,400,400,5398,3313,2476,400,2556,400,2419,400,400,400,400,3885,400,400,3409,400,2895,3778,2493,5055,0,0,0,0,0,0,0,0,0,0,0,0,0,0,0,0,0,0,0,0,0,0,0,0,0,0,14.285715103149414,0,0,0,0,0,20475,15905,9576,48,0,20475,13200,11712,39,0,66718994432,8589930496,32753102848,524288
200,1791349215057,986474.9240875244,48800,2,1.125,100071.86483764648,48800,2,0.925,99138.21513366699,48800,2,0.925,100468.20606994629,48800,2,0.925,109907.08293151855,48800,2,0.925,99658.90634155273,48800,2,0.925,106925.9592590332,48800,2,0.925,171374.85887145996,48800,2,1.125,173142.1068572998,48800,2,1.125,170357.61431884766,48800,2,1.125,375297.1810760498,48800,2,1.125,163387.55805969238,48800,2,1.125,162238.2027130127,48800,2,1.125,157467.68008422852,48800,2,1.125,102704.64051818848,48800,2,0.925,104573.3062286377,48800,2,0.925,12796526.268936157,4617,2456,5044,5054,2496,400,400,400,400,400,400,400,5398,3313,2476,400,2556,400,2419,400,400,400,400,3885,400,400,3409,400,2895,3778,2493,5055,0,0,0,0,4.761904716491699,0,0,0,0,0,0,0,0,0,0,0,0,0,0,0,0,0,0,9.523809432983398,0,0,5.263157844543457,0,0,0,0,0,20475,15905,9576,48,0,20475,13200,11723,39,0,66718994432,8589930496,32734752768,524288
200,1791349215258,986474.9254760742,48800,2,1.16875,100071.86488342285,48800,2,1.025,99138.21516418457,48800,2,1.025,100468.20613098145,48800,2,1.025,109907.08296203613,48800,2,1.025,99658.90637207031,48800,2,1.025,106925.95930480957,48800,2,1.025,171374.85945129395,48800,2,1.16875,173142.1074371338,48800,2,1.16875,170357.61584472656,48800,2,1.16875,375297.24769592285,48800,2,1.16875,163387.55897521973,48800,2,1.16875,162238.20329284668,48800,2,1.16875,157467.6806793213,48800,2,1.16875,102704.64057922363,48800,2,1.025,104573.30638122559,48800,2,1.025,12796535.82485962,4617,2456,5044,5054,2496,400,400,400,400,400,400,400,5398,3313,2476,400,2556,400,2419,400,400,400,400,3885,400,400,3409,400,2895,3778,2493,5055,0,0,0,0,0,0,0,0,0,0,0,0,0,0,0,0,0,0,0,0,0,0,0,0,0,0,14.285715103149414,0,0,0,0,0,20475,15905,9576,48,0,20475,13200,11723,39,0,66718994432,8589930496,32751009792,524288
200,1791349215458,986474.9270324707,48800,2,1.16875,100071.8649597168,48800,2,1.1,99138.21520996094,48800,2,1.1,100468.20622253418,48800,2,1.1,109907.08302307129,48800,2,1.1,99658.90643310547,48800,2,1.1,106925.95936584473,48800,2,0.93125,171374.86004638672,3050,2,1.09375,173142.10806274414,3050,2,1.09375,170357.6164703369,3050,2,1.09375,375297.3158111572,3050,0,1.09375,163387.5599822998,3050,2,1.09375,162238.20390319824,3050,2,1.09375,157467.68130493164,3050,2,1.09375,102704.64065551758,48800,2,1.1,104573.30645751953,48800,2,1.1,12796545.441055298,4617,2456,5044,5054,2496,400,400,400,400,400,400,400,5398,3313,2476,400,2556,400,2419,400,400,400,400,3885,400,400,3409,400,2895,3778,2493,5055,0,0,0,0,0,0,0,0,0,0,0,0,0,0,0,0,0,0,0,0,0,0,0,0,0,0,10.526315689086914,0,0,0,0,0,20475,15905,9576,48,0,20475,13200,11723,39,0,66718994432,8589930496,32750886912,524288
200,1791349215658,986474.9304199219,48800,2,1.1375,100071.86497497559,48800,2,1.1375,99138.21520996094,48800,2,0.93125,100468.20625305176,48800,2,0.93125,109907.08302307129,48800,2,0.93125,99658.90643310547,48800,2,0.93125,106925.95936584473,48800,2,0.93125,171374.86074829102,48800,2,1.1375,173142.11051940918,48800,2,1.1375,170357.6171875,48800,2,1.1375,375297.3849029541,48800,2,1.1375,163387.56176757813,48800,2,1.1375,162238.20463562012,48800,2,1.1375,157467.68208312988,48800,2,1.1375,102704.64067077637,48800,2,1.1375,104573.30647277832,48800,2,1.1375,12796555.115325928,4617,2456,5044,5054,2496,400,400,400,400,400,400,400,5398,3313,2476,400,2556,400,2419,400,400,400,400,3885,400,400,3409,400,2895,3778,2493,5055,0,0,0,0,0,0,0,0,0,0,0,0,0,0,0,0,0,0,0,0,0,0,0,0,0,0,14.285715103149414,0,0,0,0,0,20475,15905,9544,48,0,20475,13200,11723,39,0,66718994432,8589930496,32750886912,524288
200,1791349215859,986474.9324951172,48800,2,1.16875,100071.86500549316,48800,2,1.01875,99138.21522521973,48800,2,1.01875,100468.20628356934,48800,2,1.01875,109907.08303833008,48800,2,1.01875,99658.90644836426,48800,2,1.01875,106925.9594116211,48800,2,1.01875,171374.86135864258,48800,2,1.16875,173142.11111450195,48800,2,1.16875,170357.61779785156,48800,2,1.16875,375297.4496002197,48800,2,1.16875,163387.56266784668,48800,2,1.16875,162238.2052307129,48800,2,1.16875,157467.68269348145,48800,2,1.16875,102704.64071655273,48800,2,1.01875,104573.30651855469,48800,2,1.01875,12796564.641662598,4617,2456,5044,5054,2496,400,400,400,400,400,400,400,5398,3313,2476,400,2556,400,2419,400,400,400,400,3885,400,400,3409,400,2895,3778,2493,5055,0,0,0,0,0,0,0,0,0,0,0,0,0,0,0,0,0,0,0,0,0,0,0,0,0,0,10.526315689086914,0,0,0,0,0,20475,15905,9544,48,0,20475,13200,11723,39,0,66718994432,8589930496,32750886912,524288
200,1791349216059,986474.9343109131,48800,2,1.16875,100071.86506652832,48800,2,1.1,99138.2152709961,48800,2,1.1,100468.20634460449,48800,2,1.1,109907.08309936523,48800,2,1.1,99658.90650939941,48800,2,1.1,106925.95948791504,48800,2,0.925,171374.8620300293,3050,2,1.1,173142.11180114746,3050,2,1.1,170357.61848449707,3050,2,1.1,375297.5190887451,3050,0,1.1,163387.56393432617,3050,2,1.1,162238.2059020996,3050,2,1.1,157467.68338012695,3050,2,1.1,102704.6407623291,48800,2,1.1,104573.30657958984,48800,2,1.1,12796574.362808228,4617,2456,5044,5054,2496,400,400,400,400,400,400,400,5398,3313,2476,400,2556,400,2419,400,400,400,400,3885,400,400,3409,400,2895,3778,2493,5055,0,0,0,0,0,0,0,0,0,0,0,0,0,0,0,0,0,0,0,0,0,0,0,0,0,0,15.000000953674316,0,0,0,0,0,20475,15905,9544,48,0,20475,13200,11731,39,0,66718994432,8589930496,32750886912,524288
200,1791349216259,986474.9387359619,48800,2,1.1375,100071.8650970459,48800,2,1.13125,99138.21528625488,48800,2,0.93125,100468.20639038086,48800,2,0.93125,109907.08311462402,48800,2,0.93125,99658.9065246582,48800,2,0.93125,106925.95951843262,48800,2,0.93125,171374.86265563965,48800,2,1.1375,173142.11247253418,48800,2,1.1375,170357.6191253662,48800,2,1.1375,375297.5919342041,48800,2,1.1375,163387.56503295898,48800,2,1.1375,162238.20654296875,48800,2,1.1375,157467.68403625488,48800,2,1.1375,102704.64077758789,48800,2,1.13125,104573.30661010742,48800,2,1.13125,12796583.93611145,4617,2456,5044,5054,2496,400,400,400,400,400,400,400,5398,3313,2476,400,2556,400,2419,400,400,400,400,3885,400,400,3409,400,2895,3778,2493,5055,0,0,0,0,0,0,0,0,0,0,0,0,0,0,0,0,0,0,0,0,0,0,0,0,0,0,10,0,0,0,0,0,20475,15905,9544,48,0,20475,13200,11731,39,0,66718994432,8589930496,32750886912,524288
200,1791349216460,986474.9415435791,48800,2,1.16875,100071.86514282227,48800,2,1.0375,99138.21531677246,48800,2,1.0375,100468.20643615723,48800,2,1.0375,109907.0831451416,48800,2,1.0375,99658.90655517578,48800,2,1.0375,106925.95956420898,48800,2,1.0375,171374.86323547363,48800,2,1.16875,173142.11303710938,48800,2,1.16875,170357.6197052002,48800,2,1.16875,375297.6576538086,48800,2,1.16875,163387.56587219238,48800,2,1.16875,162238.20710754395,48800,2,1.16875,157467.6845855713,48800,2,1.16875,102704.64083862305,48800,2,1.0375,104573.30667114258,48800,2,1.0375,12796593.445617676,4617,2456,5044,5054,2496,400,400,400,400,400,400,400,5398,3313,2476,400,2556,400,2419,400,400,400,400,3885,400,400,3409,400,2895,3778,2493,5055,0,0,0,0,0,0,0,0,0,0,0,0,0,0,0,0,0,0,0,0,0,0,0,0,0,0,15.000000953674316,0,0,0,0,0,20475,15905,9544,48,0,20475,13200,11731,39,0,66718994432,8589930496,32750882816,524288
200,1791349216660,986474.9439697266,48800,2,1.10625,100071.86515808105,48800,2,1.1,99138.21533203125,48800,2,1.1,100468.2064666748,48800,2,1.1,109907.08319091797,48800,2,1.1,99658.90658569336,48800,2,1.1,106925.95962524414,48800,2,0.93125,171374.86380004883,3050,2,1.10625,173142.11360168457,3050,2,1.10625,170357.62028503418,3050,2,1.10625,375297.7275390625,3050,0,1.10625,163387.56672668457,3050,2,1.10625,162238.20767211914,3050,2,1.10625,157467.68516540527,3050,2,1.10625,102704.64085388184,48800,2,1.1,104573.30668640137,48800,2,1.1,12796603.02684021,4617,2456,5044,5054,2496,400,400,400,400,400,400,400,5398,3313,2476,400,2556,400,2419,400,400,400,400,3885,400,400,3409,400,2895,3778,2493,5055,0,0,0,0,0,0,0,0,0,0,0,0,0,0,0,0,0,0,0,0,0,0,0,0,0,0,14.285715103149414,0,0,0,0,0,20475,15905,9544,48,0,20475,13200,11731,39,0,66718994432,8589930496,32750882816,524288
200,1791349216860,986474.9470977783,48800,2,1.16875,100071.86518859863,48800,2,0.95625,99138.21536254883,48800,2,0.95625,100468.20652770996,48800,2,0.95625,109907.08323669434,48800,2,0.95625,99658.90661621094,48800,2,0.95625,106925.95967102051,48800,2,0.95625,171374.8643951416,48800,2,1.16875,173142.11421203613,48800,2,1.16875,170357.62092590332,48800,2,1.16875,375297.7944793701,48800,2,1.16875,163387.56770324707,48800,2,1.16875,162238.2082672119,48800,2,1.16875,157467.68579101563,48800,2,1.16875,102704.64091491699,48800,2,1.16875,104573.30671691895,48800,2,1.16875,12796612.610580444,4617,2456,5044,5054,2496,400,400,400,400,400,400,400,5398,3313,2476,400,2556,400,2419,400,400,400,400,3885,400,400,3409,400,2895,3778,2493,5055,0,0,0,0,0,0,0,0,0,0,0,0,0,0,0,0,0,0,0,0,0,0,0,0,0,0,10.526315689086914,0,0,0,0,0,20475,15905,9544,48,0,20475,13200,11731,39,0,66718994432,8589930496,32750882816,524288
200,1791349217061,986474.9501647949,48800,2,1.08125,100071.86518859863,48800,2,1.0437500000000002,99138.21536254883,48800,2,1.0437500000000002,100468.20654296875,48800,2,1.0437500000000002,109907.08323669434,48800,2,1.0437500000000002,99658.90661621094,48800,2,1.0437500000000002,106925.9596862793,48800,2,1.0437500000000002,171374.86502075195,48800,2,1.08125,173142.11483764648,48800,2,1.08125,170357.62156677246,48800,2,1.08125,375297.8626861572,48800,2,1.08125,163387.5686340332,48800,2,1.08125,162238.20889282227,48800,2,1.08125,157467.68644714355,48800,2,1.08125,102704.64091491699,48800,2,1.0437500000000002,104573.30671691895,48800,2,1.0437500000000002,12796622.231643677,4617,2456,5044,5054,2496,400,400,400,400,400,400,400,5398,3313,2476,400,2556,400,2419,400,400,400,400,3885,400,400,3409,400,2895,3778,2493,5055,0,0,0,0,0,0,0,0,0,0,0,0,0,0,0,0,0,0,0,0,0,0,0,0,0,0,14.285715103149414,0,0,0,0,0,20475,15905,9544,48,0,20475,13200,11723,39,0,66718994432,8589930496,32750882816,524288
199,1791349217261,986474.9514770508,3050,2,1.10625,100071.86524963379,48800,2,1.1125,99138.21542358398,48800,2,1.1125,100468.20664978027,48800,2,1.1125,109907.08331298828,48800,2,1.1125,99658.90669250488,48800,2,0.93125,106925.95977783203,48800,2,0.93125,171374.86560058594,3050,2,1.10625,173142.11544799805,3050,2,1.10625,170357.62217712402,3050,2,1.10625,375297.93241882324,3050,0,1.10625,163387.56970214844,3050,2,1.10625,162238.20948791504,3050,2,1.10625,157467.68705749512,3050,2,1.10625,102704.64100646973,48800,2,1.1125,104573.30685424805,48800,2,1.1125,12796631.854751587,4617,2456,5044,5054,2496,400,400,400,400,400,400,400,5398,3313,2476,400,2556,400,2419,400,400,400,400,3885,400,400,3409,400,2895,3778,2493,5055,0,0,0,0,0,0,0,0,0,0,0,0,0,0,0,0,0,0,0,0,0,0,0,0,0,0,15.000000953674316,0,0,0,0,0,20475,15905,9544,48,0,20475,13200,11723,39,0,66718994432,8589930496,32750878720,524288
200,1791349217461,986474.955001831,3050,2,0.29374999999999996,100071.86528015137,48800,2,0.5062500000000001,99138.21545410156,48800,2,0.5062500000000001,100468.20671081543,48800,2,0.5062500000000001,109907.08334350586,48800,2,0.5062500000000001,99658.90672302246,48800,2,0.5062500000000001,106925.95988464355,48800,2,0.5062500000000001,171374.8662261963,3050,2,0.29374999999999996,173142.11610412598,3050,2,0.29374999999999996,170357.62348937988,3050,2,0.29374999999999996,375298.0022583008,3050,0,0.29374999999999996,163387.57092285156,3050,2,0.29374999999999996,162238.21014404297,3050,2,0.29374999999999996,157467.68768310547,3050,2,0.29374999999999996,102704.6410369873,48800,2,0.5062500000000001,104573.3069152832,48800,2,0.5062500000000001,12796641.49885559,4617,2456,5044,5054,2496,400,400,400,400,400,400,400,5398,3313,2476,400,2556,400,2419,400,400,400,400,3885,400,400,3409,400,2895,3778,2493,5055,0,0,0,0,0,0,0,0,0,0,0,0,0,0,0,0,0,0,0,0,0,0,0,0,0,0,10,0,0,0,0,0,20475,15905,9544,48,0,20475,13200,11723,39,0,66718994432,8589930496,32750878720,524288
200,1791349217662,986474.9561309814,48800,2,1.16875,100071.86535644531,48800,2,0.975,99138.21551513672,48800,2,0.975,100468.20678710938,48800,2,0.975,109907.08340454102,48800,2,0.975,99658.90678405762,48800,2,0.975,106925.95994567871,48800,2,0.975,171374.86685180664,48800,2,1.16875,173142.11674499512,48800,2,1.16875,170357.62698364258,48800,2,1.16875,375298.0755004883,48800,2,1.16875,163387.57205200195,48800,2,1.16875,162238.2107849121,48800,2,1.16875,157467.6883239746,48800,2,1.16875,102704.64111328125,48800,2,0.975,104573.30697631836,48800,2,0.975,12796651.088607788,4617,2456,5044,5054,2496,400,400,400,400,400,400,400,5398,3313,2476,400,2556,400,2419,400,400,400,400,3885,400,400,3409,400,2895,3778,2493,5055,0,0,0,0,0,0,0,0,0,0,0,0,0,0,0,0,0,0,0,0,0,0,0,0,0,0,15.000000953674316,0,0,0,0,0,20475,15905,9519,48,0,20475,13200,11723,39,0,66718994432,8589930496,32750878720,524288
200,1791349217862,986474.9590759277,48800,2,1.16875,100071.86599731445,48800,2,1.05,99138.21566772461,48800,2,1.05,100468.20701599121,48800,2,1.05,109907.0835571289,48800,2,1.05,99658.90693664551,48800,2,1.05,106925.9600982666,48800,2,1.05,171374.86764526367,48800,2,1.16875,173142.1174621582,48800,2,1.16875,170357.62773132324,48800,2,1.16875,375298.14154052734,48800,2,1.16875,163387.57321166992,48800,2,1.16875,162238.2114868164,48800,2,1.16875,157467.6890411377,3050,2,1.0437500000000002,102704.64126586914,48800,2,1.05,104573.30712890625,48800,2,1.05,12796660.87147522,4617,2456,5044,5054,2496,400,400,400,400,400,400,400,5398,3313,2476,400,2556,400,2419,400,400,400,400,3885,400,400,3409,400,2895,3778,2493,5055,0,0,0,0,0,0,0,0,0,0,0,0,0,0,0,0,0,0,0,0,0,0,0,0,0,0,10,0,0,0,0,0,20475,15905,9519,48,0,20475,13200,11723,39,0,66718994432,8589930496,32750878720,524288
200,1791349218062,986474.9601593018,3050,2,1.11875,100071.86602783203,48800,2,1.125,99138.21571350098,48800,2,1.125,100468.20710754395,48800,2,1.125,109907.08360290527,48800,2,0.93125,99658.90698242188,48800,2,0.93125,106925.96014404297,48800,2,0.93125,171374.8682861328,3050,2,1.11875,173142.11810302734,3050,2,1.11875,170357.62841796875,3050,2,1.11875,375298.2123260498,3050,0,1.11875,163387.57429504395,3050,2,1.11875,162238.21212768555,3050,2,1.11875,157467.68969726563,3050,2,1.11875,102704.64131164551,48800,2,1.125,104573.30715942383,48800,2,1.125,12796670.542938232,4617,2456,5044,5054,2496,400,400,400,400,400,400,400,5398,3313,2476,400,2556,400,2419,400,400,400,400,3885,400,400,3409,400,2895,3778,2493,5055,0,0,0,0,0,0,0,0,0,0,0,0,0,0,0,0,0,0,0,0,0,0,0,0,0,0,15.000000953674316,0,0,0,0,0,20475,15905,9519,48,0,20475,13200,11726,39,0,66718994432,8589930496,32750878720,524288
200,1791349218263,986474.9638519287,48800,2,1.16875,100071.86602783203,48800,2,0.9625,99138.21571350098,48800,2,0.9625,100468.20713806152,48800,2,0.9625,109907.08360290527,48800,2,0.9625,99658.90698242188,48800,2,0.9625,106925.96017456055,48800,2,0.9625,171374.8688659668,48800,2,1.16875,173142.11869812012,48800,2,1.16875,170357.6290435791,48800,2,1.16875,375298.2807312012,48800,2,1.16875,163387.57513427734,48800,2,1.16875,162238.21270751953,48800,2,1.16875,157467.6903076172,48800,2,1.16875,102704.64131164551,48800,2,1.16875,104573.3071899414,48800,2,0.9625,12796680.121322632,4617,2456,5044,5054,2496,400,400,400,400,400,400,400,5398,3313,2476,400,2556,400,2419,400,400,400,400,3885,400,400,3409,400,2895,3778,2493,5055,0,0,0,0,0,0,0,0,0,0,0,0,0,0,0,0,0,0,0,0,0,0,0,0,0,0,10.526315689086914,0,0,0,0,0,20475,15905,9519,48,0,20475,13200,11726,39,0,66718994432,8589930496,32750874624,524288
200,1791349218463,986474.9654083252,48800,2,1.16875,100071.86604309082,48800,2,1.05,99138.21571350098,48800,2,1.05,100468.20713806152,48800,2,1.05,109907.08360290527,48800,2,1.05,99658.90698242188,48800,2,1.05,106925.96017456055,48800,2,1.05,171374.86947631836,48800,2,1.16875,173142.1192932129,48800,2,1.16875,170357.62965393066,48800,2,1.16875,375298.34687805176,48800,2,1.16875,163387.5760498047,48800,2,1.16875,162238.2133026123,48800,2,1.16875,157467.69088745117,48800,2,1.16875,102704.6413269043,48800,2,1.05,104573.30723571777,48800,2,1.05,12796689.610916138,4617,2456,5044,5054,2496,400,400,400,400,400,400,400,5398,3313,2476,400,2556,400,2419,400,400,400,400,3885,400,400,3409,400,2895,3778,2493,5055,0,0,0,0,0,0,0,0,0,0,0,0,0,0,0,0,0,0,0,0,0,0,0,0,0,0,14.285715103149414,0,0,0,0,0,20475,15905,9519,48,0,20475,13200,11726,39,0,66718994432,8589930496,32750874624,524288
200,1791349218663,986474.9678192139,3050,2,1.11875,100071.86605834961,48800,2,1.11875,99138.21574401855,48800,2,1.11875,100468.2071685791,48800,2,1.11875,109907.08364868164,48800,2,1.11875,99658.90701293945,48800,2,0.93125,106925.96022033691,48800,2,0.93125,171374.87005615234,3050,2,1.11875,173142.11987304688,3050,2,1.11875,170357.63026428223,3050,2,1.11875,375298.4136352539,3050,0,1.11875,163387.57707214355,3050,2,1.11875,162238.2138824463,3050,2,1.11875,157467.69148254395,3050,2,1.11875,102704.64137268066,48800,2,1.11875,104573.30726623535,48800,2,1.11875,12796699.252227783,4617,2456,5044,5054,2496,400,400,400,400,400,400,400,5398,3313,2476,400,2556,400,2419,400,400,400,400,3885,400,400,3409,400,2895,3778,2493,5055,0,0,0,0,0,0,0,0,0,0,0,0,0,0,0,0,0,0,0,0,0,0,0,0,0,0,10.526315689086914,0,0,0,0,0,20475,15905,9496,48,0,20475,13200,11726,39,0,66718994432,8589930496,32750874624,524288
200,1791349218864,986474.9697113037,48800,2,1.16875,100071.8660736084,48800,2,0.95625,99138.21574401855,48800,2,0.95625,100468.2071685791,48800,2,0.95625,109907.08364868164,48800,2,0.95625,99658.90701293945,48800,2,0.95625,106925.96022033691,48800,2,0.95625,171374.8706817627,48800,2,1.16875,173142.12049865723,48800,2,1.16875,170357.63092041016,48800,2,1.16875,375298.4826660156,48800,2,1.16875,163387.57780456543,48800,2,1.16875,162238.21450805664,48800,2,1.16875,157467.6921081543,48800,2,1.16875,102704.64137268066,48800,2,1.16875,104573.30728149414,48800,2,0.95625,12796708.85913086,4617,2456,5044,5054,2496,400,400,400,400,400,400,400,5398,3313,2476,400,2556,400,2419,400,400,400,400,3885,400,400,3409,400,2895,3778,2493,5055,0,0,0,0,0,0,0,0,0,0,0,0,0,0,0,0,0,0,0,0,0,0,0,0,0,0,14.285715103149414,0,0,0,0,0,20475,15905,9496,48,0,20475,13200,11726,39,0,66718994432,8589930496,32750874624,524288
199,1791349219064,986474.97265625,48800,2,1.16875,100071.8660736084,48800,2,1.0375,99138.21574401855,48800,2,1.0375,100468.2071685791,48800,2,1.0375,109907.08364868164,48800,2,1.0375,99658.90701293945,48800,2,1.0375,106925.96022033691,48800,2,1.0375,171374.87126159668,48800,2,1.16875,173142.1210784912,48800,2,1.16875,170357.63166809082,48800,2,1.16875,375298.55087280273,48800,2,1.16875,163387.57872009277,48800,2,1.16875,162238.21508789063,48800,2,1.16875,157467.69270324707,48800,2,1.16875,102704.64138793945,48800,2,1.0375,104573.30729675293,48800,2,1.0375,12796718.346740723,4617,2456,5044,5054,2496,400,400,400,400,400,400,400,5398,3313,2476,400,2556,400,2419,400,400,400,400,3885,400,400,3409,400,2895,3778,2493,5055,0,0,0,0,0,0,0,0,0,0,0,0,0,0,0,0,0,0,0,0,0,0,0,0,0,0,10.526315689086914,0,0,0,0,0,20475,15905,9496,48,0,20475,13200,11718,39,0,66718994432,8589930496,32750870528,524288
200,1791349219264,986474.9741973877,48800,2,0.58125,100071.86613464355,48800,2,0.925,99138.21580505371,48800,2,0.925,100468.20722961426,48800,2,0.925,109907.08372497559,48800,2,0.925,99658.9070892334,48800,2,0.925,106925.96029663086,48800,2,0.925,171374.87197875977,48800,2,0.58125,173142.1217956543,48800,2,0.58125,170357.63243103027,48800,2,0.58125,375298.6213684082,48800,2,0.58125,163387.57998657227,48800,2,0.58125,162238.2158050537,48800,2,0.58125,157467.69342041016,3050,2,0.5,102704.6414642334,48800,2,0.925,104573.30749511719,48800,2,0.925,12796728.13294983,4617,2456,5044,5054,2496,400,400,400,400,400,400,400,5398,3313,2476,400,2556,400,2419,400,400,400,400,3885,400,400,3409,400,2895,3778,2493,5055,0,0,0,0,0,0,0,0,0,0,0,0,0,0,0,0,0,0,0,0,0,0,0,0,0,0,14.285715103149414,0,0,0,0,0,20475,15905,9496,48,0,20475,13200,11718,39,0,66718994432,8589930496,32750870528,524288
200,1791349219464,986474.9765167236,3050,2,1.0875,100071.86618041992,48800,2,1.1,99138.21585083008,48800,2,1.1,100468.20727539063,48800,2,1.1,109907.08377075195,48800,2,0.93125,99658.90713500977,48800,2,0.93125,106925.96034240723,48800,2,0.93125,171374.87265014648,3050,2,1.0875,173142.1224822998,3050,2,1.0875,170357.63313293457,3050,2,1.0875,375298.69425964355,3050,0,1.0875,163387.58110046387,3050,2,1.0875,162238.21649169922,3050,2,1.0875,157467.69410705566,3050,2,1.0875,102704.64149475098,48800,2,1.1,104573.30755615234,48800,2,1.1,12796737.840408325,4617,2456,5044,5054,2496,400,400,400,400,400,400,400,5398,3313,2476,400,2556,400,2419,400,400,400,400,3885,400,400,3409,400,2895,3778,2493,5055,0,0,0,0,0,0,0,0,0,0,0,0,0,0,0,0,0,0,0,0,0,0,0,0,0,0,15.000000953674316,0,0,0,0,0,20475,15905,9496,48,0,20475,13200,11718,39,0,66718994432,8589930496,32750870528,524288
200,1791349219665,986474.9797058105,48800,2,1.175,100071.86622619629,48800,2,0.9812500000000001,99138.21589660645,48800,2,0.9812500000000001,100468.2073059082,48800,2,0.9812500000000001,109907.08380126953,48800,2,0.9812500000000001,99658.90716552734,48800,2,0.9812500000000001,106925.9603881836,48800,2,0.9812500000000001,171374.8737487793,48800,2,1.175,173142.1233215332,48800,2,1.175,170357.6339111328,48800,2,1.175,375298.7644805908,48800,2,1.175,163387.5822906494,48800,2,1.175,162238.21726989746,48800,2,1.175,157467.6949005127,48800,2,1.175,102704.64155578613,48800,2,0.9812500000000001,104573.3076171875,48800,2,0.9812500000000001,12796747.657150269,4617,2456,5044,5054,2496,400,400,400,400,400,400,400,5398,3313,2476,400,2556,400,2419,400,400,400,400,3885,400,400,3409,400,2895,3778,2493,5055,0,0,0,0,0,0,0,0,0,0,0,0,0,0,0,0,0,0,0,0,0,0,0,0,0,0,15.000000953674316,0,0,0,0,0,20475,15905,9445,48,0,20475,13200,11718,39,0,66718994432,8589930496,32750870528,524288
200,1791349219865,986474.9825134277,48800,2,1.175,100071.86624145508,48800,2,1.05,99138.21592712402,48800,2,1.05,100468.20732116699,48800,2,1.05,109907.08381652832,48800,2,1.05,99658.90718078613,48800,2,1.05,106925.96040344238,48800,2,1.05,171374.87434387207,48800,2,1.175,173142.12394714355,48800,2,1.175,170357.6344909668,48800,2,1.175,375298.8334197998,48800,2,1.175,163387.58325195313,48800,2,1.175,162238.21786499023,48800,2,1.175,157467.69549560547,3050,2,1.0437500000000002,102704.64158630371,48800,2,1.05,104573.30766296387,48800,2,1.05,12796757.302093506,4617,2456,5044,5054,2496,400,400,400,400,400,400,400,5398,3313,2476,400,2556,400,2419,400,400,400,400,3885,400,400,3409,400,2895,3778,2493,5055,0,0,0,0,0,0,0,0,0,0,0,0,0,0,0,0,0,0,0,0,0,0,0,0,0,0,10,0,0,0,0,0,20475,15905,9445,48,0,20475,13200,11718,39,0,66718994432,8589930496,32750870528,524288
199,1791349220065,986474.9855499268,3050,2,1.11875,100071.86627197266,48800,2,1.11875,99138.21597290039,48800,2,1.11875,100468.20736694336,48800,2,1.11875,109907.08386230469,48800,2,0.93125,99658.9072265625,48800,2,0.93125,106925.96044921875,48800,2,0.93125,171374.87504577637,3050,2,1.11875,173142.124710083,3050,2,1.11875,170357.63520812988,3050,2,1.11875,375298.90351867676,3050,0,1.11875,163387.58442687988,3050,2,1.11875,162238.21856689453,3050,2,1.11875,157467.69621276855,3050,2,1.11875,102704.64161682129,48800,2,1.11875,104573.30772399902,48800,2,1.11875,12796766.965393066,4617,2456,5044,5054,2496,400,400,400,400,400,400,400,5398,3313,2476,400,2556,400,2419,400,400,400,400,3885,400,400,3409,400,2895,3778,2493,5055,0,0,0,0,0,0,0,0,0,0,0,0,0,0,0,0,0,0,0,0,0,0,0,0,0,0,15.000000953674316,0,0,0,0,0,20475,15905,9445,48,0,20475,13200,11699,39,0,66718994432,8589930496,32750866432,524288
200,1791349220265,986474.9888000488,48800,2,0.55625,100071.86630249023,48800,2,0.93125,99138.21598815918,48800,2,0.93125,100468.20738220215,48800,2,0.93125,109907.08387756348,48800,2,0.93125,99658.90724182129,48800,2,0.93125,106925.96046447754,48800,2,0.925,171374.8756866455,48800,2,0.55625,173142.1254119873,48800,2,0.55625,170357.63584899902,48800,2,0.55625,375298.9720611572,48800,2,0.55625,163387.58547973633,48800,2,0.55625,162238.21923828125,48800,2,0.55625,157467.69689941406,48800,2,0.55625,102704.64163208008,48800,2,0.93125,104573.3077545166,48800,2,0.93125,12796776.623001099,4617,2456,5044,5054,2496,400,400,400,400,400,400,400,5398,3313,2476,400,2556,400,2419,400,400,400,400,3885,400,400,3409,400,2895,3778,2493,5055,0,0,0,0,0,0,0,0,0,0,0,0,0,0,0,0,0,0,0,0,0,0,0,0,0,0,10,0,0,0,0,0,20475,15905,9445,48,0,20475,13200,11699,39,0,66718994432,8589930496,32750866432,524288
200,1791349220466,986474.9910125732,48800,2,0.99375,100071.86633300781,48800,2,0.9812500000000001,99138.21600341797,48800,2,0.9812500000000001,100468.20741271973,48800,2,0.9812500000000001,109907.08389282227,48800,2,0.9812500000000001,99658.90725708008,48800,2,0.9812500000000001,106925.96047973633,48800,2,0.9812500000000001,171374.87628173828,48800,2,0.99375,173142.12608337402,48800,2,0.99375,170357.6364593506,48800,2,0.99375,375299.0378112793,48800,2,0.99375,163387.58651733398,48800,2,0.99375,162238.2198791504,48800,2,0.99375,157467.69750976563,48800,2,0.99375,102704.64166259766,48800,2,0.9812500000000001,104573.30778503418,48800,2,0.9812500000000001,12796786.204406738,4617,2456,5044,5054,2496,400,400,400,400,400,400,400,5398,3313,2476,400,2556,400,2419,400,400,400,400,3885,400,400,3409,400,2895,3778,2493,5055,0,0,0,0,0,0,0,0,0,0,0,0,0,0,0,0,0,0,0,0,0,0,0,0,0,0,15.000000953674316,0,0,0,0,0,20475,15905,9445,48,0,20475,13200,11699,39,0,66718994432,8589930496,32742608896,524288
200,1791349220666,986474.9926452637,48800,2,1.13125,100071.86637878418,48800,2,0.95625,99138.21604919434,48800,2,0.95625,100468.2074584961,48800,2,0.95625,109907.08395385742,48800,2,0.95625,99658.90730285645,48800,2,0.95625,106925.96054077148,48800,2,0.95625,171374.87698364258,48800,2,1.13125,173142.1268157959,48800,2,1.13125,170357.6371459961,48800,2,1.13125,375299.10638427734,48800,2,1.13125,163387.5876159668,48800,2,1.13125,162238.2205657959,3050,2,0.93125,157467.6982269287,3050,2,0.93125,102704.6417388916,48800,2,0.95625,104573.30784606934,48800,2,0.95625,12796795.90409851,4617,2456,5044,5054,2496,400,400,400,400,400,400,400,5398,3313,2476,400,2556,400,2419,400,400,400,400,3885,400,400,3409,400,2895,3778,2493,5055,4.761904716491699,0,0,0,0,0,0,0,0,0,0,0,0,0,0,0,0,0,0,0,0,0,0,0,0,0,10,0,0,0,0,0,20475,15905,9426,48,0,20475,13200,11699,39,0,66718994432,8589930496,32750608384,524288
200,1791349220866,986474.9964294434,3050,2,1.10625,100071.86647033691,48800,2,1.1125,99138.21611022949,48800,2,1.1125,100468.20751953125,48800,2,1.1125,109907.08401489258,48800,2,0.93125,99658.9073638916,48800,2,0.93125,106925.96060180664,48800,2,0.93125,171374.87770080566,3050,2,1.10625,173142.12756347656,3050,0,1.10625,170357.6378326416,3050,2,1.10625,375299.17462158203,3050,0,1.10625,163387.58879089355,3050,0,1.10625,162238.22123718262,3050,2,1.10625,157467.69891357422,3050,0,1.10625,102704.64179992676,48800,2,1.1125,104573.30793762207,48800,2,1.1125,12796805.569610596,4617,2456,5044,5054,2496,400,400,400,400,400,400,400,5398,3313,2476,400,2556,400,2419,400,400,400,400,3885,400,400,3409,400,2895,3778,2493,5055,0,0,0,0,0,0,0,0,0,0,0,0,0,0,0,0,0,0,0,0,0,0,0,0,0,0,10.526315689086914,0,0,0,0,0,20475,15905,9426,48,0,20475,13200,11699,39,0,66718994432,8589930496,32750604288,524288
200,1791349221067,986475.0190429688,48800,2,1.16875,100071.8664855957,48800,2,0.95625,99138.21612548828,48800,2,0.95625,100468.20753479004,48800,2,0.95625,109907.08403015137,48800,2,0.95625,99658.90739440918,48800,2,0.95625,106925.96061706543,48800,2,0.95625,171374.87831115723,48800,2,1.16875,173142.16802978516,48800,2,1.16875,170357.6486968994,48800,2,1.16875,375299.1753997803,48800,2,1.16875,163387.59242248535,48800,2,1.16875,162238.2218322754,48800,2,1.16875,157467.69956970215,48800,2,1.16875,102704.64183044434,48800,2,1.16875,104573.30796813965,48800,2,1.16875,12796815.001846313,4617,2456,5044,5054,2496,400,400,400,400,400,400,400,5398,3313,2476,400,2556,400,2419,400,400,400,400,3885,400,400,3409,400,2895,3778,2493,5055,5,0,0,0,0,0,0,0,0,0,0,0,5.263157844543457,0,0,0,0,0,0,0,0,0,0,4.761904716491699,0,0,0,0,0,0,0,0,20475,15905,9426,48,0,20475,13200,11677,39,0,66718994432,8589930496,32753328128,524288
199,1791349221267,986475.0877990723,48800,2,1.16875,100071.86650085449,48800,2,1.025,99138.21614074707,48800,2,1.025,100468.20755004883,48800,2,1.025,109907.08404541016,48800,2,1.025,99658.90740966797,48800,2,1.025,106925.9606628418,48800,2,1.025,171374.8793182373,48800,2,1.16875,173142.16876220703,48800,2,1.16875,170357.64933776855,48800,2,1.16875,375299.17614746094,48800,2,1.16875,163387.59326171875,48800,2,1.16875,162238.22244262695,48800,2,1.16875,157467.70024108887,48800,2,1.16875,102704.64186096191,48800,2,1.025,104573.30810546875,48800,2,1.025,12796824.499206543,4617,2456,5044,5054,2496,400,400,400,400,400,400,400,5398,3313,2476,400,2556,400,2419,400,400,400,400,3885,400,400,3409,400,2895,3778,2493,5055,10.526315689086914,0,0,0,0,0,0,0,0,0,0,0,0,0,0,0,0,0,0,0,0,0,0,0,0,0,0,0,0,0,0,0,20475,15905,9426,48,0,20475,13200,11677,39,0,66718994432,8589930496,32770584576,524288
200,1791349221467,986475.1979675293,48800,2,0.30000000000000004,100071.86653137207,48800,2,0.925,99138.21617126465,48800,2,0.925,100468.2075805664,48800,2,0.925,109907.08409118652,48800,2,0.925,99658.90745544434,48800,2,0.925,106925.96072387695,48800,2,0.925,171374.8801422119,48800,2,0.30000000000000004,173142.1697845459,48800,2,0.30000000000000004,170357.6514892578,48800,2,0.30000000000000004,375299.17724609375,48800,2,0.30000000000000004,163387.59455871582,48800,2,0.30000000000000004,162238.22314453125,48800,2,0.30000000000000004,157467.7011566162,48800,2,0.30000000000000004,102704.64192199707,48800,2,0.925,104573.30815124512,48800,2,0.925,12796834.184875488,4617,2456,5044,5054,2496,400,400,400,400,400,400,400,5398,3313,2476,400,2556,400,2419,400,400,400,400,3885,400,400,3409,400,2895,3778,2493,5055,14.285715103149414,0,0,0,0,0,0,0,0,0,0,0,0,0,0,0,0,0,0,0,0,0,0,0,0,0,0,0,0,0,0,0,20475,15905,9426,48,0,20475,13200,11677,39,0,66718994432,8589930496,32770584576,524288
200,1791349221667,986475.2665557861,48800,2,1.13125,100071.86659240723,48800,2,1.13125,99138.21621704102,48800,2,1.13125,100468.20764160156,48800,2,1.13125,109907.08416748047,48800,2,1.13125,99658.90751647949,48800,2,1.13125,106925.9608001709,48800,2,1.13125,171374.88090515137,48800,2,1.13125,173142.17044067383,48800,2,1.13125,170357.65411376953,48800,2,1.13125,375299.17796325684,48800,2,1.13125,163387.59576416016,48800,2,1.13125,162238.22373962402,48800,2,1.13125,157467.70207214355,48800,2,1.13125,102704.64199829102,48800,2,1.13125,104573.30821228027,48800,2,1.13125,12796843.759536743,4617,2456,5044,5054,2496,400,400,400,400,400,400,400,5398,3313,2476,400,2556,400,2419,400,400,400,400,3885,400,400,3409,400,2895,3778,2493,5055,10.526315689086914,0,0,0,0,0,0,0,0,0,0,0,0,0,0,0,0,0,0,0,0,0,0,0,0,0,0,0,0,0,0,0,20475,15905,9423,47,0,20475,13200,11677,39,0,66718994432,8589930496,32770584576,524288
200,1791349221868,986475.3360748291,48800,2,1.16875,100071.8667755127,48800,2,0.96875,99138.21640014648,48800,2,0.96875,100468.20782470703,48800,2,0.96875,109907.08435058594,48800,2,0.96875,99658.90769958496,48800,2,0.96875,106925.96099853516,48800,2,0.96875,171374.88319396973,48800,2,1.16875,173142.17121887207,48800,2,1.16875,170357.6562347412,48800,2,1.16875,375299.17864990234,48800,2,1.16875,163387.5968170166,48800,2,1.16875,162238.22436523438,48800,2,1.16875,157467.7031402588,48800,2,1.16875,102704.6421661377,48800,2,1.16875,104573.30841064453,48800,2,0.96875,12796853.317855835,4617,2456,5044,5054,2496,400,400,400,400,400,400,400,5398,3313,2476,400,2556,400,2419,400,400,400,400,3885,400,400,3409,400,2895,3778,2493,5055,10,0,0,0,0,0,0,0,0,0,0,0,0,0,0,0,0,0,0,0,0,0,0,0,0,0,4.761904716491699,0,0,0,0,0,20475,15905,9423,47,0,20475,13200,11677,39,0,66718994432,8589930496,32770580480,524288
200,1791349222068,986475.4027862549,48800,2,1.16875,100071.86682128906,48800,2,1.05,99138.21643066406,48800,2,1.05,100468.20785522461,48800,2,1.05,109907.08438110352,48800,2,1.05,99658.90774536133,48800,2,1.05,106925.96105957031,48800,2,1.05,171374.88432312012,48800,2,1.16875,173142.17207336426,48800,2,1.16875,170357.6568145752,48800,2,1.16875,375299.17962646484,48800,2,1.16875,163387.59774780273,48800,2,1.16875,162238.22491455078,48800,2,1.16875,157467.70372009277,48800,2,1.16875,102704.64221191406,48800,2,1.05,104573.30848693848,48800,2,1.05,12796862.799972534,4617,2456,5044,5054,2496,400,400,400,400,400,400,400,5398,3313,2476,400,2556,400,2419,400,400,400,400,3885,400,400,3409,400,2895,3778,2493,5055,15.000000953674316,0,0,0,0,0,0,0,0,0,0,0,0,0,0,0,0,0,0,0,0,0,0,0,0,0,0,0,0,0,0,0,20475,15905,9423,47,0,20475,13200,11657,39,0,66718994432,8589930496,32770580480,524288
200,1791349222268,986475.473739624,48800,2,1.16875,100071.86686706543,48800,2,1.125,99138.21647644043,48800,2,1.125,100468.20791625977,48800,2,1.125,109907.08444213867,48800,2,1.125,99658.90780639648,48800,2,0.93125,106925.96113586426,48800,2,0.93125,171374.88508605957,3050,2,1.11875,173142.1735687256,3050,2,1.11875,170357.65747070313,3050,2,1.11875,375299.1809539795,3050,2,1.11875,163387.59880065918,3050,2,1.11875,162238.22554016113,3050,2,1.11875,157467.70468139648,3050,2,1.11875,102704.64227294922,48800,2,1.125,104573.30854797363,48800,2,1.125,12796872.392974854,4617,2456,5044,5054,2496,400,400,400,400,400,400,400,5398,3313,2476,400,2556,400,2419,400,400,400,400,3885,400,400,3409,400,2895,3778,2493,5055,14.285715103149414,0,0,0,0,0,0,0,0,0,0,0,0,0,0,0,0,0,0,0,0,0,0,0,0,0,0,0,0,0,4.761904716491699,0,20475,15905,9423,47,0,20475,13200,11657,39,0,66718994432,8589930496,32770580480,524288
200,1791349222469,986475.5431671143,48800,2,1.16875,100071.86688232422,48800,2,0.95625,99138.21647644043,48800,2,0.95625,100468.20791625977,48800,2,0.95625,109907.08444213867,48800,2,0.95625,99658.90780639648,48800,2,0.95625,106925.96115112305,48800,2,0.95625,171374.88662719727,48800,2,1.16875,173142.17500305176,48800,2,1.16875,170357.6580657959,48800,2,1.16875,375299.18252563477,48800,2,1.16875,163387.5994720459,48800,2,1.16875,162238.2261505127,48800,2,1.16875,157467.70552062988,48800,2,1.16875,102704.64227294922,48800,2,1.16875,104573.30857849121,48800,2,0.95625,12796881.88748169,4617,2456,5044,5054,2496,400,400,400,400,400,400,400,5398,3313,2476,400,2556,400,2419,400,400,400,400,3885,400,400,3409,400,2895,3778,2493,5055,15.000000953674316,0,0,0,0,0,0,0,0,0,0,0,0,0,0,0,0,0,0,0,0,0,0,0,0,0,0,0,0,0,0,0,20475,15905,9423,47,0,20475,13200,11657,39,0,66718994432,8589930496,32764317696,524288
200,1791349222669,986475.6123504639,48800,2,1.16875,100071.86689758301,48800,2,1.03125,99138.21649169922,48800,2,1.03125,100468.20793151855,48800,2,1.03125,109907.08445739746,48800,2,1.03125,99658.90782165527,48800,2,1.03125,106925.96118164063,48800,2,1.03125,171374.88800048828,48800,2,1.16875,173142.17575073242,48800,2,1.16875,170357.65867614746,48800,2,1.16875,375299.18339538574,48800,2,1.16875,163387.60028076172,48800,2,1.16875,162238.22676086426,48800,2,1.16875,157467.7063140869,48800,2,1.16875,102704.6423034668,48800,2,1.03125,104573.30860900879,48800,2,1.03125,12796891.402389526,4617,2456,5044,5054,2496,400,400,400,400,400,400,400,5398,3313,2476,400,2556,400,2419,400,400,400,400,3885,400,400,3409,400,2895,3778,2493,5055,10,0,0,0,0,0,0,0,0,0,0,0,0,0,0,0,0,0,0,0,0,0,0,0,0,0,0,0,0,0,0,0,20475,15905,9396,47,0,20475,13200,11657,39,0,66718994432,8589930496,32764571648,524288
200,1791349222869,986475.6799621582,48800,2,1.16875,100071.8669128418,48800,2,1.1125,99138.21650695801,48800,2,1.1125,100468.20794677734,48800,2,1.1125,109907.08448791504,48800,2,1.1125,99658.90785217285,48800,2,1.1125,106925.9612121582,48800,2,1.1125,171374.88870239258,48800,2,1.11875,173142.17636108398,3050,2,1.11875,170357.65922546387,3050,2,1.11875,375299.1841430664,3050,2,1.11875,163387.60122680664,3050,2,1.11875,162238.22729492188,3050,2,1.11875,157467.70700073242,3050,2,1.11875,102704.64231872559,48800,2,1.1125,104573.30865478516,48800,2,1.1125,12796900.880371094,4617,2456,5044,5054,2496,400,400,400,400,400,400,400,5398,3313,2476,400,2556,400,2419,400,400,400,400,3885,400,400,3409,400,2895,3778,2493,5055,10.526315689086914,0,0,0,0,0,0,0,0,0,0,0,0,0,0,0,0,0,0,0,0,0,0,0,0,0,0,0,0,0,0,0,20475,15905,9396,47,0,20475,13200,11657,39,0,66718994432,8589930496,32764571648,524288
200,1791349223070,986475.7510986328,48800,2,1.13125,100071.86698913574,48800,2,1.13125,99138.21655273438,48800,2,0.93125,100468.20802307129,48800,2,0.93125,109907.0845336914,48800,2,0.93125,99658.9079284668,48800,2,0.93125,106925.96127319336,48800,2,0.93125,171374.88999938965,48800,2,1.13125,173142.17796325684,48800,2,1.13125,170357.6598968506,48800,2,1.13125,375299.1849517822,48800,2,1.13125,163387.6019897461,48800,2,1.13125,162238.2279510498,48800,2,1.13125,157467.7077178955,48800,2,1.13125,102704.64239501953,48800,2,1.13125,104573.30880737305,48800,2,1.13125,12796910.530227661,4617,2456,5044,5054,2496,400,400,400,400,400,400,400,5398,3313,2476,400,2556,400,2419,400,400,400,400,3885,400,400,3409,400,2895,3778,2493,5055,14.285715103149414,0,0,0,0,0,0,0,0,0,0,0,0,0,0,0,0,0,0,0,0,0,0,0,0,0,4.761904716491699,0,0,0,0,0,20475,15905,9396,47,0,20475,13200,11652,39,0,66718994432,8589930496,32764571648,524288
200,1791349223270,986475.8209991455,48800,2,1.16875,100071.86706542969,48800,2,1.03125,99138.21661376953,48800,2,1.03125,100468.20808410645,48800,2,1.03125,109907.08459472656,48800,2,1.03125,99658.90798950195,48800,2,1.03125,106925.96133422852,48800,2,1.03125,171374.89102172852,48800,2,1.16875,173142.17861938477,48800,2,1.16875,170357.66053771973,48800,2,1.16875,375299.1856994629,48800,2,1.16875,163387.6028289795,48800,2,1.16875,162238.22862243652,48800,2,1.16875,157467.70835876465,48800,2,1.16875,102704.64248657227,48800,2,1.03125,104573.30928039551,48800,2,1.03125,12796920.128051758,4617,2456,5044,5054,2496,400,400,400,400,400,400,400,5398,3313,2476,400,2556,400,2419,400,400,400,400,3885,400,400,3409,400,2895,3778,2493,5055,10.526315689086914,0,0,0,0,0,0,0,0,0,0,0,0,0,0,0,0,0,0,0,0,0,0,0,0,0,0,0,0,0,0,0,20475,15905,9396,47,0,20475,13200,11652,39,0,66718994432,8589930496,32764571648,524288
200,1791349223470,986475.890701294,48800,2,1.16875,100071.86709594727,48800,2,1.1,99138.21662902832,48800,2,1.1,100468.20809936523,48800,2,1.1,109907.08460998535,48800,2,1.1,99658.90802001953,48800,2,1.1,106925.9613647461,48800,2,0.93125,171374.8918609619,48800,2,1.16875,173142.1792602539,3050,2,1.0875,170357.66117858887,3050,2,1.0875,375299.18644714355,3050,2,1.0875,163387.6039428711,3050,2,1.0875,162238.22924804688,3050,2,1.0875,157467.708984375,3050,2,1.0875,102704.64254760742,48800,2,1.1,104573.30932617188,48800,2,1.1,12796929.730163574,4617,2456,5044,5054,2496,400,400,400,400,400,400,400,5398,3313,2476,400,2556,400,2419,400,400,400,400,3885,400,400,3409,400,2895,3778,2493,5055,14.285715103149414,0,0,0,0,0,0,0,0,0,0,0,0,0,0,0,0,0,0,0,0,0,0,0,0,0,0,0,0,0,0,0,20475,15905,9396,47,0,20475,13200,11652,39,0,66718994432,8589930496,32763265024,524288
200,1791349223671,986475.9593658447,48800,2,1.13125,100071.86709594727,48800,2,1.13125,99138.21662902832,48800,2,1.13125,100468.20809936523,48800,2,0.93125,109907.08460998535,48800,2,0.93125,99658.90802001953,48800,2,0.93125,106925.96138000488,48800,2,0.93125,171374.89344787598,48800,2,1.13125,173142.17987060547,48800,2,1.13125,170357.66180419922,48800,2,1.13125,375299.1871948242,48800,2,1.13125,163387.60467529297,48800,2,1.13125,162238.22982788086,48800,2,1.13125,157467.70959472656,48800,2,1.13125,102704.64254760742,48800,2,1.13125,104573.30935668945,48800,2,1.13125,12796939.287322998,4617,2456,5044,5054,2496,400,400,400,400,400,400,400,5398,3313,2476,400,2556,400,2419,400,400,400,400,3885,400,400,3409,400,2895,3778,2493,5055,10.526315689086914,0,0,0,0,0,0,0,0,0,0,0,0,0,0,0,0,0,0,0,0,0,0,0,0,0,0,0,0,0,0,0,20475,15905,9436,47,0,20475,13200,11652,39,0,66718994432,8589930496,32763260928,524288
200,1791349223871,986476.0263061523,48800,2,1.16875,100071.86712646484,48800,2,1.025,99138.21662902832,48800,2,1.025,100468.20811462402,48800,2,1.025,109907.08460998535,48800,2,1.025,99658.90803527832,48800,2,1.025,106925.96138000488,48800,2,1.025,171374.89471435547,48800,2,1.16875,173142.18048095703,48800,2,1.16875,170357.66244506836,48800,2,1.16875,375299.18786621094,48800,2,1.16875,163387.6056213379,48800,2,1.16875,162238.23042297363,48800,2,1.16875,157467.71020507813,48800,2,1.16875,102704.64256286621,48800,2,1.025,104573.30938720703,48800,2,1.025,12796948.79673767,4617,2456,5044,5054,2496,400,400,400,400,400,400,400,5398,3313,2476,400,2556,400,2419,400,400,400,400,3885,400,400,3409,400,2895,3778,2493,5055,14.285715103149414,0,0,0,0,0,0,0,0,0,0,0,0,0,0,0,0,0,0,0,0,0,0,0,0,0,0,0,0,0,0,0,20475,15905,9436,47,0,20475,13200,11652,39,0,66718994432,8589930496,32763260928,524288
200,1791349224071,986476.0943908691,48800,2,1.16875,100071.86717224121,48800,2,1.1,99138.21667480469,48800,2,1.1,100468.20816040039,48800,2,1.1,109907.08467102051,48800,2,1.1,99658.90811157227,48800,2,1.1,106925.96144104004,48800,2,0.93125,171374.89553833008,48800,2,1.16875,173142.18112182617,3050,2,1.09375,170357.6630859375,3050,2,1.09375,375299.1885986328,3050,2,1.09375,163387.60667419434,3050,2,1.09375,162238.2310333252,3050,2,1.09375,157467.71086120605,3050,2,1.09375,102704.64263916016,48800,2,1.1,104573.30946350098,48800,2,1.1,12796958.563339233,4617,2456,5044,5054,2496,400,400,400,400,400,400,400,5398,3313,2476,400,2556,400,2419,400,400,400,400,3885,400,400,3409,400,2895,3778,2493,5055,15.000000953674316,0,0,0,0,0,0,0,0,0,0,0,0,0,0,0,0,0,0,0,0,0,0,0,0,0,0,0,0,0,0,0,20475,15905,9436,47,0,20475,13200,11654,39,0,66718994432,8589930496,32763260928,524288
200,1791349224272,986476.1625366211,48800,2,1.13125,100071.8671875,48800,2,1.1375,99138.21669006348,48800,2,0.93125,100468.20817565918,48800,2,0.93125,109907.0846862793,48800,2,0.93125,99658.90812683105,48800,2,0.93125,106925.96147155762,48800,2,0.93125,171374.89729309082,48800,2,1.13125,173142.18173217773,48800,2,1.13125,170357.66369628906,48800,2,1.13125,375299.1892852783,48800,2,1.13125,163387.60737609863,48800,2,1.13125,162238.23162841797,48800,2,1.13125,157467.71145629883,48800,2,1.13125,102704.64266967773,48800,2,1.1375,104573.30950927734,48800,2,1.1375,12796968.14768982,4617,2456,5044,5054,2496,400,400,400,400,400,400,400,5398,3313,2476,400,2556,400,2419,400,400,400,400,3885,400,400,3409,400,2895,3778,2493,5055,15.000000953674316,0,0,0,0,0,0,0,0,0,0,0,0,0,0,0,0,0,0,0,0,0,0,0,0,0,0,0,0,0,0,0,20475,15905,9436,47,0,20475,13200,11654,39,0,66718994432,8589930496,32763260928,524288
200,1791349224472,986476.23097229,48800,2,1.16875,100071.86720275879,48800,2,1.0375,99138.21669006348,48800,2,1.0375,100468.20817565918,48800,2,1.0375,109907.0846862793,48800,2,1.0375,99658.90812683105,48800,2,1.0375,106925.96147155762,48800,2,1.0375,171374.89852905273,48800,2,1.16875,173142.18231201172,48800,2,1.16875,170357.66427612305,48800,2,1.16875,375299.18995666504,48800,2,1.16875,163387.6082763672,48800,2,1.16875,162238.23217773438,48800,2,1.16875,157467.7120513916,48800,2,1.16875,102704.64270019531,48800,2,1.0375,104573.30952453613,48800,2,1.0375,12796977.591781616,4617,2456,5044,5054,2496,400,400,400,400,400,400,400,5398,3313,2476,400,2556,400,2419,400,400,400,400,3885,400,400,3409,400,2895,3778,2493,5055,10,0,0,0,0,0,0,0,0,0,0,0,0,0,0,0,0,0,0,0,0,0,0,0,0,0,0,0,0,0,0,0,20475,15905,9436,47,0,20475,13200,11654,39,0,66718994432,8589930496,32752685056,524288
200,1791349224672,986476.2994842529,48800,2,1.16875,100071.86723327637,48800,2,1.10625,99138.21670532227,48800,2,1.10625,100468.20820617676,48800,2,1.10625,109907.08471679688,48800,2,1.10625,99658.90817260742,48800,2,1.10625,106925.9615020752,48800,2,1.10625,171374.89944458008,48800,2,1.16875,173142.18293762207,48800,2,1.16875,170357.6649169922,3050,2,1.11875,375299.1907196045,3050,2,1.11875,163387.60920715332,3050,2,1.11875,162238.23277282715,3050,2,1.11875,157467.71267700195,3050,2,1.11875,102704.64274597168,48800,2,1.10625,104573.3095703125,48800,2,1.10625,12796987.24394226,4617,2456,5044,5054,2496,400,400,400,400,400,400,400,5398,3313,2476,400,2556,400,2419,400,400,400,400,3885,400,400,3409,400,2895,3778,2493,5055,10.526315689086914,0,0,0,0,0,0,0,0,0,0,0,0,0,0,0,0,0,0,0,0,0,0,0,0,0,0,0,0,0,0,0,20475,15905,9454,47,0,20475,13200,11654,39,0,66718994432,8589930496,32769974272,524288
200,1791349224873,986476.3690490723,48800,2,1.13125,100071.86729431152,48800,2,1.13125,99138.21675109863,48800,2,1.13125,100468.20825195313,48800,2,0.93125,109907.08476257324,48800,2,0.93125,99658.90821838379,48800,2,0.93125,106925.96156311035,48800,2,0.93125,171374.90180969238,48800,2,1.13125,173142.1835784912,48800,2,1.13125,170357.66555786133,48800,2,1.13125,375299.1914215088,48800,2,1.13125,163387.6100616455,48800,2,1.13125,162238.23335266113,48800,2,1.13125,157467.71327209473,48800,2,1.13125,102704.64279174805,48800,2,1.13125,104573.30963134766,48800,2,1.13125,12796996.775131226,4617,2456,5044,5054,2496,400,400,400,400,400,400,400,5398,3313,2476,400,2556,400,2419,400,400,400,400,3885,400,400,3409,400,2895,3778,2493,5055,14.285715103149414,0,0,0,0,0,0,0,0,0,0,0,0,0,0,0,0,0,0,0,0,0,0,0,0,0,0,0,0,0,0,0,20475,15905,9454,47,0,20475,13200,11654,39,0,66718994432,8589930496,32769974272,524288
200,1791349225073,986476.436126709,48800,2,1.16875,100071.8673248291,48800,2,1.0375,99138.21676635742,48800,2,1.0375,100468.20826721191,48800,2,1.0375,109907.08477783203,48800,2,1.0375,99658.90823364258,48800,2,1.0375,106925.96157836914,48800,2,1.0375,171374.90356445313,48800,2,1.16875,173142.18420410156,48800,2,1.16875,170357.6661682129,48800,2,1.16875,375299.1921081543,48800,2,1.16875,163387.611038208,48800,2,1.16875,162238.23393249512,48800,2,1.16875,157467.7138824463,48800,2,1.16875,102704.64283752441,48800,2,1.0375,104573.30967712402,48800,2,1.0375,12797006.326065063,4617,2456,5044,5054,2496,400,400,400,400,400,400,400,5398,3313,2476,400,2556,400,2419,400,400,400,400,3885,400,400,3409,400,2895,3778,2493,5055,10.526315689086914,0,0,0,0,0,0,0,0,0,0,0,0,0,0,0,0,0,0,0,0,0,0,0,0,0,0,0,0,0,0,0,20475,15905,9454,47,0,20475,13200,11633,39,0,66718994432,8589930496,32769974272,524288
200,1791349225273,986476.5040588379,48800,2,1.16875,100071.86740112305,48800,2,1.11875,99138.21682739258,48800,2,1.11875,100468.20832824707,48800,2,1.11875,109907.08485412598,48800,2,1.11875,99658.90830993652,48800,2,0.93125,106925.96165466309,48800,2,0.93125,171374.9050140381,3050,2,1.11875,173142.1848449707,3050,2,1.11875,170357.66677856445,3050,2,1.11875,375299.1927947998,3050,2,1.11875,163387.61210632324,3050,2,1.11875,162238.2345123291,3050,2,1.11875,157467.71450805664,3050,2,1.11875,102704.64291381836,48800,2,1.11875,104573.30986022949,48800,2,1.11875,12797015.920135498,4617,2456,5044,5054,2496,400,400,400,400,400,400,400,5398,3313,2476,400,2556,400,2419,400,400,400,400,3885,400,400,3409,400,2895,3778,2493,5055,14.285715103149414,0,0,0,0,0,0,0,0,0,0,0,0,0,0,0,0,0,0,0,0,0,0,0,0,0,0,0,0,0,0,0,20475,15905,9454,47,0,20475,13200,11633,39,0,66718994432,8589930496,32769974272,524288
200,1791349225474,986476.5722808838,48800,2,1.14375,100071.86744689941,48800,2,0.93125,99138.21685791016,48800,2,0.93125,100468.20835876465,48800,2,0.93125,109907.08488464355,48800,2,0.93125,99658.9083404541,48800,2,0.93125,106925.96168518066,48800,2,0.93125,171374.90782165527,48800,2,1.14375,173142.18589782715,48800,2,1.14375,170357.66917419434,48800,2,1.14375,375299.19355773926,48800,2,1.14375,163387.6134338379,48800,2,1.14375,162238.2352142334,48800,2,1.14375,157467.71519470215,48800,2,1.14375,102704.64297485352,48800,2,1.14375,104573.30992126465,48800,2,0.93125,12797025.612411499,4617,2456,5044,5054,2496,400,400,400,400,400,400,400,5398,3313,2476,400,2556,400,2419,400,400,400,400,3885,400,400,3409,400,2895,3778,2493,5055,15.000000953674316,0,0,0,0,0,0,0,0,0,0,0,0,0,0,0,0,0,0,0,0,0,0,0,0,0,0,0,0,0,0,0,20475,15905,9454,47,0,20475,13200,11633,39,0,66718994432,8589930496,32768282624,524288
200,1791349225674,986476.6404266357,48800,2,1.16875,100071.86747741699,48800,2,1.0375,99138.21685791016,48800,2,1.0375,100468.20835876465,48800,2,1.0375,109907.08488464355,48800,2,1.0375,99658.9083404541,48800,2,1.0375,106925.96170043945,48800,2,1.0375,171374.90879821777,48800,2,1.16875,173142.18658447266,48800,2,1.16875,170357.66981506348,48800,2,1.16875,375299.1943359375,48800,2,1.16875,163387.61433410645,48800,2,1.16875,162238.23585510254,48800,2,1.16875,157467.7158355713,3050,2,1.0437500000000002,102704.6429901123,48800,2,1.0375,104573.30995178223,48800,2,1.0375,12797035.267990112,4617,2456,5044,5054,2496,400,400,400,400,400,400,400,5398,3313,2476,400,2556,400,2419,400,400,400,400,3885,400,400,3409,400,2895,3778,2493,5055,14.285715103149414,0,0,0,0,0,0,0,0,0,0,0,0,0,0,0,0,0,0,0,0,0,0,0,0,0,0,0,0,0,0,0,20475,15905,9404,47,0,20475,13200,11633,39,0,66718994432,8589930496,32768282624,524288
200,1791349225874,986476.710647583,3050,2,1.1,100071.86764526367,48800,2,1.11875,99138.21702575684,48800,2,1.11875,100468.20852661133,48800,2,1.11875,109907.08505249023,48800,2,0.93125,99658.90850830078,48800,2,0.93125,106925.96186828613,48800,2,0.93125,171374.9108581543,3050,2,1.1,173142.18766784668,3050,2,1.1,170357.67059326172,3050,2,1.1,375299.195022583,3050,2,1.1,163387.61560058594,3050,2,1.1,162238.2364807129,3050,2,1.1,157467.71647644043,3050,2,1.1,102704.64315795898,48800,2,1.11875,104573.3101348877,48800,2,1.11875,12797044.891815186,4617,2456,5044,5054,2496,400,400,400,400,400,400,400,5398,3313,2476,400,2556,400,2419,400,400,400,400,3885,400,400,3409,400,2895,3778,2493,5055,10.526315689086914,0,0,0,0,0,0,0,0,0,0,0,0,0,0,0,0,0,0,0,0,0,0,0,0,0,0,0,0,0,0,0,20475,15905,9404,47,0,20475,13200,11633,39,0,66718994432,8589930496,32768282624,524288
200,1791349226075,986476.7805786133,48800,2,1.16875,100071.86769104004,48800,2,0.95625,99138.21705627441,48800,2,0.95625,100468.2085571289,48800,2,0.95625,109907.08508300781,48800,2,0.95625,99658.90855407715,48800,2,0.95625,106925.96189880371,48800,2,0.95625,171374.91314697266,48800,2,1.16875,173142.1883544922,48800,2,1.16875,170357.67129516602,48800,2,1.16875,375299.1957702637,48800,2,1.16875,163387.6169281006,48800,2,1.16875,162238.23710632324,48800,2,1.16875,157467.71714782715,48800,2,1.16875,102704.64318847656,48800,2,0.95625,104573.31022644043,48800,2,0.95625,12797054.584609985,4617,2456,5044,5054,2496,400,400,400,400,400,400,400,5398,3313,2476,400,2556,400,2419,400,400,400,400,3885,400,400,3409,400,2895,3778,2493,5055,10,0,0,0,0,0,0,0,0,0,0,0,0,0,0,0,0,0,0,0,0,0,0,0,0,0,0,0,0,0,0,0,20475,15905,9404,47,0,20475,13200,11600,39,0,66718994432,8589930496,32754884608,524288
200,1791349226275,986476.845703125,48800,2,1.175,100071.86770629883,48800,2,1.0375,99138.21705627441,48800,2,1.0375,100468.2085571289,48800,2,1.0375,109907.08508300781,48800,2,1.0375,99658.90855407715,48800,2,1.0375,106925.9619140625,48800,2,1.0375,171374.91368103027,48800,2,1.175,173142.18893432617,48800,2,1.175,170357.67184448242,48800,2,1.175,375299.19638061523,48800,2,1.175,163387.6177520752,48800,2,1.175,162238.23764038086,48800,2,1.175,157467.71769714355,3050,2,1.025,102704.64320373535,48800,2,1.0375,104573.31025695801,48800,2,1.0375,12797064.103424072,4617,2456,5044,5054,2496,400,400,400,400,400,400,400,5398,3313,2476,400,2556,400,2419,400,400,400,400,3885,400,400,3409,400,2895,3778,2493,5055,0,0,0,0,0,0,0,0,10,0,0,0,0,0,0,0,0,0,0,0,0,0,0,0,0,0,0,0,0,0,0,0,20475,15905,9404,47,0,20475,13200,11600,39,0,66718994432,8589930496,32772022272,524288
200,1791349226475,986476.9170532227,3050,2,1.11875,100071.8677520752,48800,2,1.11875,99138.21710205078,48800,2,1.11875,100468.20860290527,48800,2,1.11875,109907.08512878418,48800,2,1.11875,99658.90859985352,48800,2,0.93125,106925.96195983887,48800,2,0.93125,171374.91427612305,3050,2,1.11875,173142.1895904541,3050,2,1.11875,170357.67247009277,3050,2,1.11875,375299.1970977783,3050,2,1.11875,163387.61882019043,3050,2,1.11875,162238.23823547363,3050,2,1.11875,157467.7183227539,3050,2,1.11875,102704.64323425293,48800,2,1.11875,104573.31030273438,48800,2,1.11875,12797073.57017517,4617,2456,5044,5054,2496,400,400,400,400,400,400,400,5398,3313,2476,400,2556,400,2419,400,400,400,400,3885,400,400,3409,400,2895,3778,2493,5055,0,0,0,0,0,0,0,0,15.000000953674316,0,0,0,0,0,0,0,0,0,0,0,0,0,0,0,0,0,0,0,0,0,0,0,20475,15905,9404,47,0,20475,13200,11600,39,0,66718994432,8589930496,32770539520,524288
200,1791349226676,986476.9867706299,48800,2,1.16875,100071.86778259277,48800,2,0.95,99138.21714782715,48800,2,0.95,100468.20863342285,48800,2,0.95,109907.08515930176,48800,2,0.95,99658.9086303711,48800,2,0.95,106925.9620513916,48800,2,0.95,171374.91484069824,48800,2,1.16875,173142.19021606445,48800,2,1.16875,170357.67304992676,48800,2,1.16875,375299.19776916504,48800,2,1.16875,163387.61972045898,48800,2,1.16875,162238.23880004883,48800,2,1.16875,157467.71893310547,48800,2,1.16875,102704.6432800293,48800,2,1.16875,104573.31036376953,48800,2,1.16875,12797083.090332031,4617,2456,5044,5054,2496,400,400,400,400,400,400,400,5398,3313,2476,400,2556,400,2419,400,400,400,400,3885,400,400,3409,400,2895,3778,2493,5055,0,0,0,0,0,0,0,0,14.285715103149414,0,0,0,0,0,0,0,0,0,0,0,0,0,0,0,0,0,0,0,0,0,0,0,20475,15905,9371,47,0,20475,13200,11600,39,0,66718994432,8589930496,32770539520,524288
200,1791349226876,986477.0565185547,48800,2,1.16875,100071.86782836914,48800,2,1.0375,99138.21716308594,48800,2,1.0375,100468.20866394043,48800,2,1.0375,109907.08517456055,48800,2,1.0375,99658.90866088867,48800,2,1.0375,106925.96208190918,48800,2,1.0375,171374.91543579102,48800,2,1.16875,173142.1908569336,48800,2,1.16875,170357.6736755371,48800,2,1.16875,375299.19847106934,48800,2,1.16875,163387.62072753906,48800,2,1.16875,162238.2394104004,48800,2,1.16875,157467.71955871582,48800,2,1.16875,102704.64332580566,48800,2,1.0375,104573.3104095459,48800,2,1.0375,12797092.65965271,4617,2456,5044,5054,2496,400,400,400,400,400,400,400,5398,3313,2476,400,2556,400,2419,400,400,400,400,3885,400,400,3409,400,2895,3778,2493,5055,0,0,0,0,0,0,0,0,10.526315689086914,0,0,0,0,0,0,0,0,0,0,0,0,0,0,0,0,0,0,0,0,0,0,0,20475,15905,9371,47,0,20475,13200,11600,39,0,66718994432,8589930496,32770539520,524288
200,1791349227076,986477.1251220703,3050,2,1.1,100071.8678894043,48800,2,1.1125,99138.2172088623,48800,2,1.1125,100468.20874023438,48800,2,1.1125,109907.0852355957,48800,2,0.93125,99658.90873718262,48800,2,0.93125,106925.96215820313,48800,2,0.93125,171374.916015625,3050,2,1.1,173142.19145202637,3050,2,1.1,170357.67428588867,3050,2,1.1,375299.19915771484,3050,2,1.1,163387.6218109131,3050,2,1.1,162238.23999023438,3050,2,1.1,157467.72016906738,3050,2,1.1,102704.64338684082,48800,2,1.1125,104573.31051635742,48800,2,1.1125,12797102.307174683,4617,2456,5044,5054,2496,400,400,400,400,400,400,400,5398,3313,2476,400,2556,400,2419,400,400,400,400,3885,400,400,3409,400,2895,3778,2493,5055,0,0,0,0,0,0,0,0,14.285715103149414,0,0,0,0,0,0,0,0,0,0,0,0,0,0,0,0,0,0,0,0,0,0,0,20475,15905,9371,47,0,20475,13200,11623,39,0,66718994432,8589930496,32770539520,524288
200,1791349227277,986477.1952056885,48800,2,1.13125,100071.86791992188,48800,2,0.93125,99138.21723937988,48800,2,0.93125,100468.20877075195,48800,2,0.93125,109907.08526611328,48800,2,0.93125,99658.9087677002,48800,2,0.93125,106925.96220397949,48800,2,0.93125,171374.91659545898,48800,2,1.13125,173142.19207763672,48800,2,1.13125,170357.67488098145,48800,2,1.13125,375299.1998138428,48800,2,1.13125,163387.62255859375,48800,2,1.13125,162238.24060058594,48800,2,1.13125,157467.72077941895,48800,2,1.13125,102704.64344787598,48800,2,0.93125,104573.31056213379,48800,2,0.93125,12797111.832229614,4617,2456,5044,5054,2496,400,400,400,400,400,400,400,5398,3313,2476,400,2556,400,2419,400,400,400,400,3885,400,400,3409,400,2895,3778,2493,5055,0,0,0,0,0,0,0,0,10.526315689086914,0,0,0,0,0,0,0,0,0,0,0,0,0,0,0,0,0,0,0,0,0,0,0,20475,15905,9371,47,0,20475,13200,11623,39,0,66718994432,8589930496,32769212416,524288
200,1791349227477,986477.264465332,48800,2,1.175,100071.86795043945,48800,2,1.03125,99138.21726989746,48800,2,1.03125,100468.20880126953,48800,2,1.03125,109907.08529663086,48800,2,1.03125,99658.90879821777,48800,2,1.03125,106925.96226501465,48800,2,1.03125,171374.91722106934,48800,2,1.175,173142.19271850586,48800,2,1.175,170357.67553710938,48800,2,1.175,375299.20054626465,48800,2,1.175,163387.62342834473,48800,2,1.175,162238.2412109375,48800,2,1.175,157467.7213897705,48800,2,1.175,102704.64347839355,48800,2,1.03125,104573.31062316895,48800,2,1.03125,12797121.354125977,4617,2456,5044,5054,2496,400,400,400,400,400,400,400,5398,3313,2476,400,2556,400,2419,400,400,400,400,3885,400,400,3409,400,2895,3778,2493,5055,0,0,0,0,0,0,0,0,15.000000953674316,0,0,0,0,0,0,0,0,0,0,0,0,0,0,0,0,0,0,0,0,0,0,0,20475,15905,9371,47,0,20475,13200,11623,39,0,66718994432,8589930496,32765829120,524288
200,1791349227677,986477.3324737549,48800,2,1.175,100071.8680267334,48800,2,1.1125,99138.21733093262,48800,2,1.1125,100468.20887756348,48800,2,1.1125,109907.0853729248,48800,2,1.1125,99658.90887451172,48800,2,1.1125,106925.96235656738,48800,2,0.93125,171374.91787719727,3050,2,1.1,173142.19346618652,3050,2,1.1,170357.6762084961,3050,2,1.1,375299.2013397217,3050,2,1.1,163387.62463378906,3050,2,1.1,162238.2419128418,3050,2,1.1,157467.7220916748,3050,2,1.1,102704.6435546875,48800,2,1.1125,104573.31069946289,48800,2,1.1125,12797130.915985107,4617,2456,5044,5054,2496,400,400,400,400,400,400,400,5398,3313,2476,400,2556,400,2419,400,400,400,400,3885,400,400,3409,400,2895,3778,2493,5055,0,0,0,0,0,0,0,0,10,0,0,0,0,0,0,0,0,0,0,0,0,0,0,0,0,0,0,0,0,0,0,0,20475,15905,9359,47,0,20475,13200,11623,39,0,66718994432,8589930496,32765829120,524288
200,1791349227878,986477.4033660889,48800,2,1.1375,100071.86805725098,48800,2,1.13125,99138.2173614502,48800,2,0.93125,100468.20890808105,48800,2,0.93125,109907.08540344238,48800,2,0.93125,99658.9089050293,48800,2,0.93125,106925.96240234375,48800,2,0.93125,171374.9187927246,48800,2,1.1375,173142.19410705566,48800,2,1.1375,170357.67686462402,48800,2,1.1375,375299.20205688477,48800,2,1.1375,163387.62553405762,48800,2,1.1375,162238.24252319336,48800,2,1.1375,157467.72273254395,48800,2,1.1375,102704.64360046387,48800,2,1.13125,104573.31076049805,48800,2,1.13125,12797140.391906738,4617,2456,5044,5054,2496,400,400,400,400,400,400,400,5398,3313,2476,400,2556,400,2419,400,400,400,400,3885,400,400,3409,400,2895,3778,2493,5055,0,0,0,0,0,0,0,0,15.000000953674316,0,0,0,0,0,0,0,0,0,0,0,0,0,0,0,0,0,0,0,0,0,0,0,20475,15905,9359,47,0,20475,13200,11623,39,0,66718994432,8589930496,32765829120,524288
200,1791349228078,986477.468460083,48800,2,1.075,100071.86807250977,48800,2,1.025,99138.21737670898,48800,2,1.025,100468.20892333984,48800,2,1.025,109907.08541870117,48800,2,1.025,99658.90892028809,48800,2,1.025,106925.96243286133,48800,2,1.025,171374.91934204102,48800,2,1.075,173142.19470214844,48800,2,1.075,170357.67742919922,48800,2,1.075,375299.2026824951,48800,2,1.075,163387.62646484375,48800,2,1.075,162238.24307250977,48800,2,1.075,157467.72331237793,48800,2,1.075,102704.64363098145,48800,2,1.025,104573.31080627441,48800,2,1.025,12797149.804107666,4617,2456,5044,5054,2496,400,400,400,400,400,400,400,5398,3313,2476,400,2556,400,2419,400,400,400,400,3885,400,400,3409,400,2895,3778,2493,5055,0,0,0,0,0,0,0,0,14.285715103149414,0,0,0,0,0,0,0,0,0,0,0,0,0,0,0,0,0,4.761904716491699,0,0,0,0,0,20475,15905,9359,47,0,20475,13200,11627,39,0,66718994432,8589930496,32765829120,524288
200,1791349228278,986477.537689209,3050,2,1.05,100071.86810302734,48800,2,0.85,99138.21740722656,48800,2,0.85,100468.20896911621,48800,2,0.85,109907.08547973633,48800,2,0.85,99658.90898132324,48800,2,0.85,106925.96250915527,48800,2,0.85,171374.92039489746,3050,2,1.05,173142.19534301758,3050,2,1.05,170357.67805480957,3050,2,1.05,375299.2033996582,3050,2,1.05,163387.62757873535,3050,2,1.05,162238.24368286133,3050,2,1.05,157467.72395324707,3050,2,1.05,102704.64367675781,48800,2,0.85,104573.31085205078,48800,2,0.85,12797159.401168823,4617,2456,5044,5054,2496,400,400,400,400,400,400,400,5398,3313,2476,400,2556,400,2419,400,400,400,400,3885,400,400,3409,400,2895,3778,2493,5055,0,0,0,0,0,0,0,0,15.000000953674316,0,0,0,0,0,0,0,0,0,0,0,0,0,0,0,0,0,0,0,0,0,0,0,20475,15905,9359,47,0,20475,13200,11627,39,0,66718994432,8589930496,32765825024,524288
200,1791349228479,986477.6052093506,48800,2,1.0437500000000002,100071.86817932129,48800,2,0.93125,99138.21748352051,48800,2,0.93125,100468.20904541016,48800,2,0.93125,109907.08554077148,48800,2,0.93125,99658.9090423584,48800,2,0.93125,106925.96258544922,48800,2,0.93125,171374.92098999023,48800,2,1.0437500000000002,173142.19595336914,48800,2,1.0437500000000002,170357.67866516113,48800,2,1.0437500000000002,375299.2043762207,48800,2,1.0437500000000002,163387.62846374512,48800,2,1.0437500000000002,162238.2442779541,48800,2,1.0437500000000002,157467.72454833984,48800,2,1.0437500000000002,102704.64373779297,48800,2,1.05,104573.31094360352,48800,2,1.05,12797168.84046936,4617,2456,5044,5054,2496,400,400,400,400,400,400,400,5398,3313,2476,400,2556,400,2419,400,400,400,400,3885,400,400,3409,400,2895,3778,2493,5055,0,0,0,0,0,0,0,0,10,0,0,0,0,0,0,0,0,0,0,0,0,0,0,0,0,0,0,0,0,0,0,0,20475,15905,9359,47,0,20475,13200,11627,39,0,66718994432,8589930496,32764694528,524288
200,1791349228679,986477.6712799072,48800,2,1.16875,100071.86820983887,48800,2,1.16875,99138.2174987793,16133.333333333334,2,1.01875,100468.20906066895,16133.333333333334,2,1.01875,109907.08557128906,16133.333333333334,2,1.01875,99658.90905761719,16133.333333333334,2,1.01875,106925.96260070801,16133.333333333334,2,1.01875,171374.92166137695,48800,2,1.16875,173142.19662475586,48800,2,1.16875,170357.67936706543,48800,2,1.16875,375299.20513916016,48800,2,1.16875,163387.62950134277,48800,2,1.16875,162238.24491882324,48800,2,1.16875,157467.72518920898,48800,2,1.16875,102704.64390563965,48800,2,1.16875,104573.3109741211,48800,2,1.16875,12797178.403198242,4617,2456,5044,5054,2496,400,400,400,400,400,400,400,5398,3313,2476,400,2556,400,2419,400,400,400,400,3885,400,400,3409,400,2895,3778,2493,5055,0,0,0,0,0,0,0,0,10.526315689086914,0,0,0,0,0,0,0,0,0,0,0,0,0,0,0,0,0,0,0,0,0,0,0,20475,15905,9450,47,0,20475,13200,11627,39,0,66718994432,8589930496,32764694528,524288
200,1791349228879,986477.740234375,48800,2,1.16875,100071.86827087402,48800,2,1.10625,99138.21754455566,48800,2,1.10625,100468.20910644531,48800,2,1.10625,109907.08561706543,48800,2,1.10625,99658.90910339355,48800,2,1.10625,106925.96264648438,48800,2,1.10625,171374.9222869873,48800,2,1.16875,173142.19723510742,3050,2,1.1,170357.68002319336,3050,2,1.1,375299.20582580566,3050,2,1.1,163387.63064575195,3050,2,1.1,162238.2455291748,3050,2,1.1,157467.72579956055,3050,2,1.1,102704.6439819336,48800,2,1.10625,104573.31103515625,48800,2,1.10625,12797187.952285767,4617,2456,5044,5054,2496,400,400,400,400,400,400,400,5398,3313,2476,400,2556,400,2419,400,400,400,400,3885,400,400,3409,400,2895,3778,2493,5055,0,0,0,0,0,0,0,0,14.285715103149414,0,0,0,0,0,0,0,0,0,0,0,0,0,0,0,0,0,0,0,0,0,0,0,20475,15905,9450,47,0,20475,13200,11627,39,0,66718994432,8589930496,32764694528,524288
200,1791349229080,986477.8068389893,48800,2,1.13125,100071.86834716797,48800,2,1.1375,99138.21762084961,48800,2,1.1375,100468.20918273926,48800,2,1.1375,109907.08569335938,48800,2,1.1375,99658.90919494629,48800,2,1.1375,106925.96272277832,48800,2,1.1375,171374.9228515625,48800,2,1.13125,173142.19779968262,48800,2,1.13125,170357.68061828613,48800,2,1.13125,375299.2064971924,48800,2,1.13125,163387.63153076172,48800,2,1.13125,162238.24609375,48800,2,1.13125,157467.72636413574,48800,2,1.13125,102704.64413452148,48800,2,1.1375,104573.31112670898,48800,2,1.1375,12797197.479278564,4617,2456,5044,5054,2496,400,400,400,400,400,400,400,5398,3313,2476,400,2556,400,2419,400,400,400,400,3885,400,400,3409,400,2895,3778,2493,5055,0,0,0,0,0,0,0,0,10.526315689086914,0,0,0,0,0,0,0,0,0,0,0,0,0,0,0,0,0,0,0,0,0,0,0,20475,15905,9450,47,0,20475,13200,11623,39,0,66718994432,8589930496,32764690432,524288
200,1791349229280,986477.8766326904,48800,2,1.16875,100071.86846923828,48800,2,1.025,99138.21772766113,48800,2,1.025,100468.20928955078,48800,2,1.025,109907.0858001709,48800,2,1.025,99658.90930175781,48800,2,1.025,106925.96284484863,48800,2,1.025,171374.92362976074,48800,2,1.16875,173142.1983947754,48800,2,1.16875,170357.6812286377,48800,2,1.16875,375299.2071533203,48800,2,1.16875,163387.6323852539,48800,2,1.16875,162238.24668884277,48800,2,1.16875,157467.72694396973,48800,2,1.16875,102704.64428710938,48800,2,1.025,104573.31153869629,48800,2,1.025,12797206.95954895,4617,2456,5044,5054,2496,400,400,400,400,400,400,400,5398,3313,2476,400,2556,400,2419,400,400,400,400,3885,400,400,3409,400,2895,3778,2493,5055,0,0,0,0,0,0,0,0,14.285715103149414,0,0,0,0,0,0,0,0,0,0,0,0,0,0,0,0,0,0,0,0,0,0,0,20475,15905,9450,47,0,20475,13200,11623,39,0,66718994432,8589930496,32764690432,524288
200,1791349229480,986477.9455413818,48800,2,1.16875,100071.86853027344,48800,2,1.1,99138.21778869629,48800,2,1.1,100468.20935058594,48800,2,1.1,109907.08587646484,48800,2,1.1,99658.90937805176,48800,2,1.1,106925.96296691895,48800,2,1.1,171374.92471313477,48800,2,1.16875,173142.1990661621,3050,2,1.09375,170357.6834716797,3050,2,1.09375,375299.20794677734,3050,2,1.09375,163387.63330078125,3050,2,1.09375,162238.2473602295,3050,2,1.09375,157467.72760009766,3050,2,1.09375,102704.64445495605,48800,2,1.1,104573.31161499023,48800,2,1.1,12797216.623718262,4617,2456,5044,5054,2496,400,400,400,400,400,400,400,5398,3313,2476,400,2556,400,2419,400,400,400,400,3885,400,400,3409,400,2895,3778,2493,5055,15.000000953674316,0,0,0,0,0,0,0,0,0,0,0,0,0,0,0,0,0,0,0,0,0,0,0,0,0,0,0,0,0,0,0,20475,15905,9450,47,0,20475,13200,11623,39,0,66718994432,8589930496,32771010560,524288
200,1791349229681,986478.0152130127,48800,2,1.1375,100071.86860656738,48800,2,1.1375,99138.21786499023,48800,2,1.1375,100468.20942687988,48800,2,0.93125,109907.08595275879,48800,2,0.93125,99658.9094543457,48800,2,0.93125,106925.96304321289,48800,2,0.93125,171374.92630004883,48800,2,1.1375,173142.19972229004,48800,2,1.1375,170357.68417358398,48800,2,1.1375,375299.2087097168,48800,2,1.1375,163387.63424682617,48800,2,1.1375,162238.2480621338,48800,2,1.1375,157467.7282562256,48800,2,1.1375,102704.64469909668,48800,2,1.1375,104573.31172180176,48800,2,1.1375,12797226.239593506,4617,2456,5044,5054,2496,400,400,400,400,400,400,400,5398,3313,2476,400,2556,400,2419,400,400,400,400,3885,400,400,3409,400,2895,3778,2493,5055,10,0,0,0,0,0,0,0,0,0,0,0,0,0,0,0,0,0,0,0,0,0,0,0,0,0,0,0,0,0,0,0,20475,15905,9458,46,0,20475,13200,11623,39,0,66718994432,8589930496,32771010560,524288
200,1791349229881,986478.0815734863,48800,2,1.16875,100071.86877441406,48800,2,1.025,99138.21803283691,48800,2,1.025,100468.20959472656,48800,2,1.025,109907.08612060547,48800,2,1.025,99658.90962219238,48800,2,1.025,106925.96321105957,48800,2,1.025,171374.92709350586,48800,2,1.16875,173142.20056152344,48800,2,1.16875,170357.6848602295,48800,2,1.16875,375299.2094421387,48800,2,1.16875,163387.6356048584,48800,2,1.16875,162238.24870300293,48800,2,1.16875,157467.72889709473,48800,2,1.16875,102704.64485168457,48800,2,1.025,104573.31192016602,48800,2,1.025,12797235.847808838,4617,2456,5044,5054,2496,400,400,400,400,400,400,400,5398,3313,2476,400,2556,400,2419,400,400,400,400,3885,400,400,3409,400,2895,3778,2493,5055,10.526315689086914,0,0,0,0,0,0,0,0,0,0,0,0,0,0,0,0,0,0,0,0,0,0,0,0,0,0,0,0,0,0,0,20475,15905,9458,46,0,20475,13200,11623,39,0,66718994432,8589930496,32771010560,524288
200,1791349230081,986478.1505432129,48800,2,1.175,100071.86882019043,48800,2,1.1,99138.21807861328,48800,2,1.1,100468.20962524414,48800,2,1.1,109907.08616638184,48800,2,1.1,99658.90966796875,48800,2,1.1,106925.96325683594,48800,2,1.1,171374.9291229248,48800,2,1.175,173142.20120239258,48800,2,1.10625,170357.6855316162,3050,2,1.10625,375299.21017456055,3050,2,1.10625,163387.63671875,3050,2,1.10625,162238.24934387207,3050,2,1.10625,157467.72953796387,3050,2,1.10625,102704.64489746094,48800,2,1.1,104573.31198120117,48800,2,1.1,12797245.486724854,4617,2456,5044,5054,2496,400,400,400,400,400,400,400,5398,3313,2476,400,2556,400,2419,400,400,400,400,3885,400,400,3409,400,2895,3778,2493,5055,14.285715103149414,0,0,0,0,0,0,0,0,0,0,0,0,0,0,0,0,0,0,0,0,0,0,0,0,0,0,0,0,0,0,0,20475,15905,9458,46,0,20475,13200,11648,39,0,66718994432,8589930496,32771006464,524288
200,1791349230282,986478.2199554443,48800,2,1.13125,100071.86888122559,48800,2,1.13125,99138.21813964844,48800,2,0.93125,100468.2096862793,48800,2,0.93125,109907.08622741699,48800,2,0.93125,99658.9097290039,48800,2,0.93125,106925.9633178711,48800,2,0.93125,171374.93034362793,48800,2,1.13125,173142.20178222656,48800,2,1.13125,170357.68615722656,48800,2,1.13125,375299.21084594727,48800,2,1.13125,163387.6375732422,48800,2,1.13125,162238.24992370605,48800,2,1.13125,157467.73011779785,48800,2,1.13125,102704.64515686035,48800,2,1.13125,104573.31205749512,48800,2,1.13125,12797255.02116394,4617,2456,5044,5054,2496,400,400,400,400,400,400,400,5398,3313,2476,400,2556,400,2419,400,400,400,400,3885,400,400,3409,400,2895,3778,2493,5055,15.000000953674316,0,0,0,0,0,0,0,0,0,0,0,0,0,0,0,0,0,0,0,0,0,0,0,0,0,0,0,0,0,0,0,20475,15905,9458,46,0,20475,13200,11648,39,0,66718994432,8589930496,32770142208,524288
200,1791349230482,986478.2865753174,48800,2,1.16875,100071.86894226074,48800,2,1.025,99138.2181854248,48800,2,1.025,100468.20973205566,48800,2,1.025,109907.08627319336,48800,2,1.025,99658.90977478027,48800,2,1.025,106925.96446228027,48800,2,1.025,171374.93104553223,48800,2,1.16875,173142.20236206055,48800,2,1.16875,170357.68676757813,48800,2,1.16875,375299.2115020752,48800,2,1.16875,163387.63856506348,48800,2,1.16875,162238.25050354004,48800,2,1.16875,157467.73069763184,48800,2,1.16875,102704.64530944824,48800,2,1.025,104573.31213378906,48800,2,1.025,12797264.501495361,4617,2456,5044,5054,2496,400,400,400,400,400,400,400,5398,3313,2476,400,2556,400,2419,400,400,400,400,3885,400,400,3409,400,2895,3778,2493,5055,14.285715103149414,0,0,0,0,0,0,0,0,0,0,0,0,0,0,0,0,0,0,0,0,0,0,0,0,0,0,0,0,0,0,0,20475,15905,9458,46,0,20475,13200,11648,39,0,66718994432,8589930496,32768159744,524288
200,1791349230683,986478.3569030762,48800,2,1.16875,100071.86897277832,48800,2,1.10625,99138.21821594238,48800,2,1.10625,100468.20976257324,48800,2,1.10625,109907.08631896973,48800,2,1.10625,99658.90982055664,48800,2,1.10625,106925.96450805664,48800,2,0.93125,171374.93254089355,48800,2,1.10625,173142.2030029297,3050,2,1.10625,170357.68742370605,3050,2,1.10625,375299.21223449707,3050,2,1.10625,163387.63931274414,3050,2,1.10625,162238.25114440918,3050,2,1.10625,157467.7313232422,3050,2,1.10625,102704.64581298828,48800,2,1.10625,104573.31217956543,48800,2,1.10625,12797274.064865112,4617,2456,5044,5054,2496,400,400,400,400,400,400,400,5398,3313,2476,400,2556,400,2419,400,400,400,400,3885,400,400,3409,400,2895,3778,2493,5055,10.526315689086914,0,0,0,0,0,0,0,0,0,0,0,0,0,0,0,0,0,0,0,0,0,0,0,0,0,0,0,0,0,0,0,20475,15905,9442,46,0,20475,13200,11648,39,0,66718994432,8589930496,32768159744,524288
200,1791349230883,986478.4252624512,48800,2,1.1375,100071.8690032959,48800,2,0.925,99138.21824645996,48800,2,0.925,100468.20979309082,48800,2,0.925,109907.0863494873,48800,2,0.925,99658.90985107422,48800,2,0.925,106925.96453857422,48800,2,0.925,171374.93379211426,48800,2,1.1375,173142.20358276367,48800,2,1.1375,170357.68801879883,48800,2,1.1375,375299.2128753662,48800,2,1.1375,163387.6402130127,48800,2,1.1375,162238.25172424316,48800,2,1.1375,157467.73191833496,48800,2,1.1375,102704.6459350586,48800,2,1.13125,104573.3122253418,48800,2,1.13125,12797283.520980835,4617,2456,5044,5054,2496,400,400,400,400,400,400,400,5398,3313,2476,400,2556,400,2419,400,400,400,400,3885,400,400,3409,400,2895,3778,2493,5055,10.526315689086914,0,0,0,0,0,0,0,0,0,0,0,0,0,0,0,0,0,0,0,0,0,0,0,0,0,0,0,0,0,0,0,20475,15905,9442,46,0,20475,13200,11648,39,0,66718994432,8589930496,32768159744,524288
200,1791349231083,986478.4906616211,48800,2,1.16875,100071.86904907227,48800,2,1.05,99138.21827697754,48800,2,1.05,100468.20983886719,48800,2,1.05,109907.08638000488,48800,2,1.05,99658.9098815918,48800,2,1.05,106925.9645690918,48800,2,1.05,171374.9345855713,48800,2,1.16875,173142.20417785645,48800,2,1.16875,170357.68864440918,48800,2,1.16875,375299.21354675293,48800,2,1.16875,163387.6417541504,48800,2,1.16875,162238.25234985352,48800,2,1.03125,157467.73249816895,3050,2,1.03125,102704.64639282227,48800,2,1.05,104573.31228637695,48800,2,1.05,12797293.096603394,4617,2456,5044,5054,2496,400,400,400,400,400,400,400,5398,3313,2476,400,2556,400,2419,400,400,400,400,3885,400,400,3409,400,2895,3778,2493,5055,14.285715103149414,0,0,0,0,0,0,0,0,0,0,0,0,0,0,0,0,0,0,0,0,0,0,0,0,0,0,0,0,0,0,0,20475,15905,9442,46,0,20475,13200,11644,39,0,66718994432,8589930496,32768155648,524288
200,1791349231284,986478.5581512451,3050,2,1.10625,100071.86907958984,48800,2,1.1125,99138.2183227539,48800,2,1.1125,100468.20988464355,48800,2,1.1125,109907.08642578125,48800,2,0.93125,99658.90994262695,48800,2,0.93125,106925.96461486816,48800,2,0.93125,171374.93606567383,3050,2,1.10625,173142.204788208,3050,2,1.10625,170357.68925476074,3050,2,1.10625,375299.2142486572,3050,2,1.10625,163387.64260864258,3050,2,1.10625,162238.25296020508,3050,2,1.10625,157467.73309326172,3050,2,1.10625,102704.6469116211,48800,2,1.1125,104573.31234741211,48800,2,1.1125,12797302.627929688,4617,2456,5044,5054,2496,400,400,400,400,400,400,400,5398,3313,2476,400,2556,400,2419,400,400,400,400,3885,400,400,3409,400,2895,3778,2493,5055,10.526315689086914,0,0,0,0,0,0,0,0,0,0,0,0,0,0,0,0,0,0,0,0,0,0,0,0,0,0,0,0,0,0,0,20475,15905,9442,46,0,20475,13200,11644,39,0,66718994432,8589930496,32768155648,524288
200,1791349231484,986478.6277923584,48800,2,1.16875,100071.86911010742,48800,2,0.95,99138.21835327148,48800,2,0.95,100468.20991516113,48800,2,0.95,109907.08645629883,48800,2,0.95,99658.90997314453,48800,2,0.95,106925.96464538574,48800,2,0.95,171374.93728637695,48800,2,1.16875,173142.20539855957,48800,2,1.16875,170357.6898803711,48800,2,1.16875,375299.2150115967,48800,2,1.16875,163387.64366149902,48800,2,1.16875,162238.25358581543,48800,2,1.16875,157467.73370361328,48800,2,1.16875,102704.64695739746,48800,2,1.16875,104573.31240844727,48800,2,0.95,12797312.21308899,4617,2456,5044,5054,2496,400,400,400,400,400,400,400,5398,3313,2476,400,2556,400,2419,400,400,400,400,3885,400,400,3409,400,2895,3778,2493,5055,14.285715103149414,0,0,0,0,0,0,0,0,0,0,0,0,0,0,0,0,0,0,0,0,0,0,0,0,0,0,0,0,0,0,0,20475,15905,9442,46,0,20475,13200,11644,39,0,66718994432,8589930496,32765661184,524288
200,1791349231684,986478.6976318359,48800,2,1.16875,100071.86915588379,48800,2,1.0375,99138.21838378906,48800,2,1.0375,100468.20994567871,48800,2,1.0375,109907.0864868164,48800,2,1.0375,99658.91000366211,48800,2,1.0375,106925.96482849121,48800,2,1.0375,171374.93814086914,48800,2,1.16875,173142.2060394287,48800,2,1.16875,170357.6907196045,48800,2,1.16875,375299.21574401855,48800,2,1.16875,163387.64476013184,48800,2,1.16875,162238.25422668457,48800,2,1.16875,157467.73434448242,3050,2,1.03125,102704.64700317383,48800,2,1.0375,104573.31243896484,48800,2,1.0375,12797321.849838257,4617,2456,5044,5054,2496,400,400,400,400,400,400,400,5398,3313,2476,400,2556,400,2419,400,400,400,400,3885,400,400,3409,400,2895,3778,2493,5055,10.526315689086914,0,0,0,0,0,0,0,0,0,0,0,0,0,0,0,0,0,0,0,0,0,0,0,0,0,0,0,0,0,0,0,20475,15905,9438,46,0,20475,13200,11644,39,0,66718994432,8589930496,32765661184,524288
200,1791349231885,986478.7679443359,48800,2,1.16875,100071.86923217773,48800,2,1.10625,99138.2184753418,48800,2,1.10625,100468.21003723145,48800,2,1.10625,109907.08659362793,48800,2,1.10625,99658.91009521484,48800,2,1.10625,106925.96492004395,48800,2,0.93125,171374.93965148926,3050,2,1.10625,173142.20669555664,3050,2,1.10625,170357.6914215088,3050,2,1.10625,375299.21647644043,3050,2,1.10625,163387.64553833008,3050,2,1.10625,162238.2548828125,3050,2,1.10625,157467.73500061035,3050,2,1.10625,102704.64712524414,48800,2,1.10625,104573.31253051758,48800,2,1.10625,12797331.330322266,4617,2456,5044,5054,2496,400,400,400,400,400,400,400,5398,3313,2476,400,2556,400,2419,400,400,400,400,3885,400,400,3409,400,2895,3778,2493,5055,14.285715103149414,0,0,0,0,0,0,0,0,0,0,0,0,0,0,0,0,0,0,0,0,0,0,0,0,0,0,0,0,0,0,0,20475,15905,9438,46,0,20475,13200,11644,39,0,66718994432,8589930496,32765657088,524288
200,1791349232085,986478.8386230469,48800,2,1.16875,100071.86930847168,48800,2,1.16875,99138.21853637695,48800,2,0.95,100468.2100982666,48800,2,0.95,109907.08665466309,48800,2,0.95,99658.91015625,48800,2,0.95,106925.96510314941,48800,2,0.95,171374.94093322754,48800,2,1.16875,173142.20735168457,48800,2,1.16875,170357.6921234131,48800,2,1.16875,375299.2171936035,48800,2,1.16875,163387.64665222168,48800,2,1.16875,162238.25555419922,48800,2,1.16875,157467.73567199707,48800,2,1.16875,102704.64720153809,48800,2,1.16875,104573.31262207031,48800,2,1.16875,12797340.975967407,4617,2456,5044,5054,2496,400,400,400,400,400,400,400,5398,3313,2476,400,2556,400,2419,400,400,400,400,3885,400,400,3409,400,2895,3778,2493,5055,15.000000953674316,0,0,0,0,0,0,0,0,0,0,0,0,0,0,0,0,0,0,0,0,0,0,0,0,0,0,0,0,0,0,0,20475,15905,9438,46,0,20475,13200,11645,39,0,66718994432,8589930496,32765657088,524288
200,1791349232285,986478.9048309326,48800,2,1.16875,100071.86936950684,48800,2,1.0375,99138.21858215332,48800,2,1.0375,100468.21014404297,48800,2,1.0375,109907.08670043945,48800,2,1.0375,99658.91021728516,48800,2,1.0375,106925.96524047852,48800,2,1.0375,171374.94192504883,48800,2,1.16875,173142.2079925537,48800,2,1.16875,170357.6927947998,48800,2,1.16875,375299.2179412842,48800,2,1.16875,163387.6477355957,48800,2,1.16875,162238.25619506836,48800,2,1.16875,157467.7363128662,48800,2,1.16875,102704.64729309082,48800,2,1.0375,104573.31269836426,48800,2,1.0375,12797350.594100952,4617,2456,5044,5054,2496,400,400,400,400,400,400,400,5398,3313,2476,400,2556,400,2419,400,400,400,400,3885,400,400,3409,400,2895,3778,2493,5055,10,0,0,0,0,0,0,0,0,0,0,0,0,0,0,0,0,0,0,0,0,0,0,0,0,0,0,0,0,0,0,0,20475,15905,9438,46,0,20475,13200,11645,39,0,66718994432,8589930496,32765657088,524288
200,1791349232486,986478.9762420654,48800,2,1.16875,100071.86944580078,48800,2,1.10625,99138.21862792969,48800,2,1.10625,100468.21022033691,48800,2,1.10625,109907.08676147461,48800,2,1.10625,99658.91030883789,48800,2,1.10625,106925.96531677246,48800,2,0.93125,171374.94486999512,3050,2,1.1125,173142.20863342285,3050,2,1.1125,170357.69345092773,3050,2,1.1125,375299.21868896484,3050,2,1.1125,163387.64851379395,3050,2,1.1125,162238.2568359375,3050,2,1.1125,157467.73695373535,3050,2,1.1125,102704.64736938477,48800,2,1.10625,104573.31275939941,48800,2,1.10625,12797360.266616821,4617,2456,5044,5054,2496,400,400,400,400,400,400,400,5398,3313,2476,400,2556,400,2419,400,400,400,400,3885,400,400,3409,400,2895,3778,2493,5055,15.000000953674316,0,0,0,0,0,0,0,0,0,0,0,0,0,0,0,0,0,0,0,0,0,0,0,0,0,0,0,0,0,0,0,20475,15905,9438,46,0,20475,13200,11645,39,0,66718994432,8589930496,32755216384,524288
200,1791349232686,986479.0433959961,48800,2,1.16875,100071.86947631836,48800,2,0.925,99138.21865844727,48800,2,0.925,100468.21025085449,48800,2,0.925,109907.08679199219,48800,2,0.925,99658.91033935547,48800,2,0.925,106925.96536254883,48800,2,0.925,171374.9465789795,48800,2,1.16875,173142.2092590332,48800,2,1.16875,170357.6940765381,48800,2,1.16875,375299.21940612793,48800,2,1.16875,163387.64944458008,48800,2,1.16875,162238.25746154785,48800,2,1.16875,157467.7375793457,48800,2,1.16875,102704.64743041992,48800,2,1.14375,104573.31282043457,48800,2,1.14375,12797369.841247559,4617,2456,5044,5054,2496,400,400,400,400,400,400,400,5398,3313,2476,400,2556,400,2419,400,400,400,400,3885,400,400,3409,400,2895,3778,2493,5055,10,0,0,0,0,0,0,0,0,0,0,0,0,0,0,0,0,0,0,0,0,0,0,0,0,0,0,0,0,0,0,0,20475,15905,9334,46,0,20475,13200,11645,39,0,66718994432,8589930496,32763215872,524288
200,1791349232886,986479.1141204834,48800,2,1.16875,100071.86949157715,48800,2,1.025,99138.21867370605,48800,2,1.025,100468.21026611328,48800,2,1.025,109907.08680725098,48800,2,1.025,99658.91035461426,48800,2,1.025,106925.9653930664,48800,2,1.025,171374.94744873047,48800,2,1.16875,173142.2098236084,48800,2,1.16875,170357.69464111328,48800,2,1.16875,375299.2200164795,48800,2,1.16875,163387.65045166016,48800,2,1.16875,162238.25802612305,48800,2,1.16875,157467.7381286621,48800,2,1.16875,102704.6474609375,48800,2,1.025,104573.31285095215,48800,2,1.025,12797379.218307495,4617,2456,5044,5054,2496,400,400,400,400,400,400,400,5398,3313,2476,400,2556,400,2419,400,400,400,400,3885,400,400,3409,400,2895,3778,2493,5055,10.526315689086914,4.761904716491699,0,0,0,0,0,0,0,0,0,0,0,0,0,0,0,0,0,0,0,0,0,0,0,0,0,0,0,0,0,0,20475,15905,9334,46,0,20475,13200,11645,39,0,66718994432,8589930496,32763211776,524288
200,1791349233087,986479.1851501465,48800,2,1.16875,100071.86953735352,48800,2,1.1,99138.21871948242,48800,2,1.1,100468.21031188965,48800,2,1.1,109907.08686828613,48800,2,1.1,99658.91041564941,48800,2,1.1,106925.96546936035,48800,2,1.1,171374.94868469238,48800,2,1.16875,173142.21044921875,3050,2,1.09375,170357.6952972412,3050,2,1.09375,375299.220703125,3050,2,1.09375,163387.65119934082,3050,2,1.09375,162238.2586364746,3050,2,1.09375,157467.73873901367,3050,2,1.09375,102704.64753723145,48800,2,1.1,104573.3129272461,48800,2,1.1,12797388.853942871,4617,2456,5044,5054,2496,400,400,400,400,400,400,400,5398,3313,2476,400,2556,400,2419,400,400,400,400,3885,400,400,3409,400,2895,3778,2493,5055,15.000000953674316,0,0,0,0,0,0,0,0,0,0,0,0,0,0,0,0,0,0,0,0,0,0,0,0,0,0,0,0,0,0,0,20475,15905,9334,46,0,20475,13200,11650,39,0,66718994432,8589930496,32763211776,524288
200,1791349233287,986479.2570343018,48800,2,1.1375,100071.86964416504,48800,2,1.1375,99138.21882629395,48800,2,1.1375,100468.21041870117,48800,2,0.93125,109907.08697509766,48800,2,0.93125,99658.91053771973,48800,2,0.93125,106925.96559143066,48800,2,0.93125,171374.9501953125,48800,2,1.1375,173142.2110748291,48800,2,1.1375,170357.69589233398,48800,2,1.1375,375299.22135925293,48800,2,1.1375,163387.65213012695,48800,2,1.1375,162238.25924682617,48800,2,1.1375,157467.73933410645,48800,2,1.1375,102704.64767456055,48800,2,1.1375,104573.31344604492,48800,2,1.1375,12797398.480804443,4617,2456,5044,5054,2496,400,400,400,400,400,400,400,5398,3313,2476,400,2556,400,2419,400,400,400,400,3885,400,400,3409,400,2895,3778,2493,5055,10,0,0,0,0,0,0,0,0,0,0,0,0,0,0,0,0,0,0,0,0,0,0,0,0,0,0,0,0,0,0,0,20475,15905,9334,46,0,20475,13200,11650,39,0,66718994432,8589930496,32761896960,524288
200,1791349233487,986479.3266906738,48800,2,1.16875,100071.8696899414,48800,2,1.0375,99138.21885681152,48800,2,1.0375,100468.21044921875,48800,2,1.0375,109907.08700561523,48800,2,1.0375,99658.9105682373,48800,2,1.0375,106925.96565246582,48800,2,1.0375,171374.95106506348,48800,2,1.16875,173142.2117919922,48800,2,1.16875,170357.69873046875,48800,2,1.16875,375299.2221374512,48800,2,1.16875,163387.65324401855,48800,2,1.16875,162238.25994873047,48800,2,1.16875,157467.74002075195,48800,2,1.16875,102704.6477355957,48800,2,1.0375,104573.31349182129,48800,2,1.0375,12797408.245101929,4617,2456,5044,5054,2496,400,400,400,400,400,400,400,5398,3313,2476,400,2556,400,2419,400,400,400,400,3885,400,400,3409,400,2895,3778,2493,5055,15.000000953674316,0,0,0,0,0,0,0,0,0,0,0,0,0,0,0,0,0,0,0,0,0,0,0,0,0,0,0,0,0,0,0,20475,15905,9334,46,0,20475,13200,11650,39,0,66718994432,8589930496,32760569856,524288
200,1791349233688,986479.3966674805,48800,2,1.16875,100071.86972045898,48800,2,1.10625,99138.2188873291,48800,2,1.10625,100468.21047973633,48800,2,1.10625,109907.0870513916,48800,2,1.10625,99658.91061401367,48800,2,1.10625,106925.96569824219,48800,2,0.93125,171374.95254516602,48800,2,1.16875,173142.2124633789,3050,2,1.09375,170357.69938659668,3050,2,1.09375,375299.22285461426,3050,2,1.09375,163387.65397644043,3050,2,1.09375,162238.26057434082,3050,2,1.09375,157467.7406463623,3050,2,1.09375,102704.64778137207,48800,2,1.10625,104573.31353759766,48800,2,1.10625,12797417.81803894,4617,2456,5044,5054,2496,400,400,400,400,400,400,400,5398,3313,2476,400,2556,400,2419,400,400,400,400,3885,400,400,3409,400,2895,3778,2493,5055,10,0,0,0,0,0,0,0,0,0,0,0,0,0,0,0,0,0,0,0,0,0,0,0,0,0,0,0,0,0,0,0,20475,15905,9298,46,0,20475,13200,11650,39,0,66718994432,8589930496,32760569856,524288
200,1791349233888,986479.4682006836,48800,2,1.1375,100071.86993408203,48800,2,1.1375,99138.21908569336,48800,2,1.1375,100468.21067810059,48800,2,0.93125,109907.08724975586,48800,2,0.93125,99658.91081237793,48800,2,0.93125,106925.96589660645,48800,2,0.93125,171374.9533996582,48800,2,1.1375,173142.21311950684,48800,2,1.1375,170357.70161437988,48800,2,1.1375,375299.22358703613,48800,2,1.1375,163387.65580749512,48800,2,1.1375,162238.26124572754,48800,2,1.1375,157467.74128723145,48800,2,1.1375,102704.64805603027,48800,2,1.1375,104573.31376647949,48800,2,1.1375,12797427.386901855,4617,2456,5044,5054,2496,400,400,400,400,400,400,400,5398,3313,2476,400,2556,400,2419,400,400,400,400,3885,400,400,3409,400,2895,3778,2493,5055,15.000000953674316,0,0,0,0,0,0,0,0,0,0,0,0,0,0,0,0,0,0,0,0,0,0,0,0,0,0,0,0,0,0,0,20475,15905,9298,46,0,20475,13200,11650,39,0,66718994432,8589930496,32760565760,524288
200,1791349234088,986479.5695800781,48800,2,1.16875,100071.86996459961,48800,2,1.025,99138.21910095215,48800,2,1.025,100468.21069335938,48800,2,1.025,109907.08726501465,48800,2,1.025,99658.91082763672,48800,2,1.025,106925.96591186523,48800,2,1.025,171374.9542236328,48800,2,1.16875,173142.21380615234,48800,2,1.16875,170357.7022705078,48800,2,1.16875,375299.2244567871,48800,2,1.16875,163387.6569366455,48800,2,1.16875,162238.26190185547,48800,2,1.16875,157467.74194335938,48800,2,1.16875,102704.64810180664,48800,2,1.025,104573.31379699707,48800,2,1.025,12797437.044799805,4617,2456,5044,5054,2496,400,400,400,400,400,400,400,5398,3313,2476,400,2556,400,2419,400,400,400,400,3885,400,400,3409,400,2895,3778,2493,5055,10,0,0,0,0,0,0,0,0,0,0,0,0,0,0,0,0,0,0,0,0,0,0,0,0,0,0,0,0,0,0,0,20475,15905,9298,46,0,20475,13200,11638,39,0,66718994432,8589930496,32760565760,524288
200,1791349234289,986479.6390686035,48800,2,1.16875,100071.87001037598,48800,2,1.1,99138.21914672852,48800,2,1.1,100468.21073913574,48800,2,1.1,109907.08731079102,48800,2,1.1,99658.91090393066,48800,2,1.1,106925.96598815918,48800,2,1.1,171374.95556640625,48800,2,1.16875,173142.2144165039,48800,2,1.1,170357.7028656006,3050,2,1.1,375299.22509765625,3050,2,1.1,163387.6576385498,3050,2,1.1,162238.26249694824,3050,2,1.1,157467.74252319336,3050,2,1.1,102704.6481628418,48800,2,1.1,104573.31387329102,48800,2,1.1,12797446.587860107,4617,2456,5044,5054,2496,400,400,400,400,400,400,400,5398,3313,2476,400,2556,400,2419,400,400,400,400,3885,400,400,3409,400,2895,3778,2493,5055,19.047618865966797,0,0,0,0,0,0,0,0,0,0,0,0,0,0,0,0,0,0,0,0,0,0,0,0,0,0,0,0,0,0,0,20475,15905,9298,46,0,20475,13200,11638,39,0,66718994432,8589930496,32760565760,524288
200,1791349234489,986479.710357666,48800,2,1.125,100071.87007141113,48800,2,1.125,99138.21920776367,48800,2,0.93125,100468.2108001709,48800,2,0.93125,109907.08737182617,48800,2,0.93125,99658.91096496582,48800,2,0.93125,106925.96604919434,48800,2,0.93125,171374.9571838379,48800,2,1.125,173142.21508789063,48800,2,1.125,170357.70349121094,48800,2,1.125,375299.22581481934,48800,2,1.125,163387.65859985352,48800,2,1.125,162238.2631225586,48800,2,1.125,157467.7431488037,48800,2,1.125,102704.64825439453,48800,2,1.125,104573.31396484375,48800,2,1.125,12797456.148422241,4617,2456,5044,5054,2496,400,400,400,400,400,400,400,5398,3313,2476,400,2556,400,2419,400,400,400,400,3885,400,400,3409,400,2895,3778,2493,5055,10,0,0,0,0,0,0,0,0,0,0,0,0,0,0,0,0,0,0,0,0,0,0,0,0,0,0,0,0,0,0,0,20475,15905,9298,46,0,20475,13200,11638,39,0,66718994432,8589930496,32758984704,524288
200,1791349234689,986479.7774353027,48800,2,1.16875,100071.8701171875,48800,2,1.03125,99138.21923828125,48800,2,1.03125,100468.21083068848,48800,2,1.03125,109907.08740234375,48800,2,1.03125,99658.9109954834,48800,2,1.03125,106925.96607971191,48800,2,1.03125,171374.95776367188,48800,2,1.16875,173142.2156677246,48800,2,1.16875,170357.70405578613,48800,2,1.16875,375299.2264251709,48800,2,1.16875,163387.65966796875,48800,2,1.16875,162238.2636871338,48800,2,1.16875,157467.74369812012,48800,2,1.16875,102704.6483001709,48800,2,1.03125,104573.31401062012,48800,2,1.03125,12797465.625030518,4617,2456,5044,5054,2496,400,400,400,400,400,400,400,5398,3313,2476,400,2556,400,2419,400,400,400,400,3885,400,400,3409,400,2895,3778,2493,5055,10.526315689086914,0,0,0,0,0,0,0,0,0,0,0,0,0,0,0,0,0,0,0,0,0,0,0,0,0,0,0,0,0,0,0,20475,15905,9288,46,0,20475,13200,11638,39,0,66718994432,8589930496,32758980608,524288
200,1791349234890,986479.8446044922,48800,2,1.16875,100071.87014770508,48800,2,1.1,99138.21926879883,48800,2,1.1,100468.21086120605,48800,2,1.1,109907.08743286133,48800,2,1.1,99658.91104125977,48800,2,1.1,106925.96614074707,48800,2,1.1,171374.95918273926,48800,2,1.16875,173142.21632385254,3050,2,1.0875,170357.70472717285,3050,2,1.0875,375299.2271118164,3050,2,1.0875,163387.66038513184,3050,2,1.0875,162238.26431274414,3050,2,1.0875,157467.74432373047,3050,2,1.0875,102704.64836120605,48800,2,1.1,104573.31405639648,48800,2,1.1,12797475.25605774,4617,2456,5044,5054,2496,400,400,400,400,400,400,400,5398,3313,2476,400,2556,400,2419,400,400,400,400,3885,400,400,3409,400,2895,3778,2493,5055,14.285715103149414,0,0,0,0,0,0,0,0,0,0,0,0,0,0,0,0,0,0,0,0,0,0,0,0,0,0,0,0,0,0,0,20475,15905,9288,46,0,20475,13200,11638,39,0,66718994432,8589930496,32758980608,524288
200,1791349235090,986479.8745727539,48800,2,1.125,100071.87020874023,48800,2,1.1375,99138.2193145752,48800,2,0.93125,100468.21090698242,48800,2,0.93125,109907.0874786377,48800,2,0.93125,99658.91108703613,48800,2,0.93125,106925.96618652344,48800,2,0.93125,171374.96063232422,48800,2,1.125,173142.2169342041,48800,2,1.125,170357.705368042,48800,2,1.125,375299.2751312256,48800,2,1.125,163387.66177368164,48800,2,1.125,162238.2649078369,48800,2,1.125,157467.74491882324,48800,2,1.125,102704.64842224121,48800,2,1.1375,104573.31411743164,48800,2,1.1375,12797484.84312439,4617,2456,5044,5054,2496,400,400,400,400,400,400,400,5398,3313,2476,400,2556,400,2419,400,400,400,400,3885,400,400,3409,400,2895,3778,2493,5055,0,0,0,0,0,0,0,0,0,0,0,0,0,0,0,0,0,0,0,0,0,0,0,0,0,0,10.526315689086914,0,0,0,0,0,20475,15905,9288,46,0,20475,13200,11630,39,0,66718994432,8589930496,32739233792,524288
200,1791349235290,986479.8753967285,48800,2,1.16875,100071.8702545166,48800,2,1.025,99138.21934509277,48800,2,1.025,100468.2109375,48800,2,1.025,109907.08750915527,48800,2,1.025,99658.91111755371,48800,2,1.025,106925.96621704102,48800,2,1.025,171374.96154785156,48800,2,1.16875,173142.21755981445,48800,2,1.16875,170357.70596313477,48800,2,1.16875,375299.3441467285,48800,2,1.16875,163387.66284179688,48800,2,1.16875,162238.2655029297,48800,2,1.16875,157467.74549865723,48800,2,1.16875,102704.64846801758,48800,2,1.025,104573.31455993652,48800,2,1.025,12797494.445159912,4617,2456,5044,5054,2496,400,400,400,400,400,400,400,5398,3313,2476,400,2556,400,2419,400,400,400,400,3885,400,400,3409,400,2895,3778,2493,5055,0,0,0,0,0,0,0,0,0,0,0,0,0,0,0,0,0,0,0,0,0,0,0,0,0,0,14.285715103149414,0,0,0,0,0,20475,15905,9288,46,0,20475,13200,11630,39,0,66718994432,8589930496,32756768768,524288
200,1791349235491,986479.8766937256,48800,2,1.16875,100071.87028503418,48800,2,1.1,99138.21936035156,48800,2,1.1,100468.21096801758,48800,2,1.1,109907.08753967285,48800,2,1.1,99658.91116333008,48800,2,1.1,106925.96626281738,48800,2,0.925,171374.96211242676,3050,2,1.09375,173142.21813964844,3050,2,1.09375,170357.70651245117,3050,2,1.09375,375299.4113006592,3050,0,1.09375,163387.6640472412,3050,2,1.09375,162238.26606750488,3050,2,1.09375,157467.74604797363,3050,2,1.09375,102704.64851379395,48800,2,1.1,104573.3145904541,48800,2,1.1,12797504.016906738,4617,2456,5044,5054,2496,400,400,400,400,400,400,400,5398,3313,2476,400,2556,400,2419,400,400,400,400,3885,400,400,3409,400,2895,3778,2493,5055,0,0,0,0,0,0,0,0,0,0,0,0,0,0,0,0,0,0,0,0,0,0,0,0,0,0,10.526315689086914,0,0,0,0,0,20475,15905,9288,46,0,20475,13200,11630,39,0,66718994432,8589930496,32755752960,524288
200,1791349235691,986479.8782196045,48800,2,1.1375,100071.87031555176,48800,2,1.15,99138.21939086914,48800,2,0.93125,100468.21099853516,48800,2,0.93125,109907.08757019043,48800,2,0.93125,99658.91119384766,48800,2,0.93125,106925.96630859375,48800,2,0.93125,171374.96266174316,48800,2,1.1375,173142.21870422363,48800,2,1.1375,170357.70707702637,48800,2,1.1375,375299.4811706543,48800,2,1.1375,163387.66543579102,48800,2,1.1375,162238.2666015625,48800,2,1.1375,157467.74659729004,48800,2,1.1375,102704.64860534668,48800,2,1.15,104573.31463623047,48800,2,1.15,12797513.517318726,4617,2456,5044,5054,2496,400,400,400,400,400,400,400,5398,3313,2476,400,2556,400,2419,400,400,400,400,3885,400,400,3409,400,2895,3778,2493,5055,0,0,0,0,0,0,0,0,0,0,0,0,0,0,0,0,0,0,0,0,0,0,0,0,0,0,14.285715103149414,0,0,0,0,0,20475,15905,9270,46,0,20475,13200,11630,39,0,66718994432,8589930496,32755748864,524288
200,1791349235891,986479.8790588379,48800,2,1.16875,100071.87034606934,48800,2,1.0375,99138.21940612793,48800,2,1.0375,100468.21102905273,48800,2,1.0375,109907.08758544922,48800,2,1.0375,99658.91122436523,48800,2,1.0375,106925.96633911133,48800,2,1.0375,171374.96325683594,48800,2,1.16875,173142.2193145752,48800,2,1.16875,170357.7077178955,48800,2,1.16875,375299.5513458252,48800,2,1.16875,163387.66654968262,48800,2,1.16875,162238.26719665527,48800,2,1.16875,157467.7471923828,48800,2,1.16875,102704.64866638184,48800,2,1.0375,104573.31466674805,48800,2,1.0375,12797522.978179932,4617,2456,5044,5054,2496,400,400,400,400,400,400,400,5398,3313,2476,400,2556,400,2419,400,400,400,400,3885,400,400,3409,400,2895,3778,2493,5055,0,0,0,0,0,0,0,0,0,0,0,0,0,0,0,0,0,0,0,0,0,0,0,0,0,0,15.000000953674316,0,0,0,0,0,20475,15905,9270,46,0,20475,13200,11630,39,0,66718994432,8589930496,32755748864,524288
200,1791349236092,986479.8802642822,3050,2,1.10625,100071.87040710449,48800,2,1.1125,99138.21946716309,48800,2,1.1125,100468.21110534668,48800,2,1.1125,109907.08766174316,48800,2,1.1125,99658.91130065918,48800,2,0.93125,106925.96643066406,48800,2,0.93125,171374.96389770508,3050,2,1.10625,173142.21997070313,3050,2,1.10625,170357.70845031738,3050,2,1.10625,375299.6191253662,3050,0,1.10625,163387.66793823242,3050,2,1.10625,162238.2678375244,3050,2,1.10625,157467.74783325195,3050,2,1.10625,102704.64874267578,48800,2,1.1125,104573.31475830078,48800,2,1.1125,12797532.64830017,4617,2456,5044,5054,2496,400,400,400,400,400,400,400,5398,3313,2476,400,2556,400,2419,400,400,400,400,3885,400,400,3409,400,2895,3778,2493,5055,0,0,0,0,0,0,0,0,0,0,0,0,0,0,0,0,0,0,0,0,0,0,0,0,0,0,10,0,0,0,0,0,20475,15905,9270,46,0,20475,13200,11637,39,0,66718994432,8589930496,32755748864,524288
200,1791349236292,986479.8822784424,48800,2,1.16875,100071.87048339844,48800,2,0.95,99138.21952819824,48800,2,0.95,100468.21116638184,48800,2,0.95,109907.08772277832,48800,2,0.95,99658.91136169434,48800,2,0.95,106925.96649169922,48800,2,0.95,171374.96449279785,48800,2,1.16875,173142.2205810547,48800,2,1.16875,170357.70907592773,48800,2,1.16875,375299.6873474121,48800,2,1.16875,163387.6692047119,48800,2,1.16875,162238.26844787598,48800,2,1.16875,157467.74842834473,48800,2,1.16875,102704.64881896973,48800,2,1.16875,104573.31484985352,48800,2,1.16875,12797542.195007324,4617,2456,5044,5054,2496,400,400,400,400,400,400,400,5398,3313,2476,400,2556,400,2419,400,400,400,400,3885,400,400,3409,400,2895,3778,2493,5055,0,0,0,0,0,0,0,0,0,0,0,0,0,0,0,0,0,0,0,0,0,0,0,0,0,0,15.000000953674316,0,0,0,0,0,20475,15905,9270,46,0,20475,13200,11637,39,0,66718994432,8589930496,32755748864,524288
200,1791349236492,986479.8831176758,48800,2,1.16875,100071.87049865723,48800,2,1.0375,99138.21954345703,48800,2,1.0375,100468.21118164063,48800,2,1.0375,109907.08773803711,48800,2,1.0375,99658.91137695313,48800,2,1.0375,106925.96650695801,48800,2,1.0375,171374.965133667,48800,2,1.16875,173142.2212524414,48800,2,1.16875,170357.70976257324,48800,2,1.16875,375299.786026001,48800,2,1.16875,163387.6706237793,48800,2,1.16875,162238.2691040039,48800,2,1.16875,157467.74906921387,48800,2,1.16875,102704.6488494873,48800,2,1.0375,104573.31489562988,48800,2,1.0375,12797551.72290039,4617,2456,5044,5054,2496,400,400,400,400,400,400,400,5398,3313,2476,400,2556,400,2419,400,400,400,400,3885,400,400,3409,400,2895,3778,2493,5055,0,0,0,0,0,0,0,0,0,0,0,0,0,0,0,0,0,0,0,0,0,0,0,0,0,0,10.526315689086914,0,0,0,0,0,20475,15905,9270,46,0,20475,13200,11637,39,0,66718994432,8589930496,32754860032,524288
200,1791349236693,986479.8863525391,3050,2,1.10625,100071.87055969238,48800,2,1.10625,99138.21961975098,48800,2,1.10625,100468.21125793457,48800,2,1.10625,109907.08781433105,48800,2,0.93125,99658.91145324707,48800,2,0.93125,106925.96658325195,48800,2,0.93125,171374.96786499023,3050,2,1.10625,173142.22207641602,3050,2,1.10625,170357.71057128906,3050,2,1.10625,375299.85639953613,3050,0,1.10625,163387.67224121094,3050,2,1.10625,162238.26989746094,3050,2,1.10625,157467.74981689453,3050,2,1.10625,102704.64892578125,48800,2,1.10625,104573.31497192383,48800,2,1.10625,12797561.49885559,4617,2456,5044,5054,2496,400,400,400,400,400,400,400,5398,3313,2476,400,2556,400,2419,400,400,400,400,3885,400,400,3409,400,2895,3778,2493,5055,0,0,0,0,0,0,0,0,0,0,0,0,0,0,0,0,0,0,0,0,0,0,0,0,0,0,14.285715103149414,0,0,0,0,0,20475,15905,9226,46,0,20475,13200,11637,39,0,66718994432,8589930496,32754855936,524288
200,1791349236893,986479.8876190186,48800,2,1.125,100071.87057495117,48800,2,0.93125,99138.21963500977,48800,2,0.93125,100468.21127319336,48800,2,0.93125,109907.08782958984,48800,2,0.93125,99658.91146850586,48800,2,0.93125,106925.96659851074,48800,2,0.93125,171374.96852111816,48800,2,1.125,173142.22273254395,48800,2,1.125,170357.711227417,48800,2,1.125,375299.9287109375,48800,2,1.125,163387.67344665527,48800,2,1.125,162238.27056884766,48800,2,1.125,157467.75045776367,48800,2,1.125,102704.64895629883,48800,2,1.1375,104573.31498718262,48800,2,0.93125,12797571.047210693,4617,2456,5044,5054,2496,400,400,400,400,400,400,400,5398,3313,2476,400,2556,400,2419,400,400,400,400,3885,400,400,3409,400,2895,3778,2493,5055,0,0,0,0,0,0,0,0,0,0,0,0,0,0,0,0,0,0,0,0,0,0,0,0,0,0,10.526315689086914,0,0,0,0,0,20475,15905,9226,46,0,20475,13200,11637,39,0,66718994432,8589930496,32754855936,524288
200,1791349237093,986479.8893127441,48800,2,1.16875,100071.87060546875,48800,2,1.03125,99138.21965026855,48800,2,1.03125,100468.21128845215,48800,2,1.03125,109907.08784484863,48800,2,1.03125,99658.91148376465,48800,2,1.03125,106925.96664428711,48800,2,1.03125,171374.9691619873,48800,2,1.16875,173142.22343444824,48800,2,1.16875,170357.7119140625,48800,2,1.16875,375299.99826049805,48800,2,1.16875,163387.67538452148,48800,2,1.16875,162238.2712249756,3050,2,1.0375,157467.7510986328,3050,2,1.0375,102704.6489868164,48800,2,1.03125,104573.3150024414,48800,2,1.03125,12797580.863632202,4617,2456,5044,5054,2496,400,400,400,400,400,400,400,5398,3313,2476,400,2556,400,2419,400,400,400,400,3885,400,400,3409,400,2895,3778,2493,5055,0,0,0,0,0,0,0,0,0,0,0,0,0,0,0,0,0,0,0,0,0,0,0,0,0,0,18.18181800842285,0,0,0,0,0,20475,15905,9226,46,0,20475,13200,11638,39,0,66718994432,8589930496,32754855936,524288
200,1791349237294,986479.8906860352,3050,2,1.10625,100071.87065124512,48800,2,1.1,99138.21969604492,48800,2,1.1,100468.21133422852,48800,2,1.1,109907.087890625,48800,2,1.1,99658.9115447998,48800,2,1.1,106925.96670532227,48800,2,1.1,171374.96978759766,3050,2,1.10625,173142.22409057617,3050,2,1.10625,170357.71258544922,3050,2,1.10625,375300.06845092773,3050,0,1.10625,163387.67651367188,3050,2,1.10625,162238.27185058594,3050,2,1.10625,157467.75172424316,3050,2,1.10625,102704.64903259277,48800,2,1.1,104573.31513977051,48800,2,1.1,12797590.434036255,4617,2456,5044,5054,2496,400,400,400,400,400,400,400,5398,3313,2476,400,2556,400,2419,400,400,400,400,3885,400,400,3409,400,2895,3778,2493,5055,0,0,0,0,0,0,0,0,0,0,0,0,0,0,0,0,0,0,0,0,0,0,0,0,0,0,10.526315689086914,0,0,0,0,0,20475,15905,9226,46,0,20475,13200,11638,39,0,66718994432,8589930496,32754855936,524288
199,1791349237494,986479.8925170898,48800,2,1.16875,100071.87069702148,48800,2,0.9625,99138.21974182129,48800,2,0.9625,100468.21138000488,48800,2,0.9625,109907.08793640137,48800,2,0.9625,99658.91159057617,48800,2,0.9625,106925.96675109863,48800,2,0.9625,171374.97053527832,48800,2,1.16875,173142.2248687744,48800,2,1.16875,170357.71476745605,48800,2,1.16875,375300.13830566406,48800,2,1.16875,163387.67803955078,48800,2,1.16875,162238.2725830078,48800,2,1.16875,157467.75244140625,48800,2,1.16875,102704.64909362793,48800,2,1.16875,104573.31518554688,48800,2,1.16875,12797600.15586853,4617,2456,5044,5054,2496,400,400,400,400,400,400,400,5398,3313,2476,400,2556,400,2419,400,400,400,400,3885,400,400,3409,400,2895,3778,2493,5055,0,0,0,0,0,0,0,0,0,0,0,0,0,0,0,0,0,0,0,0,0,0,0,0,0,0,14.285715103149414,0,0,0,0,0,20475,15905,9226,46,0,20475,13200,11638,39,0,66718994432,8589930496,32746594304,524288
200,1791349237694,986479.893737793,3050,2,0.28749999999999987,100071.87074279785,16133.333333333334,2,0.925,99138.21978759766,16133.333333333334,2,0.925,100468.21142578125,16133.333333333334,2,0.925,109907.08798217773,16133.333333333334,2,0.925,99658.91163635254,16133.333333333334,2,0.925,106925.96681213379,16133.333333333334,2,0.925,171374.97120666504,3050,2,0.28749999999999987,173142.22561645508,3050,2,0.28749999999999987,170357.71549987793,3050,0,0.28749999999999987,375300.2049407959,3050,0,0.28749999999999987,163387.68020629883,3050,0,0.28749999999999987,162238.2732849121,3050,0,0.28749999999999987,157467.75311279297,3050,0,0.28749999999999987,102704.64916992188,16133.333333333334,0,0.925,104573.31523132324,16133.333333333334,2,0.925,12797609.799743652,4617,2456,5044,5054,2496,400,400,400,400,400,400,400,5398,3313,2476,400,2556,400,2419,400,400,400,400,3885,400,400,3409,400,2895,3778,2493,5055,0,0,0,0,0,0,0,0,0,0,0,0,0,0,0,0,0,0,0,0,0,0,0,0,0,0,14.285715103149414,0,0,0,0,0,20475,15905,9250,46,0,20475,13200,11638,39,0,66718994432,8589930496,32754593792,524288
200,1791349237895,986479.8949737549,48800,2,1.1375,100071.87089538574,48800,2,0.9375,99138.21994018555,48800,2,0.9375,100468.21170043945,48800,2,0.9375,109907.08825683594,48800,2,0.9375,99658.91192626953,48800,2,0.9375,106925.9674987793,48800,2,0.9375,171374.97186279297,48800,2,1.1375,173142.226272583,48800,2,1.1375,170357.71615600586,48800,2,1.1375,375300.2771759033,48800,2,1.1375,163387.68141174316,48800,2,1.1375,162238.27424621582,48800,2,1.1375,157467.7540283203,3050,2,0.93125,102704.64947509766,48800,2,0.9375,104573.31536865234,48800,2,0.9375,12797619.438446045,4617,2456,5044,5054,2496,400,400,400,400,400,400,400,5398,3313,2476,400,2556,400,2419,400,400,400,400,3885,400,400,3409,400,2895,3778,2493,5055,0,0,0,0,0,0,0,0,0,0,0,0,0,0,0,0,0,0,0,0,0,0,0,0,0,0,12.820513725280762,0,0,0,0,0,20475,15905,9250,46,0,20475,13200,11638,39,0,66718994432,8589930496,32754593792,524288
200,1791349238095,986479.8962097168,48800,2,1.125,100071.8709564209,48800,2,1.1375,99138.2200012207,48800,2,1.1375,100468.21176147461,48800,2,1.1375,109907.0883178711,48800,2,1.1375,99658.91198730469,48800,2,0.93125,106925.96757507324,48800,2,0.93125,171374.97245788574,48800,2,1.125,173142.22691345215,48800,2,1.125,170357.7167816162,48800,2,1.125,375300.3469848633,48800,2,1.125,163387.6824645996,48800,2,1.125,162238.27485656738,48800,2,1.125,157467.7546234131,48800,2,1.125,102704.64953613281,48800,2,1.1375,104573.31541442871,48800,2,1.1375,12797629.056808472,4617,2456,5044,5054,2496,400,400,400,400,400,400,400,5398,3313,2476,400,2556,400,2419,400,400,400,400,3885,400,400,3409,400,2895,3778,2493,5055,0,0,0,0,0,0,0,0,0,0,0,0,0,0,0,0,0,0,0,0,0,0,0,0,0,0,10,0,0,0,0,0,20475,15905,9250,46,0,20475,13200,11629,39,0,66718994432,8589930496,32754593792,524288
199,1791349238295,986479.8970947266,48800,2,1.16875,100071.87101745605,48800,2,0.9812500000000001,99138.22004699707,48800,2,0.9812500000000001,100468.21180725098,48800,2,0.9812500000000001,109907.08836364746,48800,2,0.9812500000000001,99658.91204833984,48800,2,0.9812500000000001,106925.9676361084,48800,2,0.9812500000000001,171374.9730682373,48800,2,1.16875,173142.2275543213,48800,2,1.16875,170357.71740722656,48800,2,1.16875,375300.4153442383,48800,2,1.16875,163387.68397521973,48800,2,1.16875,162238.27546691895,48800,2,1.16875,157467.75521850586,48800,2,1.16875,102704.64959716797,48800,2,0.9812500000000001,104573.31547546387,48800,2,0.9812500000000001,12797638.578414917,4617,2456,5044,5054,2496,400,400,400,400,400,400,400,5398,3313,2476,400,2556,400,2419,400,400,400,400,3885,400,400,3409,400,2895,3778,2493,5055,0,0,0,0,0,0,0,0,0,0,0,0,0,0,0,0,0,0,0,0,0,0,0,0,0,0,15.000000953674316,0,0,0,0,0,20475,15905,9250,46,0,20475,13200,11629,39,0,66718994432,8589930496,32754593792,524288
200,1791349238495,986479.8984985352,48800,2,0.91875,100071.87106323242,48800,2,0.625,99138.22009277344,48800,2,0.625,100468.21185302734,48800,2,0.625,109907.08840942383,48800,2,0.625,99658.91209411621,48800,2,0.625,106925.96769714355,48800,2,0.625,171374.97367858887,48800,2,0.91875,173142.22819519043,48800,2,0.91875,170357.7180328369,48800,2,0.91875,375300.483001709,48800,2,0.91875,163387.68492126465,48800,2,0.91875,162238.2760772705,48800,2,0.91875,157467.75582885742,48800,2,0.91875,102704.64965820313,48800,2,0.625,104573.31552124023,48800,2,0.625,12797647.982971191,4617,2456,5044,5054,2496,400,400,400,400,400,400,400,5398,3313,2476,400,2556,400,2419,400,400,400,400,3885,400,400,3409,400,2895,3778,2493,5055,0,0,0,0,0,0,0,0,0,0,0,0,0,0,0,0,0,0,0,0,0,0,0,0,0,0,10,0,0,0,0,0,20475,15905,9250,46,0,20475,13200,11629,39,0,66718994432,8589930496,32754589696,524288
200,1791349238696,986479.9001617432,48800,2,1.16875,100071.87112426758,48800,2,1.08125,99138.2201385498,48800,2,1.08125,100468.21189880371,48800,2,1.08125,109907.0884552002,48800,2,1.08125,99658.91213989258,48800,2,1.08125,106925.9677734375,48800,2,1.08125,171374.97430419922,48800,2,1.16875,173142.22888183594,3050,2,1.08125,170357.71868896484,3050,2,1.08125,375300.55487060547,3050,0,1.08125,163387.68572998047,3050,2,1.08125,162238.27673339844,3050,2,1.08125,157467.75645446777,3050,2,1.08125,102704.64973449707,48800,2,1.08125,104573.3155670166,48800,2,1.08125,12797657.675003052,4617,2456,5044,5054,2496,400,400,400,400,400,400,400,5398,3313,2476,400,2556,400,2419,400,400,400,400,3885,400,400,3409,400,2895,3778,2493,5055,0,0,0,0,0,0,0,0,0,0,0,0,0,0,0,0,0,0,0,0,0,0,0,0,0,0,15.000000953674316,0,0,0,0,0,20475,15905,9217,46,0,20475,13200,11629,39,0,66718994432,8589930496,32753811456,524288
200,1791349238896,986479.9016265869,48800,2,1.125,100071.87120056152,48800,2,1.1375,99138.22021484375,48800,2,1.1375,100468.21197509766,48800,2,0.93125,109907.08853149414,48800,2,0.93125,99658.91221618652,48800,2,0.93125,106925.96788024902,48800,2,0.93125,171374.97538757324,48800,2,1.125,173142.22956848145,48800,2,1.125,170357.71932983398,48800,2,1.125,375300.62313842773,48800,2,1.125,163387.68675231934,48800,2,1.125,162238.2773590088,48800,2,1.125,157467.75706481934,48800,2,1.125,102704.6498260498,48800,2,1.1375,104573.31564331055,48800,2,1.1375,12797667.13395691,4617,2456,5044,5054,2496,400,400,400,400,400,400,400,5398,3313,2476,400,2556,400,2419,400,400,400,400,3885,400,400,3409,400,2895,3778,2493,5055,0,0,0,0,0,0,0,0,0,0,0,0,0,0,0,0,0,0,0,0,0,0,0,0,0,0,10,0,0,0,0,0,20475,15905,9217,46,0,20475,13200,11629,39,0,66718994432,8589930496,32753811456,524288
200,1791349239096,986479.9024963379,48800,2,1.175,100071.87121582031,48800,2,1.0125000000000002,99138.22023010254,48800,2,1.0125000000000002,100468.21199035645,48800,2,1.0125000000000002,109907.08854675293,48800,2,1.0125000000000002,99658.91223144531,48800,2,1.0125000000000002,106925.96792602539,48800,2,1.0125000000000002,171374.97598266602,48800,2,1.175,173142.23016357422,48800,2,1.175,170357.71995544434,48800,2,1.175,375300.69189453125,48800,2,1.175,163387.6883544922,48800,2,1.175,162238.27795410156,48800,2,1.175,157467.7576599121,48800,2,1.175,102704.64987182617,48800,2,1.0125000000000002,104573.31565856934,48800,2,1.0125000000000002,12797676.683166504,4617,2456,5044,5054,2496,400,400,400,400,400,400,400,5398,3313,2476,400,2556,400,2419,400,400,400,400,3885,400,400,3409,400,2895,3778,2493,5055,0,0,0,0,0,0,0,0,0,0,0,0,0,0,0,0,0,0,0,0,0,0,0,0,0,0,15.000000953674316,0,0,0,0,0,20475,15905,9217,46,0,20475,13200,11633,39,0,66718994432,8589930496,32753811456,524288
200,1791349239297,986479.9039001465,48800,2,1.175,100071.87127685547,48800,2,1.1,99138.2202911377,48800,2,1.1,100468.2120513916,48800,2,1.1,109907.08862304688,48800,2,1.1,99658.91232299805,48800,2,1.1,106925.96803283691,48800,2,1.1,171374.9766845703,48800,2,1.1,173142.23077392578,3050,2,1.1,170357.7205657959,3050,2,1.1,375300.7610473633,3050,0,1.1,163387.6893005371,3050,2,1.1,162238.27856445313,3050,2,1.1,157467.75825500488,3050,2,1.1,102704.64994812012,48800,2,1.1,104573.31581115723,48800,2,1.1,12797686.303131104,4617,2456,5044,5054,2496,400,400,400,400,400,400,400,5398,3313,2476,400,2556,400,2419,400,400,400,400,3885,400,400,3409,400,2895,3778,2493,5055,0,0,0,0,0,0,0,0,0,0,0,0,0,0,0,0,0,0,0,0,0,0,0,0,0,0,15.000000953674316,0,0,0,0,0,20475,15905,9217,46,0,20475,13200,11633,39,0,66718994432,8589930496,32753807360,524288
200,1791349239497,986479.9056854248,48800,2,1.1375,100071.87135314941,48800,2,1.1375,99138.22033691406,48800,2,0.93125,100468.21211242676,48800,2,0.93125,109907.08866882324,48800,2,0.93125,99658.9123840332,48800,2,0.93125,106925.96810913086,48800,2,0.93125,171374.97729492188,48800,2,1.1375,173142.23138427734,48800,2,1.1375,170357.72119140625,48800,2,1.1375,375300.8317260742,48800,2,1.1375,163387.6904449463,48800,2,1.1375,162238.2791748047,48800,2,1.1375,157467.75886535645,48800,2,1.1375,102704.65002441406,48800,2,1.1375,104573.31587219238,48800,2,1.1375,12797695.831481934,4617,2456,5044,5054,2496,400,400,400,400,400,400,400,5398,3313,2476,400,2556,400,2419,400,400,400,400,3885,400,400,3409,400,2895,3778,2493,5055,0,0,0,0,0,0,0,0,0,0,0,0,0,0,0,0,0,0,0,0,0,0,0,0,0,0,10,0,0,0,0,0,20475,15905,9217,46,0,20475,13200,11633,39,0,66718994432,8589930496,32753807360,524288
200,1791349239697,986479.906463623,48800,2,1.15625,100071.87138366699,48800,2,1.01875,99138.22035217285,48800,2,1.01875,100468.21212768555,48800,2,1.01875,109907.08868408203,48800,2,1.01875,99658.91239929199,48800,2,1.01875,106925.96813964844,48800,2,1.01875,171374.97784423828,48800,2,1.15625,173142.23193359375,48800,2,1.15625,170357.72175598145,48800,2,1.15625,375300.89750671387,48800,2,1.15625,163387.69163513184,48800,2,1.15625,162238.2797241211,48800,2,1.15625,157467.75941467285,48800,2,1.15625,102704.65007019043,48800,2,1.01875,104573.31590270996,48800,2,1.01875,12797705.325881958,4617,2456,5044,5054,2496,400,400,400,400,400,400,400,5398,3313,2476,400,2556,400,2419,400,400,400,400,3885,400,400,3409,400,2895,3778,2493,5055,0,0,0,0,0,0,0,0,0,0,0,0,0,0,0,0,0,0,0,0,0,0,0,0,0,0,15.000000953674316,0,0,0,0,0,20475,15905,9116,45,0,20475,13200,11633,39,0,66718994432,8589930496,32753807360,524288
200,1791349239898,986479.907989502,48800,2,1.0375,100071.87139892578,48800,2,1.1,99138.22036743164,48800,2,1.1,100468.21214294434,48800,2,1.1,109907.08871459961,48800,2,1.1,99658.91242980957,48800,2,1.1,106925.9681854248,48800,2,0.925,171374.97895812988,3050,2,1.1,173142.23252868652,3050,2,1.1,170357.722366333,3050,2,1.1,375300.9640045166,3050,0,1.1,163387.69284057617,3050,2,1.1,162238.28031921387,3050,2,1.1,157467.76000976563,3050,2,1.1,102704.65010070801,48800,2,1.1,104573.31591796875,48800,2,1.1,12797714.830429077,4617,2456,5044,5054,2496,400,400,400,400,400,400,400,5398,3313,2476,400,2556,400,2419,400,400,400,400,3885,400,400,3409,400,2895,3778,2493,5055,0,0,0,0,0,0,0,0,0,0,0,0,0,0,0,0,0,0,0,0,0,0,0,0,0,0,10,0,0,0,0,0,20475,15905,9116,45,0,20475,13200,11633,39,0,66718994432,8589930496,32753807360,524288
199,1791349240098,986479.9096069336,48800,2,1.00625,100071.87145996094,48800,2,0.93125,99138.22041320801,48800,2,0.93125,100468.2121887207,48800,2,0.93125,109907.08876037598,48800,2,0.93125,99658.91247558594,48800,2,0.93125,106925.96826171875,48800,2,0.93125,171374.97955322266,48800,2,1.00625,173142.2331390381,48800,2,1.00625,170357.72299194336,48800,2,1.00625,375301.03410339355,48800,2,1.00625,163387.69413757324,48800,2,1.00625,162238.28092956543,48800,2,1.00625,157467.7606048584,48800,2,1.00625,102704.65016174316,48800,2,1.01875,104573.3159790039,48800,2,1.01875,12797724.343902588,4617,2456,5044,5054,2496,400,400,400,400,400,400,400,5398,3313,2476,400,2556,400,2419,400,400,400,400,3885,400,400,3409,400,2895,3778,2493,5055,0,0,0,0,0,0,0,0,0,0,0,0,0,0,0,0,0,0,0,0,0,0,0,0,0,0,15.000000953674316,0,0,0,0,0,20475,15905,9116,45,0,20475,13200,11670,39,0,66718994432,8589930496,32753807360,524288
200,1791349240298,986479.911239624,48800,2,1.13125,100071.87145996094,48800,2,0.93125,99138.2204284668,48800,2,0.93125,100468.2121887207,48800,2,0.93125,109907.08876037598,48800,2,0.93125,99658.91247558594,48800,2,0.93125,106925.96827697754,48800,2,0.93125,171374.98016357422,48800,2,1.13125,173142.23373413086,48800,2,1.13125,170357.7236175537,48800,2,1.13125,375301.10247802734,48800,2,1.13125,163387.69526672363,48800,2,1.13125,162238.2815246582,48800,2,1.13125,157467.76119995117,48800,2,1.13125,102704.65020751953,48800,2,1.13125,104573.3159790039,48800,2,0.93125,12797733.925308228,4617,2456,5044,5054,2496,400,400,400,400,400,400,400,5398,3313,2476,400,2556,400,2419,400,400,400,400,3885,400,400,3409,400,2895,3778,2493,5055,0,0,0,0,0,0,0,0,0,0,0,0,0,0,0,0,0,0,0,0,0,0,0,0,0,0,10,0,0,0,0,0,20475,15905,9116,45,0,20475,13200,11670,39,0,66718994432,8589930496,32753803264,524288
200,1791349240499,986479.913192749,48800,2,1.16875,100071.87147521973,48800,2,1.05,99138.22044372559,48800,2,1.05,100468.21221923828,48800,2,1.05,109907.08877563477,48800,2,1.05,99658.9125213623,48800,2,1.05,106925.9683227539,48800,2,1.05,171374.98120117188,48800,2,1.16875,173142.234375,48800,2,1.16875,170357.72425842285,48800,2,1.16875,375301.1739654541,48800,2,1.16875,163387.69645690918,48800,2,1.16875,162238.28215026855,48800,2,1.16875,157467.76181030273,3050,2,1.03125,102704.65023803711,48800,2,1.05,104573.3159942627,48800,2,1.05,12797743.415145874,4617,2456,5044,5054,2496,400,400,400,400,400,400,400,5398,3313,2476,400,2556,400,2419,400,400,400,400,3885,400,400,3409,400,2895,3778,2493,5055,0,0,0,0,0,0,0,0,0,0,0,0,0,0,0,0,0,0,0,0,0,0,0,0,0,0,15.000000953674316,0,0,0,0,0,20475,15905,9116,45,0,20475,13200,11670,39,0,66718994432,8589930496,32745500672,524288
200,1791349240699,986479.9145507813,3050,2,1.125,100071.8715209961,48800,2,1.13125,99138.22050476074,48800,2,1.13125,100468.21228027344,48800,2,1.13125,109907.08885192871,48800,2,1.13125,99658.91258239746,48800,2,0.93125,106925.96839904785,48800,2,0.93125,171374.98175048828,3050,2,1.125,173142.2349243164,3050,2,1.125,170357.72483825684,3050,2,1.125,375301.2423248291,3050,0,1.125,163387.69763183594,3050,2,1.125,162238.28269958496,3050,2,1.125,157467.76235961914,3050,2,1.125,102704.65034484863,48800,2,1.13125,104573.31605529785,48800,2,1.13125,12797752.875030518,4617,2456,5044,5054,2496,400,400,400,400,400,400,400,5398,3313,2476,400,2556,400,2419,400,400,400,400,3885,400,400,3409,400,2895,3778,2493,5055,0,0,0,0,0,0,0,0,0,0,0,0,0,0,0,0,0,0,0,0,0,0,0,0,0,0,10.526315689086914,0,0,0,0,0,20475,15905,9202,45,0,20475,13200,11670,39,0,66718994432,8589930496,32752820224,524288
200,1791349240899,986479.9162902832,48800,2,1.16875,100071.87153625488,48800,2,0.96875,99138.22050476074,48800,2,0.96875,100468.21229553223,48800,2,0.96875,109907.08885192871,48800,2,0.96875,99658.91259765625,48800,2,0.96875,106925.96841430664,48800,2,0.96875,171374.9829864502,48800,2,1.16875,173142.2355041504,48800,2,1.16875,170357.7254333496,48800,2,1.16875,375301.3131713867,48800,2,1.16875,163387.6989440918,48800,2,1.16875,162238.28329467773,48800,2,1.16875,157467.76293945313,48800,2,1.16875,102704.65037536621,48800,2,1.16875,104573.31605529785,48800,2,0.96875,12797762.320510864,4617,2456,5044,5054,2496,400,400,400,400,400,400,400,5398,3313,2476,400,2556,400,2419,400,400,400,400,3885,400,400,3409,400,2895,3778,2493,5055,0,0,0,0,0,0,0,0,0,0,0,0,0,0,0,0,0,0,0,0,0,0,0,0,0,0,14.285715103149414,0,0,0,0,0,20475,15905,9202,45,0,20475,13200,11670,39,0,66718994432,8589930496,32752820224,524288
200,1791349241100,986479.9184570313,48800,2,1.16875,100071.87153625488,48800,2,1.0437500000000002,99138.22050476074,48800,2,1.0437500000000002,100468.21229553223,48800,2,1.0437500000000002,109907.08885192871,48800,2,1.0437500000000002,99658.91259765625,48800,2,1.0437500000000002,106925.96842956543,48800,2,1.0437500000000002,171374.98359680176,48800,2,1.16875,173142.23611450195,48800,2,1.16875,170357.72607421875,48800,2,1.16875,375301.37857055664,48800,2,1.16875,163387.70027160645,48800,2,1.16875,162238.2839050293,48800,2,1.16875,157467.7635498047,48800,2,1.16875,102704.650390625,48800,2,1.0437500000000002,104573.31605529785,48800,2,1.0437500000000002,12797771.83354187,4617,2456,5044,5054,2496,400,400,400,400,400,400,400,5398,3313,2476,400,2556,400,2419,400,400,400,400,3885,400,400,3409,400,2895,3778,2493,5055,4.761904716491699,0,0,0,0,0,0,0,0,0,0,0,0,0,0,0,0,0,0,0,0,0,0,0,0,0,15.000000953674316,0,0,0,0,0,20475,15905,9202,45,0,20475,13200,11700,39,0,66718994432,8589930496,32752816128,524288
200,1791349241300,986479.9198608398,3050,2,1.1125,100071.87161254883,48800,2,1.125,99138.22186279297,48800,2,1.125,100468.21238708496,48800,2,1.125,109907.08894348145,48800,2,1.125,99658.91268920898,48800,2,0.93125,106925.96853637695,48800,2,0.93125,171374.98434448242,3050,2,1.1125,173142.23684692383,3050,2,1.1125,170357.72686767578,3050,2,1.1125,375301.44438171387,3050,0,1.1125,163387.70141601563,3050,2,1.1125,162238.28463745117,3050,2,1.1125,157467.76792907715,3050,2,1.1125,102704.65049743652,48800,2,1.125,104573.31625366211,48800,2,1.125,12797781.684951782,4617,2456,5044,5054,2496,400,400,400,400,400,400,400,5398,3313,2476,400,2556,400,2419,400,400,400,400,3885,400,400,3409,400,2895,3778,2493,5055,0,0,0,0,0,0,0,0,0,0,0,0,0,0,0,0,4.761904716491699,0,0,0,0,0,0,0,0,0,10,0,0,0,0,0,20475,15905,9202,45,0,20475,13200,11700,39,0,66718994432,8589930496,32752816128,524288
199,1791349241500,986479.9213867188,48800,2,1.16875,100071.8716430664,48800,2,0.95625,99138.22189331055,48800,2,0.95625,100468.21241760254,48800,2,0.95625,109907.08897399902,48800,2,0.95625,99658.91273498535,48800,2,0.95625,106925.96862792969,48800,2,0.95625,171374.9850616455,48800,2,1.16875,173142.2375793457,48800,2,1.16875,170357.730178833,48800,2,1.16875,375301.5148925781,48800,2,1.16875,163387.7028503418,48800,2,1.16875,162238.28536987305,48800,2,1.16875,157467.76864624023,48800,2,1.16875,102704.65054321289,48800,2,1.16875,104573.31628417969,48800,2,1.16875,12797791.371459961,4617,2456,5044,5054,2496,400,400,400,400,400,400,400,5398,3313,2476,400,2556,400,2419,400,400,400,400,3885,400,400,3409,400,2895,3778,2493,5055,0,0,0,0,0,0,0,0,0,0,0,0,0,0,0,0,0,0,0,0,0,0,0,0,0,0,15.000000953674316,0,0,0,0,0,20475,15905,9202,45,0,20475,13200,11700,39,0,66718994432,8589930496,32752816128,524288
200,1791349241700,986479.924987793,3050,2,0.55625,100071.87171936035,48800,2,0.93125,99138.22196960449,48800,2,0.93125,100468.21249389648,48800,2,0.93125,109907.08905029297,48800,2,0.93125,99658.9128112793,48800,2,0.93125,106925.96871948242,48800,2,0.93125,171374.98568725586,3050,2,0.55625,173142.23822021484,3050,2,0.55625,170357.73085021973,3050,0,0.55625,375301.58180236816,3050,0,0.55625,163387.7038116455,3050,0,0.55625,162238.28602600098,3050,2,0.55625,157467.76928710938,3050,2,0.55625,102704.65063476563,48800,2,0.93125,104573.31640625,48800,2,0.93125,12797801.030212402,4617,2456,5044,5054,2496,400,400,400,400,400,400,400,5398,3313,2476,400,2556,400,2419,400,400,400,400,3885,400,400,3409,400,2895,3778,2493,5055,0,0,0,0,0,0,0,0,0,0,0,0,0,0,0,0,0,0,0,0,0,0,0,0,0,0,15.000000953674316,0,0,0,0,0,20475,15905,9128,45,0,20475,13200,11700,39,0,66718994432,8589930496,32752816128,524288
200,1791349241901,986479.9262084961,48800,2,1.16875,100071.8719329834,48800,2,1.05,99138.22219848633,48800,2,1.05,100468.21260070801,48800,2,1.05,109907.08915710449,48800,2,1.05,99658.91291809082,48800,2,1.05,106925.96884155273,48800,2,1.05,171374.98652648926,48800,2,1.16875,173142.2388458252,48800,2,1.16875,170357.73162841797,48800,2,1.16875,375301.6490020752,48800,2,1.16875,163387.70558166504,48800,2,1.16875,162238.28666687012,3050,2,1.05625,157467.76992797852,3050,2,1.05625,102704.65074157715,48800,2,1.05,104573.31663513184,48800,2,1.05,12797810.584472656,4617,2456,5044,5054,2496,400,400,400,400,400,400,400,5398,3313,2476,400,2556,400,2419,400,400,400,400,3885,400,400,3409,400,2895,3778,2493,5055,0,0,0,0,0,0,0,0,0,0,0,0,0,0,0,0,0,0,0,0,0,0,0,0,0,0,12.5,0,0,0,0,0,20475,15905,9128,45,0,20475,13200,11700,39,0,66718994432,8589930496,32752816128,524288
200,1791349242101,986479.928604126,48800,2,1.125,100071.87196350098,48800,2,1.13125,99138.2222290039,48800,2,1.13125,100468.21263122559,48800,2,1.13125,109907.08918762207,48800,2,1.13125,99658.9129486084,48800,2,1.13125,106925.9688873291,48800,2,0.93125,171374.98712158203,48800,2,1.125,173142.23947143555,48800,2,1.125,170357.73223876953,48800,2,1.125,375301.7160644531,48800,2,1.125,163387.70652770996,48800,2,1.125,162238.2872619629,48800,2,1.125,157467.7705230713,48800,2,1.125,102704.65077209473,48800,2,1.13125,104573.3166809082,48800,2,1.13125,12797820.103393555,4617,2456,5044,5054,2496,400,400,400,400,400,400,400,5398,3313,2476,400,2556,400,2419,400,400,400,400,3885,400,400,3409,400,2895,3778,2493,5055,0,0,0,0,0,0,0,0,0,0,0,0,0,0,0,0,0,0,0,0,0,0,0,0,0,0,10,0,0,0,0,0,20475,15905,9128,45,0,20475,13200,11716,39,0,66718994432,8589930496,32752812032,524288
200,1791349242301,986479.9303588867,48800,2,1.16875,100071.87196350098,48800,2,0.9625,99138.2222290039,48800,2,0.9625,100468.21263122559,48800,2,0.9625,109907.08918762207,48800,2,0.9625,99658.9129486084,48800,2,0.9625,106925.96890258789,48800,2,0.9625,171374.98770141602,48800,2,1.16875,173142.2400970459,48800,2,1.16875,170357.7328491211,48800,2,1.16875,375301.78479003906,48800,2,1.16875,163387.70741271973,48800,2,1.16875,162238.28787231445,48800,2,1.16875,157467.77111816406,48800,2,1.16875,102704.65077209473,48800,2,0.9625,104573.31669616699,48800,2,0.9625,12797829.630966187,4617,2456,5044,5054,2496,400,400,400,400,400,400,400,5398,3313,2476,400,2556,400,2419,400,400,400,400,3885,400,400,3409,400,2895,3778,2493,5055,0,0,0,0,0,0,0,0,0,0,0,0,0,0,0,0,0,0,0,0,0,0,0,0,0,0,15.000000953674316,0,0,0,0,0,20475,15905,9128,45,0,20475,13200,11716,39,0,66718994432,8589930496,32752812032,524288
200,1791349242502,986479.998123169,48800,2,1.16875,100071.87199401855,48800,2,1.05625,99138.22225952148,48800,2,1.05625,100468.21266174316,48800,2,1.05625,109907.08921813965,48800,2,1.05625,99658.91299438477,48800,2,1.05625,106925.96897888184,48800,2,1.05625,171374.98866271973,48800,2,1.16875,173142.24085998535,48800,2,1.16875,170357.7335205078,48800,2,1.16875,375301.7873840332,48800,2,1.16875,163387.70838928223,48800,2,1.16875,162238.2888031006,3050,2,1.0375,157467.7717590332,3050,2,1.0375,102704.6508026123,48800,2,1.05625,104573.31674194336,48800,2,1.05625,12797839.321350098,4617,2456,5044,5054,2496,400,400,400,400,400,400,400,5398,3313,2476,400,2556,400,2419,400,400,400,400,3885,400,400,3409,400,2895,3778,2493,5055,14.285715103149414,0,0,0,0,0,0,0,0,0,0,0,0,0,0,0,0,0,0,0,0,0,0,0,0,0,0,0,0,0,0,0,20475,15905,9128,45,0,20475,13200,11716,39,0,66718994432,8589930496,32769069056,524288
200,1791349242702,986480.0400543213,48800,2,1.16875,100071.87202453613,16133.333333333334,2,1.13125,99138.22230529785,16133.333333333334,2,1.13125,100468.21269226074,16133.333333333334,2,1.13125,109907.08924865723,16133.333333333334,2,1.13125,99658.91302490234,16133.333333333334,2,1.13125,106925.96903991699,16133.333333333334,0,0.70625,171374.9910583496,48800,2,1.16875,173142.27839660645,48800,2,1.16875,170357.73419189453,3050,2,1.1125,375301.7881164551,3050,2,1.1125,163387.70945739746,3050,2,1.1125,162238.29524230957,3050,2,1.1125,157467.77239990234,3050,2,1.1125,102704.6508178711,16133.333333333334,2,1.13125,104573.31678771973,16133.333333333334,2,1.13125,12797848.948806763,4617,2456,5044,5054,2496,400,400,400,400,400,400,400,5398,3313,2476,400,2556,400,2419,400,400,400,400,3885,400,400,3409,400,2895,3778,2493,5055,5.263157844543457,0,0,0,0,0,0,0,0,0,0,0,5,0,0,0,0,0,0,0,0,0,0,0,0,0,0,0,0,0,0,0,20475,15905,9142,45,0,20475,13200,11716,39,0,66718994432,8589930496,32757837824,524288
200,1791349242902,986480.1126098633,48800,2,1.16875,100071.8720703125,48800,2,0.94375,99138.22235107422,48800,2,0.94375,100468.21273803711,48800,2,0.94375,109907.0892944336,48800,2,0.94375,99658.91307067871,48800,2,0.94375,106925.96908569336,48800,2,0.94375,171374.99235534668,48800,2,1.16875,173142.2790374756,48800,2,1.16875,170357.73483276367,48800,2,1.16875,375301.7888183594,48800,2,1.16875,163387.71055603027,48800,2,1.16875,162238.2958984375,48800,2,1.16875,157467.7730102539,48800,2,1.16875,102704.65087890625,48800,2,1.16875,104573.31684875488,48800,2,0.94375,12797858.448272705,4617,2456,5044,5054,2496,400,400,400,400,400,400,400,5398,3313,2476,400,2556,400,2419,400,400,400,400,3885,400,400,3409,400,2895,3778,2493,5055,14.285715103149414,0,0,0,0,0,0,0,0,0,0,0,0,0,0,0,0,0,0,0,0,0,0,0,0,0,0,0,0,0,0,0,20475,15905,9142,45,0,20475,13200,11716,39,0,66718994432,8589930496,32775372800,524288
200,1791349243103,986480.1800537109,48800,2,1.16875,100071.87208557129,48800,2,1.03125,99138.22235107422,48800,2,1.03125,100468.2127532959,48800,2,1.03125,109907.0892944336,48800,2,1.03125,99658.91310119629,48800,2,1.03125,106925.96910095215,48800,2,1.03125,171374.9942626953,48800,2,1.16875,173142.27966308594,48800,2,1.16875,170357.73545837402,48800,2,1.16875,375301.7894897461,48800,2,1.16875,163387.71124267578,48800,2,1.16875,162238.29650878906,48800,2,1.16875,157467.7735900879,48800,2,1.16875,102704.65089416504,48800,2,1.03125,104573.31686401367,48800,2,1.03125,12797867.912017822,4617,2456,5044,5054,2496,400,400,400,400,400,400,400,5398,3313,2476,400,2556,400,2419,400,400,400,400,3885,400,400,3409,400,2895,3778,2493,5055,10.526315689086914,0,0,0,0,0,0,0,0,0,0,0,0,0,0,0,0,0,0,0,0,0,0,0,0,0,0,0,0,0,0,0,20475,15905,9142,45,0,20475,13200,11725,39,0,66718994432,8589930496,32775368704,524288
200,1791349243303,986480.2497558594,48800,2,1.16875,100071.87213134766,48800,2,1.1125,99138.22239685059,48800,2,1.1125,100468.21281433105,48800,2,1.1125,109907.08935546875,48800,2,1.1125,99658.91316223145,48800,2,1.1125,106925.9691772461,48800,2,0.93125,171374.9956665039,48800,2,1.16875,173142.28050231934,3050,2,1.10625,170357.73611450195,3050,2,1.10625,375301.79022216797,3050,2,1.10625,163387.7122039795,3050,2,1.10625,162238.297164917,3050,2,1.10625,157467.77423095703,3050,2,1.10625,102704.6509552002,48800,2,1.1125,104573.31707763672,48800,2,1.1125,12797877.569412231,4617,2456,5044,5054,2496,400,400,400,400,400,400,400,5398,3313,2476,400,2556,400,2419,400,400,400,400,3885,400,400,3409,400,2895,3778,2493,5055,14.285715103149414,0,0,0,0,0,0,0,0,0,0,0,0,0,0,0,0,0,0,0,0,0,0,0,0,0,0,0,0,0,0,0,20475,15905,9142,45,0,20475,13200,11725,39,0,66718994432,8589930496,32774426624,524288
200,1791349243503,986480.3198242188,48800,2,1.1375,100071.87214660645,48800,2,1.13125,99138.22241210938,48800,2,0.93125,100468.21282958984,48800,2,0.93125,109907.08937072754,48800,2,0.93125,99658.91319274902,48800,2,0.93125,106925.96920776367,48800,2,0.93125,171374.99659729004,48800,2,1.1375,173142.28118896484,48800,2,1.1375,170357.73681640625,48800,2,1.1375,375301.7910003662,48800,2,1.1375,163387.7133178711,48800,2,1.1375,162238.2978515625,48800,2,1.1375,157467.77487182617,48800,2,1.1375,102704.65097045898,48800,2,1.13125,104573.3171081543,48800,2,1.13125,12797887.091888428,4617,2456,5044,5054,2496,400,400,400,400,400,400,400,5398,3313,2476,400,2556,400,2419,400,400,400,400,3885,400,400,3409,400,2895,3778,2493,5055,10.526315689086914,0,0,0,0,0,0,0,0,0,0,0,0,0,0,0,0,0,0,0,0,0,0,0,0,0,0,0,0,0,0,0,20475,15905,9142,45,0,20475,13200,11725,39,0,66718994432,8589930496,32765911040,524288
200,1791349243704,986480.3885650635,48800,2,1.0437500000000002,100071.87217712402,48800,2,1.0375,99138.22244262695,48800,2,1.0375,100468.21286010742,48800,2,1.0375,109907.0894165039,48800,2,1.0375,99658.9132232666,48800,2,1.0375,106925.96926879883,48800,2,1.0375,171374.99794006348,48800,2,1.0437500000000002,173142.28182983398,48800,2,1.0437500000000002,170357.7374267578,48800,2,1.0437500000000002,375301.79167175293,48800,2,1.0437500000000002,163387.7142791748,48800,2,1.0437500000000002,162238.29844665527,48800,2,1.0437500000000002,157467.77542114258,48800,2,1.0437500000000002,102704.65106201172,48800,2,1.0375,104573.31719970703,48800,2,1.0375,12797896.714126587,4617,2456,5044,5054,2496,400,400,400,400,400,400,400,5398,3313,2476,400,2556,400,2419,400,400,400,400,3885,400,400,3409,400,2895,3778,2493,5055,10,0,0,0,0,0,0,0,0,0,0,0,0,0,0,0,0,0,0,0,0,0,0,0,0,0,0,0,0,0,0,0,20475,15905,9187,45,0,20475,13200,11725,39,0,66718994432,8589930496,32767717376,524288
200,1791349243904,986480.4574737549,48800,2,1.16875,100071.8722076416,48800,2,1.11875,99138.22247314453,48800,2,1.11875,100468.21290588379,48800,2,1.11875,109907.08946228027,48800,2,1.11875,99658.91326904297,48800,2,1.11875,106925.96932983398,48800,2,0.93125,171374.99906921387,48800,2,1.16875,173142.2825164795,3050,2,1.11875,170357.73809814453,3050,2,1.11875,375301.7924194336,3050,2,1.11875,163387.7152557373,3050,2,1.11875,162238.2991027832,3050,2,1.11875,157467.77603149414,3050,2,1.11875,102704.6510925293,48800,2,1.11875,104573.31726074219,48800,2,1.11875,12797906.2190094,4617,2456,5044,5054,2496,400,400,400,400,400,400,400,5398,3313,2476,400,2556,400,2419,400,400,400,400,3885,400,400,3409,400,2895,3778,2493,5055,15.000000953674316,0,0,0,0,0,0,0,0,0,0,0,0,0,0,0,0,0,0,0,0,0,0,0,0,0,0,0,0,0,0,0,20475,15905,9187,45,0,20475,13200,11725,39,0,66718994432,8589930496,32767967232,524288
200,1791349244104,986480.5271606445,48800,2,1.13125,100071.8722076416,48800,2,1.15,99138.22247314453,48800,2,0.93125,100468.21290588379,48800,2,0.93125,109907.08946228027,48800,2,0.93125,99658.91326904297,48800,2,0.93125,106925.96934509277,48800,2,0.93125,171375,48800,2,1.13125,173142.2831878662,48800,2,1.13125,170357.73875427246,48800,2,1.13125,375301.7933502197,48800,2,1.13125,163387.71632385254,48800,2,1.13125,162238.29975891113,48800,2,1.13125,157467.77667236328,48800,2,1.13125,102704.6510925293,48800,2,1.15,104573.31727600098,48800,2,1.15,12797915.780349731,4617,2456,5044,5054,2496,400,400,400,400,400,400,400,5398,3313,2476,400,2556,400,2419,400,400,400,400,3885,400,400,3409,400,2895,3778,2493,5055,10,0,0,0,0,0,0,0,0,0,0,0,0,0,0,0,0,0,0,0,0,0,0,0,0,0,0,0,0,0,0,0,20475,15905,9187,45,0,20475,13200,11704,39,0,66718994432,8589930496,32767967232,524288
200,1791349244305,986480.5956420898,48800,2,1.16875,100071.8722076416,48800,2,1.0375,99138.22247314453,48800,2,1.0375,100468.21290588379,48800,2,1.0375,109907.08946228027,48800,2,1.0375,99658.91326904297,48800,2,1.0375,106925.96936035156,48800,2,1.0375,171375.00132751465,48800,2,1.16875,173142.28379821777,48800,2,1.16875,170357.7393798828,48800,2,1.16875,375301.79403686523,48800,2,1.16875,163387.71702575684,48800,2,1.16875,162238.3003692627,48800,2,1.16875,157467.77725219727,48800,2,1.16875,102704.65110778809,48800,2,1.0375,104573.31730651855,48800,2,1.0375,12797925.299087524,4617,2456,5044,5054,2496,400,400,400,400,400,400,400,5398,3313,2476,400,2556,400,2419,400,400,400,400,3885,400,400,3409,400,2895,3778,2493,5055,19.047618865966797,0,0,0,0,0,0,0,0,0,0,0,0,0,0,0,0,0,0,0,0,0,0,0,0,0,0,0,0,0,0,0,20475,15905,9187,45,0,20475,13200,11704,39,0,66718994432,8589930496,32766128128,524288
200,1791349244505,986480.6631317139,48800,2,1.16875,100071.87223815918,48800,2,1.11875,99138.22250366211,48800,2,1.11875,100468.21293640137,48800,2,1.11875,109907.08950805664,48800,2,1.11875,99658.91333007813,48800,2,1.11875,106925.96942138672,48800,2,0.93125,171375.00241088867,3050,2,1.1,173142.2844390869,3050,2,1.1,170357.7399597168,3050,2,1.1,375301.79469299316,3050,2,1.1,163387.71781921387,3050,2,1.1,162238.30096435547,3050,2,1.1,157467.77781677246,3050,2,1.1,102704.65113830566,48800,2,1.11875,104573.31735229492,48800,2,1.11875,12797934.841262817,4617,2456,5044,5054,2496,400,400,400,400,400,400,400,5398,3313,2476,400,2556,400,2419,400,400,400,400,3885,400,400,3409,400,2895,3778,2493,5055,10,0,0,0,0,0,0,0,0,0,0,0,0,0,0,0,0,0,0,0,0,0,0,0,0,0,0,0,0,0,0,0,20475,15905,9187,45,0,20475,13200,11704,39,0,66718994432,8589930496,32766128128,524288
200,1791349244705,986480.7328948975,48800,2,1.175,100071.87223815918,48800,2,0.95625,99138.22250366211,48800,2,0.95625,100468.21293640137,48800,2,0.95625,109907.08950805664,48800,2,0.95625,99658.91333007813,48800,2,0.95625,106925.96943664551,48800,2,0.95625,171375.00315856934,48800,2,1.175,173142.28506469727,48800,2,1.175,170357.74058532715,48800,2,1.175,375301.7953643799,48800,2,1.175,163387.7188873291,48800,2,1.175,162238.30158996582,48800,2,1.175,157467.77842712402,48800,2,1.175,102704.65115356445,48800,2,1.16875,104573.3173828125,48800,2,1.16875,12797944.380111694,4617,2456,5044,5054,2496,400,400,400,400,400,400,400,5398,3313,2476,400,2556,400,2419,400,400,400,400,3885,400,400,3409,400,2895,3778,2493,5055,10.526315689086914,0,0,0,0,0,0,0,0,0,0,0,0,0,0,0,0,0,0,0,0,0,0,0,0,0,0,0,0,0,0,0,20475,15905,9116,45,0,20475,13200,11704,39,0,66718994432,8589930496,32766066688,524288
200,1791349244906,986480.801361084,48800,2,1.16875,100071.87225341797,48800,2,1.0375,99138.2225189209,48800,2,1.0375,100468.21295166016,48800,2,1.0375,109907.08952331543,48800,2,1.0375,99658.91334533691,48800,2,1.0375,106925.96946716309,48800,2,1.0375,171375.00437927246,48800,2,1.16875,173142.28573608398,48800,2,1.16875,170357.74124145508,48800,2,1.16875,375301.7961730957,48800,2,1.16875,163387.71963500977,48800,2,1.16875,162238.30224609375,48800,2,1.16875,157467.77905273438,48800,2,1.16875,102704.65118408203,48800,2,1.0375,104573.31741333008,48800,2,1.0375,12797953.955474854,4617,2456,5044,5054,2496,400,400,400,400,400,400,400,5398,3313,2476,400,2556,400,2419,400,400,400,400,3885,400,400,3409,400,2895,3778,2493,5055,14.285715103149414,0,0,0,0,0,0,0,0,0,4.761904716491699,0,0,0,0,0,0,0,0,0,0,0,0,0,0,0,0,0,0,0,0,0,20475,15905,9116,45,0,20475,13200,11704,39,0,66718994432,8589930496,32766062592,524288
200,1791349245106,986480.8727111816,48800,2,1.16875,100071.87226867676,48800,2,1.1125,99138.22253417969,48800,2,1.1125,100468.21298217773,48800,2,1.1125,109907.08955383301,48800,2,1.1125,99658.91337585449,48800,2,1.1125,106925.96951293945,48800,2,0.93125,171375.0058441162,3050,2,1.1125,173142.28637695313,3050,2,1.1125,170357.7419128418,3050,2,1.1125,375301.796875,3050,2,1.1125,163387.72065734863,3050,2,1.1125,162238.30291748047,3050,2,1.1125,157467.77969360352,3050,2,1.1125,102704.65121459961,48800,2,1.1125,104573.31744384766,48800,2,1.1125,12797963.516815186,4617,2456,5044,5054,2496,400,400,400,400,400,400,400,5398,3313,2476,400,2556,400,2419,400,400,400,400,3885,400,400,3409,400,2895,3778,2493,5055,10.526315689086914,0,0,0,0,0,0,0,0,0,0,0,0,0,0,0,0,0,0,0,0,0,0,0,0,0,0,0,0,0,0,0,20475,15905,9116,45,0,20475,13200,11689,39,0,66718994432,8589930496,32766062592,524288
200,1791349245306,986480.9424285889,48800,2,1.16875,100071.87229919434,48800,2,0.94375,99138.22256469727,48800,2,0.94375,100468.21301269531,48800,2,0.94375,109907.08958435059,48800,2,0.94375,99658.91340637207,48800,2,0.94375,106925.96955871582,48800,2,0.94375,171375.0066833496,48800,2,1.16875,173142.28701782227,48800,2,1.16875,170357.7425994873,48800,2,1.16875,375301.7975769043,48800,2,1.16875,163387.72175598145,48800,2,1.16875,162238.3035888672,48800,2,1.16875,157467.78034973145,48800,2,1.16875,102704.65124511719,48800,2,1.16875,104573.31758117676,48800,2,1.16875,12797973.089263916,4617,2456,5044,5054,2496,400,400,400,400,400,400,400,5398,3313,2476,400,2556,400,2419,400,400,400,400,3885,400,400,3409,400,2895,3778,2493,5055,14.285715103149414,0,0,0,0,0,0,0,0,0,0,0,0,0,0,0,0,0,0,0,0,0,0,0,0,0,0,0,0,0,0,0,20475,15905,9116,45,0,20475,13200,11689,39,0,66718994432,8589930496,32766062592,524288
199,1791349245507,986481.0090332031,48800,2,1.16875,100071.87231445313,48800,2,1.0375,99138.22257995605,48800,2,1.0375,100468.2130279541,48800,2,1.0375,109907.08959960938,48800,2,1.0375,99658.91343688965,48800,2,1.0375,106925.96960449219,48800,2,1.0375,171375.00761413574,48800,2,1.16875,173142.2876739502,48800,2,1.16875,170357.74565124512,48800,2,1.16875,375301.79846191406,48800,2,1.16875,163387.72254943848,48800,2,1.16875,162238.3042755127,48800,2,1.16875,157467.78100585938,48800,2,1.16875,102704.65126037598,48800,2,1.0375,104573.31762695313,48800,2,1.0375,12797982.785430908,4617,2456,5044,5054,2496,400,400,400,400,400,400,400,5398,3313,2476,400,2556,400,2419,400,400,400,400,3885,400,400,3409,400,2895,3778,2493,5055,0,0,0,0,0,0,0,0,10,0,0,0,0,0,0,0,0,0,0,0,0,0,0,0,0,0,0,0,0,0,0,0,20475,15905,9116,45,0,20475,13200,11689,39,0,66718994432,8589930496,32745402368,524288
200,1791349245707,986481.0815887451,3050,0,0.5625,100071.87245178223,48800,2,0.93125,99138.22271728516,48800,2,0.93125,100468.21318054199,48800,2,0.93125,109907.08976745605,48800,2,0.93125,99658.91358947754,48800,2,0.93125,106925.96977233887,48800,2,0.93125,171375.00874328613,3050,2,0.5625,173142.2884979248,3050,2,0.5625,170357.74784851074,3050,2,0.5625,375301.79943847656,3050,2,0.5625,163387.7237854004,3050,2,0.5625,162238.30513000488,3050,2,0.5625,157467.7823638916,3050,2,0.5625,102704.65139770508,48800,2,0.93125,104573.31777954102,48800,2,0.93125,12797992.762237549,4617,2456,5044,5054,2496,400,400,400,400,400,400,400,5398,3313,2476,400,2556,400,2419,400,400,400,400,3885,400,400,3409,400,2895,3778,2493,5055,0,0,0,0,0,0,0,0,15.000000953674316,0,0,0,0,0,0,0,0,0,0,0,0,0,0,0,0,0,0,0,0,0,0,0,20475,15905,9036,45,0,20475,13200,11689,39,0,66718994432,8589930496,32762933248,524288
200,1791349245907,986481.1515197754,48800,2,1.13125,100071.8724822998,48800,2,1.125,99138.22274780273,48800,2,1.125,100468.21321105957,48800,2,1.125,109907.08981323242,48800,2,1.125,99658.91361999512,48800,2,0.93125,106925.96981811523,48800,2,0.93125,171375.00942993164,48800,2,1.13125,173142.2891998291,48800,2,1.13125,170357.74858093262,48800,2,1.13125,375301.8002624512,48800,2,1.13125,163387.72468566895,48800,2,1.13125,162238.30584716797,48800,2,1.13125,157467.7830505371,48800,2,1.13125,102704.65144348145,48800,2,1.125,104573.31782531738,48800,2,1.125,12798002.440536499,4617,2456,5044,5054,2496,400,400,400,400,400,400,400,5398,3313,2476,400,2556,400,2419,400,400,400,400,3885,400,400,3409,400,2895,3778,2493,5055,0,0,0,0,0,0,0,0,10,0,0,0,0,0,0,0,0,0,0,0,0,0,0,0,0,0,0,0,0,0,0,0,20475,15905,9036,45,0,20475,13200,11689,39,0,66718994432,8589930496,32762933248,524288
200,1791349246107,986481.2188110352,48800,2,1.16875,100071.87251281738,48800,2,0.9812500000000001,99138.22277832031,48800,2,0.9812500000000001,100468.21324157715,48800,2,0.9812500000000001,109907.08985900879,48800,2,0.9812500000000001,99658.9136505127,48800,2,0.9812500000000001,106925.96984863281,48800,2,0.9812500000000001,171375.010055542,48800,2,1.16875,173142.28984069824,48800,2,1.16875,170357.74923706055,48800,2,1.16875,375301.80097961426,48800,2,1.16875,163387.72578430176,48800,2,1.16875,162238.3065032959,48800,2,1.16875,157467.78369140625,48800,2,1.16875,102704.6515045166,48800,2,0.9812500000000001,104573.31788635254,48800,2,0.9812500000000001,12798011.989685059,4617,2456,5044,5054,2496,400,400,400,400,400,400,400,5398,3313,2476,400,2556,400,2419,400,400,400,400,3885,400,400,3409,400,2895,3778,2493,5055,0,0,0,0,0,0,0,0,15.000000953674316,0,0,0,0,0,0,0,0,0,0,0,0,0,0,0,0,0,0,0,0,0,0,0,20475,15905,9036,45,0,20475,13200,11671,39,0,66718994432,8589930496,32762933248,524288
200,1791349246308,986481.2865753174,48800,2,1.16875,100071.87254333496,48800,2,1.0375,99138.22280883789,48800,2,1.0375,100468.21327209473,48800,2,1.0375,109907.08990478516,48800,2,1.0375,99658.91368103027,48800,2,1.0375,106925.96987915039,48800,2,1.0375,171375.0108642578,48800,2,1.16875,173142.29048156738,48800,2,1.16875,170357.74989318848,48800,2,1.16875,375301.8017425537,48800,2,1.16875,163387.7266998291,48800,2,1.16875,162238.30715942383,48800,2,1.16875,157467.7843322754,3050,2,1.05625,102704.65159606934,48800,2,1.0375,104573.3179321289,48800,2,1.0375,12798021.687988281,4617,2456,5044,5054,2496,400,400,400,400,400,400,400,5398,3313,2476,400,2556,400,2419,400,400,400,400,3885,400,400,3409,400,2895,3778,2493,5055,0,0,0,0,0,0,0,0,14.285715103149414,0,0,0,0,0,0,0,0,0,0,0,0,0,0,0,0,0,0,0,0,0,0,0,20475,15905,9036,45,0,20475,13200,11671,39,0,66718994432,8589930496,32761524224,524288
200,1791349246508,986481.3561096191,3050,2,1.125,100071.87258911133,48800,2,1.1125,99138.22286987305,48800,2,1.1125,100468.21333312988,48800,2,1.1125,109907.0899810791,48800,2,1.1125,99658.91375732422,48800,2,0.93125,106925.96994018555,48800,2,0.93125,171375.01194763184,3050,2,1.125,173142.29112243652,3050,2,1.125,170357.75051879883,3050,2,1.125,375301.8024749756,3050,2,1.125,163387.72770690918,3050,2,1.125,162238.30780029297,3050,2,1.125,157467.78495788574,3050,2,1.125,102704.65165710449,48800,2,1.1125,104573.31800842285,48800,2,1.1125,12798031.229934692,4617,2456,5044,5054,2496,400,400,400,400,400,400,400,5398,3313,2476,400,2556,400,2419,400,400,400,400,3885,400,400,3409,400,2895,3778,2493,5055,14.285715103149414,0,0,0,0,0,0,0,0,0,0,0,0,0,0,0,0,0,0,0,0,0,0,0,0,0,0,0,0,0,0,0,20475,15905,9036,45,0,20475,13200,11671,39,0,66718994432,8589930496,32777781248,524288
200,1791349246708,986481.4257354736,48800,2,1.16875,100071.8726196289,48800,2,0.94375,99138.22290039063,48800,2,0.94375,100468.21336364746,48800,2,0.94375,109907.09001159668,48800,2,0.94375,99658.9137878418,48800,2,0.94375,106925.96995544434,48800,2,0.94375,171375.01275634766,48800,2,1.16875,173142.29174804688,48800,2,1.16875,170357.75117492676,48800,2,1.16875,375301.8031768799,48800,2,1.16875,163387.72886657715,48800,2,1.16875,162238.3084716797,48800,2,1.16875,157467.7855834961,48800,2,1.16875,102704.65168762207,48800,2,1.16875,104573.31803894043,48800,2,1.16875,12798040.816955566,4617,2456,5044,5054,2496,400,400,400,400,400,400,400,5398,3313,2476,400,2556,400,2419,400,400,400,400,3885,400,400,3409,400,2895,3778,2493,5055,10.526315689086914,0,0,0,0,0,0,0,0,0,0,0,0,0,0,0,0,0,0,0,0,0,0,0,0,0,4.761904716491699,0,0,0,0,0,20475,15905,9011,45,0,20475,13200,11671,39,0,66718994432,8589930496,32777777152,524288
200,1791349246909,986481.494140625,48800,2,1.16875,100071.87266540527,48800,2,1.025,99138.22294616699,48800,2,1.025,100468.21340942383,48800,2,1.025,109907.09007263184,48800,2,1.025,99658.91383361816,48800,2,1.025,106925.9700012207,48800,2,1.025,171375.01412963867,48800,2,1.16875,173142.29243469238,48800,2,1.16875,170357.75186157227,48800,2,1.16875,375301.80390930176,48800,2,1.16875,163387.72966003418,48800,2,1.16875,162238.3091430664,48800,2,1.16875,157467.7862548828,48800,2,1.16875,102704.65176391602,48800,2,1.025,104573.31809997559,48800,2,1.025,12798050.529876709,4617,2456,5044,5054,2496,400,400,400,400,400,400,400,5398,3313,2476,400,2556,400,2419,400,400,400,400,3885,400,400,3409,400,2895,3778,2493,5055,14.285715103149414,0,0,0,0,0,0,0,0,0,0,0,0,0,0,0,0,0,0,0,0,0,0,0,0,0,0,0,0,0,0,0,20475,15905,9011,45,0,20475,13200,11671,39,0,66718994432,8589930496,32777777152,524288
200,1791349247109,986481.566116333,48800,2,1.16875,100071.87275695801,48800,2,1.1,99138.22302246094,48800,2,1.1,100468.21348571777,48800,2,1.1,109907.09019470215,48800,2,1.1,99658.9139251709,48800,2,1.1,106925.97009277344,48800,2,0.93125,171375.015914917,48800,2,1.16875,173142.29307556152,3050,2,1.11875,170357.7525024414,3050,2,1.11875,375301.8046569824,3050,2,1.11875,163387.73049926758,3050,2,1.11875,162238.30981445313,3050,2,1.11875,157467.78688049316,3050,2,1.11875,102704.65194702148,48800,2,1.1,104573.31820678711,48800,2,1.1,12798060.29562378,4617,2456,5044,5054,2496,400,400,400,400,400,400,400,5398,3313,2476,400,2556,400,2419,400,400,400,400,3885,400,400,3409,400,2895,3778,2493,5055,10.526315689086914,0,0,0,0,0,0,0,0,0,0,0,0,0,0,0,0,0,0,0,0,0,0,0,0,0,0,0,0,0,0,0,20475,15905,9011,45,0,20475,13200,11672,39,0,66718994432,8589930496,32777777152,524288
200,1791349247309,986481.6364135742,48800,2,1.13125,100071.87281799316,48800,2,0.93125,99138.2230682373,48800,2,0.93125,100468.21353149414,48800,2,0.93125,109907.0902557373,48800,2,0.93125,99658.91397094727,48800,2,0.93125,106925.9701385498,48800,2,0.93125,171375.01676940918,48800,2,1.13125,173142.29376220703,48800,2,1.13125,170357.75317382813,48800,2,1.13125,375301.8054199219,48800,2,1.13125,163387.73161315918,48800,2,1.13125,162238.3105316162,48800,2,1.13125,157467.78755187988,48800,2,1.13125,102704.65203857422,48800,2,1.1375,104573.31831359863,48800,2,1.1375,12798069.95501709,4617,2456,5044,5054,2496,400,400,400,400,400,400,400,5398,3313,2476,400,2556,400,2419,400,400,400,400,3885,400,400,3409,400,2895,3778,2493,5055,14.285715103149414,0,0,0,0,0,0,0,0,0,0,0,0,0,0,0,0,0,0,0,0,0,0,0,0,0,0,0,0,0,0,0,20475,15905,9011,45,0,20475,13200,11672,39,0,66718994432,8589930496,32776544256,524288
200,1791349247510,986481.7046203613,48800,2,1.16875,100071.87284851074,48800,2,1.03125,99138.2230834961,48800,2,1.03125,100468.21354675293,48800,2,1.03125,109907.09028625488,48800,2,1.03125,99658.91401672363,48800,2,1.03125,106925.97016906738,48800,2,1.03125,171375.01832580566,48800,2,1.16875,173142.29444885254,48800,2,1.16875,170357.75387573242,48800,2,1.16875,375301.8061828613,48800,2,1.16875,163387.732421875,48800,2,1.16875,162238.3112335205,48800,2,1.16875,157467.7882080078,48800,2,1.16875,102704.65208435059,48800,2,1.03125,104573.31834411621,48800,2,1.03125,12798079.61102295,4617,2456,5044,5054,2496,400,400,400,400,400,400,400,5398,3313,2476,400,2556,400,2419,400,400,400,400,3885,400,400,3409,400,2895,3778,2493,5055,10.526315689086914,0,0,0,0,0,0,0,0,0,0,0,0,0,0,0,0,0,0,0,0,0,0,0,0,0,0,0,0,0,0,0,20475,15905,9011,45,0,20475,13200,11672,39,0,66718994432,8589930496,32776540160,524288
200,1791349247710,986481.7755889893,48800,2,1.16875,100071.87289428711,48800,2,1.1,99138.22309875488,48800,2,1.1,100468.2135925293,48800,2,1.1,109907.09033203125,48800,2,1.1,99658.91407775879,48800,2,1.1,106925.97021484375,48800,2,1.1,171375.01943969727,48800,2,1.16875,173142.29513549805,48800,2,1.10625,170357.75454711914,3050,2,1.10625,375301.80700683594,3050,2,1.10625,163387.73345947266,3050,2,1.10625,162238.31190490723,3050,2,1.10625,157467.78886413574,3050,2,1.10625,102704.65214538574,48800,2,1.1,104573.31837463379,48800,2,1.1,12798089.415847778,4617,2456,5044,5054,2496,400,400,400,400,400,400,400,5398,3313,2476,400,2556,400,2419,400,400,400,400,3885,400,400,3409,400,2895,3778,2493,5055,15.000000953674316,0,0,0,0,0,0,0,0,0,0,0,0,0,0,0,0,0,0,0,0,0,0,0,0,0,0,0,0,0,0,0,20475,15905,9019,45,0,20475,13200,11672,39,0,66718994432,8589930496,32776540160,524288
200,1791349247910,986481.8450775146,48800,2,1.13125,100071.87295532227,48800,2,1.1375,99138.22315979004,48800,2,1.1375,100468.21365356445,48800,2,0.93125,109907.0904083252,48800,2,0.93125,99658.91413879395,48800,2,0.93125,106925.9702758789,48800,2,0.93125,171375.02026367188,48800,2,1.13125,173142.29595947266,48800,2,1.13125,170357.75526428223,48800,2,1.13125,375301.8077697754,48800,2,1.13125,163387.73458862305,48800,2,1.13125,162238.31260681152,48800,2,1.13125,157467.78952026367,48800,2,1.13125,102704.65222167969,48800,2,1.1375,104573.31845092773,48800,2,1.1375,12798099.087814331,4617,2456,5044,5054,2496,400,400,400,400,400,400,400,5398,3313,2476,400,2556,400,2419,400,400,400,400,3885,400,400,3409,400,2895,3778,2493,5055,10,0,0,0,0,0,0,0,0,0,0,0,0,0,0,0,0,0,0,0,0,0,0,0,0,0,0,0,0,0,0,0,20475,15905,9019,45,0,20475,13200,11672,39,0,66718994432,8589930496,32776540160,524288
200,1791349248111,986481.9141235352,48800,2,1.10625,100071.87301635742,48800,2,0.95,99138.2232055664,48800,2,0.95,100468.21369934082,48800,2,0.95,109907.09046936035,48800,2,0.95,99658.9141998291,48800,2,0.95,106925.97032165527,48800,2,0.95,171375.02145385742,48800,2,1.10625,173142.296585083,48800,2,1.10625,170357.75590515137,48800,2,1.10625,375301.8084869385,48800,2,1.10625,163387.73530578613,48800,2,1.10625,162238.31323242188,48800,2,1.10625,157467.79013061523,48800,2,1.10625,102704.65231323242,48800,2,0.95,104573.31852722168,48800,2,0.95,12798108.673843384,4617,2456,5044,5054,2496,400,400,400,400,400,400,400,5398,3313,2476,400,2556,400,2419,400,400,400,400,3885,400,400,3409,400,2895,3778,2493,5055,10.526315689086914,0,0,0,0,0,0,0,0,0,0,0,0,0,0,0,0,0,0,0,0,0,0,0,0,0,0,0,0,0,0,0,20475,15905,9019,45,0,20475,13200,11683,38,0,66718994432,8589930496,32776540160,524288
200,1791349248311,986481.9804534912,48800,2,1.16875,100071.87306213379,48800,2,1.10625,99138.22325134277,48800,2,1.10625,100468.21374511719,48800,2,1.10625,109907.0905456543,48800,2,1.10625,99658.91426086426,48800,2,1.10625,106925.97038269043,48800,2,0.93125,171375.0226135254,48800,2,1.16875,173142.29727172852,3050,2,1.1,170357.75659179688,3050,2,1.1,375301.8092803955,3050,2,1.1,163387.73638916016,3050,2,1.1,162238.31393432617,3050,2,1.1,157467.79080200195,3050,2,1.1,102704.65242004395,48800,2,1.10625,104573.31861877441,48800,2,1.10625,12798118.332839966,4617,2456,5044,5054,2496,400,400,400,400,400,400,400,5398,3313,2476,400,2556,400,2419,400,400,400,400,3885,400,400,3409,400,2895,3778,2493,5055,18.18181800842285,0,0,0,0,0,0,0,0,0,0,0,0,0,0,0,0,0,0,0,0,0,0,0,0,0,0,0,0,0,0,0,20475,15905,9019,45,0,20475,13200,11683,38,0,66718994432,8589930496,32776540160,524288
200,1791349248511,986482.0538024902,48800,2,1.06875,100071.87310791016,48800,2,1.01875,99138.22329711914,48800,2,1.01875,100468.21379089355,48800,2,1.01875,109907.09060668945,48800,2,0.5,99658.91432189941,48800,2,0.5,106925.9704284668,48800,2,0.5,171375.0235748291,48800,2,1.06875,173142.29795837402,48800,2,1.06875,170357.75723266602,48800,2,1.06875,375301.81004333496,48800,2,1.06875,163387.73735046387,48800,2,1.06875,162238.3146057129,48800,2,1.06875,157467.7914428711,48800,2,1.06875,102704.6524810791,48800,2,1.01875,104573.31867980957,48800,2,1.01875,12798127.884307861,4617,2456,5044,5054,2496,400,400,400,400,400,400,400,5398,3313,2476,400,2556,400,2419,400,400,400,400,3885,400,400,3409,400,2895,3778,2493,5055,10.526315689086914,0,0,0,0,0,0,0,0,0,0,0,0,0,0,0,0,0,0,0,0,0,0,0,0,0,0,0,0,0,0,0,20475,15905,9019,45,0,20475,13200,11683,38,0,66718994432,8589930496,32775458816,524288
200,1791349248712,986482.1221160889,48800,2,1.16875,100071.87312316895,48800,2,1.025,99138.22332763672,48800,2,1.025,100468.21380615234,48800,2,1.025,109907.09065246582,48800,2,1.025,99658.9143371582,48800,2,1.025,106925.97044372559,48800,2,1.025,171375.02478027344,48800,2,1.16875,173142.29862976074,48800,2,1.16875,170357.75788879395,48800,2,1.16875,375301.8108062744,48800,2,1.16875,163387.73811340332,48800,2,1.16875,162238.3153076172,48800,2,1.16875,157467.79208374023,48800,2,1.16875,102704.65254211426,48800,2,1.025,104573.31874084473,48800,2,1.025,12798137.57698059,4617,2456,5044,5054,2496,400,400,400,400,400,400,400,5398,3313,2476,400,2556,400,2419,400,400,400,400,3885,400,400,3409,400,2895,3778,2493,5055,14.285715103149414,0,0,0,0,0,0,0,0,0,0,0,0,0,0,0,0,0,0,0,0,0,0,0,0,0,0,0,0,0,0,0,20475,15905,9028,45,0,20475,13200,11683,38,0,66718994432,8589930496,32775458816,524288
200,1791349248912,986482.1915588379,48800,2,1.16875,100071.8731842041,48800,2,1.09375,99138.22338867188,48800,2,1.09375,100468.2138671875,48800,2,1.09375,109907.09072875977,48800,2,1.09375,99658.91441345215,48800,2,1.09375,106925.97052001953,48800,2,1.09375,171375.0266265869,48800,2,1.16875,173142.29934692383,48800,2,1.09375,170357.75860595703,3050,2,1.09375,375301.81159973145,3050,2,1.09375,163387.73916625977,3050,2,1.09375,162238.31600952148,3050,2,1.09375,157467.79277038574,3050,2,1.09375,102704.6526184082,48800,2,1.09375,104573.31881713867,48800,2,1.09375,12798147.227386475,4617,2456,5044,5054,2496,400,400,400,400,400,400,400,5398,3313,2476,400,2556,400,2419,400,400,400,400,3885,400,400,3409,400,2895,3778,2493,5055,10.526315689086914,0,0,0,0,0,0,0,0,0,0,0,0,0,0,0,0,0,0,0,0,0,0,0,0,0,0,0,0,0,0,0,20475,15905,9028,45,0,20475,13200,11683,38,0,66718994432,8589930496,32775458816,524288
200,1791349249112,986482.2606506348,48800,2,1.13125,100071.87322998047,48800,2,1.13125,99138.22343444824,48800,2,1.13125,100468.21391296387,48800,2,0.93125,109907.09078979492,48800,2,0.93125,99658.91445922852,48800,2,0.93125,106925.9705657959,48800,2,0.93125,171375.02743530273,48800,2,1.13125,173142.29998779297,48800,2,1.13125,170357.75927734375,48800,2,1.13125,375301.8123931885,48800,2,1.13125,163387.74028015137,48800,2,1.13125,162238.3166656494,48800,2,1.13125,157467.7933807373,48800,2,1.13125,102704.65269470215,48800,2,1.13125,104573.31889343262,48800,2,1.13125,12798156.86543274,4617,2456,5044,5054,2496,400,400,400,400,400,400,400,5398,3313,2476,400,2556,400,2419,400,400,400,400,3885,400,400,3409,400,2895,3778,2493,5055,10,0,0,0,0,0,0,0,0,0,0,0,0,0,0,0,0,0,0,0,0,0,0,0,0,0,0,0,0,0,0,0,20475,15905,9028,45,0,20475,13200,11673,39,0,66718994432,8589930496,32775458816,524288
200,1791349249313,986482.3283538818,48800,2,1.16875,100071.87326049805,48800,2,1.01875,99138.22344970703,48800,2,1.01875,100468.21394348145,48800,2,1.01875,109907.0908203125,48800,2,1.01875,99658.9144897461,48800,2,1.01875,106925.97058105469,48800,2,1.01875,171375.02893066406,48800,2,1.16875,173142.30061340332,48800,2,1.16875,170357.7599029541,48800,2,1.16875,375301.81312561035,48800,2,1.16875,163387.74102783203,48800,2,1.16875,162238.31730651855,48800,2,1.16875,157467.79399108887,48800,2,1.16875,102704.6527557373,48800,2,1.01875,104573.31901550293,48800,2,1.01875,12798166.444610596,4617,2456,5044,5054,2496,400,400,400,400,400,400,400,5398,3313,2476,400,2556,400,2419,400,400,400,400,3885,400,400,3409,400,2895,3778,2493,5055,15.000000953674316,0,0,0,0,0,0,0,0,0,0,0,0,0,0,0,0,0,0,0,0,0,0,0,0,0,0,0,0,0,0,0,20475,15905,9028,45,0,20475,13200,11673,39,0,66718994432,8589930496,32773464064,524288
200,1791349249513,986482.3971252441,48800,2,1.16875,100071.87327575684,48800,2,1.0875,99138.22346496582,48800,2,1.0875,100468.21395874023,48800,2,1.0875,109907.09086608887,48800,2,1.0875,99658.91452026367,48800,2,1.0875,106925.97061157227,48800,2,1.0875,171375.0302581787,48800,2,1.16875,173142.30130004883,48800,2,1.16875,170357.76208496094,3050,2,1.1,375301.8139190674,3050,2,1.1,163387.74212646484,3050,2,1.1,162238.31800842285,3050,2,1.1,157467.79467773438,3050,2,1.1,102704.65280151367,48800,2,1.0875,104573.31904602051,48800,2,1.0875,12798176.233718872,4617,2456,5044,5054,2496,400,400,400,400,400,400,400,5398,3313,2476,400,2556,400,2419,400,400,400,400,3885,400,400,3409,400,2895,3778,2493,5055,10,0,0,0,0,0,0,0,0,0,0,0,0,0,0,0,0,0,0,0,0,0,0,0,0,0,4.761904716491699,0,0,0,0,0,20475,15905,9028,45,0,20475,13200,11673,39,0,66718994432,8589930496,32773459968,524288
200,1791349249713,986482.4638519287,48800,2,1.13125,100071.8734741211,48800,2,1.13125,99138.22366333008,48800,2,1.13125,100468.21415710449,48800,2,0.93125,109907.0910949707,48800,2,0.93125,99658.91473388672,48800,2,0.93125,106925.97080993652,48800,2,0.93125,171375.03115844727,48800,2,1.13125,173142.3021697998,48800,2,1.13125,170357.76280212402,48800,2,1.13125,375301.8147277832,48800,2,1.13125,163387.7433166504,48800,2,1.13125,162238.31875610352,48800,2,1.13125,157467.79539489746,48800,2,1.13125,102704.65299987793,48800,2,1.13125,104573.31925964355,48800,2,1.13125,12798186.174316406,4617,2456,5044,5054,2496,400,400,400,400,400,400,400,5398,3313,2476,400,2556,400,2419,400,400,400,400,3885,400,400,3409,400,2895,3778,2493,5055,15.000000953674316,0,0,0,0,0,0,0,0,0,0,0,0,0,0,0,0,0,0,0,0,0,0,4.761904716491699,0,0,0,0,0,0,0,0,20475,15905,9037,44,0,20475,13200,11673,39,0,66718994432,8589930496,32773459968,524288
200,1791349249914,986482.531036377,48800,2,1.16875,100071.87348937988,48800,2,1.0375,99138.22367858887,48800,2,1.0375,100468.21417236328,48800,2,1.0375,109907.09112548828,48800,2,1.0375,99658.91474914551,48800,2,1.0375,106925.97082519531,48800,2,1.0375,171375.03260803223,48800,2,1.16875,173142.30279541016,48800,2,1.16875,170357.76344299316,48800,2,1.16875,375301.8154602051,48800,2,1.16875,163387.74406433105,48800,2,1.16875,162238.31939697266,48800,2,1.16875,157467.79600524902,48800,2,1.16875,102704.65303039551,48800,2,1.0375,104573.31929016113,48800,2,1.0375,12798195.745040894,4617,2456,5044,5054,2496,400,400,400,400,400,400,400,5398,3313,2476,400,2556,400,2419,400,400,400,400,3885,400,400,3409,400,2895,3778,2493,5055,10,0,0,0,0,0,0,0,0,0,0,0,0,0,0,0,0,0,0,0,0,0,0,0,0,0,0,0,0,0,0,0,20475,15905,9037,44,0,20475,13200,11673,39,0,66718994432,8589930496,32772919296,524288
200,1791349250114,986482.6008300781,48800,2,1.16875,100071.87351989746,48800,2,1.1125,99138.22370910645,48800,2,1.1125,100468.21423339844,48800,2,1.1125,109907.09120178223,48800,2,1.1125,99658.91479492188,48800,2,0.93125,106925.97087097168,48800,2,0.93125,171375.0339202881,3050,2,1.10625,173142.30346679688,3050,2,1.10625,170357.7640991211,3050,2,1.10625,375301.8162841797,3050,2,1.10625,163387.7449645996,3050,2,1.10625,162238.32006835938,3050,2,1.10625,157467.79664611816,3050,2,1.10625,102704.65309143066,48800,2,1.1125,104573.31935119629,48800,2,1.1125,12798205.407455444,4617,2456,5044,5054,2496,400,400,400,400,400,400,400,5398,3313,2476,400,2556,400,2419,400,400,400,400,3885,400,400,3409,400,2895,3778,2493,5055,15.000000953674316,0,0,0,0,0,0,0,0,0,0,0,0,0,0,0,0,0,0,0,0,0,0,0,0,0,0,0,0,0,0,0,20475,15905,9037,44,0,20475,13200,11652,39,0,66718994432,8589930496,32772919296,524288
200,1791349250314,986482.6709442139,48800,2,1.16875,100071.87353515625,48800,2,0.95625,99138.22372436523,48800,2,0.95625,100468.21424865723,48800,2,0.95625,109907.0912475586,48800,2,0.95625,99658.91481018066,48800,2,0.95625,106925.97088623047,48800,2,0.95625,171375.03562927246,48800,2,1.16875,173142.30403137207,48800,2,1.16875,170357.76469421387,48800,2,1.16875,375301.8170013428,48800,2,1.16875,163387.7459716797,48800,2,1.16875,162238.32066345215,48800,2,1.16875,157467.79721069336,48800,2,1.16875,102704.65315246582,48800,2,1.16875,104573.31938171387,48800,2,0.95625,12798214.972702026,4617,2456,5044,5054,2496,400,400,400,400,400,400,400,5398,3313,2476,400,2556,400,2419,400,400,400,400,3885,400,400,3409,400,2895,3778,2493,5055,10,0,0,0,0,0,0,0,0,0,0,0,0,0,0,0,0,0,0,0,0,0,0,0,0,0,0,0,0,0,0,0,20475,15905,9037,44,0,20475,13200,11652,39,0,66718994432,8589930496,32770793472,524288
200,1791349250515,986482.8029632568,48800,2,1.16875,100071.8735961914,48800,2,1.0375,99138.22381591797,48800,2,1.0375,100468.21430969238,48800,2,1.0375,109907.09132385254,48800,2,1.0375,99658.91487121582,48800,2,1.0375,106925.97094726563,48800,2,1.0375,171375.03770446777,48800,2,1.16875,173142.3048248291,48800,2,1.16875,170357.7654876709,48800,2,1.16875,375301.81785583496,48800,2,1.16875,163387.74710083008,48800,2,1.16875,162238.32147216797,48800,2,1.16875,157467.7979888916,48800,2,1.16875,102704.65325927734,48800,2,1.0375,104573.3194732666,48800,2,1.0375,12798224.697006226,4617,2456,5044,5054,2496,400,400,400,400,400,400,400,5398,3313,2476,400,2556,400,2419,400,400,400,400,3885,400,400,3409,400,2895,3778,2493,5055,15.000000953674316,0,0,0,0,0,0,0,0,0,0,0,0,0,0,0,0,0,0,0,0,0,0,0,0,0,0,0,0,0,0,0,20475,15905,9037,44,0,20475,13200,11652,39,0,66718994432,8589930496,32769474560,524288
200,1791349250715,986482.8693389893,3050,2,1.11875,100071.87365722656,48800,2,1.125,99138.22387695313,48800,2,1.125,100468.21437072754,48800,2,1.125,109907.09144592285,48800,2,1.125,99658.91496276855,48800,2,0.93125,106925.97102355957,48800,2,0.93125,171375.03883361816,3050,2,1.11875,173142.30572509766,3050,2,1.11875,170357.76614379883,3050,2,1.11875,375301.81854248047,3050,2,1.11875,163387.74813842773,3050,2,1.11875,162238.3221282959,3050,2,1.11875,157467.79861450195,3050,2,1.11875,102704.65336608887,48800,2,1.125,104573.31956481934,48800,2,1.125,12798234.427810669,4617,2456,5044,5054,2496,400,400,400,400,400,400,400,5398,3313,2476,400,2556,400,2419,400,400,400,400,3885,400,400,3409,400,2895,3778,2493,5055,10,0,0,0,0,4.761904716491699,0,0,0,0,0,0,0,0,0,0,0,0,0,0,0,0,0,0,0,0,0,0,0,0,0,0,20475,15905,8964,44,0,20475,13200,11652,39,0,66718994432,8589930496,32769474560,524288
200,1791349250915,986482.9381256104,48800,2,1.16875,100071.87367248535,48800,2,0.95625,99138.22389221191,48800,2,0.95625,100468.21438598633,48800,2,0.95625,109907.09149169922,48800,2,0.95625,99658.91497802734,48800,2,0.95625,106925.97103881836,48800,2,0.95625,171375.04092407227,48800,2,1.16875,173142.306350708,48800,2,1.16875,170357.76678466797,48800,2,1.16875,375301.81925964355,48800,2,1.16875,163387.74935913086,48800,2,1.16875,162238.32278442383,48800,2,1.16875,157467.7992553711,48800,2,1.16875,102704.65339660645,48800,2,1.16875,104573.3196105957,48800,2,1.16875,12798243.968902588,4617,2456,5044,5054,2496,400,400,400,400,400,400,400,5398,3313,2476,400,2556,400,2419,400,400,400,400,3885,400,400,3409,400,2895,3778,2493,5055,15.000000953674316,0,0,0,0,0,0,0,0,0,0,0,0,0,0,0,0,0,0,0,0,0,0,0,0,0,0,0,0,0,0,0,20475,15905,8964,44,0,20475,13200,11652,39,0,66718994432,8589930496,32769474560,524288
200,1791349251116,986483.0052185059,48800,2,1.16875,100071.87367248535,48800,2,1.0375,99138.22389221191,48800,2,1.0375,100468.21438598633,48800,2,1.0375,109907.09150695801,48800,2,1.0375,99658.91497802734,48800,2,1.0375,106925.97103881836,48800,2,1.0375,171375.0421447754,48800,2,1.16875,173142.306930542,48800,2,1.16875,170357.76739501953,48800,2,1.16875,375301.81997680664,48800,2,1.16875,163387.75022888184,48800,2,1.16875,162238.32341003418,48800,2,1.16875,157467.79983520508,48800,2,1.16875,102704.65342712402,48800,2,1.0375,104573.31962585449,48800,2,1.0375,12798253.582000732,4617,2456,5044,5054,2496,400,400,400,400,400,400,400,5398,3313,2476,400,2556,400,2419,400,400,400,400,3885,400,400,3409,400,2895,3778,2493,5055,10,0,0,0,0,0,0,0,0,0,0,0,0,0,0,0,0,0,0,0,0,0,0,0,0,0,0,0,0,0,0,0,20475,15905,8964,44,0,20475,13200,11663,38,0,66718994432,8589930496,32769474560,524288
200,1791349251316,986483.0720977783,48800,2,1.16875,100071.87371826172,48800,2,1.10625,99138.22393798828,48800,2,1.10625,100468.21444702148,48800,2,1.10625,109907.09156799316,48800,2,1.10625,99658.9150390625,48800,2,1.10625,106925.97109985352,48800,2,0.93125,171375.04277038574,3050,2,1.1,173142.30754089355,3050,2,1.1,170357.76808166504,3050,2,1.1,375301.82066345215,3050,2,1.1,163387.7512664795,3050,2,1.1,162238.3240661621,3050,2,1.1,157467.80044555664,3050,2,1.1,102704.65350341797,48800,2,1.10625,104573.3197479248,48800,2,1.10625,12798263.20350647,4617,2456,5044,5054,2496,400,400,400,400,400,400,400,5398,3313,2476,400,2556,400,2419,400,400,400,400,3885,400,400,3409,400,2895,3778,2493,5055,19.047618865966797,0,0,0,0,0,0,0,0,0,0,0,0,0,0,4.761904716491699,0,0,0,0,0,0,0,0,0,0,0,0,0,0,0,0,20475,15905,8964,44,0,20475,13200,11663,38,0,66718994432,8589930496,32768966656,524288
200,1791349251516,986483.1412963867,48800,2,1.16875,100071.87373352051,48800,2,0.95,99138.22395324707,48800,2,0.95,100468.21446228027,48800,2,0.95,109907.09158325195,48800,2,0.95,99658.91505432129,48800,2,0.95,106925.9711151123,48800,2,0.95,171375.04438781738,48800,2,1.16875,173142.3081665039,48800,2,1.16875,170357.76873779297,48800,2,1.16875,375301.8214111328,48800,2,1.16875,163387.75244140625,48800,2,1.16875,162238.32473754883,48800,2,1.16875,157467.801071167,48800,2,1.16875,102704.65353393555,48800,2,1.16875,104573.31977844238,48800,2,1.16875,12798272.771911621,4617,2456,5044,5054,2496,400,400,400,400,400,400,400,5398,3313,2476,400,2556,400,2419,400,400,400,400,3885,400,400,3409,400,2895,3778,2493,5055,10,0,0,0,0,0,0,0,0,0,0,0,0,0,0,0,0,0,0,0,0,0,0,0,0,0,0,0,0,0,0,0,20475,15905,8964,44,0,20475,13200,11663,38,0,66718994432,8589930496,32768966656,524288
200,1791349251717,986483.2093200684,48800,2,1.16875,100071.87376403809,48800,2,1.03125,99138.22398376465,48800,2,1.03125,100468.21449279785,48800,2,1.03125,109907.09162902832,48800,2,1.03125,99658.91510009766,48800,2,1.03125,106925.97114562988,48800,2,1.03125,171375.04568481445,48800,2,1.16875,173142.30880737305,48800,2,1.16875,170357.7696533203,48800,2,1.16875,375301.8224334717,48800,2,1.16875,163387.7541809082,48800,2,1.16875,162238.32542419434,48800,2,1.16875,157467.80171203613,48800,2,1.16875,102704.65361022949,48800,2,1.03125,104573.31982421875,48800,2,1.03125,12798282.428710938,4617,2456,5044,5054,2496,400,400,400,400,400,400,400,5398,3313,2476,400,2556,400,2419,400,400,400,400,3885,400,400,3409,400,2895,3778,2493,5055,15.000000953674316,0,0,0,0,0,0,0,0,0,0,0,0,0,0,0,0,0,0,0,0,0,0,0,0,0,0,0,0,0,0,0,20475,15905,8905,44,0,20475,13200,11663,38,0,66718994432,8589930496,32768966656,524288
200,1791349251917,986483.2747344971,48800,2,1.16875,100071.87377929688,48800,2,1.11875,99138.22399902344,48800,2,1.11875,100468.21450805664,48800,2,1.11875,109907.0916595459,48800,2,1.11875,99658.91513061523,48800,2,0.93125,106925.97117614746,48800,2,0.93125,171375.0464630127,3050,2,1.10625,173142.3094177246,3050,2,1.10625,170357.77030944824,3050,2,1.10625,375301.82315063477,3050,2,1.10625,163387.7550048828,3050,2,1.10625,162238.32606506348,3050,2,1.10625,157467.80229187012,3050,2,1.10625,102704.65365600586,48800,2,1.11875,104573.31985473633,48800,2,1.11875,12798292.099975586,4617,2456,5044,5054,2496,400,400,400,400,400,400,400,5398,3313,2476,400,2556,400,2419,400,400,400,400,3885,400,400,3409,400,2895,3778,2493,5055,10,0,0,0,0,0,0,0,0,0,0,0,0,0,0,0,0,0,0,0,0,0,0,0,0,0,0,0,0,0,0,0,20475,15905,8905,44,0,20475,13200,11663,38,0,66718994432,8589930496,32766787584,524288
200,1791349252117,986483.3436126709,48800,2,1.16875,100071.87379455566,48800,2,1.16875,99138.22399902344,48800,2,0.95,100468.21452331543,48800,2,0.95,109907.09167480469,48800,2,0.95,99658.91514587402,48800,2,0.95,106925.97117614746,48800,2,0.95,171375.04820251465,48800,2,1.16875,173142.31004333496,48800,2,1.16875,170357.77099609375,48800,2,1.16875,375301.82388305664,48800,2,1.16875,163387.75622558594,48800,2,1.16875,162238.32675170898,48800,2,1.16875,157467.80291748047,48800,2,1.16875,102704.65367126465,48800,2,1.16875,104573.3198852539,48800,2,1.16875,12798301.892730713,4617,2456,5044,5054,2496,400,400,400,400,400,400,400,5398,3313,2476,400,2556,400,2419,400,400,400,400,3885,400,400,3409,400,2895,3778,2493,5055,15.000000953674316,0,0,0,0,0,0,0,0,0,0,0,0,0,0,0,0,0,0,0,0,0,0,0,0,0,0,0,0,0,0,0,20475,15905,8905,44,0,20475,13200,11678,38,0,66718994432,8589930496,32766783488,524288
200,1791349252318,986483.4091033936,48800,2,1.16875,100071.87380981445,48800,2,1.025,99138.22401428223,48800,2,1.025,100468.21453857422,48800,2,1.025,109907.09169006348,48800,2,1.025,99658.91516113281,48800,2,1.025,106925.97119140625,48800,2,1.025,171375.04927062988,48800,2,1.16875,173142.31060791016,48800,2,1.16875,170357.7716064453,48800,2,1.16875,375301.8244781494,48800,2,1.16875,163387.7570953369,48800,2,1.16875,162238.32736206055,48800,2,1.16875,157467.80348205566,48800,2,1.16875,102704.65370178223,48800,2,1.025,104573.31991577148,48800,2,1.025,12798311.479797363,4617,2456,5044,5054,2496,400,400,400,400,400,400,400,5398,3313,2476,400,2556,400,2419,400,400,400,400,3885,400,400,3409,400,2895,3778,2493,5055,10,0,0,0,0,0,0,0,0,0,0,0,0,0,0,0,0,0,0,0,0,0,0,0,0,0,0,0,0,0,0,0,20475,15905,8905,44,0,20475,13200,11678,38,0,66718994432,8589930496,32765599744,524288
200,1791349252518,986483.477645874,48800,2,1.16875,100071.87384033203,48800,2,1.08125,99138.2240447998,48800,2,1.08125,100468.21458435059,48800,2,1.08125,109907.09173583984,48800,2,1.08125,99658.91520690918,48800,2,1.08125,106925.97123718262,48800,2,0.93125,171375.05010986328,48800,2,1.09375,173142.31205749512,3050,2,1.09375,170357.7723236084,3050,2,1.09375,375301.82527160645,3050,2,1.09375,163387.75820922852,3050,2,1.09375,162238.3281097412,3050,2,1.09375,157467.80415344238,3050,2,1.09375,102704.6537322998,48800,2,1.08125,104573.31996154785,48800,2,1.08125,12798321.262054443,4617,2456,5044,5054,2496,400,400,400,400,400,400,400,5398,3313,2476,400,2556,400,2419,400,400,400,400,3885,400,400,3409,400,2895,3778,2493,5055,10.526315689086914,0,0,0,0,0,0,0,0,0,0,0,0,0,0,0,0,0,0,0,0,0,0,0,0,0,0,0,0,0,0,0,20475,15905,8905,44,0,20475,13200,11678,38,0,66718994432,8589930496,32766861312,524288
200,1791349252718,986483.5478668213,48800,2,1.13125,100071.87384033203,48800,2,1.125,99138.2240447998,48800,2,1.125,100468.21458435059,48800,2,0.93125,109907.09175109863,48800,2,0.93125,99658.91520690918,48800,2,0.93125,106925.97123718262,48800,2,0.93125,171375.0518798828,48800,2,1.13125,173142.31274414063,48800,2,1.13125,170357.77296447754,48800,2,1.13125,375301.82595825195,48800,2,1.13125,163387.75930786133,48800,2,1.13125,162238.32873535156,48800,2,1.13125,157467.80474853516,48800,2,1.13125,102704.6537475586,48800,2,1.125,104573.32000732422,48800,2,1.125,12798330.859100342,4617,2456,5044,5054,2496,400,400,400,400,400,400,400,5398,3313,2476,400,2556,400,2419,400,400,400,400,3885,400,400,3409,400,2895,3778,2493,5055,14.285715103149414,0,0,0,0,0,0,0,0,0,0,0,0,0,0,0,0,0,0,0,0,0,0,0,0,0,0,0,0,0,0,0,20475,15905,8911,44,0,20475,13200,11678,38,0,66718994432,8589930496,32766861312,524288
200,1791349252919,986483.6140441895,48800,2,1.16875,100071.87384033203,48800,2,1.03125,99138.2240447998,48800,2,1.03125,100468.21458435059,48800,2,1.03125,109907.09175109863,48800,2,1.03125,99658.91520690918,48800,2,1.03125,106925.97123718262,48800,2,1.03125,171375.0531616211,48800,2,1.16875,173142.31338500977,48800,2,1.16875,170357.77368164063,48800,2,1.16875,375301.8266296387,48800,2,1.16875,163387.76022338867,48800,2,1.16875,162238.3293762207,48800,2,1.16875,157467.80534362793,48800,2,1.16875,102704.6537475586,48800,2,1.03125,104573.32002258301,48800,2,1.03125,12798340.438735962,4617,2456,5044,5054,2496,400,400,400,400,400,400,400,5398,3313,2476,400,2556,400,2419,400,400,400,400,3885,400,400,3409,400,2895,3778,2493,5055,10.526315689086914,0,0,0,0,0,0,0,0,0,0,0,0,0,0,0,0,0,0,0,0,0,0,4.761904716491699,0,0,0,0,0,0,0,0,20475,15905,8911,44,0,20475,13200,11678,38,0,66718994432,8589930496,32766861312,524288
200,1791349253119,986483.6835784912,48800,2,1.16875,100071.87387084961,48800,2,1.1,99138.22407531738,48800,2,1.1,100468.21463012695,48800,2,1.1,109907.09181213379,48800,2,1.1,99658.91525268555,48800,2,1.1,106925.97128295898,48800,2,0.925,171375.05378723145,48800,2,1.16875,173142.3140258789,3050,2,1.10625,170357.77432250977,3050,2,1.10625,375301.8273162842,3050,2,1.10625,163387.76127624512,3050,2,1.10625,162238.33001708984,3050,2,1.10625,157467.8059539795,3050,2,1.10625,102704.65377807617,48800,2,1.1,104573.32008361816,48800,2,1.1,12798350.188842773,4617,2456,5044,5054,2496,400,400,400,400,400,400,400,5398,3313,2476,400,2556,400,2419,400,400,400,400,3885,400,400,3409,400,2895,3778,2493,5055,10,0,0,0,0,0,0,0,0,0,0,0,0,0,0,0,0,0,0,0,0,0,0,0,0,0,0,0,0,0,0,0,20475,15905,8911,44,0,20475,13200,11653,38,0,66718994432,8589930496,32766857216,524288
200,1791349253319,986483.7515411377,48800,2,1.13125,100071.8738861084,48800,2,1.14375,99138.22409057617,48800,2,1.14375,100468.21464538574,48800,2,0.93125,109907.09182739258,48800,2,0.93125,99658.91526794434,48800,2,0.93125,106925.97129821777,48800,2,0.93125,171375.05532836914,48800,2,1.13125,173142.3146057129,48800,2,1.13125,170357.77508544922,48800,2,1.13125,375301.8279724121,48800,2,1.13125,163387.76229858398,48800,2,1.13125,162238.33061218262,48800,2,1.13125,157467.8065185547,48800,2,1.13125,102704.65379333496,48800,2,1.14375,104573.32020568848,48800,2,1.14375,12798359.72782898,4617,2456,5044,5054,2496,400,400,400,400,400,400,400,5398,3313,2476,400,2556,400,2419,400,400,400,400,3885,400,400,3409,400,2895,3778,2493,5055,19.047618865966797,0,0,0,0,0,0,0,0,0,0,0,0,0,0,0,0,0,0,0,0,0,0,0,0,0,0,0,0,0,0,0,20475,15905,8911,44,0,20475,13200,11653,38,0,66718994432,8589930496,32766472192,524288
200,1791349253520,986483.820526123,48800,2,1.1625,100071.87391662598,48800,2,1.01875,99138.22410583496,48800,2,1.01875,100468.21467590332,48800,2,1.01875,109907.09184265137,48800,2,1.01875,99658.91529846191,48800,2,1.01875,106925.97131347656,48800,2,1.01875,171375.05653381348,48800,2,1.1625,173142.31532287598,48800,2,1.1625,170357.77751159668,48800,2,1.1625,375301.82875061035,48800,2,1.1625,163387.7632446289,48800,2,1.1625,162238.3313140869,48800,2,1.1625,157467.80717468262,48800,2,1.1625,102704.65383911133,48800,2,1.01875,104573.32025146484,48800,2,1.01875,12798369.492630005,4617,2456,5044,5054,2496,400,400,400,400,400,400,400,5398,3313,2476,400,2556,400,2419,400,400,400,400,3885,400,400,3409,400,2895,3778,2493,5055,10.526315689086914,0,0,0,0,0,0,0,0,0,0,0,0,0,0,0,0,0,0,0,0,0,0,0,0,0,0,0,0,0,0,0,20475,15905,8911,44,0,20475,13200,11653,38,0,66718994432,8589930496,32766472192,524288
200,1791349253720,986483.886642456,48800,2,1.16875,100071.87446594238,48800,2,1.1,99138.22430419922,48800,2,1.1,100468.21487426758,48800,2,1.1,109907.09204101563,48800,2,1.1,99658.91551208496,48800,2,1.1,106925.97152709961,48800,2,1.1,171375.05767822266,48800,2,1.16875,173142.31619262695,48800,2,1.16875,170357.77990722656,3050,2,1.09375,375301.82975769043,3050,2,1.09375,163387.7645111084,3050,2,1.09375,162238.3327484131,3050,2,1.09375,157467.8080444336,3050,2,1.09375,102704.65403747559,48800,2,1.1,104573.32052612305,48800,2,1.1,12798379.53729248,4617,2456,5044,5054,2496,400,400,400,400,400,400,400,5398,3313,2476,400,2556,400,2419,400,400,400,400,3885,400,400,3409,400,2895,3778,2493,5055,14.285715103149414,0,0,0,0,0,0,0,0,0,0,0,0,0,0,0,0,0,0,0,0,0,0,0,0,0,0,0,0,0,0,4.761904716491699,20475,15905,8913,44,0,20475,13200,11653,38,0,66718994432,8589930496,32766472192,524288
200,1791349253920,986483.957824707,48800,2,1.125,100071.87449645996,48800,2,1.13125,99138.2243347168,48800,2,1.13125,100468.21490478516,48800,2,0.93125,109907.09208679199,48800,2,0.93125,99658.91554260254,48800,2,0.93125,106925.97155761719,48800,2,0.93125,171375.05938720703,48800,2,1.125,173142.31684875488,48800,2,1.125,170357.78060913086,48800,2,1.125,375301.8304901123,48800,2,1.125,163387.76544189453,48800,2,1.125,162238.3334350586,48800,2,1.125,157467.80865478516,48800,2,1.125,102704.65406799316,48800,2,1.13125,104573.3205871582,48800,2,1.13125,12798389.149810791,4617,2456,5044,5054,2496,400,400,400,400,400,400,400,5398,3313,2476,400,2556,400,2419,400,400,400,400,3885,400,400,3409,400,2895,3778,2493,5055,10.526315689086914,0,0,0,0,0,0,0,0,0,0,0,0,0,0,0,0,0,0,0,0,0,0,0,0,0,0,0,0,0,0,4.761904716491699,20475,15905,8913,44,0,20475,13200,11653,38,0,66718994432,8589930496,32764563456,524288
200,1791349254121,986484.0231628418,48800,2,1.175,100071.87451171875,48800,2,1.025,99138.2243347168,48800,2,1.025,100468.21490478516,48800,2,1.025,109907.09210205078,48800,2,1.025,99658.91555786133,48800,2,1.025,106925.97155761719,48800,2,1.025,171375.0606689453,48800,2,1.175,173142.31742858887,48800,2,1.175,170357.78121948242,48800,2,1.175,375301.831161499,48800,2,1.175,163387.76628112793,48800,2,1.175,162238.33404541016,48800,2,1.175,157467.80921936035,48800,2,1.175,102704.65409851074,48800,2,1.025,104573.32060241699,48800,2,1.025,12798398.706939697,4617,2456,5044,5054,2496,400,400,400,400,400,400,400,5398,3313,2476,400,2556,400,2419,400,400,400,400,3885,400,400,3409,400,2895,3778,2493,5055,10,0,0,0,0,0,0,0,0,0,0,0,0,0,0,0,0,0,0,0,0,0,0,0,0,0,0,0,0,0,0,0,20475,15905,8913,44,0,20475,13200,11655,38,0,66718994432,8589930496,32764559360,524288
200,1791349254321,986484.0898590088,48800,2,1.16875,100071.87454223633,48800,2,1.1,99138.22436523438,48800,2,1.1,100468.21493530273,48800,2,1.1,109907.09214782715,48800,2,1.1,99658.9156036377,48800,2,1.1,106925.97160339355,48800,2,1.1,171375.06134033203,48800,2,1.16875,173142.318069458,48800,2,1.1,170357.78189086914,3050,2,1.1,375301.8318786621,3050,2,1.1,163387.7671661377,3050,2,1.1,162238.33473205566,3050,2,1.1,157467.8098449707,3050,2,1.1,102704.65412902832,48800,2,1.1,104573.32064819336,48800,2,1.1,12798408.381988525,4617,2456,5044,5054,2496,400,400,400,400,400,400,400,5398,3313,2476,400,2556,400,2419,400,400,400,400,3885,400,400,3409,400,2895,3778,2493,5055,15.000000953674316,0,0,0,0,0,0,0,0,0,0,0,0,0,0,0,0,0,0,0,0,0,0,0,0,0,0,0,0,0,0,0,20475,15905,8913,44,0,20475,13200,11655,38,0,66718994432,8589930496,32764223488,524288
200,1791349254521,986484.1591339111,48800,2,1.1375,100071.8745880127,48800,2,1.14375,99138.22439575195,48800,2,1.14375,100468.2149810791,48800,2,0.93125,109907.09219360352,48800,2,0.93125,99658.91564941406,48800,2,0.93125,106925.97163391113,48800,2,0.93125,171375.06289672852,48800,2,1.1375,173142.318649292,48800,2,1.1375,170357.7825012207,48800,2,1.1375,375301.83253479004,48800,2,1.1375,163387.76809692383,48800,2,1.1375,162238.33534240723,48800,2,1.1375,157467.8104248047,48800,2,1.1375,102704.65417480469,48800,2,1.14375,104573.32069396973,48800,2,1.14375,12798417.858139038,4617,2456,5044,5054,2496,400,400,400,400,400,400,400,5398,3313,2476,400,2556,400,2419,400,400,400,400,3885,400,400,3409,400,2895,3778,2493,5055,10,0,0,0,0,0,0,0,0,0,0,0,0,0,0,0,0,0,0,0,0,0,0,0,0,0,0,0,0,0,0,0,20475,15905,8913,44,0,20475,13200,11655,38,0,66718994432,8589930496,32755965952,524288
200,1791349254722,986484.2261047363,48800,2,1.16875,100071.87460327148,48800,2,1.025,99138.22442626953,48800,2,1.025,100468.21499633789,48800,2,1.025,109907.0922241211,48800,2,1.025,99658.91567993164,48800,2,1.025,106925.97164916992,48800,2,1.025,171375.06420898438,48800,2,1.16875,173142.31925964355,48800,2,1.16875,170357.7831878662,48800,2,1.16875,375301.8332824707,48800,2,1.16875,163387.76899719238,48800,2,1.16875,162238.33598327637,48800,2,1.16875,157467.81101989746,48800,2,1.16875,102704.65420532227,48800,2,1.025,104573.3207244873,48800,2,1.025,12798427.463302612,4617,2456,5044,5054,2496,400,400,400,400,400,400,400,5398,3313,2476,400,2556,400,2419,400,400,400,400,3885,400,400,3409,400,2895,3778,2493,5055,15.000000953674316,0,0,0,0,0,0,0,0,0,0,0,0,0,0,0,0,0,0,0,0,0,0,0,0,0,0,0,0,0,0,0,20475,15905,8900,44,0,20475,13200,11655,38,0,66718994432,8589930496,32772222976,524288
200,1791349254922,986484.2940063477,48800,2,1.16875,100071.87461853027,48800,2,1.1,99138.22444152832,48800,2,1.1,100468.21501159668,48800,2,1.1,109907.09225463867,48800,2,1.1,99658.91571044922,48800,2,1.1,106925.9716796875,48800,2,1.1,171375.06492614746,48800,2,1.16875,173142.31980895996,48800,2,1.09375,170357.78378295898,3050,2,1.09375,375301.83389282227,3050,2,1.09375,163387.7698059082,3050,2,1.09375,162238.33656311035,3050,2,1.09375,157467.81156921387,3050,2,1.09375,102704.65423583984,48800,2,1.1,104573.32077026367,48800,2,1.1,12798437.04612732,4617,2456,5044,5054,2496,400,400,400,400,400,400,400,5398,3313,2476,400,2556,400,2419,400,400,400,400,3885,400,400,3409,400,2895,3778,2493,5055,10,0,0,0,0,0,0,0,0,0,0,0,0,0,0,0,0,0,0,0,0,0,0,0,0,0,0,0,0,0,0,0,20475,15905,8900,44,0,20475,13200,11655,38,0,66718994432,8589930496,32772218880,524288
200,1791349255122,986484.364944458,48800,2,1.1375,100071.87464904785,48800,2,1.13125,99138.2244720459,48800,2,1.13125,100468.21504211426,48800,2,0.93125,109907.09230041504,48800,2,0.93125,99658.9157409668,48800,2,0.93125,106925.97171020508,48800,2,0.93125,171375.06657409668,48800,2,1.1375,173142.3204345703,48800,2,1.1375,170357.7844543457,48800,2,1.1375,375301.834564209,48800,2,1.1375,163387.77087402344,48800,2,1.1375,162238.3371887207,48800,2,1.1375,157467.81216430664,48800,2,1.1375,102704.65426635742,48800,2,1.13125,104573.32081604004,48800,2,1.13125,12798446.61869812,4617,2456,5044,5054,2496,400,400,400,400,400,400,400,5398,3313,2476,400,2556,400,2419,400,400,400,400,3885,400,400,3409,400,2895,3778,2493,5055,10.526315689086914,0,0,0,0,0,0,0,0,0,0,0,0,0,0,0,0,0,0,0,0,0,0,0,0,0,0,0,0,0,0,0,20475,15905,8900,44,0,20475,13200,11673,38,0,66718994432,8589930496,32772218880,524288
200,1791349255323,986484.4319610596,48800,2,1.16875,100071.87466430664,48800,2,1.025,99138.22448730469,48800,2,1.025,100468.21505737305,48800,2,1.025,109907.09233093262,48800,2,1.025,99658.91575622559,48800,2,1.025,106925.97172546387,48800,2,1.025,171375.06784057617,48800,2,1.16875,173142.3210144043,48800,2,1.16875,170357.78512573242,48800,2,1.16875,375301.8352203369,48800,2,1.16875,163387.7717437744,48800,2,1.16875,162238.33779907227,48800,2,1.16875,157467.81274414063,48800,2,1.16875,102704.65428161621,48800,2,1.025,104573.32099914551,48800,2,1.025,12798456.20878601,4617,2456,5044,5054,2496,400,400,400,400,400,400,400,5398,3313,2476,400,2556,400,2419,400,400,400,400,3885,400,400,3409,400,2895,3778,2493,5055,14.285715103149414,0,0,0,0,0,0,0,0,0,0,0,0,0,0,0,0,0,0,0,0,0,0,0,0,0,0,0,0,0,0,0,20475,15905,8900,44,0,20475,13200,11673,38,0,66718994432,8589930496,32772161536,524288
200,1791349255523,986484.4977874756,48800,2,1.16875,100071.87467956543,48800,2,1.11875,99138.22450256348,48800,2,1.11875,100468.21507263184,48800,2,1.11875,109907.09237670898,48800,2,1.11875,99658.91578674316,48800,2,1.11875,106925.97175598145,48800,2,0.93125,171375.06855773926,48800,2,1.10625,173142.3215637207,3050,2,1.10625,170357.78579711914,3050,2,1.10625,375301.83589172363,3050,2,1.10625,163387.77256774902,3050,2,1.10625,162238.33837890625,3050,2,1.10625,157467.81329345703,3050,2,1.10625,102704.654296875,48800,2,1.11875,104573.32102966309,48800,2,1.11875,12798465.796813965,4617,2456,5044,5054,2496,400,400,400,400,400,400,400,5398,3313,2476,400,2556,400,2419,400,400,400,400,3885,400,400,3409,400,2895,3778,2493,5055,15.000000953674316,0,0,0,0,0,0,0,0,0,0,0,0,0,0,0,0,0,0,0,0,0,0,0,0,0,0,0,0,0,0,0,20475,15905,8900,44,0,20475,13200,11673,38,0,66718994432,8589930496,32770490368,524288
200,1791349255724,986484.56640625,48800,2,1.1375,100071.87467956543,48800,2,0.93125,99138.22450256348,48800,2,0.93125,100468.21507263184,48800,2,0.93125,109907.09237670898,48800,2,0.93125,99658.91578674316,48800,2,0.93125,106925.97175598145,48800,2,0.93125,171375.0705718994,48800,2,1.1375,173142.32218933105,48800,2,1.1375,170357.78651428223,48800,2,1.1375,375301.8366088867,48800,2,1.1375,163387.7737121582,48800,2,1.1375,162238.33905029297,48800,2,1.1375,157467.81393432617,48800,2,1.1375,102704.65431213379,48800,2,1.13125,104573.32106018066,48800,2,1.13125,12798475.527801514,4617,2456,5044,5054,2496,400,400,400,400,400,400,400,5398,3313,2476,400,2556,400,2419,400,400,400,400,3885,400,400,3409,400,2895,3778,2493,5055,10,0,0,0,0,0,0,0,0,0,0,0,0,0,0,0,0,0,0,0,0,0,0,0,0,0,0,0,0,0,0,0,20475,15905,8853,44,0,20475,13200,11673,38,0,66718994432,8589930496,32770490368,524288
200,1791349255924,986484.6319580078,48800,2,1.16875,100071.87469482422,48800,2,1.0437500000000002,99138.22451782227,48800,2,1.0437500000000002,100468.21508789063,48800,2,1.0437500000000002,109907.09240722656,48800,2,1.0437500000000002,99658.91580200195,48800,2,1.0437500000000002,106925.97177124023,48800,2,1.0437500000000002,171375.07176208496,48800,2,1.16875,173142.32276916504,48800,2,1.16875,170357.78717041016,48800,2,1.16875,375301.83726501465,48800,2,1.16875,163387.77459716797,48800,2,1.16875,162238.33964538574,48800,2,1.16875,157467.81449890137,48800,2,1.16875,102704.65432739258,48800,2,1.0437500000000002,104573.32110595703,48800,2,1.0437500000000002,12798485.040893555,4617,2456,5044,5054,2496,400,400,400,400,400,400,400,5398,3313,2476,400,2556,400,2419,400,400,400,400,3885,400,400,3409,400,2895,3778,2493,5055,10.526315689086914,0,0,0,0,0,0,0,0,0,0,0,0,0,0,0,0,0,0,0,0,0,0,0,0,0,0,0,0,0,0,0,20475,15905,8853,44,0,20475,13200,11673,38,0,66718994432,8589930496,32770486272,524288
200,1791349256124,986484.7020263672,48800,2,1.16875,100071.8747253418,48800,2,1.1125,99138.22454833984,48800,2,1.1125,100468.21513366699,48800,2,1.1125,109907.09246826172,48800,2,1.1125,99658.91584777832,48800,2,1.1125,106925.9718170166,48800,2,0.93125,171375.0732574463,3050,2,1.10625,173142.32553100586,3050,2,1.10625,170357.7879333496,3050,2,1.10625,375301.8380432129,3050,2,1.10625,163387.77572631836,3050,2,1.10625,162238.34034729004,3050,2,1.10625,157467.8151702881,3050,2,1.10625,102704.65437316895,48800,2,1.1125,104573.32118225098,48800,2,1.1125,12798494.754745483,4617,2456,5044,5054,2496,400,400,400,400,400,400,400,5398,3313,2476,400,2556,400,2419,400,400,400,400,3885,400,400,3409,400,2895,3778,2493,5055,14.285715103149414,0,0,0,0,0,0,0,0,0,0,0,0,0,0,0,0,0,0,0,0,0,0,0,0,0,0,0,0,0,0,0,20475,15905,8853,44,0,20475,13200,11646,38,0,66718994432,8589930496,32770486272,524288
200,1791349256325,986484.7722473145,48800,2,1.16875,100071.87477111816,48800,2,0.9375,99138.22459411621,48800,2,0.9375,100468.21517944336,48800,2,0.9375,109907.09251403809,48800,2,0.9375,99658.91589355469,48800,2,0.9375,106925.97186279297,48800,2,0.9375,171375.0747680664,48800,2,1.16875,173142.32612609863,48800,2,1.16875,170357.78860473633,48800,2,1.16875,375301.8387451172,48800,2,1.16875,163387.77641296387,48800,2,1.16875,162238.34098815918,48800,2,1.16875,157467.81575012207,48800,2,1.16875,102704.65441894531,48800,2,1.16875,104573.32124328613,48800,2,0.9375,12798504.428115845,4617,2456,5044,5054,2496,400,400,400,400,400,400,400,5398,3313,2476,400,2556,400,2419,400,400,400,400,3885,400,400,3409,400,2895,3778,2493,5055,15.000000953674316,0,0,0,0,0,0,0,0,0,0,0,0,0,0,0,0,0,0,0,0,0,0,0,0,0,0,0,0,0,0,0,20475,15905,8853,44,0,20475,13200,11646,38,0,66718994432,8589930496,32770228224,524288
200,1791349256525,986484.8389282227,48800,2,1.16875,100071.87477111816,48800,2,1.0375,99138.22459411621,48800,2,1.0375,100468.21517944336,48800,2,1.0375,109907.09251403809,48800,2,1.0375,99658.91589355469,48800,2,1.0375,106925.97186279297,48800,2,1.0375,171375.07670593262,48800,2,1.16875,173142.32669067383,48800,2,1.16875,170357.78926086426,48800,2,1.16875,375301.83937072754,48800,2,1.16875,163387.7773284912,48800,2,1.16875,162238.34159851074,48800,2,1.16875,157467.81631469727,48800,2,1.16875,102704.65441894531,48800,2,1.0375,104573.3212890625,48800,2,1.0375,12798513.921508789,4617,2456,5044,5054,2496,400,400,400,400,400,400,400,5398,3313,2476,400,2556,400,2419,400,400,400,400,3885,400,400,3409,400,2895,3778,2493,5055,14.285715103149414,0,0,0,0,0,0,0,0,0,0,0,0,0,0,0,0,0,0,0,0,0,0,0,0,0,0,0,0,0,0,0,20475,15905,8853,44,0,20475,13200,11646,38,0,66718994432,8589930496,32766844928,524288
200,1791349256725,986484.9062194824,48800,2,1.16875,100071.87480163574,48800,2,1.1125,99138.22462463379,48800,2,1.1125,100468.21522521973,48800,2,1.1125,109907.09255981445,48800,2,1.1125,99658.91595458984,48800,2,1.1125,106925.97190856934,48800,2,0.93125,171375.07745361328,3050,2,1.1,173142.3272705078,3050,2,1.1,170357.7899169922,3050,2,1.1,375301.84002685547,3050,2,1.1,163387.7783203125,3050,2,1.1,162238.3422088623,3050,2,1.1,157467.81687927246,3050,2,1.1,102704.65446472168,48800,2,1.1125,104573.32135009766,48800,2,1.1125,12798523.56576538,4617,2456,5044,5054,2496,400,400,400,400,400,400,400,5398,3313,2476,400,2556,400,2419,400,400,400,400,3885,400,400,3409,400,2895,3778,2493,5055,10.526315689086914,0,0,0,0,0,0,0,0,0,0,0,0,0,0,0,0,0,0,0,0,0,0,0,0,0,0,0,0,0,0,0,20475,15905,8820,44,0,20475,13200,11646,38,0,66718994432,8589930496,32766844928,524288
200,1791349256926,986484.9782104492,48800,2,1.16875,100071.87483215332,48800,2,0.95625,99138.22465515137,48800,2,0.95625,100468.2152557373,48800,2,0.95625,109907.09259033203,48800,2,0.95625,99658.91598510742,48800,2,0.95625,106925.97193908691,48800,2,0.95625,171375.0789642334,48800,2,1.16875,173142.3278656006,48800,2,1.16875,170357.79055786133,48800,2,1.16875,375301.840713501,48800,2,1.16875,163387.7790374756,48800,2,1.16875,162238.34284973145,48800,2,1.16875,157467.81748962402,48800,2,1.16875,102704.65449523926,48800,2,1.16875,104573.32145690918,48800,2,1.16875,12798533.074539185,4617,2456,5044,5054,2496,400,400,400,400,400,400,400,5398,3313,2476,400,2556,400,2419,400,400,400,400,3885,400,400,3409,400,2895,3778,2493,5055,14.285715103149414,0,0,0,0,0,0,0,0,0,0,0,0,0,0,0,0,0,0,0,0,0,0,0,0,0,0,0,0,0,0,0,20475,15905,8820,44,0,20475,13200,11646,38,0,66718994432,8589930496,32766840832,524288
200,1791349257126,986485.0436706543,48800,2,1.16875,100071.8748626709,48800,2,1.0375,99138.22468566895,48800,2,1.0375,100468.21528625488,48800,2,1.0375,109907.09262084961,48800,2,1.0375,99658.916015625,48800,2,1.0375,106925.97196960449,48800,2,1.0375,171375.08013916016,48800,2,1.16875,173142.32846069336,48800,2,1.16875,170357.79122924805,48800,2,1.16875,375301.8414154053,48800,2,1.16875,163387.77995300293,48800,2,1.16875,162238.3434906006,48800,2,1.16875,157467.8180847168,48800,2,1.16875,102704.65454101563,48800,2,1.0375,104573.32160949707,48800,2,1.0375,12798542.630096436,4617,2456,5044,5054,2496,400,400,400,400,400,400,400,5398,3313,2476,400,2556,400,2419,400,400,400,400,3885,400,400,3409,400,2895,3778,2493,5055,10.526315689086914,0,0,0,0,0,0,0,0,0,0,0,0,0,0,0,0,0,0,0,0,0,0,0,0,0,0,0,0,0,0,0,20475,15905,8820,44,0,20475,13200,11633,38,0,66718994432,8589930496,32766840832,524288
200,1791349257326,986485.1145172119,48800,2,1.16875,100071.87493896484,48800,2,1.1125,99138.2247467041,48800,2,1.1125,100468.21534729004,48800,2,1.1125,109907.09269714355,48800,2,1.1125,99658.91609191895,48800,2,1.1125,106925.97204589844,48800,2,0.93125,171375.0809020996,3050,2,1.11875,173142.32907104492,3050,2,1.11875,170357.79188537598,3050,2,1.11875,375301.8421783447,3050,2,1.11875,163387.7809906006,3050,2,1.11875,162238.34414672852,3050,2,1.11875,157467.81869506836,3050,2,1.11875,102704.65461730957,48800,2,1.1125,104573.32179260254,48800,2,1.1125,12798552.364456177,4617,2456,5044,5054,2496,400,400,400,400,400,400,400,5398,3313,2476,400,2556,400,2419,400,400,400,400,3885,400,400,3409,400,2895,3778,2493,5055,15.000000953674316,0,0,0,0,0,0,0,0,0,0,0,0,0,0,0,0,0,0,0,0,0,0,0,0,0,0,0,0,0,0,0,20475,15905,8820,44,0,20475,13200,11633,38,0,66718994432,8589930496,32766840832,524288
200,1791349257527,986485.1836547852,48800,2,1.16875,100071.87495422363,48800,2,0.95,99138.22476196289,48800,2,0.95,100468.21536254883,48800,2,0.95,109907.09272766113,48800,2,0.95,99658.91610717773,48800,2,0.95,106925.97206115723,48800,2,0.95,171375.08251953125,48800,2,1.16875,173142.32972717285,48800,2,1.16875,170357.7956085205,48800,2,1.16875,375301.8429260254,48800,2,1.16875,163387.78176879883,48800,2,1.16875,162238.34483337402,48800,2,1.16875,157467.81936645508,48800,2,1.16875,102704.65463256836,48800,2,1.16875,104573.32192993164,48800,2,1.16875,12798562.013687134,4617,2456,5044,5054,2496,400,400,400,400,400,400,400,5398,3313,2476,400,2556,400,2419,400,400,400,400,3885,400,400,3409,400,2895,3778,2493,5055,10,0,0,0,0,0,0,0,0,0,0,0,0,0,0,0,0,0,0,0,0,0,0,0,0,0,0,0,0,0,0,0,20475,15905,8820,44,0,20475,13200,11633,38,0,66718994432,8589930496,32766840832,524288
200,1791349257727,986485.2524414063,48800,2,1.05625,100071.87510681152,48800,2,1.025,99138.22491455078,48800,2,1.025,100468.21551513672,48800,2,1.025,109907.0929107666,48800,2,1.025,99658.91625976563,48800,2,1.025,106925.97221374512,48800,2,1.025,171375.08367919922,48800,2,1.05625,173142.33053588867,48800,2,1.05625,170357.7964477539,48800,2,1.05625,375301.8438568115,48800,2,1.05625,163387.78286743164,48800,2,1.05625,162238.34567260742,48800,2,1.05625,157467.82011413574,48800,2,1.05625,102704.65478515625,48800,2,1.025,104573.32221984863,48800,2,1.025,12798572.050415039,4617,2456,5044,5054,2496,400,400,400,400,400,400,400,5398,3313,2476,400,2556,400,2419,400,400,400,400,3885,400,400,3409,400,2895,3778,2493,5055,15.000000953674316,0,0,0,0,0,0,0,0,0,0,0,0,0,0,0,0,0,0,0,0,0,0,0,0,0,4.761904716491699,0,0,0,0,0,20475,15905,8860,44,0,20475,13200,11633,38,0,66718994432,8589930496,32766836736,524288
200,1791349257927,986485.3199768066,3050,2,1.10625,100071.87512207031,48800,2,1.09375,99138.22492980957,48800,2,1.09375,100468.2155456543,48800,2,1.09375,109907.09294128418,48800,2,1.09375,99658.9162902832,48800,2,0.93125,106925.9722442627,48800,2,0.93125,171375.08445739746,3050,2,1.10625,173142.33116149902,3050,2,1.10625,170357.79710388184,3050,2,1.10625,375301.8445739746,3050,2,1.10625,163387.78393554688,3050,2,1.10625,162238.34631347656,3050,2,1.10625,157467.8207244873,3050,2,1.10625,102704.65480041504,48800,2,1.09375,104573.32225036621,48800,2,1.09375,12798581.660140991,4617,2456,5044,5054,2496,400,400,400,400,400,400,400,5398,3313,2476,400,2556,400,2419,400,400,400,400,3885,400,400,3409,400,2895,3778,2493,5055,10,0,0,0,0,0,0,0,0,0,0,0,0,0,0,0,0,0,0,0,0,0,0,0,0,0,0,0,0,0,0,0,20475,15905,8860,44,0,20475,13200,11633,38,0,66718994432,8589930496,32766836736,524288
200,1791349258128,986485.3900909424,48800,2,1.1375,100071.8751373291,48800,2,0.93125,99138.22494506836,48800,2,0.93125,100468.21556091309,48800,2,0.93125,109907.09295654297,48800,2,0.93125,99658.91630554199,48800,2,0.93125,106925.97225952148,48800,2,0.93125,171375.08616638184,48800,2,1.1375,173142.33181762695,48800,2,1.1375,170357.79777526855,48800,2,1.1375,375301.84533691406,48800,2,1.1375,163387.78465270996,48800,2,1.1375,162238.34698486328,48800,2,1.1375,157467.82133483887,48800,2,1.1375,102704.65481567383,48800,2,1.14375,104573.3224029541,48800,2,1.14375,12798591.281341553,4617,2456,5044,5054,2496,400,400,400,400,400,400,400,5398,3313,2476,400,2556,400,2419,400,400,400,400,3885,400,400,3409,400,2895,3778,2493,5055,10.526315689086914,0,0,0,0,0,0,0,0,0,0,0,0,0,0,0,0,0,0,0,0,0,0,0,0,0,0,0,0,0,0,0,20475,15905,8860,44,0,20475,13200,11646,38,0,66718994432,8589930496,32765374464,524288
200,1791349258328,986485.4577026367,48800,2,1.175,100071.87519836426,48800,2,1.0375,99138.22499084473,48800,2,1.0375,100468.21560668945,48800,2,1.0375,109907.09300231934,48800,2,1.0375,99658.91635131836,48800,2,1.0375,106925.97230529785,48800,2,1.0375,171375.0874786377,48800,2,1.175,173142.3324584961,48800,2,1.175,170357.79844665527,48800,2,1.175,375301.8460845947,48800,2,1.175,163387.78562927246,48800,2,1.175,162238.34765625,48800,2,1.175,157467.82194519043,3050,2,1.025,102704.65487670898,48800,2,1.0375,104573.32260131836,48800,2,1.0375,12798600.907623291,4617,2456,5044,5054,2496,400,400,400,400,400,400,400,5398,3313,2476,400,2556,400,2419,400,400,400,400,3885,400,400,3409,400,2895,3778,2493,5055,14.285715103149414,0,0,0,0,0,0,0,0,0,0,0,0,0,0,0,0,0,0,0,0,0,0,0,0,0,0,0,0,0,0,0,20475,15905,8860,44,0,20475,13200,11646,38,0,66718994432,8589930496,32763494400,524288
200,1791349258528,986485.5243377686,48800,2,1.0437500000000002,100071.87521362305,48800,2,1.10625,99138.2250213623,48800,2,1.10625,100468.21563720703,48800,2,1.10625,109907.09303283691,48800,2,1.10625,99658.91638183594,48800,2,1.10625,106925.97233581543,48800,2,0.93125,171375.08821105957,48800,2,1.0437500000000002,173142.33303833008,3050,2,1.1125,170357.79905700684,3050,2,1.1125,375301.84672546387,3050,2,1.1125,163387.78666687012,3050,2,1.1125,162238.34828186035,3050,2,1.1125,157467.8225250244,3050,2,1.1125,102704.65489196777,48800,2,1.10625,104573.32298278809,48800,2,1.10625,12798610.403640747,4617,2456,5044,5054,2496,400,400,400,400,400,400,400,5398,3313,2476,400,2556,400,2419,400,400,400,400,3885,400,400,3409,400,2895,3778,2493,5055,10.526315689086914,0,0,0,0,0,0,0,0,0,0,0,0,0,0,0,0,0,0,0,0,0,0,0,0,0,0,0,0,0,0,0,20475,15905,8860,44,0,20475,13200,11646,38,0,66718994432,8589930496,32760369152,524288
199,1791349258729,986485.592300415,48800,2,1.0375,100071.87525939941,48800,2,1.0375,99138.22506713867,48800,2,1.0375,100468.2156829834,48800,2,0.93125,109907.09310913086,48800,2,0.93125,99658.9164276123,48800,2,0.93125,106925.9723815918,48800,2,0.93125,171375.08987426758,48800,2,1.0375,173142.33366394043,48800,2,1.0375,170357.79971313477,48800,2,1.0375,375301.8474121094,48800,2,1.0375,163387.78749084473,48800,2,1.0375,162238.3489074707,48800,2,1.0375,157467.8231048584,48800,2,1.0375,102704.65495300293,48800,2,1.0375,104573.32330322266,48800,2,1.0375,12798620.0705719,4617,2456,5044,5054,2496,400,400,400,400,400,400,400,5398,3313,2476,400,2556,400,2419,400,400,400,400,3885,400,400,3409,400,2895,3778,2493,5055,18.18181800842285,0,0,0,0,0,0,0,0,0,0,0,0,0,0,0,0,0,0,0,0,0,0,0,0,0,0,0,0,0,0,0,20475,15905,8926,44,0,20475,13200,11646,38,0,66718994432,8589930496,32760365056,524288
200,1791349258929,986485.6611022949,3050,2,1.08125,100071.87528991699,48800,2,0.93125,99138.22509765625,48800,2,0.93125,100468.21571350098,48800,2,0.93125,109907.09313964844,48800,2,0.93125,99658.91647338867,48800,2,0.93125,106925.97241210938,48800,2,0.93125,171375.09127807617,3050,2,1.08125,173142.33436584473,3050,2,1.08125,170357.80047607422,3050,2,1.08125,375301.8482513428,3050,0,1.08125,163387.7885131836,3050,2,1.08125,162238.34963989258,3050,2,1.08125,157467.8237915039,3050,2,1.08125,102704.6549987793,48800,2,0.93125,104573.32376098633,48800,2,0.93125,12798629.736999512,4617,2456,5044,5054,2496,400,400,400,400,400,400,400,5398,3313,2476,400,2556,400,2419,400,400,400,400,3885,400,400,3409,400,2895,3778,2493,5055,10.526315689086914,0,0,0,0,0,0,0,0,0,0,0,0,0,0,0,0,0,0,0,0,0,0,0,0,0,0,0,0,0,0,0,20475,15905,8926,44,0,20475,13200,11646,38,0,66718994432,8589930496,32760365056,524288
200,1791349259129,986485.7303314209,48800,2,1.16875,100071.87530517578,48800,2,1.025,99138.22511291504,48800,2,1.025,100468.21572875977,48800,2,1.025,109907.09315490723,48800,2,1.025,99658.91648864746,48800,2,1.025,106925.97242736816,48800,2,1.025,171375.09240722656,48800,2,1.16875,173142.33499145508,48800,2,1.16875,170357.80114746094,48800,2,1.16875,375301.849029541,48800,2,1.16875,163387.7894897461,48800,2,1.16875,162238.3503112793,48800,2,1.16875,157467.82441711426,48800,2,1.16875,102704.65502929688,48800,2,1.025,104573.32423400879,48800,2,1.025,12798639.387817383,4617,2456,5044,5054,2496,400,400,400,400,400,400,400,5398,3313,2476,400,2556,400,2419,400,400,400,400,3885,400,400,3409,400,2895,3778,2493,5055,10,0,0,0,0,0,0,0,0,0,0,0,0,0,0,0,0,0,0,0,0,0,0,0,0,0,0,0,0,0,0,0,20475,15905,8926,44,0,20475,13200,11637,38,0,66718994432,8589930496,32760365056,524288
200,1791349259329,986485.8000793457,48800,2,1.16875,100071.87533569336,48800,2,1.1,99138.22514343262,48800,2,1.1,100468.21577453613,48800,2,1.1,109907.09321594238,48800,2,1.1,99658.91653442383,48800,2,1.1,106925.97247314453,48800,2,0.925,171375.09317016602,3050,2,1.1125,173142.33557128906,3050,2,1.1125,170357.8017425537,3050,2,1.1125,375301.8497619629,3050,2,1.1125,163387.79052734375,3050,2,1.1125,162238.35092163086,3050,2,1.1125,157467.82499694824,3050,2,1.1125,102704.65507507324,48800,2,1.1,104573.3246459961,48800,2,1.1,12798649.042663574,4617,2456,5044,5054,2496,400,400,400,400,400,400,400,5398,3313,2476,400,2556,400,2419,400,400,400,400,3885,400,400,3409,400,2895,3778,2493,5055,15.000000953674316,0,0,0,0,0,0,0,0,0,0,0,0,0,0,0,0,0,0,0,0,0,0,0,0,0,0,0,0,0,0,0,20475,15905,8926,44,0,20475,13200,11637,38,0,66718994432,8589930496,32760365056,524288
200,1791349259530,986485.8722229004,48800,2,1.13125,100071.87533569336,48800,2,1.14375,99138.22514343262,48800,2,0.925,100468.21577453613,48800,2,0.925,109907.09323120117,48800,2,0.925,99658.91653442383,48800,2,0.925,106925.97247314453,48800,2,0.925,171375.09454345703,48800,2,1.13125,173142.33615112305,48800,2,1.13125,170357.80235290527,48800,2,1.13125,375301.8507080078,48800,2,1.13125,163387.79122924805,48800,2,1.13125,162238.35153198242,48800,2,1.13125,157467.82559204102,48800,2,1.13125,102704.65507507324,48800,2,1.14375,104573.32467651367,48800,2,1.14375,12798658.511947632,4617,2456,5044,5054,2496,400,400,400,400,400,400,400,5398,3313,2476,400,2556,400,2419,400,400,400,400,3885,400,400,3409,400,2895,3778,2493,5055,10,0,0,0,0,0,0,0,0,0,0,0,0,0,0,0,0,0,0,0,0,0,0,0,0,0,0,0,0,0,0,0,20475,15905,8926,44,0,20475,13200,11637,38,0,66718994432,8589930496,32760360960,524288
200,1791349259730,986485.9413452148,48800,2,1.16875,100071.87538146973,48800,2,1.01875,99138.22518920898,48800,2,1.01875,100468.2158203125,48800,2,1.01875,109907.09329223633,48800,2,1.01875,99658.9165802002,48800,2,1.01875,106925.9725189209,48800,2,1.01875,171375.09573364258,48800,2,1.16875,173142.3367767334,48800,2,1.16875,170357.803024292,48800,2,1.16875,375301.8516998291,48800,2,1.16875,163387.79219055176,48800,2,1.16875,162238.35218811035,48800,2,1.16875,157467.82621765137,48800,2,1.16875,102704.6551361084,48800,2,1.01875,104573.3247833252,48800,2,1.01875,12798668.071136475,4617,2456,5044,5054,2496,400,400,400,400,400,400,400,5398,3313,2476,400,2556,400,2419,400,400,400,400,3885,400,400,3409,400,2895,3778,2493,5055,15.000000953674316,0,0,0,0,0,0,0,0,0,0,0,0,0,0,0,0,0,0,0,0,0,0,0,0,0,0,0,0,0,0,0,20475,15905,8963,43,0,20475,13200,11637,38,0,66718994432,8589930496,32760360960,524288
200,1791349259930,986486.0088653564,48800,2,1.16875,100071.8754119873,48800,2,1.1,99138.22521972656,48800,2,1.1,100468.21585083008,48800,2,1.1,109907.0933380127,48800,2,1.1,99658.91664123535,48800,2,1.1,106925.97256469727,48800,2,1.1,171375.09646606445,48800,2,1.16875,173142.33737182617,3050,2,1.09375,170357.80364990234,3050,2,1.09375,375301.8528137207,3050,2,1.09375,163387.79307556152,3050,2,1.09375,162238.3527984619,3050,2,1.09375,157467.82678222656,3050,2,1.09375,102704.65516662598,48800,2,1.1,104573.32484436035,48800,2,1.1,12798677.568222046,4617,2456,5044,5054,2496,400,400,400,400,400,400,400,5398,3313,2476,400,2556,400,2419,400,400,400,400,3885,400,400,3409,400,2895,3778,2493,5055,10,0,0,0,0,0,0,0,0,0,0,0,0,0,0,0,0,0,0,0,0,0,0,0,0,0,0,0,0,0,0,0,20475,15905,8963,43,0,20475,13200,11637,38,0,66718994432,8589930496,32760360960,524288
200,1791349260131,986486.081954956,48800,2,1.1375,100071.87548828125,48800,2,1.13125,99138.22529602051,48800,2,1.13125,100468.21592712402,48800,2,0.93125,109907.09344482422,48800,2,0.93125,99658.9167175293,48800,2,0.93125,106925.97264099121,48800,2,0.93125,171375.0980834961,48800,2,1.1375,173142.33805847168,48800,2,1.1375,170357.80438232422,48800,2,1.1375,375301.8539276123,48800,2,1.1375,163387.79386901855,48800,2,1.1375,162238.3535308838,48800,2,1.1375,157467.82746887207,48800,2,1.1375,102704.65524291992,48800,2,1.13125,104573.3256225586,48800,2,1.13125,12798687.183410645,4617,2456,5044,5054,2496,400,400,400,400,400,400,400,5398,3313,2476,400,2556,400,2419,400,400,400,400,3885,400,400,3409,400,2895,3778,2493,5055,15.000000953674316,0,0,0,0,0,0,0,0,0,0,0,0,0,0,0,0,0,0,0,0,0,0,0,0,0,0,0,0,0,0,0,20475,15905,8963,43,0,20475,13200,11624,38,0,66718994432,8589930496,32759083008,524288
200,1791349260331,986486.1503601074,48800,2,1.16875,100071.8755493164,48800,2,1.025,99138.22535705566,48800,2,1.025,100468.21598815918,48800,2,1.025,109907.09352111816,48800,2,1.025,99658.91677856445,48800,2,1.025,106925.97270202637,48800,2,1.025,171375.09927368164,48800,2,1.16875,173142.33868408203,48800,2,1.16875,170357.80503845215,48800,2,1.16875,375301.8549194336,48800,2,1.16875,163387.79484558105,48800,2,1.16875,162238.35418701172,48800,2,1.16875,157467.82809448242,48800,2,1.16875,102704.65530395508,48800,2,1.025,104573.32577514648,48800,2,1.025,12798696.824127197,4617,2456,5044,5054,2496,400,400,400,400,400,400,400,5398,3313,2476,400,2556,400,2419,400,400,400,400,3885,400,400,3409,400,2895,3778,2493,5055,10,0,0,0,0,0,0,0,0,0,0,0,0,0,0,0,0,0,0,0,0,0,0,0,0,0,0,0,0,0,0,0,20475,15905,8963,43,0,20475,13200,11624,38,0,66718994432,8589930496,32758378496,524288
200,1791349260531,986486.2208251953,48800,2,1.16875,100071.87557983398,48800,2,1.1,99138.22538757324,48800,2,1.1,100468.21601867676,48800,2,1.1,109907.09358215332,48800,2,1.1,99658.91682434082,48800,2,1.1,106925.97274780273,48800,2,0.93125,171375.10005187988,48800,2,1.16875,173142.3392791748,3050,2,1.1,170357.8056488037,3050,2,1.1,375301.8558502197,3050,2,1.1,163387.7958831787,3050,2,1.1,162238.35482788086,3050,2,1.1,157467.8286895752,3050,2,1.1,102704.65533447266,48800,2,1.1,104573.32582092285,48800,2,1.1,12798706.306976318,4617,2456,5044,5054,2496,400,400,400,400,400,400,400,5398,3313,2476,400,2556,400,2419,400,400,400,400,3885,400,400,3409,400,2895,3778,2493,5055,15.000000953674316,0,0,0,0,0,0,0,0,0,0,0,0,0,0,0,0,0,0,0,0,0,0,0,0,0,0,0,0,0,0,0,20475,15905,8963,43,0,20475,13200,11624,38,0,66718994432,8589930496,32758890496,524288
200,1791349260732,986486.2915649414,48800,2,1.1375,100071.87564086914,48800,2,1.1375,99138.2254486084,48800,2,0.93125,100468.2160949707,48800,2,0.93125,109907.09365844727,48800,2,0.93125,99658.91688537598,48800,2,0.93125,106925.97280883789,48800,2,0.93125,171375.10134887695,48800,2,1.1375,173142.33984375,48800,2,1.1375,170357.80624389648,48800,2,1.1375,375301.8565673828,48800,2,1.1375,163387.79655456543,48800,2,1.1375,162238.35540771484,48800,2,1.1375,157467.8292541504,48800,2,1.1375,102704.6554107666,48800,2,1.1375,104573.32679748535,48800,2,1.1375,12798715.888504028,4617,2456,5044,5054,2496,400,400,400,400,400,400,400,5398,3313,2476,400,2556,400,2419,400,400,400,400,3885,400,400,3409,400,2895,3778,2493,5055,15.000000953674316,0,0,0,0,0,0,0,0,0,0,0,0,0,0,0,0,0,0,0,0,0,0,0,0,0,0,0,0,0,0,0,20475,15905,8966,43,0,20475,13200,11624,38,0,66718994432,8589930496,32758890496,524288
200,1791349260932,986486.3584442139,48800,2,1.16875,100071.87565612793,48800,2,1.025,99138.22546386719,48800,2,1.025,100468.21612548828,48800,2,1.025,109907.09367370605,48800,2,1.025,99658.91691589355,48800,2,1.025,106925.97282409668,48800,2,1.025,171375.10229492188,48800,2,1.16875,173142.34037780762,48800,2,1.16875,170357.80683898926,48800,2,1.16875,375301.8572540283,48800,2,1.16875,163387.7974395752,48800,2,1.16875,162238.35598754883,48800,2,1.16875,157467.829788208,48800,2,1.16875,102704.65544128418,48800,2,1.025,104573.32684326172,48800,2,1.025,12798725.297225952,4617,2456,5044,5054,2496,400,400,400,400,400,400,400,5398,3313,2476,400,2556,400,2419,400,400,400,400,3885,400,400,3409,400,2895,3778,2493,5055,10,0,0,0,0,0,0,0,0,0,0,0,0,0,0,0,0,0,0,0,0,0,0,0,0,0,0,0,0,0,0,0,20475,15905,8966,43,0,20475,13200,11624,38,0,66718994432,8589930496,32758890496,524288
200,1791349261132,986486.4287414551,48800,2,1.0125000000000002,100071.87567138672,48800,2,1.09375,99138.22547912598,48800,2,1.09375,100468.21614074707,48800,2,1.09375,109907.09368896484,48800,2,1.09375,99658.91694641113,48800,2,1.09375,106925.97285461426,48800,2,1.09375,171375.10314941406,48800,2,1.0125000000000002,173142.3426208496,48800,2,1.0125000000000002,170357.80755615234,3050,2,1.09375,375301.85804748535,3050,2,1.09375,163387.7984161377,3050,2,1.09375,162238.35667419434,3050,2,1.09375,157467.83044433594,3050,2,1.09375,102704.65545654297,48800,2,1.09375,104573.3268737793,48800,2,1.09375,12798735.031463623,4617,2456,5044,5054,2496,400,400,400,400,400,400,400,5398,3313,2476,400,2556,400,2419,400,400,400,400,3885,400,400,3409,400,2895,3778,2493,5055,15.000000953674316,0,0,0,0,0,0,0,0,0,0,0,0,0,0,0,0,0,0,0,0,0,0,0,0,0,0,0,0,0,0,0,20475,15905,8966,43,0,20475,13200,11628,38,0,66718994432,8589930496,32758890496,524288
200,1791349261333,986486.4979400635,48800,2,1.13125,100071.87573242188,48800,2,1.1375,99138.22554016113,48800,2,1.1375,100468.21620178223,48800,2,0.93125,109907.09375,48800,2,0.93125,99658.91700744629,48800,2,0.93125,106925.97291564941,48800,2,0.93125,171375.10540771484,48800,2,1.13125,173142.34324645996,48800,2,1.13125,170357.80821228027,48800,2,1.13125,375301.8588104248,48800,2,1.13125,163387.79928588867,48800,2,1.13125,162238.35731506348,48800,2,1.13125,157467.8310394287,48800,2,1.13125,102704.65551757813,48800,2,1.1375,104573.32705688477,48800,2,1.1375,12798744.645874023,4617,2456,5044,5054,2496,400,400,400,400,400,400,400,5398,3313,2476,400,2556,400,2419,400,400,400,400,3885,400,400,3409,400,2895,3778,2493,5055,10,0,0,0,0,0,0,0,0,0,0,0,0,0,0,0,0,0,0,0,0,0,0,0,0,0,0,0,0,0,0,0,20475,15905,8966,43,0,20475,13200,11628,38,0,66718994432,8589930496,32756842496,524288
200,1791349261533,986486.5677642822,48800,2,1.16875,100071.87574768066,48800,2,1.03125,99138.22555541992,48800,2,1.03125,100468.21621704102,48800,2,1.03125,109907.09376525879,48800,2,1.03125,99658.91702270508,48800,2,1.03125,106925.97296142578,48800,2,1.03125,171375.10649108887,48800,2,1.16875,173142.34391784668,48800,2,1.16875,170357.81050109863,48800,2,1.16875,375301.8596343994,48800,2,1.16875,163387.80018615723,48800,2,1.16875,162238.35803222656,48800,2,1.16875,157467.83171081543,48800,2,1.16875,102704.65553283691,48800,2,1.03125,104573.32708740234,48800,2,1.03125,12798754.221435547,4617,2456,5044,5054,2496,400,400,400,400,400,400,400,5398,3313,2476,400,2556,400,2419,400,400,400,400,3885,400,400,3409,400,2895,3778,2493,5055,15.000000953674316,0,0,0,0,0,0,0,0,0,0,0,0,0,0,0,0,0,0,0,0,0,0,0,0,0,0,0,0,0,0,0,20475,15905,8966,43,0,20475,13200,11628,38,0,66718994432,8589930496,32759418880,524288
200,1791349261733,986486.6349639893,48800,2,1.16875,100071.87590026855,48800,2,1.11875,99138.22570800781,48800,2,1.11875,100468.2163848877,48800,2,1.11875,109907.09393310547,48800,2,1.11875,99658.91719055176,48800,2,1.11875,106925.97312927246,48800,2,0.93125,171375.10746765137,48800,2,1.10625,173142.34469604492,3050,2,1.10625,170357.81117248535,3050,2,1.10625,375301.86042785645,3050,2,1.10625,163387.80142211914,3050,2,1.10625,162238.35874938965,3050,2,1.10625,157467.83236694336,3050,2,1.10625,102704.6556854248,48800,2,1.11875,104573.32723999023,48800,2,1.11875,12798764.12739563,4617,2456,5044,5054,2496,400,400,400,400,400,400,400,5398,3313,2476,400,2556,400,2419,400,400,400,400,3885,400,400,3409,400,2895,3778,2493,5055,10,0,0,0,0,0,0,0,0,0,0,0,0,0,0,0,0,0,0,0,0,0,0,0,0,0,0,0,0,0,0,0,20475,15905,8925,43,0,20475,13200,11628,38,0,66718994432,8589930496,32759418880,524288
200,1791349261934,986486.7039031982,48800,2,1.1375,100071.87594604492,48800,2,0.93125,99138.22575378418,48800,2,0.93125,100468.21643066406,48800,2,0.93125,109907.09410095215,48800,2,0.93125,99658.91725158691,48800,2,0.93125,106925.97317504883,48800,2,0.93125,171375.1093597412,48800,2,1.1375,173142.34524536133,48800,2,1.1375,170357.81175231934,48800,2,1.1375,375301.86111450195,48800,2,1.1375,163387.80223083496,48800,2,1.1375,162238.35931396484,48800,2,1.1375,157467.83293151855,48800,2,1.1375,102704.65618896484,48800,2,1.1375,104573.32730102539,48800,2,1.1375,12798773.604766846,4617,2456,5044,5054,2496,400,400,400,400,400,400,400,5398,3313,2476,400,2556,400,2419,400,400,400,400,3885,400,400,3409,400,2895,3778,2493,5055,15.000000953674316,0,0,0,0,0,0,0,0,0,0,0,0,0,0,0,0,0,0,0,0,0,0,0,0,0,4.761904716491699,0,0,0,0,0,20475,15905,8925,43,0,20475,13200,11628,38,0,66718994432,8589930496,32759418880,524288
199,1791349262134,986486.8013916016,48800,2,1.16875,100071.87594604492,48800,2,1.0375,99138.22575378418,48800,2,1.0375,100468.21643066406,48800,2,1.0375,109907.09410095215,48800,2,1.0375,99658.91725158691,48800,2,1.0375,106925.97317504883,48800,2,1.0375,171375.11096191406,48800,2,1.16875,173142.3458404541,48800,2,1.16875,170357.8123626709,48800,2,1.16875,375301.86183166504,48800,2,1.16875,163387.80322265625,48800,2,1.16875,162238.3599395752,48800,2,1.16875,157467.83352661133,48800,2,1.16875,102704.65620422363,48800,2,1.0375,104573.32733154297,48800,2,1.0375,12798783.09715271,4617,2456,5044,5054,2496,400,400,400,400,400,400,400,5398,3313,2476,400,2556,400,2419,400,400,400,400,3885,400,400,3409,400,2895,3778,2493,5055,10,0,0,0,0,0,0,0,0,0,0,0,0,0,0,0,0,0,0,0,0,0,0,0,0,0,0,0,0,0,0,0,20475,15905,8925,43,0,20475,13200,11656,38,0,66718994432,8589930496,32758300672,524288
200,1791349262334,986486.8701782227,48800,2,1.16875,100071.87599182129,48800,2,1.025,99138.22579956055,48800,2,1.025,100468.21649169922,48800,2,1.025,109907.0941619873,48800,2,1.025,99658.91731262207,48800,2,1.025,106925.97323608398,48800,2,1.025,171375.11241149902,48800,2,1.16875,173142.3464050293,48800,2,1.16875,170357.81295776367,48800,2,1.16875,375301.86253356934,3050,2,1.025,163387.8042602539,3050,2,1.025,162238.36051940918,3050,2,1.025,157467.83409118652,3050,2,1.025,102704.65625,48800,2,1.025,104573.32740783691,48800,2,1.025,12798792.656982422,4617,2456,5044,5054,2496,400,400,400,400,400,400,400,5398,3313,2476,400,2556,400,2419,400,400,400,400,3885,400,400,3409,400,2895,3778,2493,5055,10.526315689086914,4.761904716491699,0,0,0,0,0,0,0,0,0,0,0,0,0,0,0,0,0,0,0,0,0,0,0,0,0,0,0,0,0,0,20475,15905,8925,43,0,20475,13200,11656,38,0,66718994432,8589930496,32756187136,524288
200,1791349262534,986486.8750457764,48800,2,1.13125,100071.87602233887,48800,2,1.13125,99138.22583007813,48800,2,1.13125,100468.21653747559,48800,2,1.13125,109907.09419250488,48800,2,1.13125,99658.91734313965,48800,2,1.13125,106925.97326660156,48800,2,0.93125,171375.1151123047,48800,2,1.13125,173142.38584899902,48800,2,1.13125,170357.8352508545,48800,2,1.13125,375301.8755493164,48800,2,1.13125,163387.8049468994,48800,2,1.13125,162238.36112976074,48800,2,1.13125,157467.8346710205,48800,2,1.13125,102704.65628051758,48800,2,1.13125,104573.32748413086,48800,2,1.13125,12798802.062042236,4617,2456,5044,5054,2496,400,400,400,400,400,400,400,5398,3313,2476,400,2556,400,2419,400,400,400,400,3885,400,400,3409,400,2895,3778,2493,5055,0,0,0,0,0,0,0,0,0,0,0,0,9.523809432983398,0,0,0,0,0,0,0,0,0,0,5,0,0,5,0,0,0,0,0,20475,15905,8925,43,0,20475,13200,11656,38,0,66718994432,8589930496,32759062528,524288
200,1791349262735,986486.8766021729,48800,2,1.175,100071.87606811523,48800,2,0.975,99138.22587585449,48800,2,0.975,100468.21658325195,48800,2,0.975,109907.09437561035,48800,2,0.975,99658.91738891602,48800,2,0.975,106925.97331237793,48800,2,0.975,171375.11570739746,48800,2,1.175,173142.38647460938,48800,2,1.175,170357.83590698242,48800,2,1.175,375301.94259643555,48800,2,1.175,163387.80575561523,48800,2,1.175,162238.36180114746,48800,2,1.175,157467.83528137207,48800,2,1.175,102704.65634155273,48800,2,0.975,104573.3275756836,48800,2,0.975,12798811.687942505,4617,2456,5044,5054,2496,400,400,400,400,400,400,400,5398,3313,2476,400,2556,400,2419,400,400,400,400,3885,400,400,3409,400,2895,3778,2493,5055,0,0,0,0,0,0,0,0,0,0,0,0,0,0,0,0,0,0,0,0,0,0,0,0,0,0,10,0,0,0,0,0,20475,15905,8861,43,0,20475,13200,11656,38,0,66718994432,8589930496,32768327680,524288
200,1791349262935,986486.8774719238,48800,2,1.175,100071.87609863281,48800,2,1.05625,99138.22590637207,48800,2,1.05625,100468.21661376953,48800,2,1.05625,109907.09440612793,48800,2,1.05625,99658.9174194336,48800,2,1.05625,106925.9733581543,48800,2,1.05625,171375.11630249023,48800,2,1.175,173142.38706970215,48800,2,1.175,170357.83654785156,48800,2,1.175,375302.0086517334,3050,2,1.05,163387.80685424805,3050,2,1.05,162238.36241149902,3050,2,1.05,157467.83587646484,3050,2,1.05,102704.65637207031,48800,2,1.05625,104573.32763671875,48800,2,1.05625,12798821.288375854,4617,2456,5044,5054,2496,400,400,400,400,400,400,400,5398,3313,2476,400,2556,400,2419,400,400,400,400,3885,400,400,3409,400,2895,3778,2493,5055,0,0,0,0,0,0,0,0,0,0,0,0,0,0,0,0,0,0,0,0,0,0,0,0,0,0,10.526315689086914,0,0,0,0,0,20475,15905,8861,43,0,20475,13200,11656,38,0,66718994432,8589930496,32768327680,524288
200,1791349263136,986486.8789978027,48800,2,1.13125,100071.87615966797,48800,2,1.1375,99138.22596740723,48800,2,1.1375,100468.21687316895,48800,2,1.1375,109907.09446716309,48800,2,1.1375,99658.91748046875,48800,2,0.93125,106925.97341918945,48800,2,0.93125,171375.11688232422,48800,2,1.13125,173142.38764953613,48800,2,1.13125,170357.8371734619,48800,2,1.13125,375302.0743560791,48800,2,1.13125,163387.8077545166,48800,2,1.13125,162238.3630218506,48800,2,1.13125,157467.83645629883,48800,2,1.13125,102704.65641784668,48800,2,1.1375,104573.32772827148,48800,2,1.1375,12798830.898483276,4617,2456,5044,5054,2496,400,400,400,400,400,400,400,5398,3313,2476,400,2556,400,2419,400,400,400,400,3885,400,400,3409,400,2895,3778,2493,5055,0,0,0,0,0,0,0,0,0,0,0,0,0,0,0,0,0,0,0,0,0,0,0,0,0,0,15.000000953674316,0,0,0,0,0,20475,15905,8861,43,0,20475,13200,11667,38,0,66718994432,8589930496,32768327680,524288
200,1791349263336,986486.8805541992,48800,2,1.175,100071.87622070313,48800,2,0.9812500000000001,99138.22602844238,48800,2,0.9812500000000001,100468.21694946289,48800,2,0.9812500000000001,109907.09452819824,48800,2,0.9812500000000001,99658.9175415039,48800,2,0.9812500000000001,106925.97348022461,48800,2,0.9812500000000001,171375.11769104004,48800,2,1.175,173142.38833618164,48800,2,1.175,170357.83786010742,48800,2,1.175,375302.14195251465,48800,2,1.175,163387.8088684082,48800,2,1.175,162238.3636932373,48800,2,1.175,157467.83709716797,48800,2,1.175,102704.65647888184,48800,2,1.16875,104573.32789611816,48800,2,0.9812500000000001,12798840.58782959,4617,2456,5044,5054,2496,400,400,400,400,400,400,400,5398,3313,2476,400,2556,400,2419,400,400,400,400,3885,400,400,3409,400,2895,3778,2493,5055,0,0,0,0,0,0,0,0,0,0,0,0,0,0,0,0,0,0,0,0,0,0,0,0,0,0,10,0,0,0,0,0,20475,15905,8861,43,0,20475,13200,11667,38,0,66718994432,8589930496,32763879424,524288
200,1791349263536,986486.8814086914,48800,2,1.06875,100071.87623596191,48800,2,1.0437500000000002,99138.22604370117,48800,2,1.0437500000000002,100468.21696472168,48800,2,1.0437500000000002,109907.09454345703,48800,2,1.0437500000000002,99658.9175567627,48800,2,1.0437500000000002,106925.9734954834,48800,2,1.0437500000000002,171375.1183166504,48800,2,1.06875,173142.38897705078,48800,2,1.06875,170357.83851623535,48800,2,1.06875,375302.2099609375,48800,2,1.06875,163387.8099822998,48800,2,1.06875,162238.36434936523,48800,2,1.06875,157467.83772277832,48800,2,1.06875,102704.65649414063,48800,2,1.0437500000000002,104573.32792663574,48800,2,1.0437500000000002,12798850.21749878,4617,2456,5044,5054,2496,400,400,400,400,400,400,400,5398,3313,2476,400,2556,400,2419,400,400,400,400,3885,400,400,3409,400,2895,3778,2493,5055,4.761904716491699,0,0,0,0,0,0,0,0,0,0,0,0,0,0,0,0,0,0,0,0,0,0,0,0,0,15.000000953674316,0,0,0,0,0,20475,15905,8861,43,0,20475,13200,11667,38,0,66718994432,8589930496,32764137472,524288
200,1791349263736,986486.8832702637,3050,2,1.01875,100071.8762512207,48800,2,1.0375,99138.22605895996,48800,2,1.0375,100468.21701049805,48800,2,1.0375,109907.09457397461,48800,2,1.0375,99658.91758728027,48800,2,0.93125,106925.97352600098,48800,2,0.93125,171375.11894226074,3050,2,1.01875,173142.38960266113,3050,2,1.01875,170357.83917236328,3050,2,1.01875,375302.2774963379,3050,0,1.01875,163387.81121826172,3050,2,1.01875,162238.36500549316,3050,2,1.01875,157467.83834838867,3050,2,1.01875,102704.6565246582,48800,2,1.0375,104573.32797241211,48800,2,1.0375,12798859.868240356,4617,2456,5044,5054,2496,400,400,400,400,400,400,400,5398,3313,2476,400,2556,400,2419,400,400,400,400,3885,400,400,3409,400,2895,3778,2493,5055,0,0,0,0,0,0,0,0,0,0,0,0,0,0,0,0,0,0,0,0,0,0,0,0,0,0,10,0,0,0,0,0,20475,15905,8813,43,0,20475,13200,11667,38,0,66718994432,8589930496,32764137472,524288
199,1791349263937,986486.8851623535,48800,2,1.0437500000000002,100071.87626647949,48800,2,0.95625,99138.22607421875,48800,2,0.95625,100468.21702575684,48800,2,0.95625,109907.0945892334,48800,2,0.95625,99658.91760253906,48800,2,0.95625,106925.97354125977,48800,2,0.95625,171375.11961364746,48800,2,1.0437500000000002,173142.39027404785,48800,2,1.0437500000000002,170357.83988952637,48800,2,1.0437500000000002,375302.34881591797,48800,2,1.0437500000000002,163387.81228637695,48800,2,1.0437500000000002,162238.36570739746,48800,2,1.0437500000000002,157467.8390197754,48800,2,1.0437500000000002,102704.65653991699,48800,2,1.05,104573.32800292969,48800,2,1.05,12798869.420303345,4617,2456,5044,5054,2496,400,400,400,400,400,400,400,5398,3313,2476,400,2556,400,2419,400,400,400,400,3885,400,400,3409,400,2895,3778,2493,5055,0,0,0,0,0,0,0,0,0,0,0,0,0,0,0,0,0,0,0,0,0,0,0,0,0,0,15.000000953674316,0,0,0,0,0,20475,15905,8813,43,0,20475,13200,11667,38,0,66718994432,8589930496,32764137472,524288
199,1791349264137,986486.8860321045,48800,2,1.16875,100071.87626647949,48800,2,0.9812500000000001,99138.22607421875,48800,2,0.9812500000000001,100468.21702575684,48800,2,0.9812500000000001,109907.0945892334,48800,2,0.9812500000000001,99658.91760253906,48800,2,0.9812500000000001,106925.97354125977,48800,2,0.9812500000000001,171375.1202392578,48800,2,1.16875,173142.3908996582,48800,2,1.16875,170357.84057617188,48800,2,1.16875,375302.4170074463,48800,2,1.16875,163387.8134613037,48800,2,1.16875,162238.36637878418,48800,2,1.16875,157467.83964538574,48800,2,1.16875,102704.65655517578,48800,2,0.9812500000000001,104573.32804870605,48800,2,0.9812500000000001,12798878.99029541,4617,2456,5044,5054,2496,400,400,400,400,400,400,400,5398,3313,2476,400,2556,400,2419,400,400,400,400,3885,400,400,3409,400,2895,3778,2493,5055,0,0,0,0,0,0,0,0,0,0,0,0,0,0,0,0,0,0,0,0,0,0,0,0,0,0,10,0,0,0,0,0,20475,15905,8813,43,0,20475,13200,11676,38,0,66718994432,8589930496,32763154432,524288
200,1791349264337,986486.8871459961,48800,2,1.1375,100071.87628173828,48800,2,0.93125,99138.22608947754,48800,2,0.93125,100468.21704101563,48800,2,0.93125,109907.09460449219,48800,2,0.93125,99658.91761779785,48800,2,0.93125,106925.97355651855,48800,2,0.93125,171375.12086486816,48800,2,1.1375,173142.39152526855,48800,2,1.1375,170357.8412322998,48800,2,1.1375,375302.4833831787,48800,2,1.1375,163387.81480407715,48800,2,1.1375,162238.36701965332,48800,2,1.1375,157467.8402709961,48800,2,1.1375,102704.65658569336,48800,2,0.93125,104573.32809448242,48800,2,0.93125,12798888.527786255,4617,2456,5044,5054,2496,400,400,400,400,400,400,400,5398,3313,2476,400,2556,400,2419,400,400,400,400,3885,400,400,3409,400,2895,3778,2493,5055,0,0,0,0,0,0,0,0,0,0,0,0,0,0,0,0,0,0,0,0,0,0,0,0,0,0,15.000000953674316,0,0,0,0,0,20475,15905,8813,43,0,20475,13200,11676,38,0,66718994432,8589930496,32763154432,524288
200,1791349264537,986486.8893737793,48800,2,1.16875,100071.87631225586,48800,2,1.0875,99138.22611999512,48800,2,1.0875,100468.2170715332,48800,2,1.0875,109907.09463500977,48800,2,1.0875,99658.91764831543,48800,2,1.0875,106925.97360229492,48800,2,1.0875,171375.12156677246,48800,2,1.16875,173142.39222717285,48800,2,1.16875,170357.84196472168,3050,2,1.08125,375302.55281066895,3050,2,1.08125,163387.81616210938,3050,2,1.08125,162238.3677520752,3050,2,1.08125,157467.8409729004,3050,2,1.08125,102704.65661621094,48800,2,1.0875,104573.32817077637,48800,2,1.0875,12798898.108779907,4617,2456,5044,5054,2496,400,400,400,400,400,400,400,5398,3313,2476,400,2556,400,2419,400,400,400,400,3885,400,400,3409,400,2895,3778,2493,5055,4.761904716491699,0,0,0,0,0,0,0,0,0,0,0,0,0,0,0,0,0,0,0,0,0,0,0,0,0,14.285715103149414,0,0,0,0,0,20475,15905,8813,43,0,20475,13200,11676,38,0,66718994432,8589930496,32763154432,524288
200,1791349264738,986486.890914917,48800,2,1.125,100071.87634277344,48800,2,1.125,99138.2261505127,48800,2,1.125,100468.21711730957,48800,2,1.125,109907.09466552734,48800,2,0.93125,99658.91767883301,48800,2,0.93125,106925.9736328125,48800,2,0.93125,171375.12216186523,48800,2,1.125,173142.3928375244,48800,2,1.125,170357.84259033203,48800,2,1.125,375302.6231689453,48800,2,1.125,163387.81700134277,48800,2,1.125,162238.36836242676,48800,2,1.125,157467.84156799316,48800,2,1.125,102704.65664672852,48800,2,1.125,104573.32821655273,48800,2,1.125,12798907.61442566,4617,2456,5044,5054,2496,400,400,400,400,400,400,400,5398,3313,2476,400,2556,400,2419,400,400,400,400,3885,400,400,3409,400,2895,3778,2493,5055,0,0,0,0,0,0,0,0,0,0,0,0,0,0,0,0,0,0,0,0,0,0,0,0,0,0,15.000000953674316,0,0,0,0,0,20475,15905,8786,43,0,20475,13200,11676,38,0,66718994432,8589930496,32763154432,524288
200,1791349264938,986486.8928222656,48800,2,1.16875,100071.87637329102,48800,2,0.99375,99138.22618103027,48800,2,0.99375,100468.21716308594,48800,2,0.99375,109907.09469604492,48800,2,0.99375,99658.91770935059,48800,2,0.99375,106925.97366333008,48800,2,0.99375,171375.12281799316,48800,2,1.16875,173142.39349365234,48800,2,1.16875,170357.8433227539,48800,2,1.16875,375302.69172668457,48800,2,1.16875,163387.818069458,48800,2,1.16875,162238.36904907227,48800,2,1.16875,157467.8422241211,48800,2,1.16875,102704.6566772461,48800,2,0.99375,104573.32829284668,48800,2,0.99375,12798917.150726318,4617,2456,5044,5054,2496,400,400,400,400,400,400,400,5398,3313,2476,400,2556,400,2419,400,400,400,400,3885,400,400,3409,400,2895,3778,2493,5055,0,0,0,0,0,0,0,0,0,0,0,0,0,0,0,0,0,0,0,0,0,0,0,0,0,0,10.526315689086914,0,0,0,0,0,20475,15905,8786,43,0,20475,13200,11676,38,0,66718994432,8589930496,32763154432,524288
200,1791349265138,986486.894241333,48800,2,1.16875,100071.87641906738,48800,2,1.075,99138.22622680664,48800,2,1.075,100468.2172241211,48800,2,1.075,109907.09474182129,48800,2,1.075,99658.91775512695,48800,2,1.075,106925.97370910645,48800,2,1.075,171375.12342834473,48800,2,1.16875,173142.3941040039,48800,2,1.16875,170357.84397888184,48800,2,1.16875,375302.7578430176,48800,2,1.16875,163387.8193511963,3050,2,1.05625,162238.36967468262,3050,2,1.05625,157467.84283447266,3050,2,1.05625,102704.65672302246,48800,2,1.075,104573.32835388184,48800,2,1.075,12798926.701293945,4617,2456,5044,5054,2496,400,400,400,400,400,400,400,5398,3313,2476,400,2556,400,2419,400,400,400,400,3885,400,400,3409,400,2895,3778,2493,5055,0,0,0,0,0,0,0,0,0,0,0,0,0,0,0,0,0,0,0,0,0,0,0,0,0,0,10,0,0,0,0,0,20475,15905,8786,43,0,20475,13200,11679,38,0,66718994432,8589930496,32763150336,524288
200,1791349265339,986486.896194458,48800,2,1.11875,100071.87648010254,48800,2,1.125,99138.2262878418,48800,2,1.125,100468.21730041504,48800,2,1.125,109907.09480285645,48800,2,1.125,99658.91781616211,48800,2,0.925,106925.9737701416,48800,2,0.925,171375.12426757813,48800,2,1.11875,173142.39472961426,48800,2,1.11875,170357.84465026855,48800,2,1.11875,375302.82652282715,48800,2,1.11875,163387.82026672363,48800,2,1.11875,162238.37033081055,48800,2,1.11875,157467.843460083,48800,2,1.11875,102704.65676879883,48800,2,1.125,104573.32847595215,48800,2,1.125,12798936.25100708,4617,2456,5044,5054,2496,400,400,400,400,400,400,400,5398,3313,2476,400,2556,400,2419,400,400,400,400,3885,400,400,3409,400,2895,3778,2493,5055,0,0,0,0,0,0,0,0,0,0,0,0,0,0,0,0,0,0,0,0,0,0,0,0,0,0,15.000000953674316,0,0,0,0,0,20475,15905,8786,43,0,20475,13200,11679,38,0,66718994432,8589930496,32755802112,524288
200,1791349265539,986486.8981781006,48800,2,1.16875,100071.8765411377,48800,2,0.99375,99138.22634887695,48800,2,0.99375,100468.21737670898,48800,2,0.99375,109907.0948638916,48800,2,0.99375,99658.91787719727,48800,2,0.99375,106925.97384643555,48800,2,0.99375,171375.12489318848,48800,2,1.16875,173142.3953552246,48800,2,1.16875,170357.84664916992,48800,2,1.16875,375302.8907775879,48800,2,1.16875,163387.8213043213,48800,2,1.16875,162238.37098693848,48800,2,1.16875,157467.84408569336,48800,2,1.16875,102704.65684509277,48800,2,0.99375,104573.3285522461,48800,2,0.99375,12798945.810073853,4617,2456,5044,5054,2496,400,400,400,400,400,400,400,5398,3313,2476,400,2556,400,2419,400,400,400,400,3885,400,400,3409,400,2895,3778,2493,5055,0,0,0,0,0,0,0,0,0,0,0,0,0,0,0,0,0,0,0,0,0,0,0,0,0,0,10,0,0,0,0,0,20475,15905,8786,43,0,20475,13200,11679,38,0,66718994432,8589930496,32764833792,524288
200,1791349265739,986486.8997955322,48800,2,1.16875,100071.87670898438,48800,2,1.05,99138.22673034668,48800,2,1.05,100468.21755981445,48800,2,1.05,109907.09504699707,48800,2,1.05,99658.91804504395,48800,2,1.05,106925.97401428223,48800,2,1.05,171375.12567138672,48800,2,1.16875,173142.39602661133,48800,2,1.16875,170357.8473815918,48800,2,1.16875,375302.9584503174,48800,2,1.16875,163387.82244873047,48800,2,1.16875,162238.37171936035,3050,2,1.05,157467.84478759766,3050,2,1.05,102704.65702819824,48800,2,1.05,104573.32875061035,48800,2,1.05,12798955.65246582,4617,2456,5044,5054,2496,400,400,400,400,400,400,400,5398,3313,2476,400,2556,400,2419,400,400,400,400,3885,400,400,3409,400,2895,3778,2493,5055,0,0,0,0,0,0,0,0,0,0,0,0,0,0,0,0,0,0,0,0,0,0,0,0,0,0,15.000000953674316,0,0,0,0,0,20475,15905,8856,43,0,20475,13200,11679,38,0,66718994432,8589930496,32763977728,524288
200,1791349265940,986486.9022827148,48800,2,1.125,100071.87675476074,48800,2,1.1375,99138.22677612305,48800,2,1.1375,100468.21762084961,48800,2,1.1375,109907.09509277344,48800,2,1.1375,99658.91809082031,48800,2,0.93125,106925.9740600586,48800,2,0.93125,171375.12657165527,48800,2,1.125,173142.39665222168,48800,2,1.125,170357.84805297852,48800,2,1.125,375303.02864074707,48800,2,1.125,163387.82319641113,48800,2,1.125,162238.3723602295,48800,2,1.125,157467.845413208,48800,2,1.125,102704.65705871582,48800,2,1.1375,104573.32879638672,48800,2,1.1375,12798965.164672852,4617,2456,5044,5054,2496,400,400,400,400,400,400,400,5398,3313,2476,400,2556,400,2419,400,400,400,400,3885,400,400,3409,400,2895,3778,2493,5055,0,0,0,0,0,0,0,0,0,0,0,0,0,0,0,0,0,0,0,0,0,0,0,0,0,0,10,0,0,0,0,0,20475,15905,8856,43,0,20475,13200,11679,38,0,66718994432,8589930496,32763973632,524288
200,1791349266140,986486.9053192139,48800,2,1.16875,100071.87678527832,48800,2,0.9812500000000001,99138.22680664063,48800,2,0.9812500000000001,100468.21766662598,48800,2,0.9812500000000001,109907.09512329102,48800,2,0.9812500000000001,99658.91812133789,48800,2,0.9812500000000001,106925.97409057617,48800,2,0.9812500000000001,171375.12713623047,48800,2,1.16875,173142.39724731445,48800,2,1.16875,170357.84870910645,48800,2,1.16875,375303.0957336426,48800,2,1.16875,163387.82417297363,48800,2,1.16875,162238.37298583984,48800,2,1.16875,157467.845993042,48800,2,1.16875,102704.6570892334,48800,2,1.16875,104573.32885742188,48800,2,0.9812500000000001,12798974.669692993,4617,2456,5044,5054,2496,400,400,400,400,400,400,400,5398,3313,2476,400,2556,400,2419,400,400,400,400,3885,400,400,3409,400,2895,3778,2493,5055,0,0,0,0,0,0,0,0,0,0,0,0,0,0,0,0,0,0,0,0,0,0,0,0,0,0,15.000000953674316,0,0,0,0,0,20475,15905,8856,43,0,20475,13200,11646,38,0,66718994432,8589930496,32763973632,524288
200,1791349266340,986486.9073181152,48800,2,1.175,100071.8768157959,48800,2,1.0625,99138.22682189941,48800,2,1.0625,100468.21771240234,48800,2,1.0625,109907.0951385498,48800,2,1.0625,99658.91815185547,48800,2,1.0625,106925.97410583496,48800,2,1.0625,171375.12776184082,48800,2,1.175,173142.39785766602,48800,2,1.175,170357.84936523438,48800,2,1.175,375303.16371154785,48800,2,1.175,163387.8252105713,48800,2,1.175,162238.37364196777,48800,2,1.175,157467.84660339355,3050,2,1.05625,102704.65713500977,48800,2,1.0625,104573.32891845703,48800,2,1.0625,12798984.330657959,4617,2456,5044,5054,2496,400,400,400,400,400,400,400,5398,3313,2476,400,2556,400,2419,400,400,400,400,3885,400,400,3409,400,2895,3778,2493,5055,0,0,0,0,0,0,0,0,0,0,0,0,0,0,0,0,0,0,0,0,0,0,0,0,0,0,14.285715103149414,0,0,0,0,0,20475,15905,8856,43,0,20475,13200,11646,38,0,66718994432,8589930496,32763973632,524288
200,1791349266541,986486.9094848633,48800,2,1.125,100071.87686157227,48800,2,1.125,99138.22688293457,48800,2,1.125,100468.21778869629,48800,2,1.125,109907.09519958496,48800,2,1.125,99658.91821289063,48800,2,1.125,106925.97416687012,48800,2,0.93125,171375.12858581543,48800,2,1.125,173142.3984527588,48800,2,1.125,170357.84999084473,48800,2,1.125,375303.2332305908,48800,2,1.125,163387.82608032227,48800,2,1.125,162238.37426757813,48800,2,1.125,157467.84718322754,48800,2,1.125,102704.65718078613,48800,2,1.125,104573.32901000977,48800,2,1.125,12798993.763031006,4617,2456,5044,5054,2496,400,400,400,400,400,400,400,5398,3313,2476,400,2556,400,2419,400,400,400,400,3885,400,400,3409,400,2895,3778,2493,5055,0,0,0,0,0,0,0,0,0,0,0,0,0,0,0,0,0,0,0,0,0,0,0,0,0,0,15.000000953674316,0,0,0,0,0,20475,15905,8856,43,0,20475,13200,11646,38,0,66718994432,8589930496,32763973632,524288
200,1791349266741,986486.9118041992,48800,2,1.175,100071.87687683105,48800,2,0.96875,99138.22689819336,48800,2,0.96875,100468.21780395508,48800,2,0.96875,109907.09521484375,48800,2,0.96875,99658.91822814941,48800,2,0.96875,106925.9741821289,48800,2,0.96875,171375.129196167,48800,2,1.175,173142.39907836914,48800,2,1.175,170357.85066223145,48800,2,1.175,375303.30223083496,48800,2,1.175,163387.8271331787,48800,2,1.175,162238.37490844727,48800,2,1.175,157467.8478088379,48800,2,1.175,102704.65721130371,48800,2,1.175,104573.32905578613,48800,2,0.96875,12799003.293441772,4617,2456,5044,5054,2496,400,400,400,400,400,400,400,5398,3313,2476,400,2556,400,2419,400,400,400,400,3885,400,400,3409,400,2895,3778,2493,5055,0,0,0,0,0,0,0,0,0,0,0,0,0,0,0,0,0,0,0,0,0,0,0,0,0,0,10.526315689086914,0,0,0,0,0,20475,15905,8936,43,0,20475,13200,11646,38,0,66718994432,8589930496,32763973632,524288
199,1791349266941,986486.9131622314,48800,2,1.05,100071.87689208984,48800,2,1.05,99138.22691345215,48800,2,1.05,100468.21781921387,48800,2,1.05,109907.09523010254,48800,2,1.05,99658.9182434082,48800,2,1.05,106925.9741973877,48800,2,1.05,171375.12977600098,48800,2,1.05,173142.3996734619,48800,2,1.05,170357.8513031006,48800,2,1.05,375303.36894226074,48800,2,1.05,163387.8282775879,48800,2,1.05,162238.37550354004,48800,2,1.05,157467.84838867188,48800,2,1.05,102704.6572265625,48800,2,1.05,104573.3291015625,48800,2,1.05,12799012.657470703,4617,2456,5044,5054,2496,400,400,400,400,400,400,400,5398,3313,2476,400,2556,400,2419,400,400,400,400,3885,400,400,3409,400,2895,3778,2493,5055,0,0,0,0,0,0,0,0,0,0,0,0,0,0,0,0,0,0,0,0,0,0,0,0,0,0,14.285715103149414,0,0,0,0,0,20475,15905,8936,43,0,20475,13200,11646,38,0,66718994432,8589930496,32763969536,524288
199,1791349267141,986486.9156341553,3050,2,1.11875,100071.87692260742,48800,2,0.93125,99138.22692871094,48800,2,0.93125,100468.21786499023,48800,2,0.93125,109907.09526062012,48800,2,0.93125,99658.91836547852,48800,2,0.93125,106925.97422790527,48800,2,0.93125,171375.1304321289,3050,2,1.11875,173142.40032958984,3050,2,0.56875,170357.85200500488,3050,0,0.56875,375303.4394378662,3050,0,0.56875,163387.82904052734,3050,2,0.56875,162238.37617492676,3050,2,0.56875,157467.8490447998,3050,2,0.56875,102704.65725708008,48800,2,0.93125,104573.32914733887,48800,2,0.93125,12799022.136154175,4617,2456,5044,5054,2496,400,400,400,400,400,400,400,5398,3313,2476,400,2556,400,2419,400,400,400,400,3885,400,400,3409,400,2895,3778,2493,5055,0,0,0,0,0,0,0,0,0,0,0,0,0,0,0,0,0,0,0,0,0,0,0,0,0,0,10.526315689086914,0,0,0,0,0,20475,15905,8936,43,0,20475,13200,11633,38,0,66718994432,8589930496,32763969536,524288
200,1791349267341,986486.9168701172,48800,2,1.16875,100071.876953125,48800,2,1.0625,99138.22694396973,48800,2,1.0625,100468.2179107666,48800,2,1.0625,109907.0952911377,48800,2,1.0625,99658.9183959961,48800,2,1.0625,106925.97424316406,48800,2,1.0625,171375.13102722168,48800,2,1.16875,173142.40092468262,48800,2,1.16875,170357.85261535645,48800,2,1.16875,375303.5082702637,48800,2,1.16875,163387.83029174805,48800,2,1.16875,162238.37677001953,3050,2,1.06875,157467.84963989258,3050,2,1.06875,102704.65728759766,48800,2,1.0625,104573.32926940918,48800,2,1.0625,12799031.696609497,4617,2456,5044,5054,2496,400,400,400,400,400,400,400,5398,3313,2476,400,2556,400,2419,400,400,400,400,3885,400,400,3409,400,2895,3778,2493,5055,0,0,0,0,0,0,0,0,0,0,0,0,0,0,0,0,0,0,0,0,0,0,0,0,0,0,14.285715103149414,0,0,0,0,0,20475,15905,8936,43,0,20475,13200,11633,38,0,66718994432,8589930496,32758280192,524288
200,1791349267542,986486.9879150391,48800,2,1.13125,100071.87699890137,48800,2,1.125,99138.2269897461,48800,2,1.125,100468.21795654297,48800,2,1.125,109907.09533691406,48800,2,1.125,99658.91844177246,48800,2,0.925,106925.97428894043,48800,2,0.925,171375.13221740723,48800,2,1.13125,173142.40156555176,48800,2,1.13125,170357.85331726074,48800,2,1.13125,375303.5101623535,48800,2,1.13125,163387.8311767578,48800,2,1.13125,162238.37741088867,48800,2,1.13125,157467.85026550293,48800,2,1.13125,102704.65731811523,48800,2,1.125,104573.32933044434,48800,2,1.125,12799041.224761963,4617,2456,5044,5054,2496,400,400,400,400,400,400,400,5398,3313,2476,400,2556,400,2419,400,400,400,400,3885,400,400,3409,400,2895,3778,2493,5055,10.526315689086914,0,0,0,0,0,0,0,0,0,0,0,0,0,0,0,0,0,0,0,0,0,0,0,0,0,0,0,0,0,0,0,20475,15905,8936,43,0,20475,13200,11633,38,0,66718994432,8589930496,32775659520,524288
200,1791349267742,986487.054397583,48800,2,1.16875,100071.87699890137,48800,2,0.9812500000000001,99138.2269897461,48800,2,0.9812500000000001,100468.21795654297,48800,2,0.9812500000000001,109907.09533691406,48800,2,0.9812500000000001,99658.91844177246,48800,2,0.9812500000000001,106925.97428894043,48800,2,0.9812500000000001,171375.13397216797,48800,2,1.16875,173142.40211486816,48800,2,1.16875,170357.85398864746,48800,2,1.16875,375303.5108795166,48800,2,1.16875,163387.83235168457,48800,2,1.16875,162238.37797546387,48800,2,1.16875,157467.85081481934,48800,2,1.16875,102704.65733337402,48800,2,0.9812500000000001,104573.32936096191,48800,2,0.9812500000000001,12799050.697174072,4617,2456,5044,5054,2496,400,400,400,400,400,400,400,5398,3313,2476,400,2556,400,2419,400,400,400,400,3885,400,400,3409,400,2895,3778,2493,5055,10,0,0,0,0,0,0,0,0,0,0,0,0,0,0,0,0,0,0,0,0,0,0,0,0,0,0,0,0,0,0,0,20475,15905,8892,43,0,20475,13200,11633,38,0,66718994432,8589930496,32775659520,524288
200,1791349267942,986487.1116485596,48800,2,1.16875,100071.87701416016,48800,2,1.0625,99138.22700500488,48800,2,1.0625,100468.21797180176,48800,2,1.0625,109907.09535217285,48800,2,1.0625,99658.91845703125,48800,2,1.0625,106925.97430419922,48800,2,1.0625,171375.13484191895,48800,2,1.16875,173142.40312194824,48800,2,1.16875,170357.85496520996,3050,2,1.05625,375303.524307251,3050,2,1.05625,163387.83337402344,3050,2,1.05625,162238.37886047363,3050,2,1.05625,157467.85137939453,3050,2,1.05625,102704.65734863281,48800,2,1.0625,104573.32940673828,48800,2,1.0625,12799060.088806152,4617,2456,5044,5054,2496,400,400,400,400,400,400,400,5398,3313,2476,400,2556,400,2419,400,400,400,400,3885,400,400,3409,400,2895,3778,2493,5055,10.526315689086914,0,0,0,0,0,0,0,0,0,0,0,0,0,0,0,0,0,0,0,0,0,0,0,0,0,0,0,0,0,0,0,20475,15905,8892,43,0,20475,13200,11633,38,0,66718994432,8589930496,32755994624,524288
200,1791349268143,986487.1132965088,48800,2,1.13125,100071.87707519531,48800,2,1.13125,99138.22705078125,48800,2,1.13125,100468.21806335449,48800,2,1.13125,109907.09539794922,48800,2,1.13125,99658.9185333252,48800,2,0.93125,106925.97434997559,48800,2,0.93125,171375.1354827881,48800,2,1.13125,173142.40376281738,48800,2,1.13125,170357.8558959961,48800,2,1.13125,375303.5951080322,48800,2,1.13125,163387.83493041992,48800,2,1.13125,162238.37953186035,48800,2,1.13125,157467.85200500488,48800,2,1.13125,102704.65739440918,48800,2,1.13125,104573.32946777344,48800,2,1.13125,12799069.748458862,4617,2456,5044,5054,2496,400,400,400,400,400,400,400,5398,3313,2476,400,2556,400,2419,400,400,400,400,3885,400,400,3409,400,2895,3778,2493,5055,0,0,0,0,0,0,0,0,0,0,0,0,0,0,0,0,0,0,0,0,0,0,0,0,0,0,10,0,0,0,0,0,20475,15905,8892,43,0,20475,13200,11620,38,0,66718994432,8589930496,32763994112,524288
200,1791349268343,986487.1145019531,48800,2,1.16875,100071.87710571289,48800,2,0.975,99138.22708129883,48800,2,0.975,100468.21810913086,48800,2,0.975,109907.0954284668,48800,2,0.975,99658.91856384277,48800,2,0.975,106925.97438049316,48800,2,0.975,171375.1361541748,48800,2,1.16875,173142.40440368652,48800,2,1.16875,170357.85688781738,48800,2,1.16875,375303.6625671387,48800,2,1.16875,163387.83668518066,48800,2,1.16875,162238.3801727295,48800,2,1.16875,157467.85263061523,48800,2,1.16875,102704.65742492676,48800,2,0.975,104573.3295135498,48800,2,0.975,12799079.33934021,4617,2456,5044,5054,2496,400,400,400,400,400,400,400,5398,3313,2476,400,2556,400,2419,400,400,400,400,3885,400,400,3409,400,2895,3778,2493,5055,0,0,0,0,0,0,0,0,0,0,0,0,0,0,0,0,0,0,0,0,0,0,0,0,0,0,15.000000953674316,0,0,0,0,0,20475,15905,8892,43,0,20475,13200,11620,38,0,66718994432,8589930496,32763244544,524288
200,1791349268543,986487.1152496338,48800,2,1.16875,100071.87713623047,48800,2,1.0437500000000002,99138.2271118164,48800,2,1.0437500000000002,100468.21813964844,48800,2,1.0437500000000002,109907.09545898438,48800,2,1.0437500000000002,99658.91859436035,48800,2,1.0437500000000002,106925.97441101074,48800,2,1.0437500000000002,171375.13677978516,48800,2,1.16875,173142.4050140381,48800,2,1.16875,170357.85752868652,48800,2,1.16875,375303.7300720215,48800,2,1.16875,163387.83786010742,48800,2,1.16875,162238.38078308105,3050,2,1.05625,157467.853225708,3050,2,1.05625,102704.65745544434,48800,2,1.0437500000000002,104573.32955932617,48800,2,1.0437500000000002,12799088.786682129,4617,2456,5044,5054,2496,400,400,400,400,400,400,400,5398,3313,2476,400,2556,400,2419,400,400,400,400,3885,400,400,3409,400,2895,3778,2493,5055,0,0,0,0,0,0,0,0,0,0,0,0,0,0,0,0,0,0,0,0,0,0,0,0,0,0,14.285715103149414,0,0,0,0,0,20475,15905,8892,43,0,20475,13200,11620,38,0,66718994432,8589930496,32763244544,524288
200,1791349268744,986487.1164855957,3050,2,1.125,100071.87719726563,48800,2,1.13125,99138.22717285156,48800,2,1.13125,100468.2182006836,48800,2,1.13125,109907.09552001953,48800,2,1.13125,99658.91865539551,48800,2,0.93125,106925.9744720459,48800,2,0.93125,171375.1374053955,3050,2,1.125,173142.40559387207,3050,2,1.125,170357.85845947266,3050,2,1.125,375303.79621887207,3050,0,1.125,163387.83959960938,3050,2,1.125,162238.38136291504,3050,2,1.125,157467.853805542,3050,2,1.125,102704.65751647949,48800,2,1.13125,104573.32960510254,48800,2,1.13125,12799098.215362549,4617,2456,5044,5054,2496,400,400,400,400,400,400,400,5398,3313,2476,400,2556,400,2419,400,400,400,400,3885,400,400,3409,400,2895,3778,2493,5055,4.761904716491699,0,0,0,0,0,0,0,0,0,0,0,0,0,0,0,0,0,0,0,0,0,0,0,0,0,10.526315689086914,0,0,0,0,0,20475,15905,8797,43,0,20475,13200,11620,38,0,66718994432,8589930496,32763240448,524288
200,1791349268944,986487.1181488037,48800,2,1.16875,100071.87721252441,48800,2,0.95625,99138.22718811035,48800,2,0.95625,100468.21821594238,48800,2,0.95625,109907.09553527832,48800,2,0.95625,99658.9186706543,48800,2,0.95625,106925.97448730469,48800,2,0.95625,171375.13844299316,48800,2,1.16875,173142.40620422363,48800,2,1.16875,170357.85955810547,48800,2,1.16875,375303.86332702637,48800,2,1.16875,163387.84149169922,48800,2,1.16875,162238.3819732666,48800,2,1.16875,157467.85441589355,48800,2,1.16875,102704.65754699707,48800,2,1.16875,104573.32963562012,48800,2,0.95625,12799107.630233765,4617,2456,5044,5054,2496,400,400,400,400,400,400,400,5398,3313,2476,400,2556,400,2419,400,400,400,400,3885,400,400,3409,400,2895,3778,2493,5055,0,0,0,0,0,0,0,0,0,0,0,0,0,0,0,0,0,0,0,0,0,0,0,0,0,0,15.000000953674316,0,0,0,0,0,20475,15905,8797,43,0,20475,13200,11620,38,0,66718994432,8589930496,32763240448,524288
200,1791349269144,986487.1193084717,48800,2,1.16875,100071.87733459473,48800,2,1.05,99138.22882080078,48800,2,1.05,100468.21846008301,48800,2,1.05,109907.09564208984,48800,2,1.05,99658.91972351074,48800,2,1.05,106925.9751586914,48800,2,1.05,171375.14009094238,48800,2,1.16875,173142.40934753418,48800,2,1.16875,170357.8604736328,48800,2,1.16875,375303.93017578125,48800,2,1.16875,163387.84272766113,48800,2,1.16875,162238.38359069824,48800,2,1.16875,157467.85527038574,48800,2,1.16875,102704.6576538086,48800,2,1.05,104573.32984924316,48800,2,1.05,12799117.375396729,4617,2456,5044,5054,2496,400,400,400,400,400,400,400,5398,3313,2476,400,2556,400,2419,400,400,400,400,3885,400,400,3409,400,2895,3778,2493,5055,0,0,0,0,0,0,0,0,0,0,0,0,0,0,0,0,0,0,0,0,0,0,0,0,0,0,14.285715103149414,0,0,0,0,0,20475,15905,8797,43,0,20475,13200,11604,38,0,66718994432,8589930496,32763240448,524288
200,1791349269345,986487.1210479736,3050,2,1.10625,100071.8773803711,48800,2,1.1125,99138.22886657715,48800,2,1.1125,100468.21852111816,48800,2,1.1125,109907.095703125,48800,2,1.1125,99658.9197845459,48800,2,0.925,106925.97521972656,48800,2,0.925,171375.1407470703,3050,2,1.10625,173142.40997314453,3050,2,1.10625,170357.86195373535,3050,2,1.10625,375303.9984436035,3050,0,1.10625,163387.8451385498,3050,2,1.10625,162238.3842163086,3050,2,1.10625,157467.8558807373,3050,2,1.10625,102704.65769958496,48800,2,1.1125,104573.33003234863,48800,2,1.1125,12799126.937286377,4617,2456,5044,5054,2496,400,400,400,400,400,400,400,5398,3313,2476,400,2556,400,2419,400,400,400,400,3885,400,400,3409,400,2895,3778,2493,5055,0,0,0,0,0,0,0,0,0,0,0,0,0,0,0,0,0,0,0,0,0,0,0,0,0,0,10.526315689086914,0,0,0,0,0,20475,15905,8797,43,0,20475,13200,11604,38,0,66718994432,8589930496,32762585088,524288
35,1791349269545,986487.1227874756,48800,2,1.16875,100071.87744140625,48800,2,0.95625,99138.2289276123,48800,2,0.95625,100468.21858215332,48800,2,0.95625,109907.09576416016,48800,2,0.95625,99658.91984558105,48800,2,0.95625,106925.97528076172,48800,2,0.95625,171375.1414794922,48800,2,1.16875,173142.41069030762,48800,2,1.16875,170357.86471557617,48800,2,1.16875,375304.0655670166,48800,2,1.16875,163387.84619140625,48800,2,1.16875,162238.38494873047,48800,2,1.16875,157467.8565826416,48800,2,1.16875,102704.65925598145,48800,2,1.16875,104573.33010864258,48800,2,1.16875,12799136.716827393,4617,2456,5044,5054,2496,400,400,400,400,400,400,400,5398,3313,2476,400,2556,400,2419,400,400,400,400,3885,400,400,3409,400,2895,3778,2493,5055,0,0,0,0,0,0,0,0,0,0,0,0,0,0,0,0,0,0,0,0,0,0,0,0,0,0,14.285715103149414,0,0,0,0,0,20475,15905,8797,43,0,20475,13200,11604,38,0,66718994432,8589930496,32762585088,524288
