Delta,Time,CORE0_ENERGY (J),CORE0_FREQ (MHZ),CORE0_PSTATE,CORE0_VOLT (V),CORE10_ENERGY (J),CORE10_FREQ (MHZ),CORE10_PSTATE,CORE10_VOLT (V),CORE11_ENERGY (J),CORE11_FREQ (MHZ),CORE11_PSTATE,CORE11_VOLT (V),CORE12_ENERGY (J),CORE12_FREQ (MHZ),CORE12_PSTATE,CORE12_VOLT (V),CORE13_ENERGY (J),CORE13_FREQ (MHZ),CORE13_PSTATE,CORE13_VOLT (V),CORE14_ENERGY (J),CORE14_FREQ (MHZ),CORE14_PSTATE,CORE14_VOLT (V),CORE15_ENERGY (J),CORE15_FREQ (MHZ),CORE15_PSTATE,CORE15_VOLT (V),CORE1_ENERGY (J),CORE1_FREQ (MHZ),CORE1_PSTATE,CORE1_VOLT (V),CORE2_ENERGY (J),CORE2_FREQ (MHZ),CORE2_PSTATE,CORE2_VOLT (V),CORE3_ENERGY (J),CORE3_FREQ (MHZ),CORE3_PSTATE,CORE3_VOLT (V),CORE4_ENERGY (J),CORE4_FREQ (MHZ),CORE4_PSTATE,CORE4_VOLT (V),CORE5_ENERGY (J),CORE5_FREQ (MHZ),CORE5_PSTATE,CORE5_VOLT (V),CORE6_ENERGY (J),CORE6_FREQ (MHZ),CORE6_PSTATE,CORE6_VOLT (V),CORE7_ENERGY (J),CORE7_FREQ (MHZ),CORE7_PSTATE,CORE7_VOLT (V),CORE8_ENERGY (J),CORE8_FREQ (MHZ),CORE8_PSTATE,CORE8_VOLT (V),CORE9_ENERGY (J),CORE9_FREQ (MHZ),CORE9_PSTATE,CORE9_VOLT (V),CPU_ENERGY (J),CPU_FREQUENCY_0,CPU_FREQUENCY_1,CPU_FREQUENCY_10,CPU_FREQUENCY_11,CPU_FREQUENCY_12,CPU_FREQUENCY_13,CPU_FREQUENCY_14,CPU_FREQUENCY_15,CPU_FREQUENCY_16,CPU_FREQUENCY_17,CPU_FREQUENCY_18,CPU_FREQUENCY_19,CPU_FREQUENCY_2,CPU_FREQUENCY_20,CPU_FREQUENCY_21,CPU_FREQUENCY_22,CPU_FREQUENCY_23,CPU_FREQUENCY_24,CPU_FREQUENCY_25,CPU_FREQUENCY_26,CPU_FREQUENCY_27,CPU_FREQUENCY_28,CPU_FREQUENCY_29,CPU_FREQUENCY_3,CPU_FREQUENCY_30,CPU_FREQUENCY_31,CPU_FREQUENCY_4,CPU_FREQUENCY_5,CPU_FREQUENCY_6,CPU_FREQUENCY_7,CPU_FREQUENCY_8,CPU_FREQUENCY_9,CPU_USAGE_0,CPU_USAGE_1,CPU_USAGE_10,CPU_USAGE_11,CPU_USAGE_12,CPU_USAGE_13,CPU_USAGE_14,CPU_USAGE_15,CPU_USAGE_16,CPU_USAGE_17,CPU_USAGE_18,CPU_USAGE_19,CPU_USAGE_2,CPU_USAGE_20,CPU_USAGE_21,CPU_USAGE_22,CPU_USAGE_23,CPU_USAGE_24,CPU_USAGE_25,CPU_USAGE_26,CPU_USAGE_27,CPU_USAGE_28,CPU_USAGE_29,CPU_USAGE_3,CPU_USAGE_30,CPU_USAGE_31,CPU_USAGE_4,CPU_USAGE_5,CPU_USAGE_6,CPU_USAGE_7,CPU_USAGE_8,CPU_USAGE_9,GPU0_MEMORY_TOTAL,GPU0_MEMORY_USED,GPU0_POWER (mWatts),GPU0_TEMPERATURE,GPU0_USAGE,GPU1_MEMORY_TOTAL,GPU1_MEMORY_USED,GPU1_POWER (mWatts),GPU1_TEMPERATURE,GPU1_USAGE,TOTAL_MEMORY,TOTAL_SWAP,USED_MEMORY,USED_SWAP
0,1790685928869,442771.228225708,3050,0,0.31874999999999987,91532.24250793457,48800,2,0.4125000000000001,93074.37622070313,48800,2,0.4125000000000001,95730.85060119629,48800,2,0.4125000000000001,98644.16661071777,48800,2,0.4125000000000001,90288.40208435059,48800,2,0.4125000000000001,88158.54296875,48800,2,0.4125000000000001,140421.55059814453,3050,2,0.31874999999999987,145400.01248168945,3050,2,0.31874999999999987,145727.52563476563,3050,2,0.31874999999999987,356803.5076751709,3050,2,0.31874999999999987,141205.81022644043,3050,2,0.31874999999999987,135336.79022216797,3050,2,0.31874999999999987,135418.7791442871,3050,2,0.31874999999999987,94359.83213806152,48800,2,0.4125000000000001,96509.15348815918,48800,2,0.4125000000000001,8057270.459457397,3677,400,2508,400,2488,3776,400,5056,3334,400,400,5399,400,2449,400,400,400,400,400,2510,4895,400,400,400,3306,400,2523,400,5399,3692,3198,2509,0,0,0,2.857142925262451,0,2.941176414489746,2.857142925262451,0,2.857142925262451,2.941176414489746,0,2.857142925262451,5.555555820465088,2.941176414489746,0,2.857142925262451,0,0,0,2.941176414489746,0,0,0,0,2.857142925262451,0,2.857142925262451,0,0,0,0,0,20475,15889,36969,62,0,20475,13174,34127,62,0,66718990336,8589930496,21961383936,524288
199,1790685928869,442771.29455566406,3050,0,0.20625000000000004,91532.24838256836,48800,2,0.5875,93074.37643432617,48800,2,0.5875,95730.85502624512,48800,2,0.5875,98644.16773986816,48800,2,0.5875,90288.40417480469,48800,2,0.5875,88158.54655456543,48800,2,0.5875,140421.60710144043,3050,0,0.20625000000000004,145400.02810668945,3050,2,0.20625000000000004,145727.79740905762,3050,0,0.20625000000000004,356803.5128631592,3050,2,0.20625000000000004,141205.81092834473,3050,2,0.20625000000000004,135336.79109191895,3050,2,0.20625000000000004,135418.81631469727,3050,2,0.20625000000000004,94359.83792114258,48800,2,0.5875,96509.15933227539,48800,2,0.5875,8057272.964263916,3677,400,2508,400,2488,3776,400,5056,3334,400,400,5399,400,2449,400,400,400,400,400,2510,4895,400,400,400,3306,400,2523,400,5399,3692,3198,2509,0,0,0,2.857142925262451,0,2.941176414489746,2.857142925262451,0,2.857142925262451,2.941176414489746,0,2.857142925262451,5.555555820465088,2.941176414489746,0,2.857142925262451,0,0,0,2.941176414489746,0,0,0,0,2.857142925262451,0,2.857142925262451,0,0,0,0,0,20475,15889,36969,62,0,20475,13174,34127,62,0,66718990336,8589930496,21986328576,524288
199,1790685929069,442772.95526123047,3050,0,0.2437499999999999,91532.62434387207,16133.333333333334,0,0.40625,93074.74526977539,16133.333333333334,0,0.40625,95731.23295593262,16133.333333333334,0,0.40625,98644.54554748535,16133.333333333334,0,0.40625,90288.78025817871,16133.333333333334,0,0.40625,88158.92286682129,16133.333333333334,0,0.40625,140422.1027984619,3050,0,0.2437499999999999,145400.61186218262,3050,0,0.2437499999999999,145728.57991027832,3050,0,0.2437499999999999,356804.1367492676,3050,0,0.2437499999999999,141206.39868164063,3050,0,0.2437499999999999,135337.3705444336,3050,0,0.2437499999999999,135419.3903503418,3050,0,0.2437499999999999,94360.21215820313,16133.333333333334,0,0.40625,96509.56021118164,16133.333333333334,0,0.40625,8057296.277770996,3677,400,2508,400,2488,3776,400,5056,3334,400,400,5399,400,2449,400,400,400,400,400,2510,4895,400,400,400,3306,400,2523,400,5399,3692,3198,2509,36,28,53.84615707397461,23.076923370361328,54.16666793823242,53.84615707397461,54.16666793823242,54.16666793823242,76,38.46154022216797,53.84615707397461,36,24,53.84615707397461,24,23.076923370361328,52,24,53.84615707397461,23.076923370361328,52,24,23.076923370361328,53.84615707397461,23.076923370361328,23.076923370361328,24,52,52,28,52,25.925926208496094,20475,15889,36969,62,0,20475,13174,38871,66,85,66718990336,8589930496,21996634112,524288
199,1790685929269,442775.0274963379,3050,0,0.23124999999999996,91532.78085327148,16133.333333333334,0,0.40625,93074.90551757813,16133.333333333334,0,0.40625,95731.39039611816,16133.333333333334,2,0.40625,98644.71061706543,16133.333333333334,2,0.40625,90288.9409942627,16133.333333333334,2,0.40625,88159.08515930176,16133.333333333334,2,0.40625,140422.36575317383,3050,2,0.23124999999999996,145400.8828125,3050,2,0.23124999999999996,145728.8360595703,3050,2,0.23124999999999996,356804.4206390381,3050,2,0.23124999999999996,141206.67890930176,3050,0,0.23124999999999996,135337.62530517578,3050,2,0.23124999999999996,135419.6436920166,3050,2,0.23124999999999996,94360.3695526123,16133.333333333334,2,0.40625,96509.71762084961,16133.333333333334,0,0.40625,8057316.239440918,3677,400,2508,400,2488,3776,400,5056,3334,400,400,5399,400,2449,400,400,400,400,400,2510,4895,400,400,400,3306,400,2523,400,5399,3692,3198,2509,10.526315689086914,50,50,0,47.619049072265625,47.36842346191406,45,47.619049072265625,100,0,47.36842346191406,0,0,47.36842346191406,0,0,47.36842346191406,0,47.36842346191406,0,45,0,0,47.36842346191406,0,0,0,50,50,0,47.36842346191406,0,20475,15889,36969,62,0,20475,13174,46501,68,86,66718990336,8589930496,22013919232,524288
199,1790685929469,442777.0996398926,3050,0,0.23750000000000004,91532.9402923584,48800,2,0.93125,93075.06600952148,48800,2,0.93125,95731.5502319336,48800,2,0.93125,98644.87437438965,48800,2,0.93125,90289.1011505127,48800,2,0.93125,88159.2459564209,48800,2,0.93125,140422.6304321289,3050,2,0.23750000000000004,145401.16075134277,3050,2,0.23750000000000004,145729.1078491211,3050,2,0.23750000000000004,356804.70866394043,3050,2,0.23750000000000004,141206.97972106934,3050,2,0.23750000000000004,135337.88725280762,3050,2,0.23750000000000004,135419.9049835205,3050,2,0.23750000000000004,94360.53108215332,48800,2,0.93125,96509.87702941895,48800,2,0.93125,8057336.080429077,3677,400,2508,400,2488,3776,400,5056,3334,400,400,5399,400,2449,400,400,400,400,400,2510,4895,400,400,400,3306,400,2523,400,5399,3692,3198,2509,10,50,52.38095474243164,0,52.6315803527832,52.38095474243164,55,52.6315803527832,100,0,52.38095474243164,0,0,52.38095474243164,0,0,52.38095474243164,0,52.38095474243164,0,55,0,0,52.38095474243164,0,0,0,55,47.619049072265625,4.761904716491699,52.38095474243164,0,20475,15889,36943,62,0,20475,13174,69786,68,86,66718990336,8589930496,22016360448,524288
199,1790685929669,442779.1727294922,3050,0,0.2437499999999999,91533.0908203125,16133.333333333334,0,0.40625,93075.21900939941,16133.333333333334,0,0.40625,95731.7006225586,16133.333333333334,0,0.40625,98645.03065490723,16133.333333333334,0,0.40625,90289.2518157959,16133.333333333334,0,0.40625,88159.39994812012,16133.333333333334,0,0.40625,140422.88383483887,3050,0,0.2437499999999999,145401.4262084961,3050,0,0.2437499999999999,145729.39724731445,3050,0,0.2437499999999999,356804.98414611816,3050,0,0.2437499999999999,141207.28147888184,3050,0,0.2437499999999999,135338.15353393555,3050,0,0.2437499999999999,135420.1516571045,3050,0,0.2437499999999999,94360.68614196777,16133.333333333334,0,0.40625,96510.02745056152,16133.333333333334,0,0.40625,8057355.6895599365,3677,400,2508,400,2488,3776,400,5056,3334,400,400,5399,400,2449,400,400,400,400,400,2510,4895,400,400,400,3306,400,2523,400,5399,3692,3198,2509,10,50,52.38095474243164,0,52.6315803527832,52.38095474243164,55,52.6315803527832,100,0,52.38095474243164,0,0,52.38095474243164,0,0,52.38095474243164,0,52.38095474243164,0,55,0,0,52.38095474243164,0,0,0,55,47.619049072265625,4.761904716491699,52.38095474243164,0,20475,15889,36943,62,0,20475,13174,76436,69,87,66718990336,8589930496,22033895424,524288
199,1790685929869,442781.238861084,3050,0,0.25,91533.24075317383,16133.333333333334,0,0.40625,93075.37187194824,16133.333333333334,0,0.40625,95731.85020446777,16133.333333333334,0,0.40625,98645.18817138672,16133.333333333334,0,0.40625,90289.40548706055,16133.333333333334,0,0.40625,88159.55270385742,16133.333333333334,0,0.40625,140423.14155578613,3050,0,0.25,145401.68878173828,3050,0,0.25,145729.64100646973,3050,0,0.25,356805.32804870605,3050,0,0.25,141207.5591583252,3050,0,0.25,135338.39903259277,3050,0,0.25,135420.39233398438,3050,0,0.25,94360.83894348145,16133.333333333334,0,0.40625,96510.17964172363,16133.333333333334,0,0.40625,8057375.468215942,3677,400,2508,400,2488,3776,400,5056,3334,400,400,5399,400,2449,400,400,400,400,400,2510,4895,400,400,400,3306,400,2523,400,5399,3692,3198,2509,32.5,50,48.71794891357422,7.692307949066162,48.780487060546875,50,48.780487060546875,48.780487060546875,67.5,0,48.71794891357422,0,0,48.71794891357422,0,0,50,0,48.71794891357422,0,41.46341323852539,0,0,52.499996185302734,0,0,5,50,50,0,50,0,20475,15889,36943,62,0,20475,13174,81314,69,87,66718990336,8589930496,22044971008,524288
199,1790685930069,442783.3159637451,3050,0,0.23124999999999996,91533.42375183105,16133.333333333334,0,0.64375,93075.54823303223,16133.333333333334,2,0.64375,95732.01805114746,16133.333333333334,2,0.64375,98645.39273071289,16133.333333333334,2,0.40625,90289.5806274414,16133.333333333334,0,0.40625,88159.69590759277,16133.333333333334,0,0.40625,140423.4316558838,3050,2,0.23124999999999996,145401.98178100586,3050,2,0.23124999999999996,145729.92204284668,3050,2,0.23124999999999996,356805.67945861816,3050,2,0.23124999999999996,141207.84562683105,3050,2,0.23124999999999996,135338.6732788086,3050,2,0.23124999999999996,135420.66163635254,3050,2,0.23124999999999996,94361.06413269043,16133.333333333334,2,0.64375,96510.35815429688,16133.333333333334,2,0.64375,8057395.810562134,3677,400,2508,400,2488,3776,400,5056,3334,400,400,5399,400,2449,400,400,400,400,400,2510,4895,400,400,400,3306,400,2523,400,5399,3692,3198,2509,100,50,45,50,50,45,52.6315803527832,40,0,0,52.38095474243164,0,0,52.38095474243164,0,0,50,45,52.38095474243164,0,0,0,5,50,0,0,10,50,50,0,42.85714340209961,0,20475,15889,36943,62,0,20475,13174,111835,69,87,66718990336,8589930496,22036672512,524288
199,1790685930269,442785.4282836914,3050,0,0.23750000000000004,91533.58882141113,16133.333333333334,0,0.40625,93075.7131652832,16133.333333333334,0,0.40625,95732.18193054199,16133.333333333334,0,0.40625,98645.61882019043,16133.333333333334,0,0.40625,90289.7512512207,16133.333333333334,0,0.40625,88159.84715270996,16133.333333333334,0,0.40625,140423.72332763672,3050,0,0.23750000000000004,145402.2771911621,3050,0,0.23750000000000004,145730.1947479248,3050,0,0.23750000000000004,356806.0188598633,3050,0,0.23750000000000004,141208.1374053955,3050,0,0.23750000000000004,135338.9504699707,3050,0,0.23750000000000004,135420.93370056152,3050,0,0.23750000000000004,94361.23162841797,16133.333333333334,0,0.40625,96510.52809143066,16133.333333333334,0,0.40625,8057415.801635742,3677,400,2508,400,2488,3776,400,5056,3334,400,400,5399,400,2449,400,400,400,400,400,2510,4895,400,400,400,3306,400,2523,400,5399,3692,3198,2509,100,50,45,50,50,45,52.6315803527832,40,0,0,52.38095474243164,0,0,52.38095474243164,0,0,50,45,52.38095474243164,0,0,0,5,50,0,0,10,50,50,0,42.85714340209961,0,20475,15889,36943,62,0,20475,13174,112972,69,87,66718990336,8589930496,22036672512,524288
199,1790685930469,442787.54901123047,3050,0,0.2437499999999999,91533.7395324707,16133.333333333334,0,0.40625,93075.86170959473,16133.333333333334,0,0.40625,95732.32907104492,16133.333333333334,0,0.40625,98645.82293701172,16133.333333333334,0,0.40625,90289.90476989746,16133.333333333334,0,0.40625,88159.99580383301,16133.333333333334,0,0.40625,140423.99865722656,3050,0,0.2437499999999999,145402.54927062988,3050,0,0.2437499999999999,145730.44018554688,3050,0,0.2437499999999999,356806.3502960205,3050,0,0.2437499999999999,141208.41035461426,3050,0,0.2437499999999999,135339.19956970215,3050,0,0.2437499999999999,135421.17524719238,3050,0,0.2437499999999999,94361.37963867188,16133.333333333334,0,0.40625,96510.67889404297,16133.333333333334,0,0.40625,8057435.728973389,3677,400,2508,400,2488,3776,400,5056,3334,400,400,5399,400,2449,400,400,400,400,400,2510,4895,400,400,400,3306,400,2523,400,5399,3692,3198,2509,100,50,51.28205490112305,50,51.28205490112305,50,50,48.71794891357422,0,0,48.71794891357422,0,0,48.71794891357422,0,0,50,50,48.71794891357422,0,0,0,0,50,0,0,12.195121765136719,50,50,0,0,0,20475,15889,36877,62,0,20475,13174,113123,70,87,66718990336,8589930496,22036672512,524288
199,1790685930670,442789.68572998047,3050,0,0.23124999999999996,91533.90283203125,48800,2,0.6,93076.02209472656,48800,2,0.6,95732.48861694336,48800,2,0.6,98646.04454040527,48800,2,0.6,90290.06689453125,48800,2,0.6,88160.15214538574,48800,2,0.6,140424.28509521484,3050,2,0.23124999999999996,145402.91398620605,3050,2,0.23124999999999996,145730.7003326416,3050,2,0.23124999999999996,356806.68394470215,3050,2,0.23124999999999996,141208.6932373047,3050,2,0.23124999999999996,135339.46212768555,3050,2,0.23124999999999996,135421.4278564453,3050,2,0.23124999999999996,94361.5407409668,48800,2,0.6,96510.84126281738,48800,2,0.6,8057455.795394897,3677,400,2508,400,2488,3776,400,5056,3334,400,400,5399,400,2449,400,400,400,400,400,2510,4895,400,400,400,3306,400,2523,400,5399,3692,3198,2509,100,47.36842346191406,45,50,45,47.36842346191406,45,47.619049072265625,0,0,50,0,0,50,0,0,47.36842346191406,47.36842346191406,50,0,0,0,0,47.36842346191406,0,0,10,47.36842346191406,50,0,0,0,20475,15889,36877,62,0,20475,13174,113240,69,86,66718990336,8589930496,22036668416,524288
199,1790685930870,442791.7731781006,3050,0,0.2437499999999999,91534.06826782227,16133.333333333334,0,0.3999999999999999,93076.18614196777,16133.333333333334,0,0.3999999999999999,95732.65087890625,16133.333333333334,0,0.3999999999999999,98646.26930236816,16133.333333333334,0,0.3999999999999999,90290.23545837402,16133.333333333334,0,0.3999999999999999,88160.31311035156,16133.333333333334,0,0.3999999999999999,140424.57945251465,3050,0,0.2437499999999999,145403.2707672119,3050,0,0.2437499999999999,145730.9575958252,3050,0,0.2437499999999999,356807.0221862793,3050,0,0.2437499999999999,141208.97915649414,3050,0,0.2437499999999999,135339.72534179688,3050,0,0.2437499999999999,135421.68295288086,3050,0,0.2437499999999999,94361.70416259766,16133.333333333334,0,0.3999999999999999,96511.0051574707,16133.333333333334,0,0.3999999999999999,8057475.892227173,3677,400,2508,400,2488,3776,400,5056,3334,400,400,5399,400,2449,400,400,400,400,400,2510,4895,400,400,400,3306,400,2523,400,5399,3692,3198,2509,100,47.36842346191406,45,50,45,47.36842346191406,45,47.619049072265625,0,0,50,0,0,50,0,0,47.36842346191406,47.36842346191406,50,0,0,0,0,47.36842346191406,0,0,10,47.36842346191406,50,0,0,0,20475,15889,36877,62,0,20475,13174,112991,70,85,66718990336,8589930496,22033821696,524288
199,1790685931070,442793.910736084,3050,0,0.23750000000000004,91534.23579406738,16133.333333333334,0,0.40625,93076.36039733887,16133.333333333334,0,0.40625,95732.83378601074,16133.333333333334,0,0.40625,98646.49198913574,16133.333333333334,0,0.40625,90290.40905761719,16133.333333333334,0,0.40625,88160.47885131836,16133.333333333334,0,0.40625,140424.8808746338,3050,0,0.23750000000000004,145403.64671325684,3050,0,0.23750000000000004,145731.28958129883,3050,0,0.23750000000000004,356807.4127807617,3050,0,0.23750000000000004,141209.28999328613,3050,0,0.23750000000000004,135339.95442199707,3050,0,0.23750000000000004,135421.9486694336,3050,0,0.23750000000000004,94361.87069702148,16133.333333333334,0,0.40625,96511.17462158203,16133.333333333334,0,0.40625,8057496.182495117,3677,400,2508,400,2488,3776,400,5056,3334,400,400,5399,400,2449,400,400,400,400,400,2510,4895,400,400,400,3306,400,2523,400,5399,3692,3198,2509,56.41025924682617,46.34146499633789,51.219512939453125,50,52.499996185302734,51.219512939453125,51.219512939453125,50,45,10,50,4.878048419952393,0,22.5,7.317072868347168,20,51.219512939453125,51.219512939453125,50,0,0,0,0,51.219512939453125,0,0,37.5,51.219512939453125,25.641027450561523,0,0,0,20475,15889,36877,62,0,20475,13174,113076,70,87,66718990336,8589930496,22010515456,524288
199,1790685931270,442796.0598297119,3050,0,0.23124999999999996,91534.40274047852,48800,2,0.40625,93076.51982116699,48800,2,0.40625,95732.99569702148,16133.333333333334,2,0.58125,98646.71809387207,16133.333333333334,2,0.58125,90290.57556152344,16133.333333333334,0,0.58125,88160.64283752441,16133.333333333334,0,0.58125,140425.14408874512,3050,2,0.23124999999999996,145404.01083374023,3050,2,0.23124999999999996,145731.5588531494,3050,2,0.23124999999999996,356807.8195037842,3050,0,0.23124999999999996,141209.5583190918,3050,0,0.23124999999999996,135340.24377441406,3050,2,0.23124999999999996,135422.20851135254,3050,2,0.23124999999999996,94362.03318786621,48800,2,0.40625,96511.33959960938,48800,2,0.40625,8057516.381195068,3677,400,2508,400,2488,3776,400,5056,3334,400,400,5399,400,2449,400,400,400,400,400,2510,4895,400,400,400,3306,400,2523,400,5399,3692,3198,2509,0,0,50,50,50,50,47.36842346191406,50,100,50,50,0,0,10,0,0,47.36842346191406,47.36842346191406,50,0,0,0,0,50,0,0,47.36842346191406,47.36842346191406,47.619049072265625,0,0,0,20475,15889,36877,62,0,20475,13174,113154,70,86,66718990336,8589930496,22027767808,524288
199,1790685931470,442798.1848297119,3050,0,0.23124999999999996,91534.56809997559,16133.333333333334,0,0.3999999999999999,93076.67910766602,16133.333333333334,0,0.3999999999999999,95733.1557006836,16133.333333333334,0,0.3999999999999999,98646.94306945801,16133.333333333334,0,0.3999999999999999,90290.7400970459,16133.333333333334,0,0.3999999999999999,88160.80548095703,16133.333333333334,0,0.3999999999999999,140425.40551757813,3050,0,0.23124999999999996,145404.361328125,3050,0,0.23124999999999996,145731.8193206787,3050,0,0.23124999999999996,356808.201751709,3050,0,0.23124999999999996,141209.81968688965,3050,0,0.23124999999999996,135340.53485107422,3050,0,0.23124999999999996,135422.4605255127,3050,0,0.23124999999999996,94362.19543457031,16133.333333333334,0,0.3999999999999999,96511.50344848633,16133.333333333334,0,0.3999999999999999,8057536.5391693115,3677,400,2508,400,2488,3776,400,5056,3334,400,400,5399,400,2449,400,400,400,400,400,2510,4895,400,400,400,3306,400,2523,400,5399,3692,3198,2509,0,0,50,50,50,50,47.36842346191406,50,100,50,50,0,0,10,0,0,47.36842346191406,47.36842346191406,50,0,0,0,0,50,0,0,47.36842346191406,47.36842346191406,47.619049072265625,0,0,0,20475,15889,36799,61,0,20475,13174,113053,70,86,66718990336,8589930496,22027767808,524288
199,1790685931670,442800.3325958252,3050,0,0.23750000000000004,91534.72888183594,16133.333333333334,0,0.40625,93076.83190917969,16133.333333333334,0,0.40625,95733.30897521973,16133.333333333334,0,0.40625,98647.15740966797,16133.333333333334,0,0.40625,90290.89717102051,16133.333333333334,0,0.40625,88160.96179199219,16133.333333333334,0,0.40625,140425.6598815918,3050,0,0.23750000000000004,145404.7052001953,3050,0,0.23750000000000004,145732.0747680664,3050,0,0.23750000000000004,356808.581741333,3050,0,0.23750000000000004,141210.07759094238,3050,0,0.23750000000000004,135340.81367492676,3050,0,0.23750000000000004,135422.71226501465,3050,0,0.23750000000000004,94362.35116577148,16133.333333333334,0,0.40625,96511.65884399414,16133.333333333334,0,0.40625,8057556.452636719,3677,400,2508,400,2488,3776,400,5056,3334,400,400,5399,400,2449,400,400,400,400,400,2510,4895,400,400,400,3306,400,2523,400,5399,3692,3198,2509,0,0,50,50,50,50,50,50,100,50,50,0,0,12.195121765136719,0,0,50,51.219512939453125,50,0,0,0,0,50,0,0,51.28205490112305,50,51.28205490112305,0,0,0,20475,15889,36799,61,0,20475,13174,113129,70,86,66718990336,8589930496,22027767808,524288
199,1790685931870,442802.47007751465,3050,0,0.23124999999999996,91534.88717651367,16133.333333333334,2,0.40625,93076.98812866211,16133.333333333334,2,0.40625,95733.46626281738,16133.333333333334,2,0.40625,98647.36695861816,16133.333333333334,2,0.40625,90291.0590057373,16133.333333333334,2,0.40625,88161.11741638184,16133.333333333334,0,0.40625,140425.91752624512,3050,2,0.23124999999999996,145405.04724121094,3050,0,0.23124999999999996,145732.33018493652,3050,2,0.23124999999999996,356808.94635009766,3050,0,0.23124999999999996,141210.33575439453,3050,2,0.23124999999999996,135341.09788513184,3050,2,0.23124999999999996,135422.95991516113,3050,2,0.23124999999999996,94362.50883483887,16133.333333333334,2,0.40625,96511.81593322754,16133.333333333334,2,0.40625,8057576.51663208,3677,400,2508,400,2488,3776,400,5056,3334,400,400,5399,400,2449,400,400,400,400,400,2510,4895,400,400,400,3306,400,2523,400,5399,3692,3198,2509,0,0,47.36842346191406,50,45,47.36842346191406,50,50,100,50,50,0,0,10,0,0,50,47.36842346191406,50,0,0,0,0,50,0,0,47.619049072265625,50,47.619049072265625,0,0,0,20475,15889,36799,61,0,20475,13174,113145,70,86,66718990336,8589930496,22025875456,524288
199,1790685932070,442804.59841918945,3050,0,0.23124999999999996,91535.06764221191,16133.333333333334,0,0.40625,93077.16893005371,16133.333333333334,0,0.40625,95733.64556884766,16133.333333333334,0,0.3999999999999999,98647.61940002441,16133.333333333334,2,0.3999999999999999,90291.22979736328,16133.333333333334,2,0.3999999999999999,88161.29399108887,16133.333333333334,0,0.3999999999999999,140426.1971435547,3050,0,0.23124999999999996,145405.4315185547,3050,0,0.23124999999999996,145732.6418609619,3050,0,0.23124999999999996,356809.3034210205,3050,0,0.23124999999999996,141210.6159362793,3050,0,0.23124999999999996,135341.39442443848,3050,0,0.23124999999999996,135423.23860168457,3050,0,0.23124999999999996,94362.70826721191,16133.333333333334,0,0.40625,96512.00819396973,16133.333333333334,0,0.40625,8057597.100357056,3677,400,2508,400,2488,3776,400,5056,3334,400,400,5399,400,2449,400,400,400,400,400,2510,4895,400,400,400,3306,400,2523,400,5399,3692,3198,2509,0,0,47.36842346191406,50,45,47.36842346191406,50,50,100,50,50,0,0,10,0,0,50,47.36842346191406,50,0,0,0,0,50,0,0,47.619049072265625,50,47.619049072265625,0,0,0,20475,15889,36799,61,0,20475,13174,113389,70,86,66718990336,8589930496,22025854976,524288
199,1790685932270,442806.7446594238,3050,0,0.23750000000000004,91535.22843933105,16133.333333333334,0,0.40625,93077.33744812012,16133.333333333334,0,0.40625,95733.80659484863,16133.333333333334,0,0.40625,98647.84112548828,16133.333333333334,0,0.40625,90291.35485839844,16133.333333333334,0,0.40625,88161.43864440918,16133.333333333334,0,0.40625,140426.46199035645,3050,0,0.23750000000000004,145405.79357910156,3050,0,0.23750000000000004,145732.89962768555,3050,0,0.23750000000000004,356809.63523864746,3050,0,0.23750000000000004,141210.8763885498,3050,0,0.23750000000000004,135341.67539978027,3050,0,0.23750000000000004,135423.49417114258,3050,0,0.23750000000000004,94362.86538696289,16133.333333333334,0,0.40625,96512.16346740723,16133.333333333334,0,0.40625,8057617.109954834,3677,400,2508,400,2488,3776,400,5056,3334,400,400,5399,400,2449,400,400,400,400,400,2510,4895,400,400,400,3306,400,2523,400,5399,3692,3198,2509,0,0,51.219512939453125,32.5,52.499996185302734,51.219512939453125,45,47.5,100,50,50,5,0,7.692307949066162,27.5,0,50,51.28205490112305,50,0,25.641027450561523,0,0,50,0,0,51.28205490112305,24.390243530273438,51.28205490112305,0,0,2.5,20475,15889,36799,61,0,20475,13174,113464,71,86,66718990336,8589930496,22026113024,524288
199,1790685932470,442808.8816986084,3050,0,0.23124999999999996,91535.38732910156,16133.333333333334,2,0.40625,93077.48971557617,16133.333333333334,2,0.40625,95733.96298217773,16133.333333333334,2,0.40625,98648.05378723145,16133.333333333334,2,0.40625,90291.50924682617,16133.333333333334,2,0.40625,88161.59883117676,16133.333333333334,0,0.40625,140426.71823120117,3050,2,0.23124999999999996,145406.14166259766,3050,0,0.23124999999999996,145733.15237426758,3050,2,0.23124999999999996,356809.9605560303,3050,0,0.23124999999999996,141211.13291931152,3050,2,0.23124999999999996,135341.95738220215,3050,0,0.23124999999999996,135423.74320983887,3050,2,0.23124999999999996,94363.02171325684,16133.333333333334,2,0.40625,96512.31629943848,16133.333333333334,2,0.40625,8057637.111083984,3677,400,2508,400,2488,3776,400,5056,3334,400,400,5399,400,2449,400,400,400,400,400,2510,4895,400,400,400,3306,400,2523,400,5399,3692,3198,2509,0,0,50,0,50,50,47.619049072265625,50,100,50,50,0,0,10,50,0,50,50,50,0,50,0,0,50,0,0,47.619049072265625,0,47.619049072265625,0,0,0,20475,15889,36723,61,0,20475,13174,113486,70,86,66718990336,8589930496,22026113024,524288
199,1790685932670,442811.0034790039,3050,0,0.23124999999999996,91535.55717468262,16133.333333333334,2,0.39375000000000004,93077.65319824219,16133.333333333334,2,0.39375000000000004,95734.13198852539,16133.333333333334,2,0.39375000000000004,98648.27995300293,16133.333333333334,2,0.39375000000000004,90291.6858215332,16133.333333333334,2,0.39375000000000004,88161.7707824707,16133.333333333334,0,0.39375000000000004,140426.9963531494,3050,0,0.23124999999999996,145406.5186767578,3050,0,0.23124999999999996,145733.42013549805,3050,0,0.23124999999999996,356810.37423706055,3050,0,0.23124999999999996,141211.39518737793,3050,0,0.23124999999999996,135342.25427246094,3050,0,0.23124999999999996,135424.0065460205,3050,0,0.23124999999999996,94363.19956970215,16133.333333333334,2,0.39375000000000004,96512.48292541504,16133.333333333334,2,0.39375000000000004,8057657.455688477,3677,400,2508,400,2488,3776,400,5056,3334,400,400,5399,400,2449,400,400,400,400,400,2510,4895,400,400,400,3306,400,2523,400,5399,3692,3198,2509,0,0,50,0,50,50,47.619049072265625,50,100,50,50,0,0,10,50,0,50,50,50,0,50,0,0,50,0,0,47.619049072265625,0,47.619049072265625,0,0,0,20475,15889,36723,61,0,20475,13174,113375,70,86,66718990336,8589930496,22025334784,524288
199,1790685932870,442813.1506958008,3050,0,0.23750000000000004,91535.71649169922,16133.333333333334,0,0.40625,93077.80833435059,16133.333333333334,0,0.40625,95734.29069519043,16133.333333333334,0,0.40625,98648.49230957031,16133.333333333334,0,0.40625,90291.85014343262,16133.333333333334,0,0.40625,88161.93324279785,16133.333333333334,0,0.40625,140427.25506591797,3050,0,0.23750000000000004,145406.86947631836,3050,0,0.23750000000000004,145733.6703338623,3050,0,0.23750000000000004,356810.78343200684,3050,0,0.23750000000000004,141211.64785766602,3050,0,0.23750000000000004,135342.54277038574,3050,0,0.23750000000000004,135424.25819396973,3050,0,0.23750000000000004,94363.35859680176,16133.333333333334,0,0.40625,96512.64106750488,16133.333333333334,0,0.40625,8057677.524261475,3677,400,2508,400,2488,3776,400,5056,3334,400,400,5399,400,2449,400,400,400,400,400,2510,4895,400,400,400,3306,400,2523,400,5399,3692,3198,2509,2.5,0,50,0,50,50,51.28205490112305,50,100,50,50,0,0,10,27.5,0,50,42.5,50,0,50,0,0,50,0,0,51.28205490112305,23.076923370361328,51.28205490112305,0,10,0,20475,15889,36723,61,0,20475,13174,113559,71,87,66718990336,8589930496,22025334784,524288
199,1790685933070,442815.2984466553,3050,0,0.22499999999999987,91535.8881225586,16133.333333333334,0,0.40625,93077.98710632324,16133.333333333334,2,0.40625,95734.46015930176,16133.333333333334,0,0.40625,98648.71078491211,16133.333333333334,2,0.40625,90292.01968383789,16133.333333333334,0,0.40625,88162.10235595703,16133.333333333334,0,0.40625,140427.55978393555,3050,2,0.22499999999999987,145407.23544311523,3050,0,0.22499999999999987,145733.94102478027,3050,2,0.22499999999999987,356811.12745666504,3050,0,0.22499999999999987,141211.96160888672,3050,2,0.22499999999999987,135342.82582092285,3050,0,0.22499999999999987,135424.51712036133,3050,2,0.22499999999999987,94363.54328918457,16133.333333333334,2,0.40625,96512.81498718262,16133.333333333334,2,0.40625,8057697.928100586,3677,400,2508,400,2488,3776,400,5056,3334,400,400,5399,400,2449,400,400,400,400,400,2510,4895,400,400,400,3306,400,2523,400,5399,3692,3198,2509,0,5,50,5,50,50,47.619049072265625,50,100,52.38095474243164,42.85714340209961,0,9.523809432983398,14.285715103149414,45,0,50,14.285715103149414,50,0,45,0,4.761904716491699,50,0,0,50,5,47.619049072265625,0,50,0,20475,15889,36723,61,0,20475,13174,113618,70,87,66718990336,8589930496,22023032832,524288
199,1790685933270,442817.4448547363,3050,0,0.23124999999999996,91536.05632019043,16133.333333333334,2,0.40625,93078.15242004395,16133.333333333334,2,0.40625,95734.63410949707,16133.333333333334,0,0.40625,98648.94062805176,16133.333333333334,0,0.40625,90292.19306945801,16133.333333333334,0,0.40625,88162.2744140625,16133.333333333334,2,0.40625,140427.83654785156,3050,2,0.23124999999999996,145407.50073242188,3050,2,0.23124999999999996,145734.22018432617,3050,2,0.23124999999999996,356811.46394348145,3050,0,0.23124999999999996,141212.25421142578,3050,2,0.23124999999999996,135343.09939575195,3050,0,0.23124999999999996,135424.78067016602,3050,2,0.23124999999999996,94363.71398925781,16133.333333333334,2,0.40625,96512.98472595215,16133.333333333334,2,0.40625,8057718.103637695,3677,400,2508,400,2488,3776,400,5056,3334,400,400,5399,400,2449,400,400,400,400,400,2510,4895,400,400,400,3306,400,2523,400,5399,3692,3198,2509,0,0,20,55,50,50,52.6315803527832,50,100,50,0,0,36.842105865478516,10,50,0,50,50,50,30.000001907348633,0,0,0,50,0,0,52.6315803527832,20,47.36842346191406,0,0,0,20475,15889,36723,61,0,20475,13174,113734,71,87,66718990336,8589930496,22023237632,524288
199,1790685933470,442819.5960998535,3050,0,0.23750000000000004,91536.22004699707,16133.333333333334,0,0.3999999999999999,93078.31214904785,16133.333333333334,0,0.3999999999999999,95734.7970123291,16133.333333333334,0,0.3999999999999999,98649.15954589844,16133.333333333334,0,0.3999999999999999,90292.35954284668,16133.333333333334,0,0.3999999999999999,88162.43786621094,16133.333333333334,0,0.3999999999999999,140428.10229492188,3050,0,0.23750000000000004,145407.85809326172,3050,0,0.23750000000000004,145734.48780822754,3050,0,0.23750000000000004,356811.8084869385,3050,0,0.23750000000000004,141212.51461791992,3050,0,0.23750000000000004,135343.3934173584,3050,0,0.23750000000000004,135425.04649353027,3050,0,0.23750000000000004,94363.87818908691,16133.333333333334,0,0.3999999999999999,96513.1463470459,16133.333333333334,0,0.3999999999999999,8057738.241989136,3677,400,2508,400,2488,3776,400,5056,3334,400,400,5399,400,2449,400,400,400,400,400,2510,4895,400,400,400,3306,400,2523,400,5399,3692,3198,2509,0,0,20,55,50,50,52.6315803527832,50,100,50,0,0,36.842105865478516,10,50,0,50,50,50,30.000001907348633,0,0,0,50,0,0,52.6315803527832,20,47.36842346191406,0,0,0,20475,15889,36611,61,0,20475,13174,113957,71,87,66718990336,8589930496,22024007680,524288
199,1790685933670,442821.748046875,3050,0,0.23750000000000004,91536.37518310547,16133.333333333334,0,0.40625,93078.462890625,16133.333333333334,0,0.40625,95734.94998168945,16133.333333333334,0,0.40625,98649.36473083496,16133.333333333334,0,0.40625,90292.51676940918,16133.333333333334,0,0.40625,88162.59396362305,16133.333333333334,0,0.40625,140428.34992980957,3050,0,0.23750000000000004,145408.19342041016,3050,0,0.23750000000000004,145734.73623657227,3050,0,0.23750000000000004,356812.1044921875,3050,0,0.23750000000000004,141212.77828979492,3050,0,0.23750000000000004,135343.6580810547,3050,0,0.23750000000000004,135425.29414367676,3050,0,0.23750000000000004,94364.03189086914,16133.333333333334,0,0.40625,96513.29933166504,16133.333333333334,0,0.40625,8057758.185241699,3677,400,2508,400,2488,3776,400,5056,3334,400,400,5399,400,2449,400,400,400,400,400,2510,4895,400,400,400,3306,400,2523,400,5399,3692,3198,2509,0,0,0,50,50,50,50,50,100,50,0,0,50,7.692307949066162,50,0,50,50,50,50,0,0,0,50,2.4390242099761963,0,46.34146499633789,5,47.5,0,0,0,20475,15889,36611,61,0,20475,13174,114108,71,87,66718990336,8589930496,22024007680,524288
199,1790685933870,442823.88192749023,3050,0,0.23124999999999996,91536.53712463379,16133.333333333334,0,0.925,93078.62088012695,16133.333333333334,0,0.925,95735.11126708984,16133.333333333334,2,0.925,98649.58320617676,16133.333333333334,2,0.925,90292.68353271484,16133.333333333334,2,0.925,88162.7594909668,16133.333333333334,2,0.925,140428.6082763672,3050,0,0.23124999999999996,145408.53901672363,3050,2,0.23124999999999996,145734.99047851563,3050,2,0.23124999999999996,356812.43070983887,3050,0,0.23124999999999996,141213.03591918945,3050,0,0.23124999999999996,135343.9503326416,3050,2,0.23124999999999996,135425.54905700684,3050,0,0.23124999999999996,94364.19389343262,16133.333333333334,0,0.925,96513.45999145508,16133.333333333334,2,0.925,8057778.462081909,3677,400,2508,400,2488,3776,400,5056,3334,400,400,5399,400,2449,400,400,400,400,400,2510,4895,400,400,400,3306,400,2523,400,5399,3692,3198,2509,0,0,0,47.36842346191406,50,50,47.619049072265625,50,100,50,0,0,50,10,50,0,50,26.3157901763916,50,50,0,0,0,50,0,0,50,0,50,0,25,0,20475,15889,36611,61,0,20475,13174,113989,70,85,66718990336,8589930496,22022184960,524288
199,1790685934070,442825.9940032959,3050,0,0.23750000000000004,91536.7134399414,16133.333333333334,0,0.3999999999999999,93078.78901672363,16133.333333333334,0,0.3999999999999999,95735.28388977051,16133.333333333334,0,0.3999999999999999,98649.81129455566,16133.333333333334,0,0.3999999999999999,90292.85678100586,16133.333333333334,0,0.3999999999999999,88162.93748474121,16133.333333333334,0,0.3999999999999999,140428.91284179688,3050,0,0.23750000000000004,145408.90100097656,3050,0,0.23750000000000004,145735.26399230957,3050,0,0.23750000000000004,356812.74363708496,3050,0,0.23750000000000004,141213.409866333,3050,0,0.23750000000000004,135344.2544555664,3050,0,0.23750000000000004,135425.8205871582,3050,0,0.23750000000000004,94364.36563110352,16133.333333333334,0,0.3999999999999999,96513.63717651367,16133.333333333334,0,0.3999999999999999,8057798.725524902,3677,400,2508,400,2488,3776,400,5056,3334,400,400,5399,400,2449,400,400,400,400,400,2510,4895,400,400,400,3306,400,2523,400,5399,3692,3198,2509,0,0,0,47.36842346191406,50,50,47.619049072265625,50,100,50,0,0,50,10,50,0,50,26.3157901763916,50,50,0,0,0,50,0,0,50,0,50,0,25,0,20475,15889,36611,61,0,20475,13174,114013,71,87,66718990336,8589930496,22009626624,524288
199,1790685934270,442828.10903930664,3050,0,0.23750000000000004,91536.8734588623,16133.333333333334,0,0.40625,93078.9559173584,16133.333333333334,0,0.40625,95735.4486694336,16133.333333333334,0,0.40625,98650.0313873291,16133.333333333334,0,0.40625,90293.01420593262,16133.333333333334,0,0.40625,88163.06608581543,16133.333333333334,0,0.40625,140429.204788208,3050,0,0.23750000000000004,145409.2861175537,3050,0,0.23750000000000004,145735.58207702637,3050,0,0.23750000000000004,356813.0245513916,3050,0,0.23750000000000004,141213.72007751465,3050,0,0.23750000000000004,135344.54067993164,3050,0,0.23750000000000004,135426.0929107666,3050,0,0.23750000000000004,94364.53196716309,16133.333333333334,0,0.40625,96513.7975769043,16133.333333333334,0,0.40625,8057818.849639893,3677,400,2508,400,2488,3776,400,5056,3334,400,400,5399,400,2449,400,400,400,400,400,2510,4895,400,400,400,3306,400,2523,400,5399,3692,3198,2509,2.5641026496887207,2.4390242099761963,0,50,48.71794891357422,48.71794891357422,48.71794891357422,43.589744567871094,100,48.71794891357422,0,5,48.71794891357422,2.5,48.71794891357422,0,50,21.95121955871582,50,48.71794891357422,0,0,0,48.71794891357422,0,0,50,5,50,0,32.5,0,20475,15889,36611,61,0,20475,13174,113984,71,87,66718990336,8589930496,21997203456,524288
199,1790685934470,442830.26138305664,3050,0,0.23124999999999996,91537.03721618652,48800,2,0.40625,93079.11624145508,48800,2,0.40625,95735.61279296875,48800,2,0.40625,98650.25228881836,48800,2,0.40625,90293.17904663086,48800,2,0.40625,88163.22657775879,48800,2,0.40625,140429.48220825195,3050,2,0.23124999999999996,145409.64193725586,3050,2,0.23124999999999996,145735.85914611816,3050,2,0.23124999999999996,356813.3649749756,3050,2,0.23124999999999996,141213.98202514648,3050,2,0.23124999999999996,135344.83560180664,3050,2,0.23124999999999996,135426.36833190918,3050,2,0.23124999999999996,94364.69554138184,48800,2,0.40625,96513.96563720703,48800,2,0.40625,8057839.160430908,3677,400,2508,400,2488,3776,400,5056,3334,400,400,5399,400,2449,400,400,400,400,400,2510,4895,400,400,400,3306,400,2523,400,5399,3692,3198,2509,0,0,0,47.619049072265625,50,50,50,50,100,50,0,0,50,10,50,30.000001907348633,50,50,47.36842346191406,50,0,0,0,50,0,0,47.36842346191406,0,20,0,0,0,20475,15889,36574,61,0,20475,13174,114055,71,87,66718990336,8589930496,21997977600,524288
199,1790685934670,442832.4161529541,3050,0,0.23124999999999996,91537.2056274414,16133.333333333334,0,0.3999999999999999,93079.28448486328,16133.333333333334,0,0.3999999999999999,95735.78216552734,16133.333333333334,0,0.3999999999999999,98650.47895812988,16133.333333333334,0,0.3999999999999999,90293.34809875488,16133.333333333334,0,0.3999999999999999,88163.39596557617,16133.333333333334,0,0.3999999999999999,140429.76217651367,3050,0,0.23124999999999996,145409.99865722656,3050,0,0.23124999999999996,145736.142868042,3050,0,0.23124999999999996,356813.7307281494,3050,0,0.23124999999999996,141214.25540161133,3050,0,0.23124999999999996,135345.11097717285,3050,0,0.23124999999999996,135426.66398620605,3050,0,0.23124999999999996,94364.86421203613,16133.333333333334,0,0.3999999999999999,96514.13505554199,16133.333333333334,0,0.3999999999999999,8057859.381408691,3677,400,2508,400,2488,3776,400,5056,3334,400,400,5399,400,2449,400,400,400,400,400,2510,4895,400,400,400,3306,400,2523,400,5399,3692,3198,2509,0,0,0,50,50,50,52.6315803527832,50,100,50,0,0,52.6315803527832,10,50,35,47.36842346191406,50,50,52.6315803527832,0,0,0,52.6315803527832,0,0,52.6315803527832,0,15.000000953674316,0,0,0,20475,15889,36574,61,0,20475,13174,113989,71,87,66718990336,8589930496,21997973504,524288
199,1790685934870,442834.5337219238,3050,0,0.23750000000000004,91537.35679626465,16133.333333333334,0,0.40625,93079.43724060059,16133.333333333334,0,0.40625,95735.93740844727,16133.333333333334,0,0.40625,98650.68865966797,16133.333333333334,0,0.40625,90293.50254821777,16133.333333333334,0,0.40625,88163.55386352539,16133.333333333334,0,0.40625,140430.04510498047,3050,0,0.23750000000000004,145410.33171081543,3050,0,0.23750000000000004,145736.41200256348,3050,0,0.23750000000000004,356814.0718841553,3050,0,0.23750000000000004,141214.51161193848,3050,0,0.23750000000000004,135345.37049865723,3050,0,0.23750000000000004,135426.94802856445,3050,0,0.23750000000000004,94365.01820373535,16133.333333333334,0,0.40625,96514.29071044922,16133.333333333334,0,0.40625,8057879.484954834,3677,400,2508,400,2488,3776,400,5056,3334,400,400,5399,400,2449,400,400,400,400,400,2510,4895,400,400,400,3306,400,2523,400,5399,3692,3198,2509,70,0,0,50,50,50,50,47.36842346191406,30.000001907348633,50,0,4.761904716491699,50,10,50,0,50,30.000001907348633,50,47.619049072265625,0,0,0,47.619049072265625,0,0,47.619049072265625,0,47.36842346191406,0,20,0,20475,15889,36574,61,0,20475,13174,114101,71,87,66718990336,8589930496,21995212800,524288
198,1790685935072,442836.65045166016,3050,0,0.23750000000000004,91537.51809692383,16133.333333333334,0,0.40625,93079.59619140625,16133.333333333334,0,0.40625,95736.09776306152,16133.333333333334,0,0.40625,98650.90635681152,16133.333333333334,0,0.40625,90293.66543579102,16133.333333333334,0,0.40625,88163.7177734375,16133.333333333334,0,0.40625,140430.33964538574,3050,0,0.23750000000000004,145410.6810913086,3050,0,0.23750000000000004,145736.6904449463,3050,0,0.23750000000000004,356814.4072570801,3050,0,0.23750000000000004,141214.83680725098,3050,0,0.23750000000000004,135345.64042663574,3050,0,0.23750000000000004,135427.2384033203,3050,0,0.23750000000000004,94365.18132019043,16133.333333333334,0,0.40625,96514.45808410645,16133.333333333334,0,0.40625,8057899.753128052,3677,400,2508,400,2488,3776,400,5056,3334,400,400,5399,400,2449,400,400,400,400,400,2510,4895,400,400,400,3306,400,2523,400,5399,3692,3198,2509,100,0,0,47.619049072265625,47.619049072265625,50,47.619049072265625,50,0,50,0,0,47.619049072265625,4.761904716491699,47.619049072265625,47.619049072265625,47.619049072265625,0,47.619049072265625,50,0,0,0,50,0,0,50,10,0,0,50,0,20475,15889,36574,61,0,20475,13174,114344,71,87,66718990336,8589930496,21992587264,524288
199,1790685935271,442838.7211456299,3050,0,0.23124999999999996,91537.71147155762,48800,2,0.93125,93079.77336120605,48800,2,0.93125,95736.2678527832,48800,2,0.93125,98651.15647888184,48800,2,0.93125,90293.84173583984,48800,2,0.93125,88163.89540100098,48800,2,0.93125,140430.64227294922,3050,2,0.23124999999999996,145411.05430603027,3050,2,0.23124999999999996,145736.98667907715,3050,2,0.23124999999999996,356814.8097381592,3050,2,0.23124999999999996,141215.1275177002,3050,2,0.23124999999999996,135345.91787719727,3050,2,0.23124999999999996,135427.53121948242,3050,2,0.23124999999999996,94365.37521362305,48800,2,0.93125,96514.6356048584,48800,2,0.93125,8057920.141952515,3677,400,2508,400,2488,3776,400,5056,3334,400,400,5399,400,2449,400,400,400,400,400,2510,4895,400,400,400,3306,400,2523,400,5399,3692,3198,2509,100,0,0,47.619049072265625,47.619049072265625,50,47.619049072265625,50,0,50,0,0,47.619049072265625,4.761904716491699,47.619049072265625,47.619049072265625,47.619049072265625,0,47.619049072265625,50,0,0,0,50,0,0,50,10,0,0,50,0,20475,15889,36574,61,0,20475,13174,114340,71,87,66718990336,8589930496,22008905728,524288
199,1790685935471,442840.79609680176,3050,0,0.23750000000000004,91537.86611938477,16133.333333333334,0,0.40625,93079.93171691895,16133.333333333334,0,0.40625,95736.42428588867,16133.333333333334,0,0.40625,98651.36991882324,16133.333333333334,0,0.40625,90293.99829101563,16133.333333333334,0,0.40625,88164.05729675293,16133.333333333334,0,0.40625,140430.92655944824,3050,0,0.23750000000000004,145411.38902282715,3050,0,0.23750000000000004,145737.26152038574,3050,0,0.23750000000000004,356815.14807128906,3050,0,0.23750000000000004,141215.38818359375,3050,0,0.23750000000000004,135346.17793273926,3050,0,0.23750000000000004,135427.81367492676,3050,0,0.23750000000000004,94365.5313873291,16133.333333333334,0,0.40625,96514.79299926758,16133.333333333334,0,0.40625,8057940.188079834,3677,400,2508,400,2488,3776,400,5056,3334,400,400,5399,400,2449,400,400,400,400,400,2510,4895,400,400,400,3306,400,2523,400,5399,3692,3198,2509,100,2.5,5,51.28205490112305,51.28205490112305,50,51.28205490112305,50,0,50,0,0,51.28205490112305,12.195121765136719,51.28205490112305,51.28205490112305,51.28205490112305,0,51.28205490112305,50,0,0,2.5,50,0,0,51.28205490112305,0,2.5,0,52.499996185302734,0,20475,15889,36546,60,0,20475,13174,114356,71,86,66718990336,8589930496,22008901632,524288
199,1790685935671,442842.8894805908,3050,0,0.23124999999999996,91538.01962280273,16133.333333333334,2,0.625,93080.08659362793,16133.333333333334,2,0.625,95736.57925415039,16133.333333333334,2,0.625,98651.58335876465,16133.333333333334,2,0.625,90294.15342712402,16133.333333333334,2,0.625,88164.21733093262,16133.333333333334,0,0.625,140431.21087646484,3050,0,0.23124999999999996,145411.7222442627,3050,0,0.23124999999999996,145737.52111816406,3050,2,0.23124999999999996,356815.4754638672,3050,0,0.23124999999999996,141215.6470336914,3050,0,0.23124999999999996,135346.43241882324,3050,2,0.23124999999999996,135428.09480285645,3050,2,0.23124999999999996,94365.68592834473,16133.333333333334,2,0.625,96514.94850158691,16133.333333333334,2,0.625,8057960.177825928,3677,400,2508,400,2488,3776,400,5056,3334,400,400,5399,400,2449,400,400,400,400,400,2510,4895,400,400,400,3306,400,2523,400,5399,3692,3198,2509,100,0,0,47.619049072265625,45,47.36842346191406,45,50,0,47.36842346191406,0,0,45,10,45,47.619049072265625,47.619049072265625,0,45,47.36842346191406,0,0,0,47.36842346191406,0,0,47.619049072265625,0,0,0,45,0,20475,15889,36546,60,0,20475,13174,114310,71,86,66718990336,8589930496,22008901632,524288
199,1790685935871,442844.97328186035,3050,0,0.23124999999999996,91538.18232727051,48800,2,0.5625,93080.25273132324,48800,2,0.5625,95736.74519348145,48800,2,0.5625,98651.80833435059,48800,2,0.5625,90294.31964111328,48800,2,0.5625,88164.3858795166,48800,2,0.5625,140431.51066589355,3050,0,0.23124999999999996,145412.07916259766,3050,2,0.23124999999999996,145737.79681396484,3050,2,0.23124999999999996,356815.8366699219,3050,0,0.23124999999999996,141215.91912841797,3050,2,0.23124999999999996,135346.71337890625,3050,2,0.23124999999999996,135428.3949432373,3050,2,0.23124999999999996,94365.84858703613,48800,2,0.5625,96515.11625671387,48800,2,0.5625,8057980.4892578125,3677,400,2508,400,2488,3776,400,5056,3334,400,400,5399,400,2449,400,400,400,400,400,2510,4895,400,400,400,3306,400,2523,400,5399,3692,3198,2509,100,0,0,52.6315803527832,52.6315803527832,52.38095474243164,52.6315803527832,50,0,50,0,0,55,20,52.6315803527832,47.36842346191406,52.6315803527832,0,55,50,0,0,4.761904716491699,50,0,0,52.6315803527832,0,5,0,52.6315803527832,0,20475,15889,36546,60,0,20475,13174,114134,71,87,66718990336,8589930496,22008406016,524288
199,1790685936071,442847.0531311035,3050,0,0.23750000000000004,91538.34777832031,16133.333333333334,0,0.3999999999999999,93080.41654968262,16133.333333333334,0,0.3999999999999999,95736.9250793457,16133.333333333334,0,0.3999999999999999,98652.02795410156,16133.333333333334,0,0.3999999999999999,90294.48377990723,16133.333333333334,0,0.3999999999999999,88164.5361328125,16133.333333333334,0,0.3999999999999999,140431.8007659912,3050,0,0.23750000000000004,145412.43061828613,3050,0,0.23750000000000004,145738.06788635254,3050,0,0.23750000000000004,356816.18577575684,3050,0,0.23750000000000004,141216.1846923828,3050,0,0.23750000000000004,135347.07733154297,3050,0,0.23750000000000004,135428.6699066162,3050,0,0.23750000000000004,94366.00891113281,16133.333333333334,0,0.3999999999999999,96515.29859924316,16133.333333333334,0,0.3999999999999999,8058000.693099976,3677,400,2508,400,2488,3776,400,5056,3334,400,400,5399,400,2449,400,400,400,400,400,2510,4895,400,400,400,3306,400,2523,400,5399,3692,3198,2509,100,0,0,52.6315803527832,52.6315803527832,52.38095474243164,52.6315803527832,50,0,50,0,0,55,20,52.6315803527832,47.36842346191406,52.6315803527832,0,55,50,0,0,4.761904716491699,50,0,0,52.6315803527832,0,5,0,52.6315803527832,0,20475,15889,36546,60,0,20475,13174,114162,72,87,66718990336,8589930496,21986635776,524288
199,1790685936271,442849.1566314697,3050,0,0.23750000000000004,91538.50814819336,16133.333333333334,2,0.93125,93080.57000732422,16133.333333333334,0,0.93125,95737.13638305664,16133.333333333334,0,0.93125,98652.24308776855,16133.333333333334,0,0.93125,90294.63972473145,16133.333333333334,0,0.93125,88164.67182922363,16133.333333333334,0,0.93125,140432.1466369629,3050,0,0.23750000000000004,145412.75482177734,3050,0,0.23750000000000004,145738.34590148926,3050,0,0.23750000000000004,356816.5097503662,3050,0,0.23750000000000004,141216.4679107666,3050,0,0.23750000000000004,135347.4314880371,3050,0,0.23750000000000004,135429.01808166504,3050,0,0.23750000000000004,94366.1608581543,48800,2,0.58125,96515.45686340332,16133.333333333334,2,0.93125,8058020.878189087,3677,400,2508,400,2488,3776,400,5056,3334,400,400,5399,400,2449,400,400,400,400,400,2510,4895,400,400,400,3306,400,2523,400,5399,3692,3198,2509,100,2.5,5,48.780487060546875,24.390243530273438,50,50,42.5,0,51.219512939453125,0,0,46.34146499633789,7.692307949066162,50,0,48.780487060546875,0,21.95121955871582,51.219512939453125,2.4390242099761963,30.000001907348633,0,51.219512939453125,0,0,50,2.5,48.780487060546875,12.5,48.780487060546875,30.000001907348633,20475,15889,36546,60,0,20475,13174,114182,72,87,66718990336,8589930496,21998358528,524288
199,1790685936471,442851.21128845215,3050,0,0.23124999999999996,91538.67671203613,48800,2,0.93125,93080.72978210449,16133.333333333334,2,0.93125,95737.35627746582,16133.333333333334,2,0.93125,98652.4714050293,16133.333333333334,2,0.93125,90294.8039855957,16133.333333333334,2,0.93125,88164.83969116211,16133.333333333334,0,0.93125,140432.5011138916,3050,0,0.23124999999999996,145413.10359191895,3050,0,0.23124999999999996,145738.62409973145,3050,2,0.23124999999999996,356816.9009094238,3050,0,0.23124999999999996,141216.73529052734,3050,2,0.23124999999999996,135347.75366210938,3050,2,0.23124999999999996,135429.28936767578,3050,2,0.23124999999999996,94366.29873657227,48800,2,0.93125,96515.61958312988,48800,2,0.93125,8058041.076293945,3677,400,2508,400,2488,3776,400,5056,3334,400,400,5399,400,2449,400,400,400,400,400,2510,4895,400,400,400,3306,400,2523,400,5399,3692,3198,2509,90,0,10,52.6315803527832,0,50,50,50,15.000000953674316,50,0,0,50,10,52.6315803527832,4.761904716491699,52.6315803527832,0,0,50,0,50,0,50,0,0,50,0,42.105262756347656,0,45,50,20475,15889,36470,60,0,20475,13174,114153,72,86,66718990336,8589930496,21998358528,524288
199,1790685936671,442853.3130950928,3050,0,0.23750000000000004,91538.83483886719,16133.333333333334,0,0.3999999999999999,93080.88706970215,16133.333333333334,0,0.3999999999999999,95737.56867980957,16133.333333333334,0,0.3999999999999999,98652.68713378906,16133.333333333334,0,0.3999999999999999,90294.96463012695,16133.333333333334,0,0.3999999999999999,88165.00366210938,16133.333333333334,0,0.3999999999999999,140432.83973693848,3050,0,0.23750000000000004,145413.46978759766,3050,0,0.23750000000000004,145738.89920043945,3050,0,0.23750000000000004,356817.25021362305,3050,0,0.23750000000000004,141216.9959411621,3050,0,0.23750000000000004,135348.10487365723,3050,0,0.23750000000000004,135429.5502319336,3050,0,0.23750000000000004,94366.45457458496,16133.333333333334,0,0.3999999999999999,96515.77961730957,16133.333333333334,0,0.3999999999999999,8058061.259414673,3677,400,2508,400,2488,3776,400,5056,3334,400,400,5399,400,2449,400,400,400,400,400,2510,4895,400,400,400,3306,400,2523,400,5399,3692,3198,2509,90,0,10,52.6315803527832,0,50,50,50,15.000000953674316,50,0,0,50,10,52.6315803527832,4.761904716491699,52.6315803527832,0,0,50,0,50,0,50,0,0,50,0,42.105262756347656,0,45,50,20475,15889,36470,60,0,20475,13174,114285,72,87,66718990336,8589930496,21998354432,524288
199,1790685936871,442855.4343109131,3050,0,0.22499999999999987,91538.98840332031,48800,2,0.6125,93081.03971862793,48800,2,0.6125,95737.77590942383,48800,2,0.6125,98652.90106201172,48800,2,0.6125,90295.12223815918,48800,2,0.6125,88165.16377258301,48800,2,0.6125,140433.16412353516,3050,2,0.22499999999999987,145413.8182373047,3050,0,0.22499999999999987,145739.17153930664,3050,2,0.22499999999999987,356817.5752105713,3050,0,0.22499999999999987,141217.2483062744,3050,2,0.22499999999999987,135348.45735168457,3050,2,0.22499999999999987,135429.80541992188,3050,2,0.22499999999999987,94366.60903930664,48800,2,0.6125,96515.93650817871,48800,2,0.6125,8058081.432754517,3677,400,2508,400,2488,3776,400,5056,3334,400,400,5399,400,2449,400,400,400,400,400,2510,4895,400,400,400,3306,400,2523,400,5399,3692,3198,2509,0,0,0,48.780487060546875,0,50,48.71794891357422,50,100,48.71794891357422,0,0,48.71794891357422,10,47.5,2.5,48.780487060546875,0,2.5,48.71794891357422,0,50,0,48.71794891357422,0,2.4390242099761963,50,0,46.34146499633789,0,47.5,45,20475,15889,36470,60,0,20475,13174,114147,72,87,66718990336,8589930496,21996302336,524288
199,1790685937071,442857.58282470703,3050,0,0.23124999999999996,91539.16784667969,16133.333333333334,2,0.39375000000000004,93081.20687866211,16133.333333333334,2,0.39375000000000004,95738.00314331055,16133.333333333334,2,0.39375000000000004,98653.13555908203,16133.333333333334,0,0.39375000000000004,90295.29252624512,16133.333333333334,0,0.39375000000000004,88165.33555603027,16133.333333333334,0,0.39375000000000004,140433.51223754883,3050,0,0.23124999999999996,145414.1852722168,3050,0,0.23124999999999996,145739.44966125488,3050,0,0.23124999999999996,356817.92782592773,3050,0,0.22499999999999987,141217.55145263672,3050,0,0.22499999999999987,135348.80946350098,3050,0,0.22499999999999987,135430.10081481934,3050,2,0.22499999999999987,94366.80604553223,16133.333333333334,2,0.39375000000000004,96516.13079833984,16133.333333333334,0,0.39375000000000004,8058101.945327759,3677,400,2508,400,2488,3776,400,5056,3334,400,400,5399,400,2449,400,400,400,400,400,2510,4895,400,400,400,3306,400,2523,400,5399,3692,3198,2509,0,0,0,48.780487060546875,0,50,48.71794891357422,50,100,48.71794891357422,0,0,48.71794891357422,10,47.5,2.5,48.780487060546875,0,2.5,48.71794891357422,0,50,0,48.71794891357422,0,2.4390242099761963,50,0,46.34146499633789,0,47.5,45,20475,15889,36470,60,0,20475,13174,114075,72,87,66718990336,8589930496,21988696064,524288
199,1790685937271,442859.73234558105,3050,0,0.23750000000000004,91539.33950805664,16133.333333333334,0,0.40625,93081.37403869629,16133.333333333334,0,0.40625,95738.22451782227,16133.333333333334,0,0.40625,98653.36393737793,16133.333333333334,0,0.40625,90295.45858764648,16133.333333333334,0,0.40625,88165.52619934082,16133.333333333334,0,0.40625,140433.85902404785,3050,0,0.23750000000000004,145414.53633117676,3050,0,0.23750000000000004,145739.73448181152,3050,0,0.23750000000000004,356818.26203918457,3050,0,0.23750000000000004,141217.8239593506,3050,0,0.23750000000000004,135349.15518188477,3050,0,0.23750000000000004,135430.39041137695,3050,0,0.23750000000000004,94366.97106933594,16133.333333333334,0,0.40625,96516.35534667969,16133.333333333334,0,0.40625,8058122.321365356,3677,400,2508,400,2488,3776,400,5056,3334,400,400,5399,400,2449,400,400,400,400,400,2510,4895,400,400,400,3306,400,2523,400,5399,3692,3198,2509,0,0,0,50,0,50,50,50,100,51.219512939453125,0,0,51.219512939453125,10,51.28205490112305,50,51.28205490112305,0,51.28205490112305,51.219512939453125,0,50,0,51.219512939453125,0,2.4390242099761963,50,2.4390242099761963,0,0,51.28205490112305,5.128205299377441,20475,15889,36470,60,0,20475,13174,114215,72,87,66718990336,8589930496,21984993280,524288
199,1790685937471,442861.889541626,3050,0,0.22499999999999987,91539.4972076416,48800,2,0.58125,93081.53135681152,48800,2,0.58125,95738.43298339844,48800,2,0.58125,98653.58149719238,48800,2,0.58125,90295.61581420898,48800,2,0.58125,88165.69276428223,48800,2,0.58125,140434.19163513184,3050,2,0.22499999999999987,145414.8867034912,3050,0,0.22499999999999987,145740.02143859863,3050,2,0.22499999999999987,356818.59561157227,3050,0,0.22499999999999987,141218.08378601074,3050,2,0.22499999999999987,135349.48722839355,3050,2,0.22499999999999987,135430.6750946045,3050,2,0.22499999999999987,94367.12528991699,48800,2,0.58125,96516.51747131348,48800,2,0.58125,8058142.512680054,3677,400,2508,400,2488,3776,400,5056,3334,400,400,5399,400,2449,400,400,400,400,400,2510,4895,400,400,400,3306,400,2523,400,5399,3692,3198,2509,0,0,0,50,0,50,52.38095474243164,50,100,50,0,0,50,10,47.619049072265625,50,47.619049072265625,0,50,50,0,50,0,50,0,0,50,0,0,0,50,0,20475,15889,36374,60,0,20475,13174,114211,72,87,66718990336,8589930496,21984989184,524288
199,1790685937671,442864.0470428467,3050,0,0.23124999999999996,91539.65936279297,48800,2,0.39375000000000004,93081.69276428223,48800,2,0.39375000000000004,95738.64935302734,48800,2,0.39375000000000004,98653.80041503906,48800,2,0.39375000000000004,90295.77973937988,48800,2,0.39375000000000004,88165.8589477539,48800,2,0.39375000000000004,140434.5304107666,3050,2,0.23124999999999996,145415.25386047363,3050,2,0.23124999999999996,145740.3020324707,3050,2,0.23124999999999996,356818.94061279297,3050,2,0.23124999999999996,141218.3493347168,3050,2,0.23124999999999996,135349.8343963623,3050,2,0.23124999999999996,135430.96908569336,3050,2,0.23124999999999996,94367.28523254395,48800,2,0.39375000000000004,96516.68002319336,48800,2,0.39375000000000004,8058162.733200073,3677,400,2508,400,2488,3776,400,5056,3334,400,400,5399,400,2449,400,400,400,400,400,2510,4895,400,400,400,3306,400,2523,400,5399,3692,3198,2509,0,0,0,50,0,50,52.38095474243164,50,100,50,0,0,50,10,47.619049072265625,50,47.619049072265625,0,50,50,0,50,0,50,0,0,50,0,0,0,50,0,20475,15889,36374,60,0,20475,13174,114368,72,87,66718990336,8589930496,21984989184,524288
199,1790685937871,442865.9241027832,2900,0,0.10624999999999996,91539.87663269043,16133.333333333334,0,0.3999999999999999,93081.91064453125,16133.333333333334,0,0.3999999999999999,95738.93255615234,16133.333333333334,0,0.3999999999999999,98654.08512878418,16133.333333333334,0,0.3999999999999999,90295.99894714355,16133.333333333334,0,0.3999999999999999,88166.07791137695,16133.333333333334,0,0.3999999999999999,140434.9765625,2900,0,0.10624999999999996,145415.7370452881,2900,0,0.10624999999999996,145740.6757965088,2900,0,0.10624999999999996,356819.3810119629,2900,0,0.10624999999999996,141218.67726135254,2900,0,0.10624999999999996,135350.48277282715,2900,0,0.10624999999999996,135431.35679626465,2900,0,0.10624999999999996,94367.50163269043,16133.333333333334,0,0.3999999999999999,96516.89698791504,16133.333333333334,0,0.3999999999999999,8058184.463882446,3677,400,2508,400,2488,3776,400,5056,3334,400,400,5399,400,2449,400,400,400,400,400,2510,4895,400,400,400,3306,400,2523,400,5399,3692,3198,2509,7.692307949066162,7.500000476837158,7.500000476837158,57.5,7.500000476837158,55,56.41025924682617,56.09756088256836,97.5,55,7.500000476837158,9.756096839904785,55,17.5,57.5,56.09756088256836,57.5,7.500000476837158,56.09756088256836,55,7.500000476837158,56.09756088256836,7.500000476837158,56.41025924682617,7.500000476837158,7.692307949066162,56.09756088256836,0,7.692307949066162,7.500000476837158,56.09756088256836,7.500000476837158,20475,15889,37362,60,100,20475,13174,112859,68,59,66718990336,8589930496,21981941760,524288
199,1790685938071,442866.32386779785,3050,0,0.1875,91540.09310913086,16133.333333333334,0,0.40625,93082.11720275879,16133.333333333334,0,0.40625,95739.16108703613,16133.333333333334,0,0.40625,98654.31478881836,16133.333333333334,0,0.40625,90296.22323608398,16133.333333333334,2,0.40625,88166.2477722168,16133.333333333334,0,0.40625,140435.47645568848,3050,0,0.1875,145416.11721801758,3050,0,0.1875,145741.78533935547,3050,0,0.1875,356820.397567749,3050,0,0.1875,141219.10586547852,3050,0,0.1875,135350.96975708008,3050,0,0.1875,135431.6881866455,3050,0,0.1875,94367.70422363281,16133.333333333334,0,0.40625,96517.10206604004,16133.333333333334,0,0.40625,8058205.515289307,3677,400,2508,400,2488,3776,400,5056,3334,400,400,5399,400,2449,400,400,400,400,400,2510,4895,400,400,400,3306,400,2523,400,5399,3692,3198,2509,19.047618865966797,57.894737243652344,55,20,57.142860412597656,30.000001907348633,19.047618865966797,42.105262756347656,55,15.789472579956055,52.6315803527832,52.6315803527832,15.000000953674316,50,23.809524536132813,15.789472579956055,5,50,20,20,55,15.789472579956055,52.6315803527832,57.142860412597656,50,15.000000953674316,68.42105102539063,40,25,55,20,52.38095474243164,20475,15889,46938,65,91,20475,13174,98907,66,0,66718990336,8589930496,21994586112,524288
199,1790685938271,442867.56658935547,3050,0,0.22499999999999987,91540.3228149414,16133.333333333334,0,0.40625,93082.29107666016,16133.333333333334,2,0.40625,95739.3427734375,16133.333333333334,0,0.40625,98654.77195739746,16133.333333333334,2,0.40625,90296.39154052734,16133.333333333334,2,0.40625,88166.35887145996,16133.333333333334,0,0.40625,140435.75674438477,3050,0,0.22499999999999987,145416.39628601074,3050,2,0.22499999999999987,145742.08473205566,3050,2,0.22499999999999987,356820.718170166,3050,2,0.22499999999999987,141219.5245513916,3050,2,0.22499999999999987,135351.33963012695,3050,2,0.22499999999999987,135431.97372436523,3050,2,0.22499999999999987,94367.8765258789,16133.333333333334,2,0.40625,96517.49610900879,16133.333333333334,2,0.40625,8058225.350357056,3677,400,2508,400,2488,3776,400,5056,3334,400,400,5399,400,2449,400,400,400,400,400,2510,4895,400,400,400,3306,400,2523,400,5399,3692,3198,2509,55,47.619049072265625,47.36842346191406,0,50,25,50,25,50,0,50,50,4.761904716491699,50,50,0,0,50,30.000001907348633,0,50,0,50,0,0,0,0,10.526315689086914,50,50,0,20,20475,15889,55253,66,89,20475,13174,84935,66,0,66718990336,8589930496,22012878848,524288
199,1790685938471,442868.81994628906,3050,0,0.25,91540.62477111816,16133.333333333334,0,0.39375000000000004,93082.45986938477,16133.333333333334,0,0.39375000000000004,95739.52363586426,16133.333333333334,0,0.39375000000000004,98655.47691345215,16133.333333333334,0,0.39375000000000004,90296.5573425293,16133.333333333334,0,0.39375000000000004,88166.39489746094,16133.333333333334,2,0.39375000000000004,140436.02723693848,3050,0,0.25,145416.65571594238,3050,0,0.25,145742.3358001709,3050,0,0.25,356821.0155029297,3050,0,0.25,141219.85809326172,3050,0,0.25,135351.6876525879,3050,0,0.25,135432.2437133789,3050,0,0.25,94368.05599975586,16133.333333333334,0,0.39375000000000004,96517.65853881836,16133.333333333334,0,0.39375000000000004,8058244.677062988,3677,400,2508,400,2488,3776,400,5056,3334,400,400,5399,400,2449,400,400,400,400,400,2510,4895,400,400,400,3306,400,2523,400,5399,3692,3198,2509,55,47.619049072265625,47.36842346191406,0,50,25,50,25,50,0,50,50,4.761904716491699,50,50,0,0,50,30.000001907348633,0,50,0,50,0,0,0,0,10.526315689086914,50,50,0,20,20475,15889,85923,66,90,20475,13174,70889,65,0,66718990336,8589930496,22004621312,524288
199,1790685938671,442870.65480041504,3050,0,0.23124999999999996,91540.93916320801,16133.333333333334,0,0.3999999999999999,93082.63287353516,16133.333333333334,0,0.3999999999999999,95739.69714355469,16133.333333333334,0,0.3999999999999999,98655.74740600586,16133.333333333334,0,0.3999999999999999,90296.73368835449,16133.333333333334,0,0.3999999999999999,88166.41589355469,16133.333333333334,2,0.3999999999999999,140436.31900024414,3050,0,0.23124999999999996,145416.94985961914,3050,0,0.23124999999999996,145742.62171936035,3050,0,0.23124999999999996,356821.34927368164,3050,0,0.23124999999999996,141220.2583618164,3050,0,0.23124999999999996,135352.06492614746,3050,0,0.23124999999999996,135432.5419769287,3050,0,0.23124999999999996,94368.23292541504,16133.333333333334,0,0.3999999999999999,96517.83128356934,16133.333333333334,0,0.3999999999999999,8058264.517227173,3677,400,2508,400,2488,3776,400,5056,3334,400,400,5399,400,2449,400,400,400,400,400,2510,4895,400,400,400,3306,400,2523,400,5399,3692,3198,2509,67.5,51.28205490112305,56.09756088256836,0,52.499996185302734,27.5,50,2.5,50,2.4390242099761963,50,50,0,51.28205490112305,51.28205490112305,0,2.4390242099761963,51.28205490112305,50,0,48.71794891357422,0,50,0,0,0,0,10,50,50,0,0,20475,15889,92028,67,91,20475,13174,56846,65,0,66718990336,8589930496,22004617216,524288
199,1790685938872,442871.00874328613,2050,0,0.3125,91541.27435302734,48800,2,0.5375000000000001,93082.80389404297,48800,2,0.5375000000000001,95740.04463195801,48800,2,0.5375000000000001,98656.33647155762,48800,2,0.5375000000000001,90296.92451477051,48800,2,0.5375000000000001,88166.45336914063,48800,2,0.5375000000000001,140436.57168579102,2050,2,0.3125,145417.20846557617,2050,2,0.3125,145742.89126586914,2050,2,0.3125,356821.7129058838,2050,2,0.3125,141220.54681396484,2050,2,0.3125,135352.41102600098,2050,2,0.3125,135432.80993652344,2050,2,0.3125,94368.54159545898,48800,2,0.5375000000000001,96518.39849853516,48800,2,0.5375000000000001,8058283.557800293,3677,400,2508,400,2488,3776,400,5056,3334,400,400,5399,400,2449,400,400,400,400,400,2510,4895,400,400,400,3306,400,2523,400,5399,3692,3198,2509,0,47.619049072265625,55,0,57.894737243652344,33.333335876464844,50,4.761904716491699,47.36842346191406,0,47.619049072265625,47.36842346191406,0,45,45,10,0,47.619049072265625,20,0,50,20,50,0,0,0,5,9.523809432983398,40,47.36842346191406,10,40,20475,15889,125440,67,91,20475,13174,49770,65,0,66718990336,8589930496,21992951808,524288
199,1790685939072,442871.91081237793,3050,0,0.2437499999999999,91541.48670959473,16133.333333333334,0,0.40625,93082.9733581543,16133.333333333334,0,0.40625,95740.24055480957,16133.333333333334,0,0.40625,98657.2593383789,16133.333333333334,0,0.40625,90297.10441589355,16133.333333333334,0,0.40625,88166.50134277344,16133.333333333334,0,0.40625,140436.86688232422,3050,0,0.2437499999999999,145417.46507263184,3050,0,0.2437499999999999,145743.15753173828,3050,0,0.2437499999999999,356822.11402893066,3050,0,0.2437499999999999,141220.8155822754,3050,0,0.2437499999999999,135352.7518005371,3050,0,0.2437499999999999,135433.08248901367,3050,0,0.2437499999999999,94368.7165222168,16133.333333333334,0,0.40625,96518.61462402344,16133.333333333334,0,0.40625,8058302.672805786,3677,400,2508,400,2488,3776,400,5056,3334,400,400,5399,400,2449,400,400,400,400,400,2510,4895,400,400,400,3306,400,2523,400,5399,3692,3198,2509,0,47.619049072265625,55,0,57.894737243652344,33.333335876464844,50,4.761904716491699,47.36842346191406,0,47.619049072265625,47.36842346191406,0,45,45,10,0,47.619049072265625,20,0,50,20,50,0,0,0,5,9.523809432983398,40,47.36842346191406,10,40,20475,15889,127104,67,90,20475,13174,49770,65,0,66718990336,8589930496,21992792064,524288
199,1790685939272,442872.95124816895,48800,2,0.22499999999999987,91541.78224182129,16133.333333333334,2,0.38749999999999996,93083.20428466797,16133.333333333334,2,0.38749999999999996,95740.42456054688,16133.333333333334,2,0.38749999999999996,98657.56513977051,16133.333333333334,2,0.38749999999999996,90297.28436279297,16133.333333333334,2,0.38749999999999996,88166.59541320801,16133.333333333334,2,0.38749999999999996,140437.17002868652,48800,2,0.22499999999999987,145417.74702453613,48800,2,0.22499999999999987,145743.42617797852,48800,2,0.22499999999999987,356822.47091674805,48800,2,0.22499999999999987,141221.09420776367,48800,2,0.22499999999999987,135353.11375427246,48800,2,0.22499999999999987,135433.36883544922,48800,2,0.22499999999999987,94368.90077209473,16133.333333333334,2,0.39375000000000004,96519.31042480469,16133.333333333334,0,0.39375000000000004,8058322.26361084,3677,400,2508,400,2488,3776,400,5056,3334,400,400,5399,400,2449,400,400,400,400,400,2510,4895,400,400,400,3306,400,2523,400,5399,3692,3198,2509,39.02438735961914,5.128205299377441,53.84615707397461,10,4.878048419952393,32.5,51.28205490112305,5.128205299377441,51.219512939453125,47.5,51.28205490112305,51.219512939453125,0,52.499996185302734,52.499996185302734,50,0,51.28205490112305,2.5641026496887207,0,50,51.219512939453125,50,2.5,0,0,14.634145736694336,0,0,51.219512939453125,0,53.84615707397461,20475,15889,127533,67,91,20475,13174,49770,65,0,66718990336,8589930496,21992615936,524288
199,1790685939472,442874.0752258301,3050,2,0.26249999999999996,91542.01081848145,16133.333333333334,2,0.38749999999999996,93083.39485168457,16133.333333333334,2,0.38749999999999996,95740.58656311035,16133.333333333334,2,0.38749999999999996,98657.85070800781,16133.333333333334,2,0.38749999999999996,90297.44523620605,16133.333333333334,2,0.38749999999999996,88166.70294189453,16133.333333333334,2,0.38749999999999996,140437.43589782715,3050,2,0.26249999999999996,145418.00144958496,3050,2,0.26249999999999996,145743.6672515869,3050,0,0.2749999999999999,356822.7787322998,3050,0,0.2749999999999999,141221.35122680664,3050,2,0.2749999999999999,135353.44422912598,3050,0,0.2749999999999999,135433.63063049316,3050,0,0.2749999999999999,94369.0728149414,16133.333333333334,2,0.38749999999999996,96520.01138305664,16133.333333333334,0,0.38749999999999996,8058341.61907959,3677,400,2508,400,2488,3776,400,5056,3334,400,400,5399,400,2449,400,400,400,400,400,2510,4895,400,400,400,3306,400,2523,400,5399,3692,3198,2509,47.36842346191406,0,47.619049072265625,15.000000953674316,0,10,47.619049072265625,20,45,45,45,45,0,45,45,47.36842346191406,0,45,0,0,47.619049072265625,45,45,0,0,0,10,0,0,45,0,71.42857360839844,20475,15889,127661,68,90,20475,13174,49770,65,0,66718990336,8589930496,22009880576,524288
199,1790685939672,442874.84689331055,3050,0,0.23124999999999996,91542.23303222656,16133.333333333334,0,0.3999999999999999,93083.59217834473,16133.333333333334,0,0.3999999999999999,95740.76188659668,16133.333333333334,0,0.3999999999999999,98658.26136779785,16133.333333333334,0,0.3999999999999999,90297.62010192871,16133.333333333334,0,0.3999999999999999,88166.8430480957,16133.333333333334,2,0.39375000000000004,140437.82038879395,3050,0,0.23124999999999996,145418.28344726563,3050,0,0.23124999999999996,145743.9423980713,3050,0,0.23124999999999996,356823.2812194824,3050,0,0.23124999999999996,141221.62545776367,3050,0,0.23124999999999996,135353.93725585938,3050,0,0.23124999999999996,135433.93936157227,3050,0,0.23124999999999996,94369.24577331543,16133.333333333334,0,0.3999999999999999,96520.47525024414,16133.333333333334,2,0.3999999999999999,8058361.315841675,3677,400,2508,400,2488,3776,400,5056,3334,400,400,5399,400,2449,400,400,400,400,400,2510,4895,400,400,400,3306,400,2523,400,5399,3692,3198,2509,47.36842346191406,0,47.619049072265625,15.000000953674316,0,10,47.619049072265625,20,45,45,45,45,0,45,45,47.36842346191406,0,45,0,0,47.619049072265625,45,45,0,0,0,10,0,0,45,0,71.42857360839844,20475,15889,127674,68,91,20475,13174,49770,65,0,66718990336,8589930496,22009880576,524288
199,1790685939872,442875.4150238037,3050,0,0.23750000000000004,91542.43827819824,48800,2,0.61875,93083.75546264648,48800,2,0.61875,95740.92459106445,48800,2,0.61875,98658.67196655273,48800,2,0.61875,90297.78126525879,48800,2,0.61875,88166.95610046387,48800,2,0.61875,140438.1022796631,3050,2,0.23750000000000004,145418.6045074463,3050,0,0.23750000000000004,145744.2081298828,3050,0,0.23750000000000004,356824.5135040283,3050,2,0.23750000000000004,141221.92776489258,3050,2,0.23750000000000004,135354.29719543457,3050,2,0.23750000000000004,135434.22009277344,3050,0,0.23750000000000004,94369.4089050293,48800,2,0.61875,96520.7349243164,48800,2,0.61875,8058380.862915039,3677,400,2508,400,2488,3776,400,5056,3334,400,400,5399,400,2449,400,400,400,400,400,2510,4895,400,400,400,3306,400,2523,400,5399,3692,3198,2509,21.95121955871582,15.000000953674316,51.28205490112305,10,0,17.948719024658203,50,7.500000476837158,51.28205490112305,51.28205490112305,52.499996185302734,51.28205490112305,2.5,50,51.28205490112305,19.51219367980957,0,51.219512939453125,0,0,51.28205490112305,51.28205490112305,52.499996185302734,0,0,0,35.897438049316406,2.5,32.5,52.499996185302734,0,47.5,20475,15889,127938,68,90,20475,13174,36993,65,0,66718990336,8589930496,22001487872,524288
199,1790685940072,442876.60275268555,3050,0,0.23750000000000004,91542.66050720215,16133.333333333334,0,0.39375000000000004,93083.94886779785,16133.333333333334,0,0.39375000000000004,95741.08695983887,16133.333333333334,0,0.39375000000000004,98658.84342956543,16133.333333333334,0,0.39375000000000004,90297.98313903809,16133.333333333334,0,0.39375000000000004,88167.09646606445,16133.333333333334,2,0.39375000000000004,140438.36738586426,3050,0,0.23750000000000004,145418.87464904785,3050,0,0.23750000000000004,145744.5177001953,3050,0,0.23750000000000004,356824.805267334,3050,0,0.23750000000000004,141222.18307495117,3050,0,0.23750000000000004,135354.64044189453,3050,0,0.23750000000000004,135434.49459838867,3050,0,0.23750000000000004,94369.57205200195,16133.333333333334,0,0.39375000000000004,96521.35354614258,16133.333333333334,0,0.39375000000000004,8058400.115264893,3677,400,2508,400,2488,3776,400,5056,3334,400,400,5399,400,2449,400,400,400,400,400,2510,4895,400,400,400,3306,400,2523,400,5399,3692,3198,2509,21.95121955871582,15.000000953674316,51.28205490112305,10,0,17.948719024658203,50,7.500000476837158,51.28205490112305,51.28205490112305,52.499996185302734,51.28205490112305,2.5,50,51.28205490112305,19.51219367980957,0,51.219512939453125,0,0,51.28205490112305,51.28205490112305,52.499996185302734,0,0,0,35.897438049316406,2.5,32.5,52.499996185302734,0,47.5,20475,15889,128022,68,90,20475,13174,36993,65,0,66718990336,8589930496,21991694336,524288
199,1790685940272,442877.0362701416,48800,2,0.22499999999999987,91542.89842224121,16133.333333333334,2,0.3812500000000001,93084.14041137695,16133.333333333334,2,0.3812500000000001,95741.28176879883,16133.333333333334,2,0.3812500000000001,98659.2332611084,16133.333333333334,2,0.3812500000000001,90298.20863342285,16133.333333333334,2,0.3812500000000001,88167.3688659668,16133.333333333334,0,0.3812500000000001,140438.6555328369,48800,2,0.22499999999999987,145419.17082214355,48800,2,0.22499999999999987,145744.7935333252,48800,2,0.22499999999999987,356825.1629333496,48800,2,0.22499999999999987,141222.45553588867,48800,2,0.22499999999999987,135355.01922607422,48800,2,0.22499999999999987,135434.78240966797,48800,2,0.22499999999999987,94369.77241516113,16133.333333333334,2,0.3812500000000001,96522.43215942383,16133.333333333334,0,0.3812500000000001,8058419.735900879,3677,400,2508,400,2488,3776,400,5056,3334,400,400,5399,400,2449,400,400,400,400,400,2510,4895,400,400,400,3306,400,2523,400,5399,3692,3198,2509,28.205129623413086,0,51.219512939453125,12.5,0,12.5,47.5,27.5,51.219512939453125,51.219512939453125,50,51.219512939453125,0,52.499996185302734,51.219512939453125,0,0,51.28205490112305,0,0,50,51.219512939453125,50,7.500000476837158,0,0,7.317072868347168,0,50,50,0,72.5,20475,15889,128137,68,90,20475,13174,36993,65,0,66718990336,8589930496,21994270720,524288
199,1790685940472,442877.4574890137,3050,0,0.20625000000000004,91543.15727233887,48800,2,0.93125,93084.2973022461,48800,2,0.93125,95741.43717956543,48800,2,0.93125,98659.55261230469,48800,2,0.93125,90298.45880126953,48800,2,0.93125,88167.5173034668,48800,2,0.93125,140438.9852294922,3050,2,0.20625000000000004,145420.697265625,3050,2,0.20625000000000004,145745.08990478516,3050,0,0.20625000000000004,356825.6499328613,3050,0,0.20625000000000004,141222.79913330078,3050,2,0.20625000000000004,135355.39833068848,3050,2,0.20625000000000004,135435.07679748535,3050,0,0.20625000000000004,94369.9270324707,48800,2,0.93125,96522.59864807129,48800,2,0.93125,8058440.250015259,3677,400,2508,400,2488,3776,400,5056,3334,400,400,5399,400,2449,400,400,400,400,400,2510,4895,400,400,400,3306,400,2523,400,5399,3692,3198,2509,28.571430206298828,0,50,0,0,14.285715103149414,47.36842346191406,10,45,45,75,45,0,45,45,0,4.761904716491699,45,0,0,45,45,45,0,0,0,10.526315689086914,26.3157901763916,47.36842346191406,47.36842346191406,0,45,20475,15889,128086,68,92,20475,13174,36993,65,0,66718990336,8589930496,22007099392,524288
199,1790685940672,442878.0966796875,3050,0,0.23124999999999996,91543.44766235352,16133.333333333334,0,0.39375000000000004,93084.47915649414,16133.333333333334,0,0.39375000000000004,95741.61668395996,16133.333333333334,0,0.39375000000000004,98659.86399841309,16133.333333333334,0,0.39375000000000004,90298.68576049805,16133.333333333334,0,0.39375000000000004,88167.72146606445,16133.333333333334,0,0.39375000000000004,140439.3200531006,3050,0,0.23124999999999996,145420.9752960205,3050,0,0.23124999999999996,145745.37280273438,3050,0,0.23124999999999996,356826.3546447754,3050,0,0.23124999999999996,141223.0707397461,3050,0,0.23124999999999996,135355.7752532959,3050,0,0.23124999999999996,135435.3652496338,3050,0,0.23124999999999996,94370.11860656738,16133.333333333334,0,0.39375000000000004,96523.32873535156,16133.333333333334,0,0.39375000000000004,8058459.936218262,3677,400,2508,400,2488,3776,400,5056,3334,400,400,5399,400,2449,400,400,400,400,400,2510,4895,400,400,400,3306,400,2523,400,5399,3692,3198,2509,28.571430206298828,0,50,0,0,14.285715103149414,47.36842346191406,10,45,45,75,45,0,45,45,0,4.761904716491699,45,0,0,45,45,45,0,0,0,10.526315689086914,26.3157901763916,47.36842346191406,47.36842346191406,0,45,20475,15889,128074,68,91,20475,13174,36993,65,0,66718990336,8589930496,22009151488,524288
199,1790685940872,442879.20205688477,48800,2,0.3062499999999999,91543.71446228027,16133.333333333334,0,0.3812500000000001,93084.64915466309,16133.333333333334,2,0.3812500000000001,95741.78349304199,16133.333333333334,2,0.3812500000000001,98660.34655761719,16133.333333333334,0,0.3812500000000001,90298.89678955078,16133.333333333334,2,0.3812500000000001,88168.04016113281,16133.333333333334,2,0.3812500000000001,140439.6301574707,48800,2,0.3062499999999999,145421.23219299316,48800,2,0.3062499999999999,145745.63032531738,48800,2,0.3062499999999999,356826.61572265625,48800,2,0.3062499999999999,141223.32302856445,48800,2,0.3062499999999999,135356.12713623047,48800,2,0.3062499999999999,135435.6358947754,48800,2,0.3062499999999999,94370.2855682373,16133.333333333334,2,0.3812500000000001,96523.67129516602,16133.333333333334,2,0.3812500000000001,8058479.385803223,3677,400,2508,400,2488,3776,400,5056,3334,400,400,5399,400,2449,400,400,400,400,400,2510,4895,400,400,400,3306,400,2523,400,5399,3692,3198,2509,30.76923179626465,0,53.84615707397461,0,0,30.000001907348633,51.219512939453125,35,51.28205490112305,51.28205490112305,0,51.28205490112305,47.5,51.28205490112305,51.28205490112305,0,0,50,9.756096839904785,0,52.499996185302734,51.28205490112305,43.589744567871094,0,0,0,12.195121765136719,0,50,50,2.4390242099761963,53.84615707397461,20475,15889,128234,68,90,20475,13174,35684,64,0,66718990336,8589930496,22020624384,524288
199,1790685941072,442879.79011535645,3050,0,0.2749999999999999,91544.0154876709,16133.333333333334,2,0.5249999999999999,93084.81719970703,16133.333333333334,2,0.5249999999999999,95741.94808959961,16133.333333333334,2,0.5249999999999999,98661.34489440918,16133.333333333334,0,0.5249999999999999,90299.10433959961,16133.333333333334,2,0.5249999999999999,88168.19480895996,16133.333333333334,2,0.5249999999999999,140439.9231414795,3050,2,0.2749999999999999,145421.47463989258,3050,2,0.2749999999999999,145745.8742828369,3050,0,0.2749999999999999,356826.8740539551,3050,2,0.2749999999999999,141223.5707244873,3050,2,0.2749999999999999,135356.47059631348,3050,0,0.2749999999999999,135435.89651489258,3050,2,0.2749999999999999,94370.63996887207,16133.333333333334,2,0.5249999999999999,96523.83856201172,16133.333333333334,2,0.5249999999999999,8058498.239364624,3677,400,2508,400,2488,3776,400,5056,3334,400,400,5399,400,2449,400,400,400,400,400,2510,4895,400,400,400,3306,400,2523,400,5399,3692,3198,2509,19.047618865966797,0,55,0,0,84.21052551269531,47.36842346191406,40,45,45,0,45,50,45,45,0,0,50,47.36842346191406,0,45,45,0,0,0,0,0,4.761904716491699,47.619049072265625,47.619049072265625,15.000000953674316,0,20475,15889,127854,69,91,20475,13174,35684,64,0,66718990336,8589930496,22019731456,524288
199,1790685941272,442880.7483215332,3050,0,0.23750000000000004,91544.29931640625,16133.333333333334,0,0.3999999999999999,93085.01342773438,16133.333333333334,0,0.3999999999999999,95742.13734436035,16133.333333333334,0,0.3999999999999999,98662.28378295898,16133.333333333334,2,0.3999999999999999,90299.35647583008,16133.333333333334,0,0.3999999999999999,88168.42864990234,16133.333333333334,0,0.3999999999999999,140440.25492858887,3050,0,0.23750000000000004,145421.7576599121,3050,0,0.23750000000000004,145746.1511077881,3050,0,0.23750000000000004,356827.1681060791,3050,0,0.23750000000000004,141223.85089111328,3050,0,0.23750000000000004,135356.84259033203,3050,0,0.23750000000000004,135436.18280029297,3050,0,0.23750000000000004,94370.8346862793,16133.333333333334,0,0.3999999999999999,96524.02653503418,16133.333333333334,0,0.3999999999999999,8058517.715393066,3677,400,2508,400,2488,3776,400,5056,3334,400,400,5399,400,2449,400,400,400,400,400,2510,4895,400,400,400,3306,400,2523,400,5399,3692,3198,2509,19.047618865966797,0,55,0,0,84.21052551269531,47.36842346191406,40,45,45,0,45,50,45,45,0,0,50,47.36842346191406,0,45,45,0,0,0,0,0,4.761904716491699,47.619049072265625,47.619049072265625,15.000000953674316,0,20475,15889,127865,69,91,20475,13174,35684,64,0,66718990336,8589930496,22000111616,524288
199,1790685941472,442881.7174835205,3050,0,0.23124999999999996,91544.82455444336,16133.333333333334,2,0.625,93085.18821716309,16133.333333333334,2,0.625,95742.31083679199,16133.333333333334,0,0.625,98662.5085144043,16133.333333333334,0,0.625,90299.66410827637,16133.333333333334,2,0.625,88168.57907104492,16133.333333333334,2,0.625,140440.595413208,3050,2,0.23124999999999996,145422.08934020996,3050,2,0.23124999999999996,145746.42373657227,3050,0,0.23124999999999996,356827.4343261719,3050,2,0.23124999999999996,141224.11248779297,3050,2,0.23124999999999996,135357.1902770996,3050,2,0.23124999999999996,135436.4542236328,3050,2,0.23124999999999996,94371.02740478516,16133.333333333334,2,0.625,96524.54107666016,16133.333333333334,2,0.625,8058537.329193115,3677,400,2508,400,2488,3776,400,5056,3334,400,400,5399,400,2449,400,400,400,400,400,2510,4895,400,400,400,3306,400,2523,400,5399,3692,3198,2509,35.897438049316406,2.5641026496887207,60.000003814697266,0,0,57.5,52.499996185302734,35,47.5,51.219512939453125,5,52.499996185302734,55,51.219512939453125,50,0,0,50,50,0,51.28205490112305,51.28205490112305,0,0,5,2.4390242099761963,0,0,51.28205490112305,51.28205490112305,2.5,17.5,20475,15889,127940,69,91,20475,13174,35684,64,0,66718990336,8589930496,22020571136,524288
199,1790685941672,442883.9171600342,3050,0,0.23124999999999996,91545.03123474121,16133.333333333334,0,0.3999999999999999,93085.34959411621,16133.333333333334,0,0.3999999999999999,95742.47052001953,16133.333333333334,0,0.3999999999999999,98662.69900512695,16133.333333333334,0,0.3999999999999999,90299.86747741699,16133.333333333334,0,0.3999999999999999,88168.7438659668,16133.333333333334,0,0.3999999999999999,140440.94050598145,3050,0,0.23124999999999996,145422.40434265137,3050,0,0.23124999999999996,145746.70472717285,3050,0,0.23124999999999996,356827.72871398926,3050,0,0.23124999999999996,141224.38371276855,3050,0,0.23124999999999996,135357.53588867188,3050,0,0.23124999999999996,135436.74073791504,3050,0,0.23124999999999996,94371.18734741211,16133.333333333334,0,0.3999999999999999,96524.69987487793,16133.333333333334,0,0.3999999999999999,8058557.490219116,3677,400,2508,400,2488,3776,400,5056,3334,400,400,5399,400,2449,400,400,400,400,400,2510,4895,400,400,400,3306,400,2523,400,5399,3692,3198,2509,100,4.761904716491699,50,0,0,55,50,38.095237731933594,0,50,50,50,19.047618865966797,50,50,0,0,50,50,0,50,50,0,0,0,0,0,0,50,50,0,0,20475,15889,128147,69,91,20475,13174,35684,64,0,66718990336,8589930496,22006829056,524288
199,1790685941872,442886.1293640137,3050,0,0.22499999999999987,91545.23809814453,48800,2,0.93125,93085.51246643066,48800,2,0.93125,95742.63212585449,48800,2,0.93125,98662.86236572266,48800,2,0.93125,90300.07304382324,48800,2,0.93125,88168.96162414551,48800,2,0.93125,140441.33030700684,3050,2,0.22499999999999987,145422.69956970215,3050,2,0.22499999999999987,145746.9998779297,3050,2,0.22499999999999987,356828.0200958252,3050,2,0.22499999999999987,141224.65786743164,3050,2,0.22499999999999987,135357.89457702637,3050,2,0.22499999999999987,135437.03187561035,3050,2,0.22499999999999987,94371.34857177734,48800,2,0.93125,96524.85932922363,48800,2,0.93125,8058577.863128662,3677,400,2508,400,2488,3776,400,5056,3334,400,400,5399,400,2449,400,400,400,400,400,2510,4895,400,400,400,3306,400,2523,400,5399,3692,3198,2509,100,10,50,0,0,52.38095474243164,50,52.6315803527832,0,52.6315803527832,45,50,5.263157844543457,50,55,0,0,50,50,0,50,52.38095474243164,0,5,0,0,0,0,50,50,0,0,20475,15889,128227,69,92,20475,13174,34542,64,0,66718990336,8589930496,22018994176,524288
199,1790685942072,442888.34201049805,3050,0,0.23124999999999996,91545.43118286133,16133.333333333334,0,0.40625,93085.66508483887,16133.333333333334,0,0.40625,95742.78335571289,16133.333333333334,0,0.40625,98663.01463317871,16133.333333333334,0,0.40625,90300.26551818848,16133.333333333334,0,0.40625,88169.1665802002,16133.333333333334,0,0.40625,140441.6565246582,3050,0,0.23124999999999996,145422.96737670898,3050,0,0.23124999999999996,145747.32788085938,3050,0,0.23124999999999996,356828.30044555664,3050,0,0.23124999999999996,141224.92152404785,3050,0,0.23124999999999996,135358.23651123047,3050,0,0.23124999999999996,135437.31658935547,3050,0,0.23124999999999996,94371.49992370605,16133.333333333334,0,0.40625,96525.00863647461,16133.333333333334,0,0.40625,8058597.768661499,3677,400,2508,400,2488,3776,400,5056,3334,400,400,5399,400,2449,400,400,400,400,400,2510,4895,400,400,400,3306,400,2523,400,5399,3692,3198,2509,100,10,50,0,0,52.38095474243164,50,52.6315803527832,0,52.6315803527832,45,50,5.263157844543457,50,55,0,0,50,50,0,50,52.38095474243164,0,5,0,0,0,0,50,50,0,0,20475,15889,128788,69,92,20475,13174,34542,64,0,66718990336,8589930496,22018994176,524288
199,1790685942273,442890.5564727783,3050,0,0.22499999999999987,91545.67001342773,48800,2,0.56875,93085.84098815918,48800,2,0.56875,95742.95715332031,48800,2,0.93125,98663.1908416748,48800,2,0.93125,90300.48698425293,48800,2,0.93125,88169.40043640137,48800,2,0.93125,140441.9925994873,3050,2,0.22499999999999987,145423.27787780762,3050,2,0.22499999999999987,145747.67568969727,3050,2,0.22499999999999987,356828.61907958984,3050,2,0.22499999999999987,141225.22731018066,3050,2,0.22499999999999987,135358.62226867676,3050,2,0.22499999999999987,135437.6250152588,3050,2,0.22499999999999987,94371.68855285645,48800,2,0.56875,96525.18908691406,48800,2,0.56875,8058618.524719238,3677,400,2508,400,2488,3776,400,5056,3334,400,400,5399,400,2449,400,400,400,400,400,2510,4895,400,400,400,3306,400,2523,400,5399,3692,3198,2509,100,2.5,50,0,0,50,50,50,0,50,45,50,5,51.28205490112305,50,2.4390242099761963,0,51.28205490112305,51.28205490112305,0,51.219512939453125,50,0,10.256410598754883,0,0,0,0,50,50,0,0,20475,15889,128795,69,92,20475,13174,34542,64,0,66718990336,8589930496,22024126464,524288
199,1790685942473,442892.77250671387,3050,0,0.23750000000000004,91545.86103820801,16133.333333333334,0,0.40625,93085.99185180664,16133.333333333334,0,0.40625,95743.13414001465,16133.333333333334,0,0.40625,98663.34239196777,16133.333333333334,0,0.40625,90300.68005371094,16133.333333333334,0,0.40625,88169.60165405273,16133.333333333334,0,0.40625,140442.28706359863,3050,0,0.23750000000000004,145423.55024719238,3050,0,0.23750000000000004,145747.9949798584,3050,0,0.23750000000000004,356828.8996734619,3050,0,0.23750000000000004,141225.48747253418,3050,0,0.23750000000000004,135358.95851135254,3050,0,0.23750000000000004,135437.9030303955,3050,0,0.23750000000000004,94371.8405456543,16133.333333333334,0,0.40625,96525.34321594238,16133.333333333334,0,0.40625,8058638.45664978,3677,400,2508,400,2488,3776,400,5056,3334,400,400,5399,400,2449,400,400,400,400,400,2510,4895,400,400,400,3306,400,2523,400,5399,3692,3198,2509,100,2.5,50,0,0,50,50,50,0,50,45,50,5,51.28205490112305,50,2.4390242099761963,0,51.28205490112305,51.28205490112305,0,51.219512939453125,50,0,10.256410598754883,0,0,0,0,50,50,0,0,20475,15889,128858,69,92,20475,13174,34542,64,0,66718990336,8589930496,22039023616,524288
199,1790685942673,442894.9888305664,3050,0,0.23124999999999996,91546.08227539063,16133.333333333334,0,0.3999999999999999,93086.16674804688,16133.333333333334,0,0.3999999999999999,95743.3132019043,16133.333333333334,0,0.3999999999999999,98663.51683044434,16133.333333333334,0,0.3999999999999999,90300.90678405762,16133.333333333334,0,0.3999999999999999,88169.84085083008,16133.333333333334,0,0.3999999999999999,140442.6434173584,3050,0,0.23124999999999996,145423.87338256836,3050,0,0.23124999999999996,145748.34977722168,3050,0,0.23124999999999996,356829.2162017822,3050,0,0.23124999999999996,141225.78190612793,3050,0,0.23124999999999996,135359.3434906006,3050,0,0.23124999999999996,135438.20483398438,3050,0,0.23124999999999996,94372.01968383789,16133.333333333334,0,0.3999999999999999,96525.51512145996,16133.333333333334,0,0.3999999999999999,8058659.120544434,3677,400,2508,400,2488,3776,400,5056,3334,400,400,5399,400,2449,400,400,400,400,400,2510,4895,400,400,400,3306,400,2523,400,5399,3692,3198,2509,100,5,50,0,2.5,50,50,50,0,50,50,50,0,50,50,0,17.073171615600586,51.219512939453125,51.219512939453125,0,50,50,0,10,0,0,2.5,0,50,35,0,0,20475,15889,128892,69,92,20475,13174,34542,64,0,66718990336,8589930496,22039277568,524288
199,1790685942873,442897.21968078613,3050,0,0.22499999999999987,91546.2713470459,48800,2,0.93125,93086.31651306152,48800,2,0.93125,95743.46192932129,48800,2,0.93125,98663.66542053223,48800,2,0.93125,90301.09439086914,48800,2,0.93125,88170.04287719727,48800,2,0.93125,140442.9241027832,3050,2,0.22499999999999987,145424.15269470215,3050,2,0.22499999999999987,145748.65310668945,3050,2,0.22499999999999987,356829.51554870605,3050,2,0.22499999999999987,141226.0458984375,3050,2,0.22499999999999987,135359.68139648438,3050,0,0.21875,135438.4549255371,3050,2,0.21875,94372.16784667969,48800,2,0.93125,96525.66090393066,48800,2,0.93125,8058679.174102783,3677,400,2508,400,2488,3776,400,5056,3334,400,400,5399,400,2449,400,400,400,400,400,2510,4895,400,400,400,3306,400,2523,400,5399,3692,3198,2509,100,0,47.36842346191406,0,0,47.36842346191406,45,45,0,45,47.619049072265625,30.000001907348633,0,28.571430206298828,45,0,45,45,45,0,45,45,0,25,0,0,20,0,47.36842346191406,0,0,0,20475,15889,128865,69,92,20475,13174,34526,63,0,66718990336,8589930496,22017839104,524288
199,1790685943073,442899.4269256592,3050,0,0.23124999999999996,91546.48393249512,16133.333333333334,0,0.3999999999999999,93086.48417663574,16133.333333333334,0,0.3999999999999999,95743.62782287598,16133.333333333334,0,0.3999999999999999,98663.83079528809,16133.333333333334,0,0.3999999999999999,90301.3071899414,16133.333333333334,0,0.3999999999999999,88170.27059936523,16133.333333333334,0,0.3999999999999999,140443.22883605957,3050,0,0.23124999999999996,145424.52322387695,3050,0,0.23124999999999996,145748.92582702637,3050,0,0.23124999999999996,356829.8593444824,3050,0,0.23124999999999996,141226.36582946777,3050,0,0.23124999999999996,135360.05184936523,3050,0,0.23124999999999996,135438.73287963867,3050,0,0.23124999999999996,94372.33561706543,16133.333333333334,0,0.3999999999999999,96525.8258972168,16133.333333333334,0,0.3999999999999999,8058699.392852783,3677,400,2508,400,2488,3776,400,5056,3334,400,400,5399,400,2449,400,400,400,400,400,2510,4895,400,400,400,3306,400,2523,400,5399,3692,3198,2509,100,0,47.36842346191406,0,0,47.36842346191406,45,45,0,45,47.619049072265625,30.000001907348633,0,28.571430206298828,45,0,45,45,45,0,45,45,0,25,0,0,20,0,47.36842346191406,0,0,0,20475,15889,128805,69,92,20475,13174,34526,63,0,66718990336,8589930496,22025121792,524288
199,1790685943273,442900.1074523926,3050,2,0.2124999999999999,91546.68684387207,16133.333333333334,0,0.40625,93086.64762878418,16133.333333333334,2,0.40625,95743.79150390625,16133.333333333334,2,0.40625,98663.99223327637,16133.333333333334,2,0.40625,90301.51148986816,16133.333333333334,0,0.40625,88170.48945617676,16133.333333333334,2,0.40625,140443.5155029297,3050,2,0.2124999999999999,145424.91940307617,3050,0,0.2124999999999999,145749.23497009277,3050,0,0.2124999999999999,356831.70291137695,3050,0,0.2124999999999999,141226.68186950684,3050,2,0.2124999999999999,135360.3822631836,3050,2,0.2124999999999999,135439.02430725098,3050,2,0.2124999999999999,94372.52160644531,16133.333333333334,2,0.40625,96525.98681640625,16133.333333333334,2,0.40625,8058719.767669678,3677,400,2508,400,2488,3776,400,5056,3334,400,400,5399,400,2449,400,400,400,400,400,2510,4895,400,400,400,3306,400,2523,400,5399,3692,3198,2509,60.000003814697266,0,50,0,0,50,52.499996185302734,51.219512939453125,23.076923370361328,50,51.28205490112305,0,5,2.5,50,0,51.28205490112305,51.28205490112305,50,0,51.28205490112305,51.28205490112305,0,52.499996185302734,0,0,69.23077392578125,12.5,45.238094329833984,0,0,0,20475,15889,128871,69,91,20475,13174,34526,63,0,66718990336,8589930496,22038097920,524288
199,1790685943473,442900.8083190918,3050,0,0.15625,91546.8892364502,16133.333333333334,0,0.3999999999999999,93086.80760192871,16133.333333333334,0,0.3999999999999999,95743.95167541504,16133.333333333334,0,0.3999999999999999,98664.14875793457,16133.333333333334,0,0.3999999999999999,90301.7124786377,16133.333333333334,0,0.3999999999999999,88170.70631408691,16133.333333333334,0,0.3999999999999999,140443.80918884277,3050,0,0.15625,145425.2670135498,3050,0,0.15625,145749.53730773926,3050,0,0.15625,356833.4670715332,3050,0,0.15625,141226.96298217773,3050,0,0.15625,135360.83168029785,3050,0,0.15625,135439.31649780273,3050,0,0.15625,94372.68267822266,16133.333333333334,0,0.3999999999999999,96526.14195251465,16133.333333333334,0,0.3999999999999999,8058740.029602051,3677,400,2508,400,2488,3776,400,5056,3334,400,400,5399,400,2449,400,400,400,400,400,2510,4895,400,400,400,3306,400,2523,400,5399,3692,3198,2509,30.000001907348633,0,52.38095474243164,0,0,52.38095474243164,50,50,50,52.38095474243164,50,0,0,0,52.38095474243164,0,50,50,50,0,50,52.38095474243164,0,57.142860412597656,0,0,80,0,50,0,0,0,20475,15889,128820,69,91,20475,13174,34526,63,0,66718990336,8589930496,22037839872,524288
199,1790685943673,442901.3692626953,3050,2,0.2124999999999999,91547.10034179688,48800,2,0.55,93086.97439575195,48800,2,0.55,95744.12013244629,48800,2,0.55,98664.33905029297,48800,2,0.55,90301.93621826172,48800,2,0.55,88170.8491973877,48800,2,0.55,140444.12020874023,3050,2,0.2124999999999999,145425.64361572266,3050,0,0.2124999999999999,145749.99006652832,3050,2,0.2124999999999999,356835.29403686523,3050,0,0.2124999999999999,141227.2967529297,3050,2,0.2124999999999999,135361.3228149414,3050,0,0.2124999999999999,135439.63414001465,3050,2,0.2124999999999999,94372.85282897949,48800,2,0.55,96526.32749938965,48800,2,0.55,8058760.797912598,3677,400,2508,400,2488,3776,400,5056,3334,400,400,5399,400,2449,400,400,400,400,400,2510,4895,400,400,400,3306,400,2523,400,5399,3692,3198,2509,30.000001907348633,0,50,0,0,20,50,31.57894515991211,52.38095474243164,52.6315803527832,50,0,0,0,52.6315803527832,0,52.38095474243164,52.38095474243164,15.000000953674316,0,52.38095474243164,50,45,55,0,0,90,20,45,0,0,40,20475,15889,128705,70,92,20475,13174,34526,63,0,66718990336,8589930496,22030282752,524288
199,1790685943873,442901.6701660156,3050,0,0.22499999999999987,91547.29173278809,16133.333333333334,0,0.40625,93087.12521362305,16133.333333333334,0,0.40625,95744.27221679688,16133.333333333334,0,0.40625,98664.48858642578,16133.333333333334,0,0.40625,90302.13772583008,16133.333333333334,0,0.40625,88171.05349731445,16133.333333333334,0,0.40625,140444.3869934082,3050,0,0.22499999999999987,145425.97688293457,3050,0,0.22499999999999987,145750.29779052734,3050,0,0.22499999999999987,356837.5327453613,3050,0,0.22499999999999987,141227.63174438477,3050,0,0.22499999999999987,135361.5958557129,3050,0,0.22499999999999987,135439.92547607422,3050,0,0.22499999999999987,94373.00245666504,16133.333333333334,0,0.40625,96526.47512817383,16133.333333333334,0,0.40625,8058780.929229736,3677,400,2508,400,2488,3776,400,5056,3334,400,400,5399,400,2449,400,400,400,400,400,2510,4895,400,400,400,3306,400,2523,400,5399,3692,3198,2509,30.000001907348633,0,50,0,0,20,50,31.57894515991211,52.38095474243164,52.6315803527832,50,0,0,0,52.6315803527832,0,52.38095474243164,52.38095474243164,15.000000953674316,0,52.38095474243164,50,45,55,0,0,90,20,45,0,0,40,20475,15889,128704,70,92,20475,13174,34492,63,0,66718990336,8589930496,22044962816,524288
199,1790685944073,442902.07891845703,3050,0,0.22499999999999987,91547.50709533691,16133.333333333334,0,0.3999999999999999,93087.29765319824,16133.333333333334,0,0.3999999999999999,95744.44589233398,16133.333333333334,0,0.3999999999999999,98664.65826416016,16133.333333333334,0,0.3999999999999999,90302.36856079102,16133.333333333334,0,0.3999999999999999,88171.2266998291,16133.333333333334,2,0.3999999999999999,140444.72003173828,3050,0,0.22499999999999987,145426.384765625,3050,0,0.22499999999999987,145751.6336364746,3050,0,0.22499999999999987,356838.5274658203,3050,0,0.22499999999999987,141227.95503234863,3050,0,0.22499999999999987,135362.21215820313,3050,0,0.22499999999999987,135440.25666809082,3050,0,0.22499999999999987,94373.13009643555,16133.333333333334,0,0.3999999999999999,96526.64532470703,16133.333333333334,0,0.3999999999999999,8058801.975128174,3677,400,2508,400,2488,3776,400,5056,3334,400,400,5399,400,2449,400,400,400,400,400,2510,4895,400,400,400,3306,400,2523,400,5399,3692,3198,2509,5.128205299377441,0,50,0,0,0,50,43.90243911743164,50,50,50,22.5,0,27.5,17.5,0,50,17.5,32.5,0,50,50,50,53.84615707397461,0,0,67.5,40,38.46154022216797,0,25,17.5,20475,15889,128626,70,91,20475,13174,34492,63,0,66718990336,8589930496,22041956352,524288
199,1790685944273,442902.9207305908,3050,0,0.26875000000000004,91547.81880187988,16133.333333333334,2,0.3999999999999999,93087.50614929199,16133.333333333334,2,0.3999999999999999,95744.61380004883,16133.333333333334,2,0.3999999999999999,98664.93919372559,16133.333333333334,2,0.3999999999999999,90302.58558654785,16133.333333333334,2,0.3999999999999999,88171.4630279541,16133.333333333334,2,0.3999999999999999,140445.0161743164,3050,0,0.26875000000000004,145426.81274414063,3050,0,0.26875000000000004,145752.00044250488,3050,2,0.26875000000000004,356839.02198791504,3050,2,0.26875000000000004,141228.2368774414,3050,2,0.26875000000000004,135362.73097229004,3050,2,0.26875000000000004,135440.55471801758,3050,2,0.26875000000000004,94373.42428588867,16133.333333333334,2,0.3999999999999999,96526.83731079102,16133.333333333334,0,0.3999999999999999,8058822.02645874,3677,400,2508,400,2488,3776,400,5056,3334,400,400,5399,400,2449,400,400,400,400,400,2510,4895,400,400,400,3306,400,2523,400,5399,3692,3198,2509,38.095237731933594,0,55,0,0,10,47.36842346191406,15.000000953674316,47.36842346191406,45,50,10,35,45,35,0,47.36842346191406,0,45,0,47.36842346191406,47.36842346191406,50,30.000001907348633,0,0,10,10,38.095237731933594,0,57.142860412597656,5,20475,15889,128512,70,91,20475,13174,34492,63,0,66718990336,8589930496,22049153024,524288
199,1790685944473,442903.8168029785,3050,0,0.23750000000000004,91548.08351135254,16133.333333333334,0,0.3999999999999999,93087.76908874512,16133.333333333334,0,0.3999999999999999,95745.00064086914,16133.333333333334,0,0.3999999999999999,98665.26914978027,16133.333333333334,0,0.3999999999999999,90302.8111114502,16133.333333333334,0,0.3999999999999999,88171.72640991211,16133.333333333334,2,0.3999999999999999,140445.3201751709,3050,0,0.23750000000000004,145427.1379699707,3050,0,0.23750000000000004,145752.27450561523,3050,0,0.23750000000000004,356839.27702331543,3050,0,0.23750000000000004,141228.49142456055,3050,0,0.23750000000000004,135363.04206848145,3050,0,0.2437499999999999,135440.8271331787,3050,0,0.2437499999999999,94373.73811340332,16133.333333333334,0,0.3999999999999999,96527.01141357422,16133.333333333334,0,0.3999999999999999,8058841.510681152,3677,400,2508,400,2488,3776,400,5056,3334,400,400,5399,400,2449,400,400,400,400,400,2510,4895,400,400,400,3306,400,2523,400,5399,3692,3198,2509,36.842105865478516,9.523809432983398,52.6315803527832,5,19.047618865966797,10.526315689086914,52.38095474243164,20,52.38095474243164,52.38095474243164,50,0,0,52.38095474243164,50,0,50,0,50,0,50,50,50,50,0,0,0,0,50,0,60.000003814697266,4.761904716491699,20475,15889,128442,69,90,20475,13174,34492,63,0,66718990336,8589930496,22049595392,524288
199,1790685944673,442904.5045928955,3050,0,0.21875,91548.30500793457,48800,2,0.61875,93087.99401855469,48800,2,0.61875,95745.17391967773,48800,2,0.61875,98665.47528076172,48800,2,0.61875,90303.04417419434,48800,2,0.61875,88171.86222839355,48800,2,0.61875,140445.6311340332,3050,2,0.21875,145427.5078277588,3050,0,0.21875,145752.5786743164,3050,2,0.21875,356840.9623260498,3050,0,0.21875,141228.84005737305,3050,2,0.21875,135363.40884399414,3050,0,0.21875,135441.12837219238,3050,2,0.21875,94373.90901184082,48800,2,0.61875,96527.20782470703,48800,2,0.61875,8058861.985916138,3677,400,2508,400,2488,3776,400,5056,3334,400,400,5399,400,2449,400,400,400,400,400,2510,4895,400,400,400,3306,400,2523,400,5399,3692,3198,2509,20,5,52.38095474243164,0,0,15.000000953674316,50,30.000001907348633,55,52.6315803527832,50,0,0,5,45,0,52.38095474243164,0,55,0,50,52.38095474243164,50,55,0,0,85.71428680419922,25,50,0,50,0,20475,15889,128494,70,92,20475,13174,34492,63,0,66718990336,8589930496,22031720448,524288
199,1790685944873,442904.8371887207,3050,0,0.23124999999999996,91548.49728393555,16133.333333333334,0,0.40625,93088.1936340332,16133.333333333334,0,0.40625,95745.32557678223,16133.333333333334,0,0.40625,98665.62368774414,16133.333333333334,0,0.40625,90303.2465057373,16133.333333333334,0,0.40625,88172.06266784668,16133.333333333334,0,0.40625,140445.92092895508,3050,0,0.23124999999999996,145427.85237121582,3050,0,0.23124999999999996,145752.8543548584,3050,0,0.23124999999999996,356843.1291809082,3050,0,0.23124999999999996,141229.09353637695,3050,0,0.23124999999999996,135363.74449157715,3050,0,0.23124999999999996,135441.40480041504,3050,0,0.23124999999999996,94374.05990600586,16133.333333333334,0,0.40625,96527.35952758789,16133.333333333334,0,0.40625,8058881.966522217,3677,400,2508,400,2488,3776,400,5056,3334,400,400,5399,400,2449,400,400,400,400,400,2510,4895,400,400,400,3306,400,2523,400,5399,3692,3198,2509,20,5,52.38095474243164,0,0,15.000000953674316,50,30.000001907348633,55,52.6315803527832,50,0,0,5,45,0,52.38095474243164,0,55,0,50,52.38095474243164,50,55,0,0,85.71428680419922,25,50,0,50,0,20475,15889,128599,70,92,20475,13174,34446,63,0,66718990336,8589930496,22037532672,524288
199,1790685945073,442905.2102355957,3050,0,0.22499999999999987,91548.71394348145,16133.333333333334,0,0.3999999999999999,93088.42210388184,16133.333333333334,0,0.3999999999999999,95745.49797058105,16133.333333333334,0,0.3999999999999999,98665.79170227051,16133.333333333334,0,0.3999999999999999,90303.4761505127,16133.333333333334,0,0.3999999999999999,88172.29216003418,16133.333333333334,0,0.3999999999999999,140446.21310424805,3050,0,0.21875,145428.2488861084,3050,0,0.21875,145753.1600189209,3050,0,0.21875,356845.3651123047,3050,0,0.21875,141229.38356018066,3050,0,0.21875,135364.12394714355,3050,0,0.21875,135441.69331359863,3050,0,0.21875,94374.23211669922,16133.333333333334,0,0.3999999999999999,96527.53080749512,16133.333333333334,0,0.3999999999999999,8058902.518463135,3677,400,2508,400,2488,3776,400,5056,3334,400,400,5399,400,2449,400,400,400,400,400,2510,4895,400,400,400,3306,400,2523,400,5399,3692,3198,2509,42.5,10,50,0,0,0,50,51.28205490112305,10,50,50,0,0,58.974361419677734,0,0,20.512821197509766,0,50,0,51.219512939453125,50,50,50,0,0,42.5,51.28205490112305,50,29.268291473388672,51.28205490112305,0,20475,15889,128553,70,92,20475,13174,34446,63,0,66718990336,8589930496,22037532672,524288
199,1790685945273,442905.5637817383,3050,0,0.2124999999999999,91548.89221191406,16133.333333333334,2,0.575,93088.62963867188,16133.333333333334,2,0.575,95745.65559387207,16133.333333333334,2,0.575,98665.95463562012,16133.333333333334,2,0.575,90303.69026184082,16133.333333333334,2,0.575,88172.46122741699,16133.333333333334,0,0.575,140446.49346923828,3050,0,0.2124999999999999,145428.6240386963,3050,0,0.2124999999999999,145753.44442749023,3050,2,0.2124999999999999,356847.6115722656,3050,0,0.2124999999999999,141229.6470336914,3050,2,0.2124999999999999,135364.4743499756,3050,2,0.2124999999999999,135441.95365905762,3050,2,0.2124999999999999,94374.41821289063,16133.333333333334,2,0.575,96527.69581604004,16133.333333333334,2,0.575,8058922.99105835,3677,400,2508,400,2488,3776,400,5056,3334,400,400,5399,400,2449,400,400,400,400,400,2510,4895,400,400,400,3306,400,2523,400,5399,3692,3198,2509,45,0,47.36842346191406,26.3157901763916,0,0,45,45,10,45,47.619049072265625,0,0,100,0,0,0,0,45,0,15.789472579956055,45,50,42.85714340209961,0,0,0,47.619049072265625,45,47.36842346191406,47.619049072265625,0,20475,15889,128731,70,92,20475,13174,34446,63,0,66718990336,8589930496,22036738048,524288
199,1790685945473,442905.92448425293,3050,0,0.21875,91549.05976867676,16133.333333333334,0,0.3999999999999999,93088.85543823242,16133.333333333334,0,0.3999999999999999,95745.82647705078,16133.333333333334,0,0.3999999999999999,98666.12371826172,16133.333333333334,0,0.3999999999999999,90303.91651916504,16133.333333333334,0,0.3999999999999999,88172.63040161133,16133.333333333334,0,0.3999999999999999,140446.78559875488,3050,0,0.21875,145429.0273284912,3050,0,0.21875,145753.74909973145,3050,0,0.21875,356849.85665893555,3050,0,0.21875,141229.9381866455,3050,0,0.21875,135364.85052490234,3050,0,0.21875,135442.23239135742,3050,0,0.21875,94374.58786010742,16133.333333333334,0,0.3999999999999999,96527.8648223877,16133.333333333334,0,0.3999999999999999,8058943.502960205,3677,400,2508,400,2488,3776,400,5056,3334,400,400,5399,400,2449,400,400,400,400,400,2510,4895,400,400,400,3306,400,2523,400,5399,3692,3198,2509,45,0,47.36842346191406,26.3157901763916,0,0,45,45,10,45,47.619049072265625,0,0,100,0,0,0,0,45,0,15.789472579956055,45,50,42.85714340209961,0,0,0,47.619049072265625,45,47.36842346191406,47.619049072265625,0,20475,15889,128850,70,92,20475,13174,34446,63,0,66718990336,8589930496,22036738048,524288
199,1790685945673,442906.2856140137,3050,2,0.2124999999999999,91549.22602844238,16133.333333333334,2,0.93125,93089.0659942627,16133.333333333334,2,0.93125,95746.0502166748,16133.333333333334,2,0.93125,98666.28695678711,16133.333333333334,2,0.93125,90304.13372802734,16133.333333333334,2,0.93125,88172.78825378418,16133.333333333334,0,0.93125,140447.0559539795,3050,2,0.2124999999999999,145429.4069366455,3050,2,0.2124999999999999,145754.03131103516,3050,2,0.2124999999999999,356852.08085632324,3050,0,0.2124999999999999,141230.21072387695,3050,2,0.2124999999999999,135365.20889282227,3050,2,0.2124999999999999,135442.4946899414,3050,2,0.2124999999999999,94374.75439453125,16133.333333333334,2,0.93125,96528.04458618164,16133.333333333334,2,0.93125,8058964.116668701,3677,400,2508,400,2488,3776,400,5056,3334,400,400,5399,400,2449,400,400,400,400,400,2510,4895,400,400,400,3306,400,2523,400,5399,3692,3198,2509,50,0,52.38095474243164,51.219512939453125,5.128205299377441,0,52.499996185302734,51.219512939453125,12.5,51.219512939453125,51.28205490112305,2.5,0,100,0,2.4390242099761963,2.4390242099761963,0,52.499996185302734,0,0,52.499996185302734,50,51.28205490112305,0,0,0,50,50,51.219512939453125,51.28205490112305,2.4390242099761963,20475,15889,128816,70,89,20475,13174,34446,63,0,66718990336,8589930496,22042742784,524288
199,1790685945873,442906.6476135254,3050,0,0.22499999999999987,91549.38520812988,16133.333333333334,0,0.40625,93089.27618408203,16133.333333333334,0,0.40625,95746.26470947266,16133.333333333334,0,0.40625,98666.44651794434,16133.333333333334,0,0.40625,90304.34846496582,16133.333333333334,0,0.40625,88172.9440612793,16133.333333333334,0,0.40625,140447.33184814453,3050,0,0.22499999999999987,145429.77787780762,3050,0,0.22499999999999987,145754.3222808838,3050,0,0.22499999999999987,356854.3224334717,3050,0,0.22499999999999987,141230.48112487793,3050,0,0.22499999999999987,135365.56495666504,3050,0,0.22499999999999987,135442.7597503662,3050,0,0.22499999999999987,94374.91348266602,16133.333333333334,0,0.40625,96528.20307922363,16133.333333333334,0,0.40625,8058984.374465942,3677,400,2508,400,2488,3776,400,5056,3334,400,400,5399,400,2449,400,400,400,400,400,2510,4895,400,400,400,3306,400,2523,400,5399,3692,3198,2509,50,0,52.38095474243164,51.219512939453125,5.128205299377441,0,52.499996185302734,51.219512939453125,12.5,51.219512939453125,51.28205490112305,2.5,0,100,0,2.4390242099761963,2.4390242099761963,0,52.499996185302734,0,0,52.499996185302734,50,51.28205490112305,0,0,0,50,50,51.219512939453125,51.28205490112305,2.4390242099761963,20475,15889,128745,71,92,20475,13174,34398,62,0,66718990336,8589930496,22036074496,524288
199,1790685946074,442906.98123168945,3050,2,0.2124999999999999,91549.55184936523,48800,2,0.54375,93089.50308227539,48800,2,0.54375,95746.49041748047,48800,2,0.54375,98666.61488342285,48800,2,0.54375,90304.5740814209,48800,2,0.54375,88173.10920715332,48800,2,0.54375,140447.6432952881,3050,2,0.2124999999999999,145430.1830444336,3050,2,0.2124999999999999,145754.63220214844,3050,2,0.2124999999999999,356856.51290893555,3050,0,0.2124999999999999,141230.76947021484,3050,2,0.2124999999999999,135365.9298248291,3050,2,0.2124999999999999,135443.04551696777,3050,2,0.2124999999999999,94375.08219909668,48800,2,0.54375,96528.36878967285,48800,2,0.54375,8059004.922988892,3677,400,2508,400,2488,3776,400,5056,3334,400,400,5399,400,2449,400,400,400,400,400,2510,4895,400,400,400,3306,400,2523,400,5399,3692,3198,2509,39.02438735961914,0,50,50,0,0,50,50,25,51.28205490112305,50,0,0,100,0,0,25,0,50,0,0,50,50,51.219512939453125,0,0,2.5,50,51.28205490112305,22.5,51.219512939453125,0,20475,15889,128764,70,92,20475,13174,34398,62,0,66718990336,8589930496,22006898688,524288
199,1790685946274,442907.3771209717,3050,2,0.2124999999999999,91549.71086120605,48800,2,0.925,93089.7108001709,48800,2,0.925,95746.7020111084,48800,2,0.925,98666.77514648438,48800,2,0.925,90304.79223632813,48800,2,0.925,88173.26837158203,48800,2,0.925,140448.0100250244,3050,2,0.2124999999999999,145430.56483459473,3050,2,0.2124999999999999,145754.92657470703,3050,2,0.2124999999999999,356858.701751709,3050,0,0.2124999999999999,141231.0481262207,3050,2,0.2124999999999999,135366.232421875,3050,2,0.2124999999999999,135443.3472442627,3050,0,0.2124999999999999,94375.24014282227,48800,2,0.925,96528.52644348145,48800,2,0.925,8059025.217422485,3677,400,2508,400,2488,3776,400,5056,3334,400,400,5399,400,2449,400,400,400,400,400,2510,4895,400,400,400,3306,400,2523,400,5399,3692,3198,2509,47.36842346191406,0,30.000001907348633,45,0,0,45,47.36842346191406,0,45,47.619049072265625,10,4.761904716491699,100,0,0,50,0,45,20,0,45,47.619049072265625,45,0,0,28.571430206298828,47.36842346191406,28.571430206298828,5,45,0,20475,15889,128736,70,91,20475,13174,34398,62,0,66718990336,8589930496,22019694592,524288
199,1790685946474,442907.7502746582,3050,0,0.21875,91549.88064575195,16133.333333333334,0,0.3999999999999999,93089.9434967041,16133.333333333334,0,0.3999999999999999,95746.93487548828,16133.333333333334,0,0.3999999999999999,98666.94708251953,16133.333333333334,0,0.3999999999999999,90305.0265045166,16133.333333333334,0,0.3999999999999999,88173.43975830078,16133.333333333334,0,0.3999999999999999,140448.40156555176,3050,0,0.21875,145430.96560668945,3050,0,0.21875,145755.2197265625,3050,0,0.21875,356860.8861846924,3050,0,0.21875,141231.33863830566,3050,0,0.21875,135366.63201904297,3050,0,0.21875,135443.64530944824,3050,0,0.21875,94375.41220092773,16133.333333333334,0,0.3999999999999999,96528.69621276855,16133.333333333334,0,0.3999999999999999,8059045.774765015,3677,400,2508,400,2488,3776,400,5056,3334,400,400,5399,400,2449,400,400,400,400,400,2510,4895,400,400,400,3306,400,2523,400,5399,3692,3198,2509,47.36842346191406,0,30.000001907348633,45,0,0,45,47.36842346191406,0,45,47.619049072265625,10,4.761904716491699,100,0,0,50,0,45,20,0,45,47.619049072265625,45,0,0,28.571430206298828,47.36842346191406,28.571430206298828,5,45,0,20475,15889,128773,70,91,20475,13174,34398,62,0,66718990336,8589930496,22019694592,524288
199,1790685946674,442908.1068878174,3050,2,0.2124999999999999,91550.0341796875,16133.333333333334,2,0.4125000000000001,93090.15341186523,16133.333333333334,2,0.4125000000000001,95747.14656066895,16133.333333333334,2,0.41874999999999996,98667.10302734375,16133.333333333334,2,0.41874999999999996,90305.23959350586,16133.333333333334,2,0.41874999999999996,88173.59260559082,16133.333333333334,0,0.41874999999999996,140448.76531982422,3050,0,0.2124999999999999,145431.36227416992,3050,2,0.2124999999999999,145755.5231628418,3050,0,0.2124999999999999,356863.08836364746,3050,0,0.2124999999999999,141231.61317443848,3050,2,0.2124999999999999,135367.01638793945,3050,2,0.2124999999999999,135443.92263793945,3050,2,0.2124999999999999,94375.5677947998,16133.333333333334,2,0.4125000000000001,96528.85105895996,16133.333333333334,2,0.4125000000000001,8059066.256317139,3677,400,2508,400,2488,3776,400,5056,3334,400,400,5399,400,2449,400,400,400,400,400,2510,4895,400,400,400,3306,400,2523,400,5399,3692,3198,2509,14.634145736694336,0,0,52.499996185302734,0,0,51.219512939453125,51.219512939453125,50,51.219512939453125,51.28205490112305,0,2.5,97.56097412109375,0,0,50,0,51.219512939453125,50,0,52.499996185302734,51.28205490112305,55,0,0,0,51.219512939453125,51.28205490112305,0,50,0,20475,15889,128874,70,90,20475,13174,34398,62,0,66718990336,8589930496,22035947520,524288
199,1790685946874,442908.4673614502,3050,0,0.22499999999999987,91550.19953918457,16133.333333333334,0,0.3999999999999999,93090.3752746582,16133.333333333334,0,0.3999999999999999,95747.3761138916,16133.333333333334,0,0.3999999999999999,98667.26953125,16133.333333333334,0,0.3999999999999999,90305.4701385498,16133.333333333334,0,0.3999999999999999,88173.75553894043,16133.333333333334,0,0.3999999999999999,140449.15147399902,3050,0,0.22499999999999987,145431.75234985352,3050,0,0.22499999999999987,145755.9257965088,3050,0,0.22499999999999987,356865.2721862793,3050,0,0.22499999999999987,141231.90213012695,3050,0,0.22499999999999987,135367.3946838379,3050,0,0.22499999999999987,135444.2240600586,3050,0,0.22499999999999987,94375.73950195313,16133.333333333334,0,0.3999999999999999,96529.02098083496,16133.333333333334,0,0.3999999999999999,8059086.841873169,3677,400,2508,400,2488,3776,400,5056,3334,400,400,5399,400,2449,400,400,400,400,400,2510,4895,400,400,400,3306,400,2523,400,5399,3692,3198,2509,14.634145736694336,0,0,52.499996185302734,0,0,51.219512939453125,51.219512939453125,50,51.219512939453125,51.28205490112305,0,2.5,97.56097412109375,0,0,50,0,51.219512939453125,50,0,52.499996185302734,51.28205490112305,55,0,0,0,51.219512939453125,51.28205490112305,0,50,0,20475,15889,129026,70,91,20475,13174,34376,62,0,66718990336,8589930496,22016081920,524288
199,1790685947074,442908.78997802734,3050,2,0.2124999999999999,91550.36561584473,48800,2,0.925,93090.59683227539,48800,2,0.925,95747.60020446777,48800,2,0.925,98667.43424987793,48800,2,0.925,90305.69403076172,48800,2,0.925,88173.91760253906,48800,2,0.925,140449.51301574707,3050,2,0.2124999999999999,145432.16926574707,3050,2,0.2124999999999999,145756.36070251465,3050,2,0.2124999999999999,356867.4796295166,3050,0,0.2124999999999999,141232.1834716797,3050,2,0.2124999999999999,135367.7735748291,3050,2,0.2124999999999999,135444.5189819336,3050,2,0.2124999999999999,94375.9054107666,48800,2,0.925,96529.18601989746,48800,2,0.925,8059107.496017456,3677,400,2508,400,2488,3776,400,5056,3334,400,400,5399,400,2449,400,400,400,400,400,2510,4895,400,400,400,3306,400,2523,400,5399,3692,3198,2509,5.128205299377441,0,0,50,0,0,51.28205490112305,50,51.219512939453125,51.28205490112305,50,10,2.5,100,32.5,30.76923179626465,51.219512939453125,32.5,43.589744567871094,51.28205490112305,0,50,50,51.219512939453125,0,0,0,19.51219367980957,19.51219367980957,0,20,7.500000476837158,20475,15889,128941,71,92,20475,13174,34376,62,0,66718990336,8589930496,22025076736,524288
199,1790685947274,442909.14126586914,3050,0,0.22499999999999987,91550.52941894531,16133.333333333334,0,0.40625,93090.81106567383,16133.333333333334,0,0.40625,95747.81617736816,16133.333333333334,0,0.40625,98667.59574890137,16133.333333333334,0,0.40625,90305.90814208984,16133.333333333334,0,0.40625,88174.08322143555,16133.333333333334,0,0.40625,140449.87690734863,3050,0,0.22499999999999987,145432.5214691162,3050,0,0.22499999999999987,145756.69705200195,3050,0,0.22499999999999987,356869.66583251953,3050,0,0.22499999999999987,141232.46438598633,3050,0,0.22499999999999987,135368.14250183105,3050,0,0.22499999999999987,135444.79803466797,3050,0,0.22499999999999987,94376.07322692871,16133.333333333334,0,0.40625,96529.353515625,16133.333333333334,0,0.40625,8059128.037994385,3677,400,2508,400,2488,3776,400,5056,3334,400,400,5399,400,2449,400,400,400,400,400,2510,4895,400,400,400,3306,400,2523,400,5399,3692,3198,2509,5.128205299377441,0,0,50,0,0,51.28205490112305,50,51.219512939453125,51.28205490112305,50,10,2.5,100,32.5,30.76923179626465,51.219512939453125,32.5,43.589744567871094,51.28205490112305,0,50,50,51.219512939453125,0,0,0,19.51219367980957,19.51219367980957,0,20,7.500000476837158,20475,15889,128905,71,92,20475,13174,34376,62,0,66718990336,8589930496,22029201408,524288
199,1790685947474,442909.51222229004,3050,0,0.21875,91550.70475769043,16133.333333333334,0,0.3999999999999999,93091.04585266113,16133.333333333334,0,0.3999999999999999,95748.05444335938,16133.333333333334,0,0.3999999999999999,98667.7689666748,16133.333333333334,0,0.3999999999999999,90306.14218139648,16133.333333333334,0,0.3999999999999999,88174.2520904541,16133.333333333334,0,0.3999999999999999,140450.27906799316,3050,0,0.21875,145432.82821655273,3050,0,0.21875,145757.0050354004,3050,0,0.21875,356871.8682861328,3050,0,0.21875,141232.7608642578,3050,0,0.21875,135368.533203125,3050,0,0.21875,135445.09495544434,3050,0,0.21875,94376.24862670898,16133.333333333334,0,0.3999999999999999,96529.52490234375,16133.333333333334,0,0.3999999999999999,8059148.744186401,3677,400,2508,400,2488,3776,400,5056,3334,400,400,5399,400,2449,400,400,400,400,400,2510,4895,400,400,400,3306,400,2523,400,5399,3692,3198,2509,10,0,0,50,0,0,50,50,51.28205490112305,50,51.219512939453125,0,0,100,50,51.219512939453125,51.28205490112305,50,50,51.219512939453125,2.5,50,51.219512939453125,51.28205490112305,0,0,0,0,0,0,0,0,20475,15889,128944,71,92,20475,13174,34376,62,0,66718990336,8589930496,22029201408,524288
199,1790685947674,442909.85150146484,3050,2,0.2124999999999999,91550.85717773438,48800,2,0.925,93091.24787902832,48800,2,0.925,95748.26197814941,48800,2,0.925,98667.91975402832,48800,2,0.925,90306.34657287598,48800,2,0.925,88174.40048217773,48800,2,0.925,140450.6333618164,3050,0,0.2124999999999999,145433.09590148926,3050,0,0.2124999999999999,145757.28565979004,3050,0,0.2124999999999999,356874.0838317871,3050,0,0.2124999999999999,141233.02293395996,3050,2,0.2124999999999999,135368.87516784668,3050,2,0.2124999999999999,135445.36224365234,3050,2,0.2124999999999999,94376.40007019043,48800,2,0.925,96529.67663574219,48800,2,0.925,8059168.908172607,3677,400,2508,400,2488,3776,400,5056,3334,400,400,5399,400,2449,400,400,400,400,400,2510,4895,400,400,400,3306,400,2523,400,5399,3692,3198,2509,10.526315689086914,0,0,0,0,0,45,47.36842346191406,45,45,45,0,0,100,47.36842346191406,47.619049072265625,45,45,45,45,45,45,47.36842346191406,45,0,0,0,0,0,0,0,0,20475,15889,128896,71,92,20475,13174,34376,62,0,66718990336,8589930496,22029201408,524288
199,1790685947874,442910.22619628906,3050,0,0.21875,91551.03639221191,16133.333333333334,0,0.3999999999999999,93091.48161315918,16133.333333333334,0,0.3999999999999999,95748.51383972168,16133.333333333334,0,0.3999999999999999,98668.10772705078,16133.333333333334,0,0.3999999999999999,90306.59185791016,16133.333333333334,0,0.3999999999999999,88174.58102416992,16133.333333333334,0,0.3999999999999999,140451.0221710205,3050,0,0.21875,145433.39804077148,3050,0,0.21875,145757.5913696289,3050,0,0.21875,356876.2679595947,3050,0,0.21875,141233.3126525879,3050,0,0.21875,135369.25968933105,3050,0,0.21875,135445.65606689453,3050,0,0.21875,94376.60235595703,16133.333333333334,0,0.3999999999999999,96529.86083984375,16133.333333333334,0,0.3999999999999999,8059189.8045043945,3677,400,2508,400,2488,3776,400,5056,3334,400,400,5399,400,2449,400,400,400,400,400,2510,4895,400,400,400,3306,400,2523,400,5399,3692,3198,2509,10.526315689086914,0,0,0,0,0,45,47.36842346191406,45,45,45,0,0,100,47.36842346191406,47.619049072265625,45,45,45,45,45,45,47.36842346191406,45,0,0,0,0,0,0,0,0,20475,15889,129014,71,92,20475,13174,34326,62,0,66718990336,8589930496,22046941184,524288
199,1790685948074,442911.21044921875,3050,0,0.22499999999999987,91551.19404602051,48800,2,0.40625,93091.68746948242,48800,2,0.40625,95748.66714477539,48800,2,0.40625,98668.2654876709,48800,2,0.40625,90306.80227661133,48800,2,0.40625,88174.73402404785,48800,2,0.40625,140451.39375305176,3050,2,0.22499999999999987,145433.6919555664,3050,2,0.22499999999999987,145757.878616333,3050,2,0.22499999999999987,356877.7794647217,3050,2,0.22499999999999987,141233.58418273926,3050,2,0.22499999999999987,135369.55056762695,3050,2,0.22499999999999987,135445.92637634277,3050,2,0.22499999999999987,94376.75930786133,48800,2,0.40625,96530.0146484375,48800,2,0.40625,8059209.907211304,3677,400,2508,400,2488,3776,400,5056,3334,400,400,5399,400,2449,400,400,400,400,400,2510,4895,400,400,400,3306,400,2523,400,5399,3692,3198,2509,29.268291473388672,0,0,0,7.500000476837158,2.4390242099761963,51.219512939453125,51.219512939453125,50,51.219512939453125,51.28205490112305,0,0,28.205129623413086,51.219512939453125,46.153846740722656,50,52.499996185302734,52.499996185302734,50,51.28205490112305,52.499996185302734,50,50,0,0,57.5,0,0,0,0,0,20475,15889,129086,71,91,20475,13174,34326,62,0,66718990336,8589930496,22041432064,524288
199,1790685948274,442911.6369934082,3050,0,0.22499999999999987,91551.38960266113,16133.333333333334,0,0.3999999999999999,93091.8549041748,16133.333333333334,0,0.3999999999999999,95748.83560180664,16133.333333333334,0,0.3999999999999999,98668.45890808105,16133.333333333334,0,0.3999999999999999,90307.00624084473,16133.333333333334,0,0.3999999999999999,88174.93621826172,16133.333333333334,0,0.3999999999999999,140451.7774658203,3050,0,0.22499999999999987,145433.99293518066,3050,0,0.22499999999999987,145758.48640441895,3050,0,0.22499999999999987,356879.63876342773,3050,0,0.22499999999999987,141233.87727355957,3050,0,0.22499999999999987,135369.83169555664,3050,0,0.22499999999999987,135446.23667907715,3050,0,0.22499999999999987,94376.93832397461,16133.333333333334,0,0.3999999999999999,96530.19184875488,16133.333333333334,0,0.3999999999999999,8059230.53855896,3677,400,2508,400,2488,3776,400,5056,3334,400,400,5399,400,2449,400,400,400,400,400,2510,4895,400,400,400,3306,400,2523,400,5399,3692,3198,2509,30.000001907348633,0,15.000000953674316,15.000000953674316,0,0,52.6315803527832,50,55,50,50,9.523809432983398,0,0,50,20,52.38095474243164,52.6315803527832,50,52.6315803527832,19.047618865966797,50,50,50,0,5,95,0,15.000000953674316,0,0,0,20475,15889,128975,71,92,20475,13174,34326,62,0,66718990336,8589930496,22017101824,524288
199,1790685948474,442911.9976501465,3050,0,0.2124999999999999,91551.55195617676,48800,2,0.925,93092.06982421875,48800,2,0.925,95748.99479675293,48800,2,0.925,98668.62237548828,48800,2,0.925,90307.1656036377,48800,2,0.925,88175.0983581543,48800,2,0.925,140452.15435791016,3050,0,0.2124999999999999,145434.28971862793,3050,0,0.2124999999999999,145758.76222229004,3050,2,0.2124999999999999,356881.82905578613,3050,0,0.2124999999999999,141234.1570892334,3050,2,0.2124999999999999,135370.20010375977,3050,2,0.2124999999999999,135446.53675842285,3050,2,0.2124999999999999,94377.10054016113,48800,2,0.925,96530.35102844238,48800,2,0.925,8059250.897445679,3677,400,2508,400,2488,3776,400,5056,3334,400,400,5399,400,2449,400,400,400,400,400,2510,4895,400,400,400,3306,400,2523,400,5399,3692,3198,2509,10.526315689086914,0,0,50,0,0,50,50,50,50,50,0,0,0,50,0,50,50,50,50,0,50,50,50,0,4.761904716491699,100,0,50,0,0,0,20475,15889,129028,71,92,20475,13174,34326,62,0,66718990336,8589930496,22026379264,524288
199,1790685948674,442912.4217376709,3050,0,0.22499999999999987,91551.7133178711,16133.333333333334,0,0.40625,93092.28247070313,16133.333333333334,0,0.40625,95749.15307617188,16133.333333333334,0,0.40625,98668.78379821777,16133.333333333334,0,0.40625,90307.32299804688,16133.333333333334,0,0.40625,88175.25875854492,16133.333333333334,0,0.40625,140452.5234527588,3050,0,0.22499999999999987,145434.57958984375,3050,0,0.22499999999999987,145759.03369140625,3050,0,0.22499999999999987,356884.0178375244,3050,0,0.22499999999999987,141234.42987060547,3050,0,0.22499999999999987,135370.55851745605,3050,0,0.22499999999999987,135446.8321533203,3050,0,0.22499999999999987,94377.25891113281,16133.333333333334,0,0.40625,96530.51124572754,16133.333333333334,0,0.40625,8059271.206436157,3677,400,2508,400,2488,3776,400,5056,3334,400,400,5399,400,2449,400,400,400,400,400,2510,4895,400,400,400,3306,400,2523,400,5399,3692,3198,2509,10.526315689086914,0,0,50,0,0,50,50,50,50,50,0,0,0,50,0,50,50,50,50,0,50,50,50,0,4.761904716491699,100,0,50,0,0,0,20475,15889,128957,72,92,20475,13174,34326,62,0,66718990336,8589930496,22026375168,524288
199,1790685948874,442912.916015625,3050,0,0.2124999999999999,91551.88624572754,48800,2,0.93125,93092.51333618164,48800,2,0.93125,95749.32612609863,48800,2,0.93125,98668.96377563477,48800,2,0.93125,90307.49247741699,48800,2,0.93125,88175.43145751953,48800,2,0.93125,140452.9252166748,3050,0,0.2124999999999999,145434.8944091797,3050,0,0.2124999999999999,145759.35276794434,3050,2,0.2124999999999999,356886.2086791992,3050,0,0.2124999999999999,141234.73416137695,3050,2,0.2124999999999999,135370.9407043457,3050,2,0.2124999999999999,135447.1640625,3050,2,0.2124999999999999,94377.42803955078,48800,2,0.93125,96530.68312072754,48800,2,0.93125,8059292.072906494,3677,400,2508,400,2488,3776,400,5056,3334,400,400,5399,400,2449,400,400,400,400,400,2510,4895,400,400,400,3306,400,2523,400,5399,3692,3198,2509,17.5,0,0,50,0,0,50,50,50,51.28205490112305,51.219512939453125,0,2.4390242099761963,0,50,0,50,50,50,51.219512939453125,0,50,51.219512939453125,52.499996185302734,0,0,100,0,52.499996185302734,2.5,0,0,20475,15889,128941,71,92,20475,13174,34210,61,0,66718990336,8589930496,22015619072,524288
199,1790685949074,442913.2841644287,3050,0,0.21875,91552.03938293457,16133.333333333334,0,0.6,93092.7156829834,16133.333333333334,0,0.6,95749.47764587402,16133.333333333334,0,0.6,98669.11088562012,16133.333333333334,0,0.6,90307.6411743164,16133.333333333334,0,0.6,88175.58171081543,16133.333333333334,0,0.6,140453.29620361328,3050,0,0.21875,145435.2128753662,3050,0,0.21875,145759.62237548828,3050,0,0.21875,356888.41049194336,3050,0,0.21875,141234.99862670898,3050,0,0.21875,135371.2865600586,3050,0,0.21875,135447.44198608398,3050,0,0.21875,94377.57678222656,16133.333333333334,0,0.6,96530.83467102051,16133.333333333334,0,0.6,8059312.19430542,3677,400,2508,400,2488,3776,400,5056,3334,400,400,5399,400,2449,400,400,400,400,400,2510,4895,400,400,400,3306,400,2523,400,5399,3692,3198,2509,17.5,0,0,50,0,0,50,50,50,51.28205490112305,51.219512939453125,0,2.4390242099761963,0,50,0,50,50,50,51.219512939453125,0,50,51.219512939453125,52.499996185302734,0,0,100,0,52.499996185302734,2.5,0,0,20475,15889,128908,71,92,20475,13174,34210,61,0,66718990336,8589930496,22030843904,524288
199,1790685949274,442913.71212768555,3050,0,0.21875,91552.22161865234,16133.333333333334,0,0.3999999999999999,93092.95785522461,16133.333333333334,0,0.3999999999999999,95749.65821838379,16133.333333333334,0,0.3999999999999999,98669.28852844238,16133.333333333334,0,0.3999999999999999,90307.81422424316,16133.333333333334,0,0.3999999999999999,88175.76501464844,16133.333333333334,0,0.3999999999999999,140453.6968383789,3050,0,0.21875,145435.5725402832,3050,0,0.21875,145759.95567321777,3050,0,0.21875,356890.6138153076,3050,0,0.21875,141235.33447265625,3050,0,0.21875,135371.6905517578,3050,0,0.21875,135447.76141357422,3050,0,0.21875,94377.75607299805,16133.333333333334,0,0.3999999999999999,96531.01432800293,16133.333333333334,0,0.3999999999999999,8059333.001602173,3677,400,2508,400,2488,3776,400,5056,3334,400,400,5399,400,2449,400,400,400,400,400,2510,4895,400,400,400,3306,400,2523,400,5399,3692,3198,2509,2.4390242099761963,4.878048419952393,0,50,0,0,50,50,50,50,50,0,7.500000476837158,100,50,0,51.28205490112305,50,7.500000476837158,50,0,50,50,51.219512939453125,0,0,0,2.5,50,0,0,42.5,20475,15889,128931,71,92,20475,13174,34210,61,0,66718990336,8589930496,22017765376,524288
199,1790685949475,442914.06590270996,3050,0,0.2124999999999999,91552.3784790039,48800,2,0.58125,93093.17108154297,48800,2,0.58125,95749.8109588623,48800,2,0.58125,98669.44296264648,48800,2,0.58125,90307.96942138672,48800,2,0.58125,88175.92401123047,48800,2,0.58125,140454.05767822266,3050,0,0.2124999999999999,145435.84996032715,3050,2,0.2124999999999999,145760.21737670898,3050,2,0.2124999999999999,356892.8179473877,3050,0,0.2124999999999999,141235.60487365723,3050,2,0.2124999999999999,135372.0246887207,3050,2,0.2124999999999999,135448.05111694336,3050,2,0.2124999999999999,94377.91152954102,48800,2,0.58125,96531.16761779785,48800,2,0.58125,8059353.334060669,3677,400,2508,400,2488,3776,400,5056,3334,400,400,5399,400,2449,400,400,400,400,400,2510,4895,400,400,400,3306,400,2523,400,5399,3692,3198,2509,10.526315689086914,0,0,47.619049072265625,0,0,47.619049072265625,50,47.36842346191406,47.619049072265625,45,0,0,100,50,0,45,47.619049072265625,0,45,0,47.619049072265625,47.36842346191406,50,0,0,0,0,45,0,0,45,20475,15889,129046,71,90,20475,13174,34210,61,0,66718990336,8589930496,22026792960,524288
199,1790685949674,442914.4445037842,3050,0,0.21875,91552.5456237793,16133.333333333334,0,0.3999999999999999,93093.3939819336,16133.333333333334,0,0.3999999999999999,95749.97706604004,16133.333333333334,0,0.3999999999999999,98669.60662841797,16133.333333333334,0,0.3999999999999999,90308.13247680664,16133.333333333334,0,0.3999999999999999,88176.09063720703,16133.333333333334,0,0.3999999999999999,140454.4440460205,3050,0,0.21875,145436.14407348633,3050,0,0.21875,145760.49794006348,3050,0,0.21875,356895.03047180176,3050,0,0.21875,141235.88430786133,3050,0,0.21875,135372.3789215088,3050,0,0.21875,135448.35899353027,3050,0,0.21875,94378.07402038574,16133.333333333334,0,0.3999999999999999,96531.33247375488,16133.333333333334,0,0.3999999999999999,8059373.81451416,3677,400,2508,400,2488,3776,400,5056,3334,400,400,5399,400,2449,400,400,400,400,400,2510,4895,400,400,400,3306,400,2523,400,5399,3692,3198,2509,10.526315689086914,0,0,47.619049072265625,0,0,47.619049072265625,50,47.36842346191406,47.619049072265625,45,0,0,100,50,0,45,47.619049072265625,0,45,0,47.619049072265625,47.36842346191406,50,0,0,0,0,45,0,0,45,20475,15889,129033,71,92,20475,13174,34210,61,0,66718990336,8589930496,22026792960,524288
199,1790685949875,442914.8123779297,3050,2,0.2124999999999999,91552.7153930664,48800,2,0.925,93093.61508178711,48800,2,0.925,95750.1455078125,48800,2,0.925,98669.7769317627,48800,2,0.925,90308.30258178711,48800,2,0.925,88176.25631713867,48800,2,0.925,140454.818359375,3050,2,0.2124999999999999,145436.4321899414,3050,0,0.2124999999999999,145760.77459716797,3050,2,0.2124999999999999,356897.2468261719,3050,0,0.2124999999999999,141236.15744018555,3050,2,0.2124999999999999,135372.72467041016,3050,0,0.2124999999999999,135448.65551757813,3050,2,0.2124999999999999,94378.25367736816,48800,2,0.925,96531.52444458008,48800,2,0.925,8059394.529556274,3677,400,2508,400,2488,3776,400,5056,3334,400,400,5399,400,2449,400,400,400,400,400,2510,4895,400,400,400,3306,400,2523,400,5399,3692,3198,2509,12.5,0,0,52.499996185302734,0,0,51.28205490112305,50,51.219512939453125,50,51.28205490112305,5,0,100,50,5,51.219512939453125,50,0,50,0,51.28205490112305,50,45,0,0,0,2.4390242099761963,45,0,5,56.09756088256836,20475,15889,128927,71,92,20475,13174,34044,61,0,66718990336,8589930496,22021795840,524288
199,1790685950075,442915.2554473877,3050,0,0.22499999999999987,91552.8833618164,16133.333333333334,0,0.3999999999999999,93093.77641296387,16133.333333333334,0,0.3999999999999999,95750.31059265137,16133.333333333334,0,0.3999999999999999,98669.94274902344,16133.333333333334,0,0.3999999999999999,90308.46514892578,16133.333333333334,0,0.3999999999999999,88176.41952514648,16133.333333333334,0,0.3999999999999999,140455.19589233398,3050,0,0.22499999999999987,145436.7197113037,3050,0,0.22499999999999987,145761.06637573242,3050,0,0.22499999999999987,356899.4577026367,3050,0,0.22499999999999987,141236.4432373047,3050,0,0.22499999999999987,135373.06372070313,3050,0,0.22499999999999987,135448.94555664063,3050,0,0.22499999999999987,94378.41621398926,16133.333333333334,0,0.3999999999999999,96531.68676757813,16133.333333333334,0,0.3999999999999999,8059414.936462402,3677,400,2508,400,2488,3776,400,5056,3334,400,400,5399,400,2449,400,400,400,400,400,2510,4895,400,400,400,3306,400,2523,400,5399,3692,3198,2509,12.5,0,0,52.499996185302734,0,0,51.28205490112305,50,51.219512939453125,50,51.28205490112305,5,0,100,50,5,51.219512939453125,50,0,50,0,51.28205490112305,50,45,0,0,0,2.4390242099761963,45,0,5,56.09756088256836,20475,15889,128940,71,92,20475,13174,34044,61,0,66718990336,8589930496,22013538304,524288
199,1790685950275,442915.70587158203,3050,2,0.2124999999999999,91553.05735778809,48800,2,0.925,93093.89915466309,48800,2,0.925,95750.48135375977,48800,2,0.925,98670.13096618652,48800,2,0.925,90308.63415527344,48800,2,0.925,88176.58857727051,48800,2,0.925,140455.57357788086,3050,2,0.2124999999999999,145437.03102111816,3050,2,0.2124999999999999,145761.3722229004,3050,2,0.2124999999999999,356901.6662597656,3050,0,0.2124999999999999,141236.73495483398,3050,2,0.2124999999999999,135373.36911010742,3050,2,0.2124999999999999,135449.23652648926,3050,2,0.2124999999999999,94378.58602905273,48800,2,0.925,96531.8811340332,48800,2,0.925,8059435.616836548,3677,400,2508,400,2488,3776,400,5056,3334,400,400,5399,400,2449,400,400,400,400,400,2510,4895,400,400,400,3306,400,2523,400,5399,3692,3198,2509,48.780487060546875,0,0,41.02564239501953,0,10,50,50,15.000000953674316,50,51.219512939453125,10,0,100,50,50,50,50,0,52.499996185302734,0,50,50,42.5,0,0,0,0,2.5,0,0,51.28205490112305,20475,15889,128974,72,92,20475,13174,34044,61,0,66718990336,8589930496,22024957952,524288
199,1790685950475,442916.12602233887,3050,0,0.22499999999999987,91553.21328735352,16133.333333333334,0,0.40625,93094.05302429199,16133.333333333334,0,0.40625,95750.63792419434,16133.333333333334,0,0.40625,98670.2862701416,16133.333333333334,0,0.40625,90308.78623962402,16133.333333333334,0,0.40625,88176.74301147461,16133.333333333334,0,0.40625,140455.9253540039,3050,0,0.22499999999999987,145437.318649292,3050,0,0.22499999999999987,145761.66549682617,3050,0,0.22499999999999987,356903.8466796875,3050,0,0.22499999999999987,141237.00749206543,3050,0,0.22499999999999987,135373.64656066895,3050,0,0.22499999999999987,135449.5082244873,3050,0,0.22499999999999987,94378.73905944824,16133.333333333334,0,0.40625,96532.03703308105,16133.333333333334,0,0.40625,8059455.688308716,3677,400,2508,400,2488,3776,400,5056,3334,400,400,5399,400,2449,400,400,400,400,400,2510,4895,400,400,400,3306,400,2523,400,5399,3692,3198,2509,48.780487060546875,0,0,41.02564239501953,0,10,50,50,15.000000953674316,50,51.219512939453125,10,0,100,50,50,50,50,0,52.499996185302734,0,50,50,42.5,0,0,0,0,2.5,0,0,51.28205490112305,20475,15889,128878,72,92,20475,13174,34044,61,0,66718990336,8589930496,22025187328,524288
199,1790685950675,442916.573638916,3050,2,0.2124999999999999,91553.38638305664,48800,2,0.54375,93094.22373962402,48800,2,0.54375,95750.81161499023,48800,2,0.54375,98670.45817565918,48800,2,0.54375,90308.95515441895,48800,2,0.54375,88176.91450500488,48800,2,0.54375,140456.30252075195,3050,2,0.2124999999999999,145437.62422180176,3050,2,0.2124999999999999,145761.97860717773,3050,2,0.2124999999999999,356906.0555419922,3050,0,0.2124999999999999,141237.30471801758,3050,2,0.2124999999999999,135373.94662475586,3050,2,0.2124999999999999,135449.7980041504,3050,2,0.2124999999999999,94378.90881347656,48800,2,0.39375000000000004,96532.20518493652,48800,2,0.39375000000000004,8059476.376342773,3677,400,2508,400,2488,3776,400,5056,3334,400,400,5399,400,2449,400,400,400,400,400,2510,4895,400,400,400,3306,400,2523,400,5399,3692,3198,2509,51.28205490112305,0,0,50,0,0,50,50,14.634145736694336,51.28205490112305,50,0,0,100,50,50,50,51.28205490112305,0,51.219512939453125,0,50,51.219512939453125,50,0,0,0,0,0,0,0,50,20475,15889,128950,72,92,20475,13174,34044,61,0,66718990336,8589930496,22025187328,524288
199,1790685950875,442916.9100189209,3050,0,0.21875,91553.53622436523,48800,2,0.93125,93094.3742980957,48800,2,0.93125,95750.96217346191,48800,2,0.93125,98670.61009216309,48800,2,0.93125,90309.10400390625,48800,2,0.93125,88177.06440734863,48800,2,0.93125,140456.6371459961,3050,2,0.21875,145437.89347839355,3050,2,0.21875,145762.31048583984,3050,0,0.21875,356908.2417907715,3050,0,0.21875,141237.57028198242,3050,2,0.21875,135374.2124633789,3050,2,0.21875,135450.0604095459,3050,0,0.21875,94379.05606079102,48800,2,0.93125,96532.35325622559,48800,2,0.93125,8059496.370315552,3677,400,2508,400,2488,3776,400,5056,3334,400,400,5399,400,2449,400,400,400,400,400,2510,4895,400,400,400,3306,400,2523,400,5399,3692,3198,2509,51.28205490112305,0,0,50,0,0,50,50,14.634145736694336,51.28205490112305,50,0,0,100,50,50,50,51.28205490112305,0,51.219512939453125,0,50,51.219512939453125,50,0,0,0,0,0,0,0,50,20475,15889,128973,72,92,20475,13174,34051,61,0,66718990336,8589930496,22041948160,524288
199,1790685951075,442917.285446167,3050,0,0.22499999999999987,91553.70988464355,16133.333333333334,0,0.3999999999999999,93094.55030822754,16133.333333333334,0,0.3999999999999999,95751.13732910156,16133.333333333334,0,0.3999999999999999,98670.78628540039,16133.333333333334,0,0.3999999999999999,90309.27865600586,16133.333333333334,0,0.3999999999999999,88177.23957824707,16133.333333333334,0,0.3999999999999999,140456.9500427246,3050,0,0.22499999999999987,145438.2063140869,3050,0,0.22499999999999987,145762.64266967773,3050,0,0.22499999999999987,356910.4397125244,3050,0,0.22499999999999987,141237.86958312988,3050,0,0.22499999999999987,135374.5185699463,3050,0,0.22499999999999987,135450.37167358398,3050,0,0.22499999999999987,94379.22608947754,16133.333333333334,0,0.3999999999999999,96532.52545166016,16133.333333333334,0,0.3999999999999999,8059517.091201782,3677,400,2508,400,2488,3776,400,5056,3334,400,400,5399,400,2449,400,400,400,400,400,2510,4895,400,400,400,3306,400,2523,400,5399,3692,3198,2509,50,0,0,50,0,0,50,50,12.5,50,50,7.500000476837158,0,100,50,50,50,50,0,50,0,50,50,50,0,0,0,0,0,0,0,50,20475,15889,129130,72,92,20475,13174,34051,61,0,66718990336,8589930496,22039429120,524288
199,1790685951275,442917.67614746094,3050,2,0.2124999999999999,91553.87008666992,48800,2,0.625,93094.71183776855,48800,2,0.625,95751.30346679688,48800,2,0.625,98670.94364929199,48800,2,0.625,90309.4383392334,48800,2,0.625,88177.40216064453,48800,2,0.625,140457.2360534668,3050,2,0.2124999999999999,145438.5031890869,3050,0,0.2124999999999999,145762.92823791504,3050,0,0.2124999999999999,356912.65116882324,3050,0,0.2124999999999999,141238.1379699707,3050,2,0.2124999999999999,135374.81437683105,3050,2,0.2124999999999999,135450.66386413574,3050,2,0.2124999999999999,94379.38987731934,48800,2,0.625,96532.71063232422,48800,2,0.625,8059537.398788452,3677,400,2508,400,2488,3776,400,5056,3334,400,400,5399,400,2449,400,400,400,400,400,2510,4895,400,400,400,3306,400,2523,400,5399,3692,3198,2509,47.619049072265625,0,0,47.619049072265625,0,0,47.619049072265625,45,10.526315689086914,47.619049072265625,45,0,0,100,50,47.619049072265625,47.36842346191406,47.619049072265625,0,45,4.761904716491699,47.619049072265625,47.36842346191406,45,0,0,0,0,0,0,0,45,20475,15889,129109,72,91,20475,13174,34051,61,0,66718990336,8589930496,22028263424,524288
199,1790685951475,442918.03199768066,3050,0,0.22499999999999987,91554.03382873535,16133.333333333334,0,0.3999999999999999,93094.8784790039,16133.333333333334,0,0.3999999999999999,95751.47291564941,16133.333333333334,0,0.3999999999999999,98671.10948181152,16133.333333333334,0,0.3999999999999999,90309.60459899902,16133.333333333334,0,0.3999999999999999,88177.56568908691,16133.333333333334,0,0.3999999999999999,140457.52270507813,3050,0,0.22499999999999987,145438.80709838867,3050,0,0.22499999999999987,145763.20373535156,3050,0,0.22499999999999987,356914.84254455566,3050,0,0.22499999999999987,141238.41688537598,3050,0,0.22499999999999987,135375.10998535156,3050,0,0.22499999999999987,135450.96463012695,3050,0,0.22499999999999987,94379.55256652832,16133.333333333334,0,0.3999999999999999,96532.87461853027,16133.333333333334,0,0.3999999999999999,8059557.766525269,3677,400,2508,400,2488,3776,400,5056,3334,400,400,5399,400,2449,400,400,400,400,400,2510,4895,400,400,400,3306,400,2523,400,5399,3692,3198,2509,47.619049072265625,0,0,47.619049072265625,0,0,47.619049072265625,45,10.526315689086914,47.619049072265625,45,0,0,100,50,47.619049072265625,47.36842346191406,47.619049072265625,0,45,4.761904716491699,47.619049072265625,47.36842346191406,45,0,0,0,0,0,0,0,45,20475,15889,129207,72,92,20475,13174,34051,61,0,66718990336,8589930496,22037295104,524288
199,1790685951675,442918.3874359131,3050,2,0.2124999999999999,91554.19187927246,48800,2,0.40625,93095.03413391113,48800,2,0.40625,95751.63037109375,48800,2,0.40625,98671.26499938965,48800,2,0.40625,90309.76078796387,48800,2,0.40625,88177.71873474121,48800,2,0.40625,140457.80903625488,3050,0,0.2124999999999999,145439.09295654297,3050,2,0.2124999999999999,145763.47323608398,3050,2,0.2124999999999999,356917.0658111572,3050,0,0.2124999999999999,141238.6897125244,3050,2,0.2124999999999999,135375.3980102539,3050,2,0.2124999999999999,135451.26303100586,3050,2,0.2124999999999999,94379.70762634277,48800,2,0.40625,96533.03076171875,48800,2,0.40625,8059577.92767334,3677,400,2508,400,2488,3776,400,5056,3334,400,400,5399,400,2449,400,400,400,400,400,2510,4895,400,400,400,3306,400,2523,400,5399,3692,3198,2509,50,0,0,20.512821197509766,0,0,51.28205490112305,51.28205490112305,12.5,50,50,0,0,100,50,51.28205490112305,51.219512939453125,50,0,50,30.000001907348633,51.28205490112305,50,50,0,0,0,0,0,0,0,51.28205490112305,20475,15889,129067,72,92,20475,13174,34051,61,0,66718990336,8589930496,22037291008,524288
199,1790685951875,442918.7478790283,3050,0,0.22499999999999987,91554.35488891602,16133.333333333334,0,0.3999999999999999,93095.19276428223,16133.333333333334,0,0.3999999999999999,95751.79331970215,16133.333333333334,0,0.3999999999999999,98671.42654418945,16133.333333333334,0,0.3999999999999999,90309.92268371582,16133.333333333334,0,0.3999999999999999,88177.8776550293,16133.333333333334,0,0.3999999999999999,140458.0958404541,3050,0,0.22499999999999987,145439.3782196045,3050,0,0.22499999999999987,145763.75019836426,3050,0,0.22499999999999987,356919.2614746094,3050,0,0.22499999999999987,141238.9624786377,3050,0,0.22499999999999987,135375.68156433105,3050,0,0.22499999999999987,135451.56575012207,3050,0,0.22499999999999987,94379.8684387207,16133.333333333334,0,0.3999999999999999,96533.1919708252,16133.333333333334,0,0.3999999999999999,8059598.168289185,3677,400,2508,400,2488,3776,400,5056,3334,400,400,5399,400,2449,400,400,400,400,400,2510,4895,400,400,400,3306,400,2523,400,5399,3692,3198,2509,50,0,0,20.512821197509766,0,0,51.28205490112305,51.28205490112305,12.5,50,50,0,0,100,50,51.28205490112305,51.219512939453125,50,0,50,30.000001907348633,51.28205490112305,50,50,0,0,0,0,0,0,0,51.28205490112305,20475,15889,129028,72,93,20475,13174,34037,60,0,66718990336,8589930496,22035976192,524288
199,1790685952075,442919.2229614258,3050,0,0.2124999999999999,91554.53419494629,16133.333333333334,0,0.3999999999999999,93095.3754272461,16133.333333333334,0,0.3999999999999999,95751.9806060791,16133.333333333334,0,0.3999999999999999,98671.65760803223,16133.333333333334,0,0.3999999999999999,90310.1171875,16133.333333333334,0,0.3999999999999999,88178.05877685547,16133.333333333334,0,0.3999999999999999,140458.43685913086,3050,0,0.2124999999999999,145439.69317626953,3050,0,0.2124999999999999,145764.0724182129,3050,0,0.2124999999999999,356921.41122436523,3050,0,0.2124999999999999,141239.26306152344,3050,0,0.2124999999999999,135375.99502563477,3050,0,0.2124999999999999,135451.88055419922,3050,0,0.2124999999999999,94380.04502868652,16133.333333333334,0,0.3999999999999999,96533.3836517334,16133.333333333334,0,0.3999999999999999,8059619.003646851,3677,400,2508,400,2488,3776,400,5056,3334,400,400,5399,400,2449,400,400,400,400,400,2510,4895,400,400,400,3306,400,2523,400,5399,3692,3198,2509,52.499996185302734,2.5,0,0,0,2.5641026496887207,52.499996185302734,51.219512939453125,12.5,52.499996185302734,20,2.4390242099761963,32.5,97.5,52.499996185302734,51.219512939453125,51.28205490112305,52.499996185302734,0,52.499996185302734,51.28205490112305,52.499996185302734,53.658538818359375,52.499996185302734,2.5,0,0,0,0,0,0,53.658538818359375,20475,15889,129032,72,92,20475,13174,34037,60,0,66718990336,8589930496,22044332032,524288
199,1790685952275,442920.80627441406,3050,0,0.20625000000000004,91554.75813293457,16133.333333333334,0,0.3999999999999999,93095.59658813477,16133.333333333334,0,0.3999999999999999,95752.20419311523,16133.333333333334,0,0.3999999999999999,98671.87731933594,16133.333333333334,0,0.3999999999999999,90310.33630371094,16133.333333333334,0,0.3999999999999999,88178.27735900879,16133.333333333334,0,0.3999999999999999,140458.83030700684,3050,0,0.20625000000000004,145440.07176208496,3050,0,0.20625000000000004,145764.4346923828,3050,0,0.20625000000000004,356922.00302124023,3050,0,0.20625000000000004,141239.61721801758,3050,0,0.20625000000000004,135376.59814453125,3050,0,0.20625000000000004,135452.3067626953,3050,0,0.20625000000000004,94380.26281738281,16133.333333333334,0,0.3999999999999999,96533.62747192383,16133.333333333334,0,0.3999999999999999,8059640.911834717,3677,400,2508,400,2488,3776,400,5056,3334,400,400,5399,400,2449,400,400,400,400,400,2510,4895,400,400,400,3306,400,2523,400,5399,3692,3198,2509,100,38.095237731933594,0,35,0,0,30.000001907348633,65,10,26.3157901763916,35,35,30.000001907348633,40,30.000001907348633,35,65,30.000001907348633,35,65,33.333335876464844,65,65,30.000001907348633,35,0,35,35,30.000001907348633,4.761904716491699,35,35,20475,15889,118763,67,63,20475,13174,34101,65,5,66718990336,8589930496,22245228544,524288
199,1790685952475,442921.22441101074,3050,0,0.21875,91554.9351348877,16133.333333333334,0,0.3999999999999999,93095.77215576172,16133.333333333334,0,0.3999999999999999,95752.38050842285,16133.333333333334,0,0.3999999999999999,98672.05293273926,16133.333333333334,0,0.3999999999999999,90310.51246643066,16133.333333333334,0,0.3999999999999999,88178.4076385498,16133.333333333334,0,0.3999999999999999,140459.14045715332,3050,0,0.21875,145440.37301635742,3050,0,0.21875,145764.74893188477,3050,0,0.21875,356923.7281341553,3050,0,0.21875,141240.1524810791,3050,0,0.21875,135376.90063476563,3050,0,0.21875,135452.59523010254,3050,0,0.21875,94380.43724060059,16133.333333333334,0,0.3999999999999999,96533.80276489258,16133.333333333334,0,0.3999999999999999,8059661.212142944,3677,400,2508,400,2488,3776,400,5056,3334,400,400,5399,400,2449,400,400,400,400,400,2510,4895,400,400,400,3306,400,2523,400,5399,3692,3198,2509,5.263157844543457,20,0,52.38095474243164,0,0,0,40,57.142860412597656,45,50,50,0,0,0,52.6315803527832,50,0,55,55,0,52.38095474243164,55,0,52.38095474243164,0,85,65,0,0,55,0,20475,15889,107501,69,42,20475,13174,40380,65,52,66718990336,8589930496,22418980864,524288
199,1790685952675,442921.5514984131,3050,0,0.21875,91555.08999633789,16133.333333333334,0,0.3999999999999999,93095.927734375,16133.333333333334,0,0.3999999999999999,95752.5365447998,16133.333333333334,0,0.3999999999999999,98672.20692443848,16133.333333333334,0,0.3999999999999999,90310.66680908203,16133.333333333334,0,0.3999999999999999,88178.5588684082,16133.333333333334,0,0.3999999999999999,140459.4072113037,3050,0,0.21875,145440.64625549316,3050,0,0.21875,145765.01539611816,3050,0,0.21875,356925.9949951172,3050,0,0.21875,141240.4168395996,3050,0,0.21875,135377.1809539795,3050,0,0.21875,135452.86334228516,3050,0,0.21875,94380.59176635742,16133.333333333334,0,0.3999999999999999,96533.95635986328,16133.333333333334,0,0.3999999999999999,8059681.126602173,3677,400,2508,400,2488,3776,400,5056,3334,400,400,5399,400,2449,400,400,400,400,400,2510,4895,400,400,400,3306,400,2523,400,5399,3692,3198,2509,10,0,0,47.36842346191406,0,0,0,50,47.36842346191406,47.619049072265625,50,47.36842346191406,0,0,0,45,47.619049072265625,0,47.619049072265625,47.36842346191406,0,47.36842346191406,47.36842346191406,0,47.36842346191406,0,100,47.619049072265625,0,0,45,0,20475,15889,101150,68,40,20475,13174,45005,64,51,66718990336,8589930496,22435225600,524288
199,1790685952875,442921.88410949707,3050,0,0.21875,91555.24586486816,16133.333333333334,0,0.40625,93096.08242797852,16133.333333333334,0,0.40625,95752.69241333008,16133.333333333334,0,0.40625,98672.36192321777,16133.333333333334,0,0.40625,90310.82217407227,16133.333333333334,0,0.40625,88178.71087646484,16133.333333333334,0,0.40625,140459.6798248291,3050,0,0.21875,145440.92207336426,3050,0,0.21875,145765.28164672852,3050,0,0.21875,356928.2653198242,3050,0,0.21875,141240.68072509766,3050,0,0.21875,135377.46214294434,3050,0,0.21875,135453.1277770996,3050,0,0.21875,94380.7472076416,16133.333333333334,0,0.40625,96534.1109161377,16133.333333333334,0,0.40625,8059701.032867432,3677,400,2508,400,2488,3776,400,5056,3334,400,400,5399,400,2449,400,400,400,400,400,2510,4895,400,400,400,3306,400,2523,400,5399,3692,3198,2509,10,0,0,47.619049072265625,0,0,0,45,47.619049072265625,47.36842346191406,45,47.619049072265625,0,0,0,50,47.36842346191406,0,25,47.619049072265625,0,47.619049072265625,47.619049072265625,0,47.619049072265625,0,100,47.36842346191406,0,0,50,20,20475,15889,93919,69,49,20475,13174,61393,63,49,66718990336,8589930496,22434009088,524288
199,1790685953076,442922.3247528076,3050,2,0.2124999999999999,91555.41403198242,48800,2,0.925,93096.24391174316,48800,2,0.925,95752.8558959961,48800,2,0.925,98672.5498046875,48800,2,0.925,90310.99018859863,48800,2,0.925,88178.8757019043,48800,2,0.925,140460.02337646484,3050,0,0.2124999999999999,145441.2095336914,3050,2,0.2124999999999999,145765.57710266113,3050,2,0.2124999999999999,356930.5376739502,3050,0,0.2124999999999999,141240.95484924316,3050,2,0.2124999999999999,135377.75100708008,3050,0,0.2124999999999999,135453.40075683594,3050,2,0.2124999999999999,94380.91479492188,48800,2,0.925,96534.27247619629,48800,2,0.925,8059721.6017456055,3677,400,2508,400,2488,3776,400,5056,3334,400,400,5399,400,2449,400,400,400,400,400,2510,4895,400,400,400,3306,400,2523,400,5399,3692,3198,2509,15.000000953674316,15.789472579956055,0,50,0,0,0,50,47.36842346191406,47.619049072265625,50,52.38095474243164,0,0,0,47.619049072265625,47.619049072265625,0,0,50,0,50,50,0,50,0,100,50,0,0,45,50,20475,15889,86861,70,52,20475,13174,64384,64,51,66718990336,8589930496,22466084864,524288
199,1790685953276,442922.68283081055,3050,2,0.2124999999999999,91555.59275817871,48800,2,0.93125,93096.44853210449,48800,2,0.93125,95753.0333404541,48800,2,0.93125,98672.72717285156,48800,2,0.93125,90311.16537475586,48800,2,0.93125,88179.0492553711,48800,2,0.93125,140460.31938171387,3050,2,0.2124999999999999,145441.62295532227,3050,0,0.2124999999999999,145765.87908935547,3050,2,0.2124999999999999,356932.81341552734,3050,0,0.2124999999999999,141241.26518249512,3050,2,0.2124999999999999,135378.06564331055,3050,0,0.2124999999999999,135453.69352722168,3050,0,0.2124999999999999,94381.08978271484,48800,2,0.93125,96534.45059204102,48800,2,0.93125,8059742.29447937,3677,400,2508,400,2488,3776,400,5056,3334,400,400,5399,400,2449,400,400,400,400,400,2510,4895,400,400,400,3306,400,2523,400,5399,3692,3198,2509,0,0,0,52.6315803527832,0,4.761904716491699,0,52.6315803527832,52.38095474243164,55,52.6315803527832,52.6315803527832,23.809524536132813,0,0,52.6315803527832,52.6315803527832,0,0,50,0,55,50,0,52.6315803527832,0,100,50,0,0,55,52.6315803527832,20475,15889,86404,69,51,20475,13174,80534,65,50,66718990336,8589930496,22493667328,524288
199,1790685953476,442922.9779205322,3050,2,0.20625000000000004,91555.7663269043,48800,2,0.925,93096.62127685547,48800,2,0.925,95753.2045288086,48800,2,0.925,98672.90014648438,48800,2,0.925,90311.33869934082,48800,2,0.925,88179.21997070313,48800,2,0.925,140460.6052093506,3050,2,0.20625000000000004,145441.97993469238,3050,0,0.20625000000000004,145766.17306518555,3050,2,0.20625000000000004,356935.07803344727,3050,0,0.20625000000000004,141241.56098937988,3050,2,0.20625000000000004,135378.36965942383,3050,2,0.20625000000000004,135453.98388671875,3050,0,0.20625000000000004,94381.26347351074,48800,2,0.925,96534.6236114502,48800,2,0.925,8059762.692306519,3677,400,2508,400,2488,3776,400,5056,3334,400,400,5399,400,2449,400,400,400,400,400,2510,4895,400,400,400,3306,400,2523,400,5399,3692,3198,2509,0,0,0,38.095237731933594,0,0,0,52.38095474243164,52.6315803527832,52.6315803527832,52.38095474243164,52.38095474243164,5,0,0,52.38095474243164,52.38095474243164,0,0,55,15.000000953674316,50,55,0,52.38095474243164,0,100,55,0,0,50,52.38095474243164,20475,15889,86325,68,41,20475,13174,83528,65,51,66718990336,8589930496,22493667328,524288
199,1790685953676,442923.3495941162,3050,0,0.20625000000000004,91555.93925476074,16133.333333333334,2,0.925,93096.79316711426,16133.333333333334,2,0.925,95753.37426757813,16133.333333333334,0,0.925,98673.07177734375,16133.333333333334,2,0.925,90311.51089477539,16133.333333333334,2,0.925,88179.39169311523,16133.333333333334,2,0.625,140460.8899383545,3050,2,0.20625000000000004,145442.34480285645,3050,0,0.20625000000000004,145766.46432495117,3050,2,0.20625000000000004,356937.3402252197,3050,0,0.20625000000000004,141241.8500366211,3050,2,0.20625000000000004,135378.67866516113,3050,2,0.20625000000000004,135454.27061462402,3050,2,0.20625000000000004,94381.43574523926,16133.333333333334,2,0.925,96534.79472351074,16133.333333333334,2,0.925,8059783.162124634,3677,400,2508,400,2488,3776,400,5056,3334,400,400,5399,400,2449,400,400,400,400,400,2510,4895,400,400,400,3306,400,2523,400,5399,3692,3198,2509,4.761904716491699,0,0,0,0,0,0,52.6315803527832,55,52.38095474243164,52.6315803527832,52.6315803527832,10,0,0,52.6315803527832,52.6315803527832,0,0,50,52.6315803527832,55,50,0,52.6315803527832,0,100,50,0,0,55,52.6315803527832,20475,15889,87281,68,40,20475,13174,82999,64,51,66718990336,8589930496,22493663232,524288
199,1790685953876,442923.663482666,3050,0,0.20625000000000004,91556.11236572266,48800,2,0.925,93096.96459960938,48800,2,0.925,95753.54527282715,48800,2,0.925,98673.24388122559,48800,2,0.925,90311.68312072754,48800,2,0.925,88179.56410217285,48800,2,0.925,140461.17895507813,3050,2,0.20625000000000004,145442.6378479004,3050,2,0.20625000000000004,145766.83561706543,3050,2,0.20625000000000004,356939.6011199951,3050,0,0.20625000000000004,141242.13539123535,3050,2,0.20625000000000004,135378.97555541992,3050,2,0.20625000000000004,135454.5512084961,3050,2,0.20625000000000004,94381.60890197754,48800,2,0.925,96534.96640014648,48800,2,0.925,8059803.47958374,3677,400,2508,400,2488,3776,400,5056,3334,400,400,5399,400,2449,400,400,400,400,400,2510,4895,400,400,400,3306,400,2523,400,5399,3692,3198,2509,4.761904716491699,0,0,0,0,0,0,52.6315803527832,55,52.38095474243164,52.6315803527832,52.6315803527832,10,0,0,52.6315803527832,52.6315803527832,0,0,50,52.6315803527832,55,50,0,52.6315803527832,0,100,50,0,0,55,52.6315803527832,20475,15889,87786,70,51,20475,13174,82801,63,49,66718990336,8589930496,22490828800,524288
199,1790685954076,442924.08837890625,3050,0,0.21875,91556.28042602539,16133.333333333334,0,0.3999999999999999,93097.13902282715,16133.333333333334,0,0.3999999999999999,95753.71971130371,16133.333333333334,0,0.3999999999999999,98673.41003417969,16133.333333333334,0,0.3999999999999999,90311.84936523438,16133.333333333334,0,0.3999999999999999,88179.73915100098,16133.333333333334,0,0.3999999999999999,140461.51049804688,3050,0,0.21875,145442.9225921631,3050,0,0.21875,145767.1107788086,3050,0,0.21875,356941.8691101074,3050,0,0.21875,141242.40934753418,3050,0,0.21875,135379.22611999512,3050,2,0.21875,135454.8228302002,3050,0,0.21875,94381.77047729492,16133.333333333334,0,0.3999999999999999,96535.1883392334,16133.333333333334,0,0.3999999999999999,8059824.047332764,3677,400,2508,400,2488,3776,400,5056,3334,400,400,5399,400,2449,400,400,400,400,400,2510,4895,400,400,400,3306,400,2523,400,5399,3692,3198,2509,36.842105865478516,12.5,0,0,0,0,0,51.219512939453125,19.51219367980957,51.28205490112305,14.634145736694336,14.634145736694336,37.5,0,0,45,52.499996185302734,0,0,52.499996185302734,51.219512939453125,50,52.499996185302734,43.90243911743164,51.219512939453125,0,100,52.499996185302734,0,0,50,57.5,20475,15889,87807,70,51,20475,13174,82891,64,51,66718990336,8589930496,22506459136,524288
199,1790685954276,442924.52713012695,3050,0,0.21875,91556.44802856445,16133.333333333334,0,0.3999999999999999,93097.30210876465,16133.333333333334,0,0.3999999999999999,95753.89894104004,16133.333333333334,0,0.3999999999999999,98673.57991027832,16133.333333333334,0,0.3999999999999999,90312.01734924316,16133.333333333334,0,0.3999999999999999,88179.86874389648,16133.333333333334,0,0.3999999999999999,140461.8306427002,3050,0,0.21875,145443.21565246582,3050,0,0.21875,145767.37217712402,3050,0,0.21875,356944.14097595215,3050,0,0.21875,141242.69117736816,3050,0,0.21875,135379.60105895996,3050,0,0.21875,135455.1240386963,3050,0,0.21875,94381.93083190918,16133.333333333334,0,0.3999999999999999,96535.35453796387,16133.333333333334,0,0.3999999999999999,8059844.532073975,3677,400,2508,400,2488,3776,400,5056,3334,400,400,5399,400,2449,400,400,400,400,400,2510,4895,400,400,400,3306,400,2523,400,5399,3692,3198,2509,19.047618865966797,10,0,0,0,0,0,36.842105865478516,47.36842346191406,47.619049072265625,0,0,47.36842346191406,0,0,0,45,0,0,47.36842346191406,47.36842346191406,50,47.36842346191406,47.36842346191406,47.36842346191406,0,100,45,50,0,47.36842346191406,45,20475,15889,87195,69,46,20475,13174,83549,66,50,66718990336,8589930496,22506713088,524288
199,1790685954476,442924.8530578613,3050,0,0.21875,91556.60360717773,16133.333333333334,0,0.3999999999999999,93097.45666503906,16133.333333333334,0,0.3999999999999999,95754.05400085449,16133.333333333334,0,0.3999999999999999,98673.73579406738,16133.333333333334,0,0.3999999999999999,90312.17219543457,16133.333333333334,0,0.3999999999999999,88180.02325439453,16133.333333333334,0,0.3999999999999999,140462.1005859375,3050,0,0.21875,145443.482131958,3050,0,0.21875,145767.63688659668,3050,0,0.21875,356946.4127960205,3050,0,0.21875,141242.95237731934,3050,0,0.21875,135379.87564086914,3050,0,0.21875,135455.38850402832,3050,0,0.21875,94382.08694458008,16133.333333333334,0,0.3999999999999999,96535.50624084473,16133.333333333334,0,0.3999999999999999,8059864.529251099,3677,400,2508,400,2488,3776,400,5056,3334,400,400,5399,400,2449,400,400,400,400,400,2510,4895,400,400,400,3306,400,2523,400,5399,3692,3198,2509,5.263157844543457,0,0,0,0,0,0,47.619049072265625,47.619049072265625,47.36842346191406,0,0,47.619049072265625,0,0,0,47.619049072265625,0,0,47.619049072265625,47.619049072265625,45,47.619049072265625,45,47.619049072265625,0,100,50,45,0,47.619049072265625,50,20475,15889,87069,68,40,20475,13174,83594,65,50,66718990336,8589930496,22506713088,524288
199,1790685954676,442925.1860046387,3050,0,0.21875,91556.75956726074,16133.333333333334,0,0.3999999999999999,93097.61204528809,16133.333333333334,0,0.3999999999999999,95754.2093963623,16133.333333333334,0,0.3999999999999999,98673.89054870605,16133.333333333334,0,0.3999999999999999,90312.32780456543,16133.333333333334,0,0.3999999999999999,88180.17803955078,16133.333333333334,0,0.3999999999999999,140462.37872314453,3050,0,0.21875,145443.74955749512,3050,0,0.21875,145767.8993988037,3050,0,0.21875,356948.67698669434,3050,0,0.21875,141243.22106933594,3050,0,0.21875,135380.1463317871,3050,0,0.21875,135455.65058898926,3050,0,0.21875,94382.24244689941,16133.333333333334,0,0.3999999999999999,96535.65774536133,16133.333333333334,0,0.3999999999999999,8059884.530944824,3677,400,2508,400,2488,3776,400,5056,3334,400,400,5399,400,2449,400,400,400,400,400,2510,4895,400,400,400,3306,400,2523,400,5399,3692,3198,2509,10,0,0,0,0,0,0,47.36842346191406,47.36842346191406,45,0,0,47.36842346191406,0,25,0,47.36842346191406,0,0,47.36842346191406,47.36842346191406,50,45,50,47.36842346191406,0,100,20,50,0,45,45,20475,15889,87435,68,42,20475,13174,83017,64,50,66718990336,8589930496,22506713088,524288
199,1790685954876,442925.5157775879,3050,0,0.21875,91556.91578674316,16133.333333333334,0,0.40625,93097.76615905762,16133.333333333334,0,0.40625,95754.36212158203,16133.333333333334,0,0.40625,98674.04641723633,16133.333333333334,0,0.40625,90312.48469543457,16133.333333333334,0,0.40625,88180.33375549316,16133.333333333334,0,0.40625,140462.65676879883,3050,0,0.21875,145444.02139282227,3050,0,0.21875,145768.16255187988,3050,0,0.21875,356950.9450683594,3050,0,0.21875,141243.48626708984,3050,0,0.21875,135380.4172668457,3050,0,0.21875,135455.9317779541,3050,0,0.21875,94382.39775085449,16133.333333333334,0,0.40625,96535.80870056152,16133.333333333334,0,0.40625,8059904.5676727295,3677,400,2508,400,2488,3776,400,5056,3334,400,400,5399,400,2449,400,400,400,400,400,2510,4895,400,400,400,3306,400,2523,400,5399,3692,3198,2509,19.047618865966797,0,0,0,0,0,0,47.619049072265625,45,50,0,0,47.619049072265625,0,47.36842346191406,0,47.619049072265625,0,0,47.619049072265625,45,45,50,45,47.619049072265625,0,100,0,45,0,45,50,20475,15889,87734,70,52,20475,13174,83019,64,49,66718990336,8589930496,22501339136,524288
199,1790685955076,442925.87881469727,3050,0,0.2124999999999999,91557.08595275879,16133.333333333334,2,0.40625,93097.93421936035,16133.333333333334,2,0.40625,95754.54223632813,16133.333333333334,0,0.40625,98674.24827575684,16133.333333333334,0,0.40625,90312.66041564941,16133.333333333334,0,0.40625,88180.50891113281,16133.333333333334,0,0.40625,140462.95259094238,3050,0,0.2124999999999999,145444.31033325195,3050,0,0.2124999999999999,145768.4428100586,3050,0,0.2124999999999999,356953.2156677246,3050,0,0.2124999999999999,141243.76586914063,3050,0,0.2124999999999999,135380.70445251465,3050,0,0.2124999999999999,135456.21313476563,3050,2,0.2124999999999999,94382.5932006836,16133.333333333334,0,0.40625,96535.9801940918,16133.333333333334,0,0.40625,8059925.115814209,3677,400,2508,400,2488,3776,400,5056,3334,400,400,5399,400,2449,400,400,400,400,400,2510,4895,400,400,400,3306,400,2523,400,5399,3692,3198,2509,50,0,0,0,5,5.263157844543457,0,50,15.000000953674316,50,0,0,50,0,50,0,50,52.38095474243164,0,50,50,50,50,50,50,0,100,0,50,0,0,50,20475,15889,87696,69,51,20475,13174,83231,65,51,66718990336,8589930496,22512508928,524288
199,1790685955276,442927.53256225586,3050,0,0.21875,91557.26445007324,48800,2,0.93125,93098.11058044434,48800,2,0.93125,95754.71774291992,48800,2,0.93125,98674.42321777344,48800,2,0.93125,90312.8408203125,48800,2,0.93125,88180.69116210938,48800,2,0.93125,140463.29722595215,3050,0,0.21875,145444.70016479492,3050,2,0.21875,145768.74574279785,3050,0,0.21875,356953.97619628906,3050,2,0.21875,141244.06503295898,3050,2,0.21875,135381.08381652832,3050,2,0.21875,135456.51373291016,3050,2,0.21875,94382.77165222168,48800,2,0.93125,96536.15461730957,48800,2,0.93125,8059945.710861206,3677,400,2508,400,2488,3776,400,5056,3334,400,400,5399,400,2449,400,400,400,400,400,2510,4895,400,400,400,3306,400,2523,400,5399,3692,3198,2509,75,5,0,0,0,0,0,52.6315803527832,11.111111640930176,50,15.000000953674316,0,42.105262756347656,55,52.38095474243164,0,52.6315803527832,55,0,52.6315803527832,55,55,52.6315803527832,55,52.6315803527832,0,26.3157901763916,4.761904716491699,50,0,0,50,20475,15889,87039,68,44,20475,13174,83698,66,51,66718990336,8589930496,22482223104,524288
199,1790685955476,442929.1682739258,3050,0,0.22499999999999987,91557.44165039063,48800,2,0.93125,93098.28672790527,48800,2,0.93125,95754.89532470703,48800,2,0.93125,98674.59642028809,48800,2,0.93125,90313.0143737793,48800,2,0.93125,88181.04655456543,48800,2,0.93125,140463.60523986816,3050,0,0.22499999999999987,145444.99369812012,3050,2,0.22499999999999987,145769.0362854004,3050,0,0.22499999999999987,356954.5792388916,3050,0,0.22499999999999987,141244.35472106934,3050,2,0.22499999999999987,135381.40002441406,3050,2,0.22499999999999987,135456.80311584473,3050,2,0.22499999999999987,94382.94653320313,48800,2,0.93125,96536.32395935059,48800,2,0.93125,8059965.894699097,3677,400,2508,400,2488,3776,400,5056,3334,400,400,5399,400,2449,400,400,400,400,400,2510,4895,400,400,400,3306,400,2523,400,5399,3692,3198,2509,84.21052551269531,5,0,0,0,0,0,47.619049072265625,14.285715103149414,55,55,0,0,50,55,45,55,55,0,52.38095474243164,52.38095474243164,50,52.38095474243164,50,55,0,19.047618865966797,0,10,0,0,52.38095474243164,20475,15889,86958,68,40,20475,13174,83697,65,52,66718990336,8589930496,22482223104,524288
199,1790685955676,442931.24586486816,3050,0,0.21875,91557.61434936523,48800,2,0.925,93098.45875549316,48800,2,0.925,95755.06660461426,48800,2,0.925,98674.76629638672,48800,2,0.925,90313.18397521973,48800,2,0.925,88181.21850585938,48800,2,0.925,140463.89294433594,3050,0,0.21875,145445.4609222412,3050,0,0.21875,145769.32626342773,3050,0,0.21875,356954.8596496582,3050,2,0.21875,141244.65939331055,3050,0,0.21875,135381.67832946777,3050,2,0.21875,135457.08561706543,3050,2,0.21875,94383.11666870117,48800,2,0.925,96536.49220275879,48800,2,0.925,8059986.219497681,3677,400,2508,400,2488,3776,400,5056,3334,400,400,5399,400,2449,400,400,400,400,400,2510,4895,400,400,400,3306,400,2523,400,5399,3692,3198,2509,95.23809814453125,0,0,0,0,0,0,52.6315803527832,0,52.38095474243164,50,0,9.523809432983398,55,50,50,50,50,0,52.6315803527832,52.6315803527832,55,52.6315803527832,55,50,0,0,5,0,0,0,52.6315803527832,20475,15889,87609,68,45,20475,13174,82935,64,49,66718990336,8589930496,22482481152,524288
199,1790685955876,442933.4461669922,3050,0,0.22499999999999987,91557.7876739502,48800,2,0.55,93098.63111877441,48800,2,0.55,95755.2367553711,48800,2,0.55,98674.93614196777,48800,2,0.55,90313.35527038574,48800,2,0.55,88181.3908996582,48800,2,0.55,140464.1932067871,3050,0,0.22499999999999987,145445.74464416504,3050,0,0.22499999999999987,145769.70541381836,3050,0,0.22499999999999987,356955.16076660156,3050,0,0.22499999999999987,141244.98670959473,3050,2,0.22499999999999987,135381.95683288574,3050,2,0.22499999999999987,135457.36630249023,3050,2,0.22499999999999987,94383.28872680664,48800,2,0.55,96536.66105651855,48800,2,0.55,8060006.628479004,3677,400,2508,400,2488,3776,400,5056,3334,400,400,5399,400,2449,400,400,400,400,400,2510,4895,400,400,400,3306,400,2523,400,5399,3692,3198,2509,89.47368621826172,0,0,26.3157901763916,0,0,0,52.38095474243164,10.526315689086914,52.6315803527832,30.000001907348633,0,26.3157901763916,50,30.000001907348633,55,55,55,0,52.38095474243164,28.571430206298828,50,52.38095474243164,65,55,0,5,31.57894515991211,4.761904716491699,0,0,55,20475,15889,87720,70,52,20475,13174,82983,64,49,66718990336,8589930496,22457364480,524288
199,1790685956076,442935.6692047119,3050,0,0.22499999999999987,91557.9479675293,16133.333333333334,0,0.3999999999999999,93098.79080200195,16133.333333333334,0,0.3999999999999999,95755.39433288574,16133.333333333334,0,0.3999999999999999,98675.09371948242,16133.333333333334,0,0.3999999999999999,90313.51533508301,16133.333333333334,0,0.3999999999999999,88181.55020141602,16133.333333333334,0,0.3999999999999999,140464.45138549805,3050,0,0.22499999999999987,145446.01141357422,3050,0,0.22499999999999987,145770.01541137695,3050,0,0.22499999999999987,356955.5434265137,3050,0,0.22499999999999987,141245.24215698242,3050,0,0.22499999999999987,135382.22010803223,3050,0,0.22499999999999987,135457.6423034668,3050,0,0.22499999999999987,94383.44776916504,16133.333333333334,0,0.3999999999999999,96536.8171081543,16133.333333333334,0,0.3999999999999999,8060026.772354126,3677,400,2508,400,2488,3776,400,5056,3334,400,400,5399,400,2449,400,400,400,400,400,2510,4895,400,400,400,3306,400,2523,400,5399,3692,3198,2509,89.47368621826172,0,0,26.3157901763916,0,0,0,52.38095474243164,10.526315689086914,52.6315803527832,30.000001907348633,0,26.3157901763916,50,30.000001907348633,55,55,55,0,52.38095474243164,28.571430206298828,50,52.38095474243164,65,55,0,5,31.57894515991211,4.761904716491699,0,0,55,20475,15889,87610,69,51,20475,13174,83401,66,49,66718990336,8589930496,22473564160,524288
199,1790685956276,442937.94146728516,3050,0,0.22499999999999987,91558.1902923584,16133.333333333334,0,0.3999999999999999,93098.96000671387,16133.333333333334,0,0.3999999999999999,95755.57048034668,16133.333333333334,0,0.3999999999999999,98675.25938415527,16133.333333333334,0,0.3999999999999999,90313.68630981445,16133.333333333334,0,0.3999999999999999,88181.72319030762,16133.333333333334,0,0.3999999999999999,140464.732421875,3050,0,0.22499999999999987,145446.30839538574,3050,0,0.22499999999999987,145770.31634521484,3050,0,0.22499999999999987,356955.9113006592,3050,0,0.22499999999999987,141245.5072631836,3050,0,0.22499999999999987,135382.5280456543,3050,0,0.22499999999999987,135457.97521972656,3050,0,0.22499999999999987,94383.6494140625,16133.333333333334,0,0.3999999999999999,96536.98922729492,16133.333333333334,0,0.3999999999999999,8060047.495300293,3677,400,2508,400,2488,3776,400,5056,3334,400,400,5399,400,2449,400,400,400,400,400,2510,4895,400,400,400,3306,400,2523,400,5399,3692,3198,2509,0,0,0,47.5,0,0,0,47.5,100,47.5,0,0,47.5,50,0,47.5,47.5,47.5,0,53.84615707397461,0,48.71794891357422,47.5,47.5,47.5,0,15.000000953674316,47.5,0,0,4.878048419952393,47.5,20475,15889,86962,67,43,20475,13174,83685,66,51,66718990336,8589930496,22486413312,524288
199,1790685956476,442940.2272949219,3050,0,0.22499999999999987,91558.34684753418,16133.333333333334,0,0.3999999999999999,93099.11471557617,16133.333333333334,0,0.3999999999999999,95755.72640991211,16133.333333333334,0,0.3999999999999999,98675.41226196289,16133.333333333334,0,0.3999999999999999,90313.84202575684,16133.333333333334,0,0.3999999999999999,88181.87966918945,16133.333333333334,0,0.3999999999999999,140464.99006652832,3050,0,0.22499999999999987,145446.63482666016,3050,0,0.22499999999999987,145770.57041931152,3050,0,0.22499999999999987,356956.24018859863,3050,0,0.22499999999999987,141245.73724365234,3050,0,0.22499999999999987,135382.77755737305,3050,0,0.22499999999999987,135458.25677490234,3050,0,0.22499999999999987,94383.80253601074,16133.333333333334,0,0.3999999999999999,96537.1396484375,16133.333333333334,0,0.3999999999999999,8060067.526748657,3677,400,2508,400,2488,3776,400,5056,3334,400,400,5399,400,2449,400,400,400,400,400,2510,4895,400,400,400,3306,400,2523,400,5399,3692,3198,2509,5,0,0,47.619049072265625,0,0,0,47.36842346191406,100,47.619049072265625,0,0,45,45,0,15.000000953674316,47.619049072265625,45,0,50,0,47.619049072265625,47.36842346191406,47.36842346191406,45,0,10,40,15.789472579956055,15.000000953674316,0,45,20475,15889,87060,68,40,20475,13174,83622,65,51,66718990336,8589930496,22486409216,524288
199,1790685956676,442942.52029418945,3050,0,0.22499999999999987,91558.50421142578,16133.333333333334,0,0.3999999999999999,93099.27178955078,16133.333333333334,0,0.3999999999999999,95755.88381958008,16133.333333333334,0,0.3999999999999999,98675.56558227539,16133.333333333334,0,0.3999999999999999,90313.99903869629,16133.333333333334,0,0.3999999999999999,88182.03578186035,16133.333333333334,0,0.3999999999999999,140465.24925231934,3050,0,0.22499999999999987,145446.95469665527,3050,0,0.22499999999999987,145770.8348236084,3050,0,0.22499999999999987,356956.55908203125,3050,0,0.22499999999999987,141246.00051879883,3050,0,0.22499999999999987,135383.11727905273,3050,0,0.22499999999999987,135458.51420593262,3050,0,0.22499999999999987,94383.95764160156,16133.333333333334,0,0.3999999999999999,96537.29399108887,16133.333333333334,0,0.3999999999999999,8060087.628768921,3677,400,2508,400,2488,3776,400,5056,3334,400,400,5399,400,2449,400,400,400,400,400,2510,4895,400,400,400,3306,400,2523,400,5399,3692,3198,2509,0,0,0,47.36842346191406,0,0,0,47.619049072265625,100,47.36842346191406,0,10,50,45,0,0,47.36842346191406,50,0,45,0,45,47.619049072265625,47.619049072265625,50,0,10.526315689086914,47.619049072265625,50,0,0,47.619049072265625,20475,15889,87658,69,47,20475,13174,83101,64,49,66718990336,8589930496,22486409216,524288
199,1790685956877,442944.78454589844,3050,0,0.23750000000000004,91558.66090393066,16133.333333333334,0,0.60625,93099.42770385742,16133.333333333334,0,0.60625,95756.04081726074,16133.333333333334,0,0.60625,98675.71844482422,16133.333333333334,0,0.60625,90314.15504455566,16133.333333333334,0,0.60625,88182.19143676758,16133.333333333334,0,0.60625,140465.50953674316,3050,0,0.23750000000000004,145447.2758178711,3050,0,0.23750000000000004,145771.09089660645,3050,0,0.23750000000000004,356956.8758544922,3050,0,0.23750000000000004,141246.2534942627,3050,0,0.23750000000000004,135383.4557952881,3050,0,0.23750000000000004,135458.77102661133,3050,0,0.23750000000000004,94384.11256408691,16133.333333333334,0,0.60625,96537.4481048584,16133.333333333334,0,0.60625,8060107.617095947,3677,400,2508,400,2488,3776,400,5056,3334,400,400,5399,400,2449,400,400,400,400,400,2510,4895,400,400,400,3306,400,2523,400,5399,3692,3198,2509,30.000001907348633,0,0,47.619049072265625,0,0,0,45,66.66667175292969,47.619049072265625,0,0,45,50,0,0,47.619049072265625,45,0,47.619049072265625,0,50,47.36842346191406,47.36842346191406,45,0,14.285715103149414,47.36842346191406,45,0,0,47.36842346191406,20475,15889,87655,69,51,20475,13174,83158,64,49,66718990336,8589930496,22478741504,524288
199,1790685957077,442947.005569458,3050,0,0.22499999999999987,91558.83525085449,48800,2,0.925,93099.59927368164,48800,2,0.925,95756.21394348145,48800,2,0.925,98675.88687133789,48800,2,0.925,90314.32733154297,48800,2,0.925,88182.36381530762,48800,2,0.925,140465.7963104248,3050,0,0.22499999999999987,145447.61856079102,3050,2,0.22499999999999987,145771.37702941895,3050,0,0.22499999999999987,356957.21574401855,3050,0,0.22499999999999987,141246.5302734375,3050,2,0.22499999999999987,135383.82104492188,3050,2,0.22499999999999987,135459.0535583496,3050,2,0.22499999999999987,94384.28341674805,48800,2,0.925,96537.6177520752,48800,2,0.925,8060127.854064941,3677,400,2508,400,2488,3776,400,5056,3334,400,400,5399,400,2449,400,400,400,400,400,2510,4895,400,400,400,3306,400,2523,400,5399,3692,3198,2509,100,0,0,52.6315803527832,0,0,0,55,0,52.6315803527832,0,0,55,50,0,52.38095474243164,52.6315803527832,55,0,52.6315803527832,0,50,52.38095474243164,52.38095474243164,55,0,15.789472579956055,52.38095474243164,4.761904716491699,0,0,50,20475,15889,87447,68,51,20475,13174,83724,67,50,66718990336,8589930496,22476398592,524288
199,1790685957277,442949.22186279297,3050,0,0.21875,91559.01957702637,48800,2,0.6375,93099.78839111328,48800,2,0.6375,95756.45503234863,48800,2,0.6375,98676.07437133789,48800,2,0.6375,90314.52182006836,48800,2,0.6375,88182.52914428711,48800,2,0.6375,140466.11715698242,3050,2,0.21875,145447.98950195313,3050,2,0.21875,145771.6690826416,3050,0,0.21875,356957.57136535645,3050,0,0.21875,141246.82315063477,3050,2,0.21875,135384.26707458496,3050,2,0.21875,135459.42059326172,3050,2,0.21875,94384.49375915527,48800,2,0.6375,96537.8529663086,48800,2,0.6375,8060148.974899292,3677,400,2508,400,2488,3776,400,5056,3334,400,400,5399,400,2449,400,400,400,400,400,2510,4895,400,400,400,3306,400,2523,400,5399,3692,3198,2509,100,0,4.761904716491699,52.38095474243164,10,0,0,45,0,52.38095474243164,25,0,35,55,0,52.6315803527832,50,50,0,50,0,55,52.6315803527832,52.6315803527832,50,0,14.285715103149414,52.6315803527832,0,0,5,60.000003814697266,20475,15889,87029,67,42,20475,13174,83766,66,51,66718990336,8589930496,22471041024,524288
199,1790685957477,442951.4342651367,3050,0,0.21875,91559.19799804688,16133.333333333334,0,0.5625,93099.9634552002,16133.333333333334,0,0.5625,95756.63124084473,16133.333333333334,2,0.5625,98676.24700927734,16133.333333333334,0,0.5625,90314.69966125488,16133.333333333334,2,0.5625,88182.70428466797,16133.333333333334,2,0.5625,140466.4171142578,3050,2,0.21875,145448.33779907227,3050,0,0.21875,145771.9500732422,3050,0,0.21875,356957.9202270508,3050,0,0.21875,141247.10688781738,3050,2,0.21875,135384.63914489746,3050,0,0.21875,135459.7103729248,3050,2,0.21875,94384.66917419434,16133.333333333334,2,0.5625,96538.08950805664,16133.333333333334,2,0.5625,8060169.330856323,3677,400,2508,400,2488,3776,400,5056,3334,400,400,5399,400,2449,400,400,400,400,400,2510,4895,400,400,400,3306,400,2523,400,5399,3692,3198,2509,100,0,0,50,0,0,0,50,0,52.6315803527832,52.6315803527832,0,0,50,0,52.38095474243164,55,55,0,55,0,50,52.38095474243164,52.38095474243164,55,0,10,52.38095474243164,0,0,0,52.38095474243164,20475,15889,87037,68,40,20475,13174,83602,65,51,66718990336,8589930496,22470713344,524288
199,1790685957677,442953.6442565918,3050,0,0.21875,91559.36715698242,16133.333333333334,0,0.925,93100.13563537598,16133.333333333334,0,0.925,95756.80450439453,16133.333333333334,2,0.925,98676.41702270508,16133.333333333334,2,0.925,90314.87156677246,16133.333333333334,2,0.925,88182.87615966797,16133.333333333334,2,0.925,140466.71632385254,3050,0,0.21875,145448.67388916016,3050,2,0.21875,145772.22819519043,3050,0,0.21875,356958.2830352783,3050,0,0.21875,141247.3840637207,3050,2,0.21875,135384.99871826172,3050,0,0.21875,135459.989944458,3050,2,0.21875,94384.83847045898,16133.333333333334,2,0.925,96538.32052612305,16133.333333333334,2,0.925,8060189.725692749,3677,400,2508,400,2488,3776,400,5056,3334,400,400,5399,400,2449,400,400,400,400,400,2510,4895,400,400,400,3306,400,2523,400,5399,3692,3198,2509,100,0,0,0,0,0,0,55,0,52.38095474243164,52.38095474243164,0,0,55,0,52.6315803527832,52.38095474243164,50,0,52.38095474243164,50,55,52.6315803527832,52.6315803527832,50,0,10,52.6315803527832,0,0,0,52.6315803527832,20475,15889,87614,69,49,20475,13174,83290,64,49,66718990336,8589930496,22470713344,524288
199,1790685957877,442955.85639953613,3050,0,0.22499999999999987,91559.54002380371,16133.333333333334,0,0.3999999999999999,93100.30996704102,16133.333333333334,0,0.3999999999999999,95756.9781036377,16133.333333333334,0,0.3999999999999999,98676.59031677246,16133.333333333334,0,0.3999999999999999,90315.04446411133,16133.333333333334,0,0.3999999999999999,88183.0492401123,16133.333333333334,0,0.3999999999999999,140467.07466125488,3050,0,0.22499999999999987,145449.0309753418,3050,0,0.22499999999999987,145772.52560424805,3050,0,0.22499999999999987,356958.6373138428,3050,0,0.22499999999999987,141247.6604156494,3050,0,0.22499999999999987,135385.35850524902,3050,0,0.22499999999999987,135460.26950073242,3050,0,0.22499999999999987,94385.00988769531,16133.333333333334,0,0.3999999999999999,96538.55505371094,16133.333333333334,0,0.3999999999999999,8060210.204605103,3677,400,2508,400,2488,3776,400,5056,3334,400,400,5399,400,2449,400,400,400,400,400,2510,4895,400,400,400,3306,400,2523,400,5399,3692,3198,2509,100,0,0,0,0,0,0,55,0,52.38095474243164,52.38095474243164,0,0,55,0,52.6315803527832,52.38095474243164,50,0,52.38095474243164,50,55,52.6315803527832,52.6315803527832,50,0,10,52.6315803527832,0,0,0,52.6315803527832,20475,15889,87635,69,51,20475,13174,83316,65,49,66718990336,8589930496,22454788096,524288
199,1790685958077,442958.073928833,3050,0,0.22499999999999987,91559.69458007813,16133.333333333334,0,0.3999999999999999,93100.4651184082,16133.333333333334,0,0.3999999999999999,95757.13478088379,16133.333333333334,0,0.3999999999999999,98676.74612426758,16133.333333333334,0,0.3999999999999999,90315.20036315918,16133.333333333334,0,0.3999999999999999,88183.20556640625,16133.333333333334,0,0.3999999999999999,140467.34800720215,3050,0,0.22499999999999987,145449.35397338867,3050,0,0.22499999999999987,145772.81950378418,3050,0,0.22499999999999987,356958.9761657715,3050,0,0.22499999999999987,141247.91877746582,3050,0,0.22499999999999987,135385.65533447266,3050,0,0.22499999999999987,135460.5350189209,3050,0,0.22499999999999987,94385.16329956055,16133.333333333334,0,0.3999999999999999,96538.76400756836,16133.333333333334,0,0.3999999999999999,8060230.337661743,3677,400,2508,400,2488,3776,400,5056,3334,400,400,5399,400,2449,400,400,400,400,400,2510,4895,400,400,400,3306,400,2523,400,5399,3692,3198,2509,100,7.500000476837158,0,0,0,37.5,0,50,0,50,50,2.4390242099761963,0,50,0,50,50,50,0,50,50,50,14.634145736694336,53.658538818359375,50,0,7.500000476837158,50,0,0,0,50,20475,15889,87305,67,49,20475,13174,83885,67,51,66718990336,8589930496,22431723520,524288
199,1790685958277,442960.2905731201,3050,0,0.23124999999999996,91559.85850524902,16133.333333333334,0,0.3999999999999999,93100.63247680664,16133.333333333334,0,0.3999999999999999,95757.29809570313,16133.333333333334,0,0.3999999999999999,98676.95379638672,16133.333333333334,0,0.3999999999999999,90315.37272644043,16133.333333333334,0,0.3999999999999999,88183.37460327148,16133.333333333334,0,0.3999999999999999,140467.6565246582,3050,0,0.23124999999999996,145449.69598388672,3050,0,0.23124999999999996,145773.11073303223,3050,0,0.23124999999999996,356959.34941101074,3050,0,0.23124999999999996,141248.17768859863,3050,0,0.23124999999999996,135385.9259185791,3050,0,0.23124999999999996,135460.83291625977,3050,0,0.23124999999999996,94385.30923461914,16133.333333333334,2,0.3999999999999999,96539.00143432617,16133.333333333334,0,0.3999999999999999,8060250.902038574,3677,400,2508,400,2488,3776,400,5056,3334,400,400,5399,400,2449,400,400,400,400,400,2510,4895,400,400,400,3306,400,2523,400,5399,3692,3198,2509,100,0,0,0,0,55,0,45,0,47.36842346191406,50,0,0,45,0,50,47.36842346191406,35,15.000000953674316,47.36842346191406,50,45,0,52.6315803527832,50,0,15.789472579956055,47.619049072265625,0,0,0,47.619049072265625,20475,15889,87067,67,42,20475,13174,83942,66,51,66718990336,8589930496,22459179008,524288
199,1790685958477,442962.48959350586,3050,0,0.23124999999999996,91560.01443481445,16133.333333333334,0,0.3999999999999999,93100.78820800781,16133.333333333334,0,0.3999999999999999,95757.45568847656,16133.333333333334,0,0.3999999999999999,98677.10729980469,16133.333333333334,0,0.3999999999999999,90315.49076843262,16133.333333333334,0,0.3999999999999999,88183.5361328125,16133.333333333334,0,0.3999999999999999,140467.93550109863,3050,0,0.23124999999999996,145450.03617858887,3050,0,0.23124999999999996,145773.38076782227,3050,0,0.23124999999999996,356959.66778564453,3050,0,0.23124999999999996,141248.43017578125,3050,0,0.23124999999999996,135386.18170166016,3050,0,0.23124999999999996,135461.08512878418,3050,0,0.23124999999999996,94385.48893737793,16133.333333333334,0,0.3999999999999999,96539.21611022949,16133.333333333334,0,0.3999999999999999,8060270.804718018,3677,400,2508,400,2488,3776,400,5056,3334,400,400,5399,400,2449,400,400,400,400,400,2510,4895,400,400,400,3306,400,2523,400,5399,3692,3198,2509,100,0,0,0,0,50,30.000001907348633,20,0,47.619049072265625,45,0,0,50,0,45,45,0,10,45,45,50,0,47.619049072265625,5,38.095237731933594,13.636363983154297,47.36842346191406,0,0,40,45,20475,15889,87156,68,40,20475,13174,83554,65,51,66718990336,8589930496,22459002880,524288
199,1790685958677,442964.70416259766,3050,0,0.23124999999999996,91560.1700592041,16133.333333333334,0,0.3999999999999999,93100.94444274902,16133.333333333334,0,0.3999999999999999,95757.61228942871,16133.333333333334,0,0.3999999999999999,98677.25993347168,16133.333333333334,0,0.3999999999999999,90315.6439666748,16133.333333333334,0,0.3999999999999999,88183.69038391113,16133.333333333334,0,0.3999999999999999,140468.20295715332,3050,0,0.23124999999999996,145450.38107299805,3050,0,0.23124999999999996,145773.64067077637,3050,0,0.23124999999999996,356959.9888305664,3050,0,0.23124999999999996,141248.68969726563,3050,0,0.23124999999999996,135386.43963623047,3050,0,0.23124999999999996,135461.34211730957,3050,0,0.23124999999999996,94385.69725036621,16133.333333333334,0,0.3999999999999999,96539.42375183105,16133.333333333334,0,0.3999999999999999,8060290.7493133545,3677,400,2508,400,2488,3776,400,5056,3334,400,400,5399,400,2449,400,400,400,400,400,2510,4895,400,400,400,3306,400,2523,400,5399,3692,3198,2509,100,0,0,0,0,45,47.619049072265625,0,0,47.36842346191406,47.36842346191406,0,0,45,0,47.619049072265625,50,0,0,50,50,45,0,47.36842346191406,0,47.36842346191406,10.526315689086914,47.619049072265625,0,0,47.36842346191406,50,20475,15889,87624,70,50,20475,13174,83347,64,49,66718990336,8589930496,22459002880,524288
199,1790685958877,442966.92904663086,3050,0,0.22499999999999987,91560.32702636719,48800,2,0.925,93101.10498046875,48800,2,0.925,95757.77206420898,48800,2,0.925,98677.41679382324,48800,2,0.925,90315.80032348633,48800,2,0.925,88183.84419250488,48800,2,0.925,140468.46966552734,3050,2,0.22499999999999987,145450.7304534912,3050,2,0.22499999999999987,145773.89640808105,3050,2,0.22499999999999987,356960.3716888428,3050,2,0.22499999999999987,141248.94682312012,3050,0,0.22499999999999987,135386.7040863037,3050,2,0.22499999999999987,135461.60089111328,3050,0,0.22499999999999987,94385.90980529785,48800,2,0.925,96539.6353149414,48800,2,0.925,8060310.705856323,3677,400,2508,400,2488,3776,400,5056,3334,400,400,5399,400,2449,400,400,400,400,400,2510,4895,400,400,400,3306,400,2523,400,5399,3692,3198,2509,100,0,0,0,0,50,47.36842346191406,0,0,47.619049072265625,47.619049072265625,0,0,50,0,47.36842346191406,45,0,0,45,45,50,0,47.619049072265625,0,47.619049072265625,10.526315689086914,47.36842346191406,0,0,47.619049072265625,45,20475,15889,87613,69,51,20475,13174,83363,65,49,66718990336,8589930496,22448627712,524288
199,1790685959077,442969.14123535156,3050,0,0.22499999999999987,91560.49755859375,48800,2,0.925,93101.27838134766,48800,2,0.925,95757.94557189941,48800,2,0.925,98677.58581542969,48800,2,0.925,90315.97271728516,48800,2,0.925,88184.01298522949,48800,2,0.925,140468.75621032715,3050,2,0.22499999999999987,145451.10633850098,3050,2,0.22499999999999987,145774.17813110352,3050,0,0.22499999999999987,356960.7148590088,3050,2,0.22499999999999987,141249.2300415039,3050,2,0.22499999999999987,135386.9884033203,3050,0,0.22499999999999987,135461.87760925293,3050,2,0.22499999999999987,94386.140625,48800,2,0.925,96539.86560058594,48800,2,0.925,8060330.924209595,3677,400,2508,400,2488,3776,400,5056,3334,400,400,5399,400,2449,400,400,400,400,400,2510,4895,400,400,400,3306,400,2523,400,5399,3692,3198,2509,100,0,0,0,0,50,52.38095474243164,0,0,52.6315803527832,52.6315803527832,0,0,50,0,52.38095474243164,55,0,0,55,55,50,0,52.6315803527832,0,52.6315803527832,19.047618865966797,52.38095474243164,0,0,52.6315803527832,55,20475,15889,87203,67,48,20475,13174,83914,67,51,66718990336,8589930496,22444900352,524288
199,1790685959277,442971.3540344238,3050,0,0.21875,91560.72135925293,16133.333333333334,0,0.3999999999999999,93101.46328735352,16133.333333333334,2,0.3999999999999999,95758.15580749512,16133.333333333334,2,0.3999999999999999,98677.76463317871,16133.333333333334,0,0.3999999999999999,90316.15771484375,16133.333333333334,2,0.3999999999999999,88184.19291687012,16133.333333333334,2,0.3999999999999999,140469.0553894043,3050,0,0.21875,145451.49601745605,3050,0,0.21875,145774.46704101563,3050,2,0.21875,356961.09773254395,3050,0,0.21875,141249.61087036133,3050,0,0.21875,135387.3392791748,3050,0,0.21875,135462.2001953125,3050,2,0.21875,94386.38368225098,16133.333333333334,0,0.3999999999999999,96540.16598510742,16133.333333333334,0,0.3999999999999999,8060351.805984497,3677,400,2508,400,2488,3776,400,5056,3334,400,400,5399,400,2449,400,400,400,400,400,2510,4895,400,400,400,3306,400,2523,400,5399,3692,3198,2509,100,0,0,0,5,55,52.6315803527832,0,0,52.38095474243164,52.38095474243164,0,0,55,0,52.6315803527832,52.38095474243164,0,0,61.904762268066406,50,55,0,52.38095474243164,0,52.38095474243164,10.526315689086914,52.6315803527832,0,0,55,50,20475,15889,87026,67,42,20475,13174,83963,66,51,66718990336,8589930496,22464274432,524288
199,1790685959477,442973.5699005127,3050,0,0.21875,91560.90791320801,48800,2,0.6125,93101.64424133301,48800,2,0.6125,95758.3390045166,48800,2,0.6125,98677.94076538086,48800,2,0.6125,90316.33515930176,48800,2,0.6125,88184.33996582031,48800,2,0.6125,140469.32400512695,3050,2,0.21875,145451.83447265625,3050,0,0.21875,145774.7578277588,3050,2,0.21875,356961.4705810547,3050,2,0.21875,141249.91040039063,3050,2,0.21875,135387.63775634766,3050,0,0.21875,135462.58096313477,3050,0,0.21875,94386.60144042969,48800,2,0.6125,96540.40321350098,48800,2,0.6125,8060372.2777404785,3677,400,2508,400,2488,3776,400,5056,3334,400,400,5399,400,2449,400,400,400,400,400,2510,4895,400,400,400,3306,400,2523,400,5399,3692,3198,2509,100,47.619049072265625,0,0,0,50,52.38095474243164,26.3157901763916,0,0,55,0,10,50,0,55,52.6315803527832,0,0,52.6315803527832,55,50,0,55,0,15.000000953674316,30.000001907348633,57.142860412597656,0,9.523809432983398,45,60.000003814697266,20475,15889,87236,68,40,20475,13174,83548,65,51,66718990336,8589930496,22425214976,524288
199,1790685959677,442975.7807159424,3050,0,0.21875,91561.07719421387,48800,2,0.925,93101.8157043457,48800,2,0.925,95758.50848388672,48800,2,0.925,98678.1079864502,48800,2,0.925,90316.50340270996,48800,2,0.925,88184.5071105957,48800,2,0.925,140469.61570739746,3050,0,0.21875,145452.11529541016,3050,0,0.21875,145775.08392333984,3050,2,0.21875,356961.78143310547,3050,2,0.21875,141250.1925354004,3050,2,0.21875,135387.91639709473,3050,0,0.21875,135462.9418334961,3050,2,0.21875,94386.83114624023,48800,2,0.925,96540.57595825195,48800,2,0.925,8060392.623718262,3677,400,2508,400,2488,3776,400,5056,3334,400,400,5399,400,2449,400,400,400,400,400,2510,4895,400,400,400,3306,400,2523,400,5399,3692,3198,2509,100,0,0,0,0,55,52.6315803527832,52.38095474243164,0,52.6315803527832,50,0,0,55,0,50,50,0,0,52.6315803527832,50,55,0,57.142860412597656,0,0,5,50,0,0,55,50,20475,15889,87613,70,51,20475,13174,83464,64,49,66718990336,8589930496,22441717760,524288
199,1790685959877,442977.97833251953,3050,0,0.23124999999999996,91561.24667358398,16133.333333333334,0,0.3999999999999999,93101.98919677734,16133.333333333334,0,0.3999999999999999,95758.67755126953,16133.333333333334,0,0.3999999999999999,98678.27713012695,16133.333333333334,0,0.3999999999999999,90316.67199707031,16133.333333333334,0,0.3999999999999999,88184.6741027832,16133.333333333334,0,0.3999999999999999,140469.90422058105,3050,0,0.23124999999999996,145452.39372253418,3050,0,0.23124999999999996,145775.3946685791,3050,0,0.23124999999999996,356962.12269592285,3050,0,0.23124999999999996,141250.49130249023,3050,0,0.23124999999999996,135388.19033813477,3050,0,0.23124999999999996,135463.29777526855,3050,0,0.23124999999999996,94387.06155395508,16133.333333333334,0,0.3999999999999999,96540.74952697754,16133.333333333334,0,0.3999999999999999,8060413.046554565,3677,400,2508,400,2488,3776,400,5056,3334,400,400,5399,400,2449,400,400,400,400,400,2510,4895,400,400,400,3306,400,2523,400,5399,3692,3198,2509,100,0,0,0,0,55,52.6315803527832,52.38095474243164,0,52.6315803527832,50,0,0,55,0,50,50,0,0,52.6315803527832,50,55,0,57.142860412597656,0,0,5,50,0,0,55,50,20475,15889,87583,69,51,20475,13174,83480,65,49,66718990336,8589930496,22456229888,524288
199,1790685960077,442980.1967163086,3050,0,0.23124999999999996,91561.40518188477,16133.333333333334,0,0.3999999999999999,93102.15074157715,16133.333333333334,0,0.3999999999999999,95758.83392333984,16133.333333333334,0,0.3999999999999999,98678.4340057373,16133.333333333334,0,0.3999999999999999,90316.82746887207,16133.333333333334,0,0.3999999999999999,88184.828125,16133.333333333334,0,0.3999999999999999,140470.16938781738,3050,0,0.23124999999999996,145452.65985107422,3050,0,0.23124999999999996,145775.65313720703,3050,0,0.23124999999999996,356962.49520874023,3050,0,0.23124999999999996,141250.79989624023,3050,0,0.23124999999999996,135388.446975708,3050,0,0.23124999999999996,135463.63145446777,3050,0,0.23124999999999996,94387.27230834961,16133.333333333334,0,0.3999999999999999,96540.91119384766,16133.333333333334,0,0.3999999999999999,8060433.273086548,3677,400,2508,400,2488,3776,400,5056,3334,400,400,5399,400,2449,400,400,400,400,400,2510,4895,400,400,400,3306,400,2523,400,5399,3692,3198,2509,85,0,0,0,0,50,50,50,15.384615898132324,50,50,0,0,50,0,50,50,0,0,50,50,50,0,51.28205490112305,0,0,15.000000953674316,50,0,0,48.780487060546875,50,20475,15889,87068,68,47,20475,13174,84031,67,51,66718990336,8589930496,22440071168,524288
199,1790685960277,442982.4121246338,3050,0,0.21875,91561.56983947754,16133.333333333334,0,0.3999999999999999,93102.33387756348,16133.333333333334,0,0.3999999999999999,95758.99153137207,16133.333333333334,0,0.3999999999999999,98678.59219360352,16133.333333333334,0,0.3999999999999999,90316.98362731934,16133.333333333334,0,0.3999999999999999,88184.98474121094,16133.333333333334,0,0.3999999999999999,140470.44355773926,3050,0,0.21875,145452.91844177246,3050,0,0.21875,145775.90620422363,3050,0,0.21875,356962.8298339844,3050,0,0.21875,141251.13078308105,3050,0,0.21875,135388.7041015625,3050,0,0.21875,135463.9821472168,3050,0,0.21875,94387.48425292969,16133.333333333334,0,0.3999999999999999,96541.07231140137,16133.333333333334,0,0.3999999999999999,8060453.41746521,3677,400,2508,400,2488,3776,400,5056,3334,400,400,5399,400,2449,400,400,400,400,400,2510,4895,400,400,400,3306,400,2523,400,5399,3692,3198,2509,100,0,0,0,0,45,45,47.36842346191406,0,47.619049072265625,47.36842346191406,0,0,45,0,45,50,4.761904716491699,0,47.619049072265625,50,45,0,45,0,0,10,45,0,0,47.36842346191406,47.36842346191406,20475,15889,87026,67,42,20475,13174,83998,66,51,66718990336,8589930496,22455795712,524288
199,1790685960478,442984.6298522949,3050,0,0.23124999999999996,91561.73085021973,16133.333333333334,0,0.3999999999999999,93102.49862670898,16133.333333333334,0,0.3999999999999999,95759.17761230469,16133.333333333334,0,0.3999999999999999,98678.75755310059,16133.333333333334,0,0.3999999999999999,90317.14767456055,16133.333333333334,0,0.3999999999999999,88185.14540100098,16133.333333333334,0,0.3999999999999999,140470.7505645752,3050,0,0.23124999999999996,145453.1972808838,3050,0,0.23124999999999996,145776.20109558105,3050,0,0.23124999999999996,356963.1784667969,3050,0,0.23124999999999996,141251.46615600586,3050,0,0.23124999999999996,135388.96514892578,3050,0,0.23124999999999996,135464.34045410156,3050,0,0.23124999999999996,94387.69648742676,16133.333333333334,0,0.3999999999999999,96541.23165893555,16133.333333333334,0,0.3999999999999999,8060473.807479858,3677,400,2508,400,2488,3776,400,5056,3334,400,400,5399,400,2449,400,400,400,400,400,2510,4895,400,400,400,3306,400,2523,400,5399,3692,3198,2509,100,5,0,0,4.761904716491699,50,50,47.619049072265625,0,47.36842346191406,47.619049072265625,0,0,50,0,50,45,0,0,45,45,50,0,55,0,0,14.285715103149414,50,0,0,45,47.619049072265625,20475,15889,87335,68,41,20475,13174,83406,65,51,66718990336,8589930496,22459109376,524288
199,1790685960678,442986.84211730957,3050,0,0.23124999999999996,91561.88572692871,16133.333333333334,0,0.40625,93102.65617370605,16133.333333333334,0,0.40625,95759.33209228516,16133.333333333334,0,0.40625,98678.9136505127,16133.333333333334,0,0.40625,90317.30369567871,16133.333333333334,0,0.40625,88185.2979888916,16133.333333333334,0,0.40625,140471.01678466797,3050,0,0.23124999999999996,145453.4603729248,3050,0,0.23124999999999996,145776.45292663574,3050,0,0.23124999999999996,356963.493850708,3050,0,0.23124999999999996,141251.7709197998,3050,0,0.23124999999999996,135389.2243499756,3050,0,0.23124999999999996,135464.67358398438,3050,0,0.23124999999999996,94387.90553283691,16133.333333333334,0,0.40625,96541.38671875,16133.333333333334,0,0.40625,8060493.770614624,3677,400,2508,400,2488,3776,400,5056,3334,400,400,5399,400,2449,400,400,400,400,400,2510,4895,400,400,400,3306,400,2523,400,5399,3692,3198,2509,100,0,0,0,0,45,45,45,0,47.619049072265625,47.36842346191406,0,0,45,0,45,47.619049072265625,0,0,50,50,45,0,47.36842346191406,0,0,15.000000953674316,45,0,0,50,45,20475,15889,87614,69,53,20475,13174,83328,64,49,66718990336,8589930496,22456258560,524288
199,1790685960878,442989.0286102295,3050,0,0.22499999999999987,91562.04920959473,48800,2,0.925,93102.82191467285,48800,2,0.925,95759.49545288086,48800,2,0.925,98679.07768249512,48800,2,0.925,90317.46803283691,48800,2,0.925,88185.45861816406,48800,2,0.925,140471.29412841797,3050,0,0.22499999999999987,145453.73426818848,3050,2,0.22499999999999987,145776.7137145996,3050,2,0.22499999999999987,356963.8240814209,3050,0,0.22499999999999987,141252.08421325684,3050,2,0.22499999999999987,135389.49293518066,3050,2,0.22499999999999987,135465.01844787598,3050,0,0.22499999999999987,94388.12515258789,48800,2,0.925,96541.54885864258,48800,2,0.925,8060513.809509277,3677,400,2508,400,2488,3776,400,5056,3334,400,400,5399,400,2449,400,400,400,400,400,2510,4895,400,400,400,3306,400,2523,400,5399,3692,3198,2509,100,0,0,0,0,50,50,50,0,47.36842346191406,47.619049072265625,0,0,50,0,50,50,0,0,47.36842346191406,45,50,0,47.619049072265625,0,0,15.000000953674316,50,0,0,50,50,20475,15889,86976,68,51,20475,13174,83428,66,47,66718990336,8589930496,22449201152,524288
199,1790685961078,442991.2225494385,3050,0,0.22499999999999987,91562.22248840332,48800,2,0.93125,93102.99710083008,48800,2,0.93125,95759.66796875,48800,2,0.93125,98679.25224304199,48800,2,0.93125,90317.64321899414,48800,2,0.93125,88185.6311340332,48800,2,0.93125,140471.5838623047,3050,0,0.22499999999999987,145454.0278930664,3050,0,0.22499999999999987,145776.99472045898,3050,2,0.22499999999999987,356964.17208862305,3050,0,0.22499999999999987,141252.42372131348,3050,2,0.22499999999999987,135389.77883911133,3050,2,0.22499999999999987,135465.38848876953,3050,2,0.22499999999999987,94388.35975646973,48800,2,0.93125,96541.72248840332,48800,2,0.93125,8060534.096435547,3677,400,2508,400,2488,3776,400,5056,3334,400,400,5399,400,2449,400,400,400,400,400,2510,4895,400,400,400,3306,400,2523,400,5399,3692,3198,2509,100,0,0,0,0,55,55,55,0,55,55,0,0,55,0,55,52.6315803527832,0,0,52.38095474243164,55,55,0,55,0,0,10.526315689086914,55,0,0,50,55,20475,15889,86578,67,41,20475,13174,83889,66,52,66718990336,8589930496,22446911488,524288
199,1790685961278,442993.4353027344,3050,0,0.21875,91562.41915893555,16133.333333333334,0,0.3999999999999999,93103.17709350586,16133.333333333334,0,0.3999999999999999,95759.84368896484,16133.333333333334,0,0.3999999999999999,98679.4292755127,16133.333333333334,0,0.3999999999999999,90317.82290649414,16133.333333333334,0,0.3999999999999999,88185.81497192383,16133.333333333334,0,0.3999999999999999,140471.8897857666,3050,0,0.21875,145454.3268890381,3050,0,0.21875,145777.2769165039,3050,2,0.21875,356964.51568603516,3050,0,0.21875,141252.71170043945,3050,0,0.21875,135390.06144714355,3050,2,0.21875,135465.7569885254,3050,0,0.21875,94388.59466552734,16133.333333333334,0,0.3999999999999999,96541.89909362793,16133.333333333334,0,0.3999999999999999,8060554.606277466,3677,400,2508,400,2488,3776,400,5056,3334,400,400,5399,400,2449,400,400,400,400,400,2510,4895,400,400,400,3306,400,2523,400,5399,3692,3198,2509,100,0,0,0,0,55,55,55,0,55,55,0,0,55,0,55,52.6315803527832,0,0,52.38095474243164,55,55,0,55,0,0,10.526315689086914,55,0,0,50,55,20475,15889,86547,67,40,20475,13174,83705,66,51,66718990336,8589930496,22446956544,524288
199,1790685961478,442995.6545410156,3050,0,0.21875,91562.60485839844,48800,2,0.925,93103.35768127441,48800,2,0.925,95760.02261352539,48800,2,0.925,98679.60731506348,48800,2,0.925,90318.00357055664,48800,2,0.925,88186.0004272461,48800,2,0.925,140472.27870178223,3050,2,0.21875,145454.6312713623,3050,2,0.21875,145777.56742858887,3050,2,0.21875,356964.99349975586,3050,2,0.21875,141253.02154541016,3050,2,0.21875,135390.34523010254,3050,2,0.21875,135466.16288757324,3050,0,0.21875,94388.83541870117,48800,2,0.925,96542.07986450195,48800,2,0.925,8060575.515960693,3677,400,2508,400,2488,3776,400,5056,3334,400,400,5399,400,2449,400,400,400,400,400,2510,4895,400,400,400,3306,400,2523,400,5399,3692,3198,2509,22.5,2.4390242099761963,0,0,0,52.499996185302734,52.499996185302734,52.499996185302734,77.5,52.499996185302734,52.499996185302734,2.5,0,52.499996185302734,2.4390242099761963,52.499996185302734,52.499996185302734,0,0,53.84615707397461,52.499996185302734,52.499996185302734,0,53.658538818359375,0,0,17.5,52.499996185302734,0,2.5,52.499996185302734,52.499996185302734,20475,15889,87427,70,49,20475,13174,82823,64,50,66718990336,8589930496,22445916160,524288
199,1790685961678,442997.87478637695,3050,0,0.22499999999999987,91562.77655029297,48800,2,0.39375000000000004,93103.52854919434,48800,2,0.39375000000000004,95760.19145202637,48800,2,0.39375000000000004,98679.77534484863,48800,2,0.39375000000000004,90318.17489624023,48800,2,0.39375000000000004,88186.16928100586,48800,2,0.39375000000000004,140472.5559234619,3050,2,0.22499999999999987,145454.91543579102,3050,2,0.22499999999999987,145777.8419494629,3050,2,0.22499999999999987,356965.36866760254,3050,2,0.22499999999999987,141253.29821777344,3050,2,0.22499999999999987,135390.62243652344,3050,2,0.22499999999999987,135466.52223205566,3050,2,0.22499999999999987,94389.06588745117,48800,2,0.39375000000000004,96542.25106811523,48800,2,0.39375000000000004,8060595.691116333,3677,400,2508,400,2488,3776,400,5056,3334,400,400,5399,400,2449,400,400,400,400,400,2510,4895,400,400,400,3306,400,2523,400,5399,3692,3198,2509,22.5,2.4390242099761963,0,0,0,52.499996185302734,52.499996185302734,52.499996185302734,77.5,52.499996185302734,52.499996185302734,2.5,0,52.499996185302734,2.4390242099761963,52.499996185302734,52.499996185302734,0,0,53.84615707397461,52.499996185302734,52.499996185302734,0,53.658538818359375,0,0,17.5,52.499996185302734,0,2.5,52.499996185302734,52.499996185302734,20475,15889,87593,69,51,20475,13174,82901,65,50,66718990336,8589930496,22447194112,524288
199,1790685961878,443000.1008300781,3050,0,0.23124999999999996,91562.93394470215,16133.333333333334,0,0.3999999999999999,93103.68420410156,16133.333333333334,0,0.3999999999999999,95760.3493347168,16133.333333333334,0,0.3999999999999999,98679.92880249023,16133.333333333334,0,0.3999999999999999,90318.33169555664,16133.333333333334,0,0.3999999999999999,88186.32339477539,16133.333333333334,0,0.3999999999999999,140472.81463623047,3050,0,0.23124999999999996,145455.17979431152,3050,0,0.23124999999999996,145778.0968322754,3050,0,0.23124999999999996,356965.79193115234,3050,0,0.23124999999999996,141253.55416870117,3050,0,0.23124999999999996,135390.87965393066,3050,0,0.23124999999999996,135466.85485839844,3050,0,0.23124999999999996,94389.27667236328,16133.333333333334,0,0.3999999999999999,96542.4087524414,16133.333333333334,0,0.3999999999999999,8060615.667556763,3677,400,2508,400,2488,3776,400,5056,3334,400,400,5399,400,2449,400,400,400,400,400,2510,4895,400,400,400,3306,400,2523,400,5399,3692,3198,2509,0,0,0,10,0,50,50,50,100,50,50,0,0,50,0,50,50,20.512821197509766,2.5,50,40,50,0,51.28205490112305,0,0,17.073171615600586,50,0,0,30.000001907348633,47.5,20475,15889,87125,67,48,20475,13174,83710,67,50,66718990336,8589930496,22436839424,524288
199,1790685962078,443002.33294677734,3050,0,0.23124999999999996,91563.09042358398,16133.333333333334,0,0.3999999999999999,93103.83586120605,16133.333333333334,0,0.3999999999999999,95760.50512695313,16133.333333333334,0,0.3999999999999999,98680.08056640625,16133.333333333334,0,0.3999999999999999,90318.48693847656,16133.333333333334,0,0.3999999999999999,88186.47505187988,16133.333333333334,0,0.3999999999999999,140473.08645629883,3050,0,0.23124999999999996,145455.44664001465,3050,0,0.23124999999999996,145778.35316467285,3050,0,0.23124999999999996,356966.1439666748,3050,0,0.23124999999999996,141253.8106689453,3050,0,0.23124999999999996,135391.13479614258,3050,0,0.23124999999999996,135467.18788146973,3050,0,0.23124999999999996,94389.48472595215,16133.333333333334,0,0.3999999999999999,96542.56565856934,16133.333333333334,0,0.3999999999999999,8060635.616897583,3677,400,2508,400,2488,3776,400,5056,3334,400,400,5399,400,2449,400,400,400,400,400,2510,4895,400,400,400,3306,400,2523,400,5399,3692,3198,2509,0,0,0,50,0,45,45,47.36842346191406,100,47.619049072265625,50,0,0,45,0,50,50,47.619049072265625,47.619049072265625,47.619049072265625,0,45,0,45,0,0,10.526315689086914,50,0,0,0,0,20475,15889,86761,67,42,20475,13174,84055,66,50,66718990336,8589930496,22437302272,524288
199,1790685962278,443004.55534362793,3050,0,0.23124999999999996,91563.24676513672,16133.333333333334,0,0.3999999999999999,93103.98759460449,16133.333333333334,0,0.3999999999999999,95760.66076660156,16133.333333333334,0,0.3999999999999999,98680.2328491211,16133.333333333334,0,0.3999999999999999,90318.64205932617,16133.333333333334,0,0.3999999999999999,88186.62673950195,16133.333333333334,0,0.3999999999999999,140473.3452911377,3050,0,0.23124999999999996,145455.70904541016,3050,0,0.23124999999999996,145778.6125793457,3050,0,0.23124999999999996,356966.4640197754,3050,0,0.23124999999999996,141254.0686340332,3050,0,0.23124999999999996,135391.38932800293,3050,0,0.23124999999999996,135467.51805114746,3050,0,0.23124999999999996,94389.69267272949,16133.333333333334,0,0.3999999999999999,96542.7232208252,16133.333333333334,0,0.3999999999999999,8060655.429824829,3677,400,2508,400,2488,3776,400,5056,3334,400,400,5399,400,2449,400,400,400,400,400,2510,4895,400,400,400,3306,400,2523,400,5399,3692,3198,2509,0,0,0,45,0,50,50,47.619049072265625,100,47.36842346191406,45,0,0,50,0,45,45,47.36842346191406,47.36842346191406,47.36842346191406,0,50,0,50,0,0,10,45,0,0,0,0,20475,15889,87051,68,40,20475,13174,83555,65,50,66718990336,8589930496,22437662720,524288
199,1790685962478,443006.7716522217,3050,0,0.23124999999999996,91563.4112701416,16133.333333333334,0,0.3999999999999999,93104.16352844238,16133.333333333334,0,0.3999999999999999,95760.82232666016,16133.333333333334,0,0.3999999999999999,98680.39666748047,16133.333333333334,0,0.3999999999999999,90318.80302429199,16133.333333333334,0,0.3999999999999999,88186.79704284668,16133.333333333334,0,0.3999999999999999,140473.71786499023,3050,0,0.23124999999999996,145455.97994995117,3050,0,0.23124999999999996,145778.91606140137,3050,0,0.23124999999999996,356966.816116333,3050,0,0.23124999999999996,141254.41175842285,3050,0,0.23124999999999996,135391.66064453125,3050,0,0.23124999999999996,135467.84860229492,3050,0,0.23124999999999996,94389.90571594238,16133.333333333334,0,0.3999999999999999,96542.89247131348,16133.333333333334,0,0.3999999999999999,8060676.041381836,3677,400,2508,400,2488,3776,400,5056,3334,400,400,5399,400,2449,400,400,400,400,400,2510,4895,400,400,400,3306,400,2523,400,5399,3692,3198,2509,0,0,0,52.38095474243164,0,45,47.619049072265625,47.36842346191406,100,47.619049072265625,47.36842346191406,0,0,45,4.761904716491699,45,50,47.619049072265625,47.619049072265625,47.619049072265625,4.761904716491699,45,0,50,4.761904716491699,4.761904716491699,15.000000953674316,55,0,0,0,0,20475,15889,87587,69,53,20475,13174,83348,64,49,66718990336,8589930496,22430994432,524288
199,1790685962678,443009.0036010742,3050,0,0.22499999999999987,91563.57081604004,48800,2,0.925,93104.32301330566,48800,2,0.925,95760.97999572754,48800,2,0.925,98680.55647277832,48800,2,0.925,90318.96018981934,48800,2,0.925,88186.95707702637,48800,2,0.925,140473.97483825684,3050,2,0.22499999999999987,145456.2550201416,3050,2,0.22499999999999987,145779.19499206543,3050,0,0.22499999999999987,356967.1419067383,3050,0,0.22499999999999987,141254.68035888672,3050,0,0.22499999999999987,135391.92808532715,3050,2,0.22499999999999987,135468.20014953613,3050,2,0.22499999999999987,94390.12310791016,48800,2,0.925,96543.0572052002,48800,2,0.925,8060696.119598389,3677,400,2508,400,2488,3776,400,5056,3334,400,400,5399,400,2449,400,400,400,400,400,2510,4895,400,400,400,3306,400,2523,400,5399,3692,3198,2509,0,0,0,47.36842346191406,0,50,50,47.619049072265625,100,47.36842346191406,47.619049072265625,0,0,50,0,50,45,47.36842346191406,50,47.36842346191406,0,50,0,50,0,0,15.000000953674316,47.36842346191406,0,0,0,0,20475,15889,87556,69,51,20475,13174,83497,65,51,66718990336,8589930496,22431485952,524288
199,1790685962878,443011.2261352539,3050,0,0.22499999999999987,91563.74105834961,48800,2,0.93125,93104.49217224121,48800,2,0.93125,95761.15008544922,48800,2,0.93125,98680.72882080078,48800,2,0.93125,90319.1296081543,48800,2,0.93125,88187.12588500977,48800,2,0.93125,140474.25009155273,3050,2,0.22499999999999987,145456.54667663574,3050,0,0.21875,145779.47514343262,3050,0,0.21875,356967.4888763428,3050,0,0.21875,141255.01513671875,3050,2,0.21875,135392.20922851563,3050,2,0.21875,135468.56507873535,3050,2,0.21875,94390.35493469238,48800,2,0.93125,96543.23249816895,48800,2,0.93125,8060716.383300781,3677,400,2508,400,2488,3776,400,5056,3334,400,400,5399,400,2449,400,400,400,400,400,2510,4895,400,400,400,3306,400,2523,400,5399,3692,3198,2509,0,0,0,52.38095474243164,0,50,50,52.6315803527832,100,52.38095474243164,55,0,0,50,0,52.38095474243164,55,52.38095474243164,50,52.38095474243164,0,50,0,52.6315803527832,0,0,20,52.38095474243164,0,0,0,0,20475,15889,86819,68,45,20475,13174,84088,67,50,66718990336,8589930496,22429872128,524288
199,1790685963078,443013.4487762451,3050,0,0.21875,91563.91104125977,48800,2,0.93125,93104.66027832031,48800,2,0.93125,95761.32034301758,48800,2,0.93125,98680.9008178711,48800,2,0.93125,90319.29945373535,48800,2,0.93125,88187.29458618164,48800,2,0.93125,140474.52975463867,3050,2,0.21875,145456.84364318848,3050,0,0.21875,145779.75859069824,3050,0,0.21875,356967.8264312744,3050,0,0.21875,141255.35102844238,3050,2,0.21875,135392.48907470703,3050,2,0.21875,135468.93019104004,3050,2,0.21875,94390.58612060547,48800,2,0.93125,96543.40637207031,48800,2,0.93125,8060736.6413116455,3677,400,2508,400,2488,3776,400,5056,3334,400,400,5399,400,2449,400,400,400,400,400,2510,4895,400,400,400,3306,400,2523,400,5399,3692,3198,2509,0,0,0,52.6315803527832,0,55,55,52.38095474243164,100,52.6315803527832,50,0,5,55,0,52.6315803527832,50,52.6315803527832,55,52.6315803527832,0,55,0,52.38095474243164,0,0,10,52.6315803527832,0,0,0,0,20475,15889,86824,67,40,20475,13174,84091,66,52,66718990336,8589930496,22423306240,524288
199,1790685963279,443015.6724090576,3050,0,0.21875,91564.08316040039,48800,2,0.93125,93104.82934570313,48800,2,0.93125,95761.49096679688,48800,2,0.93125,98681.07357788086,48800,2,0.93125,90319.46942138672,48800,2,0.93125,88187.46374511719,48800,2,0.93125,140474.81378173828,3050,2,0.21875,145457.13960266113,3050,0,0.21875,145780.04011535645,3050,0,0.21875,356968.17628479004,3050,0,0.21875,141255.6901702881,3050,2,0.21875,135392.76976013184,3050,2,0.21875,135469.2936706543,3050,2,0.21875,94390.81828308105,48800,2,0.93125,96543.58122253418,48800,2,0.93125,8060756.901138306,3677,400,2508,400,2488,3776,400,5056,3334,400,400,5399,400,2449,400,400,400,400,400,2510,4895,400,400,400,3306,400,2523,400,5399,3692,3198,2509,0,0,0,52.38095474243164,0,50,52.6315803527832,52.6315803527832,100,52.38095474243164,55,0,0,52.6315803527832,0,55,55,52.38095474243164,50,52.38095474243164,0,52.6315803527832,0,52.6315803527832,0,0,5,52.38095474243164,0,0,0,0,20475,15889,87375,68,44,20475,13174,83314,64,49,66718990336,8589930496,22423302144,524288
199,1790685963479,443017.8929595947,3050,0,0.21875,91564.26641845703,48800,2,0.40625,93105.02308654785,48800,2,0.40625,95761.67221069336,48800,2,0.40625,98681.29182434082,48800,2,0.40625,90319.6528930664,48800,2,0.40625,88187.64437866211,16133.333333333334,2,0.55625,140475.08940124512,3050,2,0.21875,145457.44898986816,3050,0,0.21875,145780.32415771484,3050,2,0.21875,356968.5500946045,3050,2,0.21875,141256.03538513184,3050,2,0.21875,135393.0950164795,3050,2,0.21875,135469.66213989258,3050,2,0.21875,94391.00119018555,48800,2,0.40625,96543.80958557129,48800,2,0.40625,8060777.622634888,3677,400,2508,400,2488,3776,400,5056,3334,400,400,5399,400,2449,400,400,400,400,400,2510,4895,400,400,400,3306,400,2523,400,5399,3692,3198,2509,0,0,4.761904716491699,52.6315803527832,0,60.000003814697266,52.38095474243164,52.38095474243164,100,52.6315803527832,50,0,0,52.38095474243164,0,50,52.38095474243164,52.6315803527832,55,55,5,52.38095474243164,0,52.38095474243164,0,0,15.000000953674316,52.6315803527832,0,0,0,0,20475,15889,87601,69,53,20475,13174,83375,65,49,66718990336,8589930496,22439514112,524288
199,1790685963679,443020.1245727539,3050,0,0.23124999999999996,91564.43518066406,16133.333333333334,0,0.3999999999999999,93105.1934967041,16133.333333333334,0,0.3999999999999999,95761.84036254883,16133.333333333334,0,0.3999999999999999,98681.48278808594,16133.333333333334,0,0.3999999999999999,90319.82420349121,16133.333333333334,0,0.3999999999999999,88187.8172454834,16133.333333333334,0,0.3999999999999999,140475.357421875,3050,0,0.23124999999999996,145457.740234375,3050,0,0.23124999999999996,145780.5945892334,3050,0,0.23124999999999996,356968.9630279541,3050,0,0.23124999999999996,141256.37635803223,3050,0,0.23124999999999996,135393.37901306152,3050,0,0.23124999999999996,135470.01950073242,3050,0,0.23124999999999996,94391.17063903809,16133.333333333334,0,0.3999999999999999,96544.02368164063,16133.333333333334,0,0.3999999999999999,8060798.063446045,3677,400,2508,400,2488,3776,400,5056,3334,400,400,5399,400,2449,400,400,400,400,400,2510,4895,400,400,400,3306,400,2523,400,5399,3692,3198,2509,0,0,4.761904716491699,52.6315803527832,0,60.000003814697266,52.38095474243164,52.38095474243164,100,52.6315803527832,50,0,0,52.38095474243164,0,50,52.38095474243164,52.6315803527832,55,55,5,52.38095474243164,0,52.38095474243164,0,0,15.000000953674316,52.6315803527832,0,0,0,0,20475,15889,87562,69,51,20475,13174,83758,66,49,66718990336,8589930496,22423863296,524288
199,1790685963879,443022.3532104492,3050,0,0.23124999999999996,91564.58966064453,16133.333333333334,0,0.3999999999999999,93105.34959411621,16133.333333333334,0,0.3999999999999999,95761.99388122559,16133.333333333334,0,0.3999999999999999,98681.63833618164,16133.333333333334,0,0.3999999999999999,90319.98010253906,16133.333333333334,0,0.3999999999999999,88187.97055053711,16133.333333333334,0,0.3999999999999999,140475.61518859863,3050,0,0.23124999999999996,145458.01611328125,3050,0,0.23124999999999996,145780.84622192383,3050,0,0.23124999999999996,356969.33055114746,3050,0,0.23124999999999996,141256.67990112305,3050,0,0.23124999999999996,135393.63427734375,3050,0,0.23124999999999996,135470.3547668457,3050,0,0.23124999999999996,94391.32429504395,16133.333333333334,0,0.3999999999999999,96544.21936035156,16133.333333333334,0,0.3999999999999999,8060818.074249268,3677,400,2508,400,2488,3776,400,5056,3334,400,400,5399,400,2449,400,400,400,400,400,2510,4895,400,400,400,3306,400,2523,400,5399,3692,3198,2509,0,0,7.692307949066162,0,0,52.499996185302734,50,50,100,50,50,0,0,53.658538818359375,4.878048419952393,50,48.71794891357422,50,47.5,40,47.5,50,0,50,0,0,15.000000953674316,50,0,0,0,0,20475,15889,86907,67,42,20475,13174,84098,67,52,66718990336,8589930496,22422102016,524288
199,1790685964079,443024.58892822266,3050,0,0.23124999999999996,91564.74481201172,16133.333333333334,0,0.3999999999999999,93105.50553894043,16133.333333333334,0,0.3999999999999999,95762.14970397949,16133.333333333334,0,0.3999999999999999,98681.79510498047,16133.333333333334,0,0.3999999999999999,90320.1371459961,16133.333333333334,0,0.3999999999999999,88188.12387084961,16133.333333333334,0,0.3999999999999999,140475.86630249023,3050,0,0.23124999999999996,145458.29330444336,3050,0,0.23124999999999996,145781.10899353027,3050,0,0.23124999999999996,356969.6558227539,3050,0,0.23124999999999996,141256.98649597168,3050,0,0.23124999999999996,135393.89068603516,3050,0,0.23124999999999996,135470.68801879883,3050,0,0.23124999999999996,94391.4786529541,16133.333333333334,0,0.3999999999999999,96544.416015625,16133.333333333334,0,0.3999999999999999,8060838.031539917,3677,400,2508,400,2488,3776,400,5056,3334,400,400,5399,400,2449,400,400,400,400,400,2510,4895,400,400,400,3306,400,2523,400,5399,3692,3198,2509,0,0,47.619049072265625,0,0,47.619049072265625,45,50,100,47.619049072265625,50,0,0,47.36842346191406,0,5,47.619049072265625,45,50,0,50,45,0,45,0,0,5.263157844543457,47.619049072265625,42.105262756347656,0,0,0,20475,15889,86962,68,40,20475,13174,84105,66,52,66718990336,8589930496,22419808256,524288
199,1790685964279,443026.81578063965,3050,0,0.23124999999999996,91564.89964294434,16133.333333333334,0,0.3999999999999999,93105.6615447998,16133.333333333334,0,0.3999999999999999,95762.30387878418,16133.333333333334,0,0.3999999999999999,98681.95239257813,16133.333333333334,0,0.3999999999999999,90320.29374694824,16133.333333333334,0,0.3999999999999999,88188.27742004395,16133.333333333334,0,0.3999999999999999,140476.12397766113,3050,0,0.23124999999999996,145458.5595855713,3050,0,0.23124999999999996,145781.37579345703,3050,0,0.23124999999999996,356969.9722595215,3050,0,0.23124999999999996,141257.29177856445,3050,0,0.23124999999999996,135394.14596557617,3050,0,0.23124999999999996,135471.0157470703,3050,0,0.23124999999999996,94391.63304138184,16133.333333333334,0,0.3999999999999999,96544.61280822754,16133.333333333334,0,0.3999999999999999,8060857.8790893555,3677,400,2508,400,2488,3776,400,5056,3334,400,400,5399,400,2449,400,400,400,400,400,2510,4895,400,400,400,3306,400,2523,400,5399,3692,3198,2509,0,0,47.36842346191406,0,0,47.36842346191406,50,47.619049072265625,100,45,47.619049072265625,0,0,47.619049072265625,0,0,47.36842346191406,47.619049072265625,45,0,45,50,0,50,0,0,10,47.36842346191406,47.619049072265625,0,0,0,20475,15889,87590,69,46,20475,13174,83507,64,49,66718990336,8589930496,22415192064,524288
199,1790685964479,443029.04808044434,3050,0,0.23124999999999996,91565.05844116211,16133.333333333334,0,0.40625,93105.82591247559,16133.333333333334,0,0.40625,95762.46688842773,16133.333333333334,0,0.40625,98682.11131286621,16133.333333333334,0,0.40625,90320.45401000977,16133.333333333334,0,0.40625,88188.47103881836,16133.333333333334,0,0.40625,140476.4373779297,3050,0,0.23124999999999996,145458.83459472656,3050,0,0.23124999999999996,145781.70094299316,3050,0,0.23124999999999996,356970.302154541,3050,0,0.23124999999999996,141257.61540222168,3050,0,0.23124999999999996,135394.4652557373,3050,0,0.23124999999999996,135471.34815979004,3050,0,0.23124999999999996,94391.79217529297,16133.333333333334,0,0.40625,96544.82550048828,16133.333333333334,0,0.40625,8060878.185974121,3677,400,2508,400,2488,3776,400,5056,3334,400,400,5399,400,2449,400,400,400,400,400,2510,4895,400,400,400,3306,400,2523,400,5399,3692,3198,2509,0,0,47.619049072265625,4.761904716491699,0,47.619049072265625,45,45,100,50,45,0,0,47.36842346191406,5,0,47.619049072265625,47.36842346191406,50,0,50,45,0,45,0,0,14.285715103149414,47.619049072265625,45,0,0,0,20475,15889,87611,69,53,20475,13174,83550,65,49,66718990336,8589930496,22411698176,524288
199,1790685964679,443031.2670440674,3050,0,0.22499999999999987,91565.22180175781,48800,2,0.925,93105.99490356445,48800,2,0.925,95762.64141845703,48800,2,0.925,98682.27798461914,48800,2,0.925,90320.61964416504,48800,2,0.925,88188.63195800781,48800,2,0.925,140476.762008667,3050,2,0.22499999999999987,145459.10801696777,3050,0,0.22499999999999987,145782.10116577148,3050,2,0.22499999999999987,356970.57150268555,3050,2,0.22499999999999987,141257.990524292,3050,0,0.22499999999999987,135394.7346343994,3050,2,0.22499999999999987,135471.6969909668,3050,2,0.22499999999999987,94391.95626831055,48800,2,0.925,96545.03839111328,48800,2,0.925,8060898.659011841,3677,400,2508,400,2488,3776,400,5056,3334,400,400,5399,400,2449,400,400,400,400,400,2510,4895,400,400,400,3306,400,2523,400,5399,3692,3198,2509,5.263157844543457,5,50,0,0,47.36842346191406,50,50,100,47.36842346191406,50,20,0,50,15.000000953674316,0,50,50,50,0,50,50,0,45,0,0,0,50,47.36842346191406,0,0,0,20475,15889,87435,68,51,20475,13174,84036,66,50,66718990336,8589930496,22430003200,524288
199,1790685964879,443033.4942932129,3050,0,0.21875,91565.39042663574,48800,2,0.925,93106.1686706543,48800,2,0.925,95762.81567382813,48800,2,0.925,98682.45127868652,48800,2,0.925,90320.79295349121,48800,2,0.925,88188.80123901367,48800,2,0.925,140477.04008483887,3050,2,0.21875,145459.42391967773,3050,0,0.21875,145782.3745727539,3050,2,0.21875,356970.920211792,3050,0,0.21875,141258.2806854248,3050,2,0.21875,135395.02374267578,3050,2,0.21875,135472.02838134766,3050,2,0.21875,94392.12759399414,48800,2,0.925,96545.2562713623,48800,2,0.925,8060918.953414917,3677,400,2508,400,2488,3776,400,5056,3334,400,400,5399,400,2449,400,400,400,400,400,2510,4895,400,400,400,3306,400,2523,400,5399,3692,3198,2509,0,0,50,0,0,55,55,55,100,52.38095474243164,55,0,15.000000953674316,52.38095474243164,0,10,52.6315803527832,52.38095474243164,50,0,50,55,0,36.842105865478516,0,0,15.000000953674316,52.6315803527832,52.38095474243164,0,0,0,20475,15889,86932,67,42,20475,13174,84171,67,50,66718990336,8589930496,22444294144,524288
199,1790685965079,443035.71875,3050,0,0.21875,91565.56190490723,16133.333333333334,2,0.3999999999999999,93106.34268188477,16133.333333333334,2,0.3999999999999999,95762.98664855957,16133.333333333334,2,0.3999999999999999,98682.64964294434,16133.333333333334,2,0.3999999999999999,90320.96678161621,16133.333333333334,2,0.3999999999999999,88188.97944641113,16133.333333333334,0,0.3999999999999999,140477.3157196045,3050,2,0.21875,145459.7202911377,3050,2,0.21875,145782.74034118652,3050,2,0.21875,356971.262588501,3050,0,0.21875,141258.56468200684,3050,2,0.21875,135395.3116760254,3050,2,0.21875,135472.35916137695,3050,0,0.21875,94392.29850769043,16133.333333333334,2,0.3999999999999999,96545.47421264648,16133.333333333334,2,0.3999999999999999,8060939.339141846,3677,400,2508,400,2488,3776,400,5056,3334,400,400,5399,400,2449,400,400,400,400,400,2510,4895,400,400,400,3306,400,2523,400,5399,3692,3198,2509,0,0,55,0,0,52.38095474243164,50,50,100,55,50,50,0,52.6315803527832,0,0,52.38095474243164,55,55,0,55,50,5.263157844543457,4.761904716491699,0,0,10,52.38095474243164,52.6315803527832,0,0,0,20475,15889,86946,68,40,20475,13174,83999,66,50,66718990336,8589930496,22439780352,524288
199,1790685965279,443037.94215393066,3050,0,0.21875,91565.73295593262,48800,2,0.925,93106.51571655273,48800,2,0.925,95763.16381835938,48800,2,0.925,98682.82432556152,48800,2,0.925,90321.1463470459,48800,2,0.925,88189.17292785645,48800,2,0.925,140477.588180542,3050,2,0.21875,145460.01232910156,3050,2,0.21875,145783.10443115234,3050,2,0.21875,356971.6174316406,3050,2,0.21875,141258.85906982422,3050,2,0.21875,135395.67184448242,3050,2,0.21875,135472.6873474121,3050,2,0.21875,94392.47546386719,48800,2,0.925,96545.69857788086,48800,2,0.925,8060959.969055176,3677,400,2508,400,2488,3776,400,5056,3334,400,400,5399,400,2449,400,400,400,400,400,2510,4895,400,400,400,3306,400,2523,400,5399,3692,3198,2509,0,0,52.6315803527832,0,0,52.6315803527832,55,55,100,50,55,50,0,52.38095474243164,0,0,55,50,52.38095474243164,0,52.38095474243164,55,0,0,0,0,10,52.6315803527832,52.38095474243164,0,0,0,20475,15889,87611,69,49,20475,13174,83520,64,50,66718990336,8589930496,22439329792,524288
199,1790685965479,443040.1647796631,3050,0,0.22499999999999987,91565.9115600586,48800,2,0.93125,93106.69302368164,48800,2,0.93125,95763.33975219727,48800,2,0.93125,98682.9994506836,48800,2,0.93125,90321.32592773438,48800,2,0.93125,88189.37510681152,48800,2,0.93125,140477.8648223877,3050,2,0.22499999999999987,145460.3924255371,3050,2,0.22499999999999987,145783.47117614746,3050,2,0.22499999999999987,356971.9951019287,3050,2,0.22499999999999987,141259.14176940918,3050,2,0.22499999999999987,135395.96116638184,3050,2,0.22499999999999987,135473.06274414063,3050,2,0.22499999999999987,94392.69522094727,48800,2,0.93125,96545.87300109863,48800,2,0.93125,8060980.5542907715,3677,400,2508,400,2488,3776,400,5056,3334,400,400,5399,400,2449,400,400,400,400,400,2510,4895,400,400,400,3306,400,2523,400,5399,3692,3198,2509,0,0,52.38095474243164,0,0,52.38095474243164,50,50,100,55,55,55,0,52.6315803527832,0,0,50,55,52.6315803527832,0,52.6315803527832,50,0,0,0,0,10,52.38095474243164,52.6315803527832,0,4.761904716491699,0,20475,15889,87612,69,51,20475,13174,83546,65,50,66718990336,8589930496,22439755776,524288
199,1790685965679,443042.40367126465,3050,0,0.23124999999999996,91566.10061645508,16133.333333333334,0,0.3999999999999999,93106.85385131836,16133.333333333334,0,0.3999999999999999,95763.50773620605,16133.333333333334,0,0.3999999999999999,98683.18968200684,16133.333333333334,0,0.3999999999999999,90321.51625061035,16133.333333333334,0,0.3999999999999999,88189.54425048828,16133.333333333334,0,0.3999999999999999,140478.13427734375,3050,0,0.23124999999999996,145460.7463531494,3050,0,0.23124999999999996,145783.8175048828,3050,0,0.23124999999999996,356972.4290924072,3050,0,0.23124999999999996,141259.4172515869,3050,0,0.23124999999999996,135396.2338256836,3050,0,0.23124999999999996,135473.4043121338,3050,0,0.23124999999999996,94392.8802947998,16133.333333333334,0,0.3999999999999999,96546.03353881836,16133.333333333334,0,0.3999999999999999,8061001.034042358,3677,400,2508,400,2488,3776,400,5056,3334,400,400,5399,400,2449,400,400,400,400,400,2510,4895,400,400,400,3306,400,2523,400,5399,3692,3198,2509,0,0,52.38095474243164,0,0,52.38095474243164,50,50,100,55,55,55,0,52.6315803527832,0,0,50,55,52.6315803527832,0,52.6315803527832,50,0,0,0,0,10,52.38095474243164,52.6315803527832,0,4.761904716491699,0,20475,15889,87253,68,49,20475,13174,84245,67,50,66718990336,8589930496,22459097088,524288
199,1790685965879,443044.6384277344,3050,0,0.22499999999999987,91566.29376220703,16133.333333333334,0,0.3999999999999999,93107.00491333008,16133.333333333334,0,0.3999999999999999,95763.6605682373,16133.333333333334,0,0.3999999999999999,98683.3412322998,16133.333333333334,0,0.3999999999999999,90321.66795349121,16133.333333333334,0,0.3999999999999999,88189.69514465332,16133.333333333334,0,0.3999999999999999,140478.38389587402,3050,0,0.22499999999999987,145461.0872039795,3050,0,0.22499999999999987,145784.14865112305,3050,0,0.22499999999999987,356972.85496520996,3050,0,0.22499999999999987,141259.67755126953,3050,0,0.22499999999999987,135396.49249267578,3050,0,0.22499999999999987,135473.73580932617,3050,0,0.22499999999999987,94393.03358459473,16133.333333333334,0,0.3999999999999999,96546.18412780762,16133.333333333334,0,0.3999999999999999,8061021.052810669,3677,400,2508,400,2488,3776,400,5056,3334,400,400,5399,400,2449,400,400,400,400,400,2510,4895,400,400,400,3306,400,2523,400,5399,3692,3198,2509,0,0,47.5,0,0,51.28205490112305,50,48.71794891357422,100,47.5,47.5,40,0,48.780487060546875,0,0,48.71794891357422,47.5,47.5,0,47.5,50,0,10,0,0,17.948719024658203,48.71794891357422,48.780487060546875,0,0,0,20475,15889,86904,67,42,20475,13174,84222,67,50,66718990336,8589930496,22453944320,524288
199,1790685966079,443046.8691711426,3050,0,0.23124999999999996,91566.48805236816,16133.333333333334,0,0.3999999999999999,93107.15728759766,16133.333333333334,0,0.3999999999999999,95763.81452941895,16133.333333333334,0,0.3999999999999999,98683.4944152832,16133.333333333334,0,0.3999999999999999,90321.82063293457,16133.333333333334,0,0.3999999999999999,88189.84840393066,16133.333333333334,0,0.3999999999999999,140478.6354675293,3050,0,0.23124999999999996,145461.42990112305,3050,0,0.23124999999999996,145784.48300170898,3050,0,0.23124999999999996,356973.17121887207,3050,0,0.23124999999999996,141259.93632507324,3050,0,0.23124999999999996,135396.75164794922,3050,0,0.23124999999999996,135474.07357788086,3050,0,0.23124999999999996,94393.18702697754,16133.333333333334,0,0.3999999999999999,96546.33618164063,16133.333333333334,0,0.3999999999999999,8061040.877944946,3677,400,2508,400,2488,3776,400,5056,3334,400,400,5399,400,2449,400,400,400,400,400,2510,4895,400,400,400,3306,400,2523,400,5399,3692,3198,2509,0,0,47.36842346191406,0,0,45,47.36842346191406,47.619049072265625,100,47.36842346191406,45,0,0,47.36842346191406,0,0,47.619049072265625,47.36842346191406,50,0,50,45,0,50,0,0,9.523809432983398,45,47.36842346191406,0,0,0,20475,15889,87142,68,40,20475,13174,83760,66,50,66718990336,8589930496,22447931392,524288
199,1790685966279,443049.10203552246,3050,0,0.23124999999999996,91566.68547058105,16133.333333333334,0,0.3999999999999999,93107.30958557129,16133.333333333334,0,0.3999999999999999,95763.96754455566,16133.333333333334,0,0.3999999999999999,98683.65005493164,16133.333333333334,0,0.3999999999999999,90321.97329711914,16133.333333333334,0,0.3999999999999999,88190.00030517578,16133.333333333334,0,0.3999999999999999,140478.88874816895,3050,0,0.23124999999999996,145461.77337646484,3050,0,0.23124999999999996,145784.8178100586,3050,0,0.23124999999999996,356973.49128723145,3050,0,0.23124999999999996,141260.19612121582,3050,0,0.23124999999999996,135397.00799560547,3050,0,0.23124999999999996,135474.40885925293,3050,0,0.23124999999999996,94393.34049987793,16133.333333333334,0,0.3999999999999999,96546.4885559082,16133.333333333334,0,0.3999999999999999,8061060.797775269,3677,400,2508,400,2488,3776,400,5056,3334,400,400,5399,400,2449,400,400,400,400,400,2510,4895,400,400,400,3306,400,2523,400,5399,3692,3198,2509,5,0,47.619049072265625,0,0,50,45,47.36842346191406,100,47.619049072265625,50,0,0,45,0,0,47.36842346191406,47.619049072265625,45,0,45,47.36842346191406,0,45,0,0,15.000000953674316,47.619049072265625,45,0,0,0,20475,15889,87632,69,52,20475,13174,83534,65,51,66718990336,8589930496,22447931392,524288
199,1790685966479,443051.33558654785,3050,0,0.22499999999999987,91566.90383911133,16133.333333333334,0,0.63125,93107.47842407227,16133.333333333334,0,0.63125,95764.13722229004,16133.333333333334,0,0.63125,98683.81658935547,16133.333333333334,0,0.63125,90322.14151000977,16133.333333333334,0,0.63125,88190.16302490234,16133.333333333334,0,0.63125,140479.1609954834,3050,0,0.22499999999999987,145462.11891174316,3050,0,0.22499999999999987,145785.1605682373,3050,0,0.22499999999999987,356973.8184967041,3050,0,0.22499999999999987,141260.47938537598,3050,0,0.22499999999999987,135397.30047607422,3050,0,0.22499999999999987,135474.75593566895,3050,0,0.22499999999999987,94393.53092956543,16133.333333333334,0,0.63125,96546.68745422363,16133.333333333334,0,0.63125,8061081.405075073,3677,400,2508,400,2488,3776,400,5056,3334,400,400,5399,400,2449,400,400,400,400,400,2510,4895,400,400,400,3306,400,2523,400,5399,3692,3198,2509,0,0,47.36842346191406,0,0,45,50,47.619049072265625,100,47.36842346191406,45,0,0,50,4.761904716491699,0,47.619049072265625,47.36842346191406,47.36842346191406,0,47.36842346191406,47.619049072265625,0,45,0,0,15.000000953674316,47.36842346191406,47.619049072265625,0,5,0,20475,15889,87608,69,51,20475,13174,83590,66,50,66718990336,8589930496,22450434048,524288
199,1790685966679,443053.5815887451,3050,0,0.22499999999999987,91567.13809204102,48800,2,0.925,93107.65385437012,48800,2,0.925,95764.3101348877,48800,2,0.925,98684.04344177246,48800,2,0.925,90322.31723022461,48800,2,0.925,88190.33969116211,48800,2,0.925,140479.46087646484,3050,0,0.22499999999999987,145462.49531555176,3050,2,0.22499999999999987,145785.5232849121,3050,0,0.22499999999999987,356974.1681213379,3050,0,0.22499999999999987,141260.7723083496,3050,2,0.22499999999999987,135397.58421325684,3050,2,0.22499999999999987,135475.1190185547,3050,2,0.22499999999999987,94393.71005249023,48800,2,0.925,96546.85870361328,48800,2,0.925,8061102.033981323,3677,400,2508,400,2488,3776,400,5056,3334,400,400,5399,400,2449,400,400,400,400,400,2510,4895,400,400,400,3306,400,2523,400,5399,3692,3198,2509,0,5,52.38095474243164,0,0,66.66667175292969,50,52.6315803527832,100,50,52.6315803527832,0,0,50,0,0,50,52.38095474243164,52.38095474243164,0,52.38095474243164,50,0,55,0,0,15.000000953674316,52.38095474243164,52.6315803527832,0,0,0,20475,15889,86959,67,46,20475,13174,84233,67,52,66718990336,8589930496,22466580480,524288
199,1790685966879,443055.8218688965,3050,0,0.21875,91567.37004089355,48800,2,0.93125,93107.82652282715,48800,2,0.93125,95764.48358154297,48800,2,0.93125,98684.21635437012,48800,2,0.93125,90322.48904418945,48800,2,0.93125,88190.51252746582,48800,2,0.93125,140479.74774169922,3050,2,0.21875,145462.8960723877,3050,0,0.21875,145785.8775177002,3050,0,0.21875,356974.5142211914,3050,0,0.21875,141261.05842590332,3050,2,0.21875,135397.89602661133,3050,2,0.21875,135475.49674987793,3050,2,0.21875,94393.88185119629,48800,2,0.93125,96547.02844238281,48800,2,0.93125,8061122.496871948,3677,400,2508,400,2488,3776,400,5056,3334,400,400,5399,400,2449,400,400,400,400,400,2510,4895,400,400,400,3306,400,2523,400,5399,3692,3198,2509,0,0,52.6315803527832,25,0,50,55,52.38095474243164,100,55,52.38095474243164,0,4.761904716491699,52.38095474243164,0,0,52.6315803527832,52.6315803527832,50,0,25,55,0,47.36842346191406,0,0,15.000000953674316,52.6315803527832,52.38095474243164,9.523809432983398,0,0,20475,15889,86828,67,40,20475,13174,84270,67,52,66718990336,8589930496,22438301696,524288
199,1790685967080,443058.05294799805,3050,0,0.21875,91567.60325622559,48800,2,0.6125,93107.99613952637,48800,2,0.6125,95764.65490722656,48800,2,0.6125,98684.38667297363,48800,2,0.6125,90322.6598815918,16133.333333333334,2,0.575,88190.68226623535,16133.333333333334,2,0.575,140480.02618408203,3050,2,0.21875,145463.28044128418,3050,2,0.21875,145786.24728393555,3050,2,0.21875,356974.867767334,3050,2,0.21875,141261.3437347412,3050,2,0.21875,135398.18141174316,3050,0,0.21875,135475.86097717285,3050,0,0.21875,94394.05250549316,48800,2,0.6125,96547.19850158691,48800,2,0.6125,8061142.888397217,3677,400,2508,400,2488,3776,400,5056,3334,400,400,5399,400,2449,400,400,400,400,400,2510,4895,400,400,400,3306,400,2523,400,5399,3692,3198,2509,0,0,52.38095474243164,55,0,55,50,52.6315803527832,100,52.38095474243164,52.6315803527832,0,0,52.6315803527832,0,0,55,52.38095474243164,55,0,0,52.6315803527832,0,50,0,0,15.000000953674316,50,52.6315803527832,0,0,0,20475,15889,87267,68,44,20475,13174,83508,65,49,66718990336,8589930496,22431891456,524288
199,1790685967280,443060.2813720703,3050,0,0.21875,91567.83609008789,48800,2,0.925,93108.16595458984,48800,2,0.925,95764.82675170898,48800,2,0.925,98684.55955505371,48800,2,0.925,90322.8307800293,48800,2,0.925,88190.85179138184,48800,2,0.925,140480.30303955078,3050,2,0.21875,145463.65966796875,3050,0,0.21875,145786.6121520996,3050,0,0.21875,356975.23904418945,3050,0,0.21875,141261.64028930664,3050,2,0.21875,135398.4620513916,3050,2,0.21875,135476.22109985352,3050,2,0.21875,94394.22285461426,48800,2,0.925,96547.36766052246,48800,2,0.925,8061163.372116089,3677,400,2508,400,2488,3776,400,5056,3334,400,400,5399,400,2449,400,400,400,400,400,2510,4895,400,400,400,3306,400,2523,400,5399,3692,3198,2509,0,0,52.6315803527832,55,0,50,55,52.38095474243164,100,52.6315803527832,52.38095474243164,0,0,55,52.38095474243164,0,52.38095474243164,52.6315803527832,52.6315803527832,0,0,52.38095474243164,4.761904716491699,55,0,0,15.000000953674316,0,52.38095474243164,0,0,0,20475,15889,87555,69,53,20475,13174,83515,65,49,66718990336,8589930496,22431891456,524288
199,1790685967480,443062.51179504395,3050,0,0.22499999999999987,91568.08198547363,16133.333333333334,0,0.3999999999999999,93108.35775756836,16133.333333333334,0,0.3999999999999999,95764.99736022949,16133.333333333334,0,0.3999999999999999,98684.72985839844,16133.333333333334,0,0.3999999999999999,90322.99938964844,16133.333333333334,0,0.3999999999999999,88190.97917175293,16133.333333333334,0,0.3999999999999999,140480.62631225586,3050,0,0.22499999999999987,145464.03413391113,3050,0,0.22499999999999987,145786.97567749023,3050,0,0.22499999999999987,356975.6195526123,3050,0,0.22499999999999987,141261.91549682617,3050,0,0.22499999999999987,135398.7918395996,3050,0,0.22499999999999987,135476.5802307129,3050,0,0.22499999999999987,94394.39233398438,16133.333333333334,0,0.3999999999999999,96547.55613708496,16133.333333333334,0,0.3999999999999999,8061183.864593506,3677,400,2508,400,2488,3776,400,5056,3334,400,400,5399,400,2449,400,400,400,400,400,2510,4895,400,400,400,3306,400,2523,400,5399,3692,3198,2509,0,0,52.6315803527832,55,0,50,55,52.38095474243164,100,52.6315803527832,52.38095474243164,0,0,55,52.38095474243164,0,52.38095474243164,52.6315803527832,52.6315803527832,0,0,52.38095474243164,4.761904716491699,55,0,0,15.000000953674316,0,52.38095474243164,0,0,0,20475,15889,87483,68,51,20475,13174,83830,66,49,66718990336,8589930496,22436016128,524288
199,1790685967680,443064.75860595703,3050,0,0.23124999999999996,91568.29307556152,16133.333333333334,0,0.3999999999999999,93108.55187988281,16133.333333333334,0,0.3999999999999999,95765.1530456543,16133.333333333334,0,0.3999999999999999,98684.88319396973,16133.333333333334,0,0.3999999999999999,90323.15211486816,16133.333333333334,0,0.3999999999999999,88191.13124084473,16133.333333333334,0,0.3999999999999999,140480.8814239502,3050,0,0.23124999999999996,145464.38703918457,3050,0,0.23124999999999996,145787.31071472168,3050,0,0.23124999999999996,356975.9864349365,3050,0,0.23124999999999996,141262.16815185547,3050,0,0.23124999999999996,135399.05296325684,3050,0,0.23124999999999996,135476.9134979248,3050,0,0.23124999999999996,94394.5461730957,16133.333333333334,0,0.3999999999999999,96547.70835876465,16133.333333333334,0,0.3999999999999999,8061203.87008667,3677,400,2508,400,2488,3776,400,5056,3334,400,400,5399,400,2449,400,400,400,400,400,2510,4895,400,400,400,3306,400,2523,400,5399,3692,3198,2509,0,12.5,50,42.5,0,50,50,42.5,100,50,50,0,2.5,48.780487060546875,50,0,50,50,48.780487060546875,0,0,50,0,50,0,0,12.820513725280762,0,50,0,0,0,20475,15889,86658,67,42,20475,13174,84242,67,52,66718990336,8589930496,22436016128,524288
199,1790685967880,443066.9860839844,3050,0,0.23124999999999996,91568.51412963867,16133.333333333334,0,0.3999999999999999,93108.74978637695,16133.333333333334,0,0.3999999999999999,95765.31481933594,16133.333333333334,0,0.3999999999999999,98685.1700592041,16133.333333333334,0,0.3999999999999999,90323.30883789063,16133.333333333334,0,0.3999999999999999,88191.28100585938,16133.333333333334,0,0.3999999999999999,140481.13523864746,3050,0,0.23124999999999996,145464.7511138916,3050,0,0.23124999999999996,145787.64546203613,3050,0,0.23124999999999996,356976.314163208,3050,0,0.23124999999999996,141262.42013549805,3050,0,0.23124999999999996,135399.31420898438,3050,0,0.23124999999999996,135477.25701904297,3050,0,0.23124999999999996,94394.70812988281,16133.333333333334,0,0.3999999999999999,96547.87536621094,16133.333333333334,0,0.3999999999999999,8061224.235229492,3677,400,2508,400,2488,3776,400,5056,3334,400,400,5399,400,2449,400,400,400,400,400,2510,4895,400,400,400,3306,400,2523,400,5399,3692,3198,2509,0,0,47.619049072265625,50,0,65,45,40,100,47.619049072265625,47.36842346191406,0,0,47.36842346191406,31.57894515991211,0,45,47.619049072265625,50,0,0,45,0,45,0,0,10,15.000000953674316,47.36842346191406,5,0,0,20475,15889,86693,68,40,20475,13174,84200,66,52,66718990336,8589930496,22449758208,524288
199,1790685968080,443069.2119445801,3050,0,0.23124999999999996,91568.72496032715,16133.333333333334,0,0.3999999999999999,93108.94204711914,16133.333333333334,0,0.3999999999999999,95765.46876525879,16133.333333333334,0,0.3999999999999999,98685.37852478027,16133.333333333334,0,0.3999999999999999,90323.4620513916,16133.333333333334,0,0.3999999999999999,88191.43319702148,16133.333333333334,0,0.3999999999999999,140481.3886871338,3050,0,0.23124999999999996,145465.1016845703,3050,0,0.23124999999999996,145787.97868347168,3050,0,0.23124999999999996,356976.63037109375,3050,0,0.23124999999999996,141262.67279052734,3050,0,0.23124999999999996,135399.57136535645,3050,0,0.23124999999999996,135477.58834838867,3050,0,0.23124999999999996,94394.86125183105,16133.333333333334,0,0.3999999999999999,96548.02713012695,16133.333333333334,0,0.3999999999999999,8061244.108352661,3677,400,2508,400,2488,3776,400,5056,3334,400,400,5399,400,2449,400,400,400,400,400,2510,4895,400,400,400,3306,400,2523,400,5399,3692,3198,2509,0,0,47.36842346191406,45,0,47.36842346191406,50,47.36842346191406,100,45,47.619049072265625,0,0,47.619049072265625,0,0,47.36842346191406,45,45,0,0,50,0,47.619049072265625,0,0,10,47.619049072265625,47.619049072265625,0,0,0,20475,15889,87480,69,47,20475,13174,83459,65,49,66718990336,8589930496,22446878720,524288
199,1790685968280,443071.43951416016,3050,0,0.23124999999999996,91568.93682861328,16133.333333333334,0,0.40625,93109.13479614258,16133.333333333334,0,0.40625,95765.62229919434,16133.333333333334,0,0.40625,98685.58659362793,16133.333333333334,0,0.40625,90323.61602783203,16133.333333333334,0,0.40625,88191.58567810059,16133.333333333334,0,0.40625,140481.63871765137,3050,0,0.23124999999999996,145465.43719482422,3050,0,0.23124999999999996,145788.31707763672,3050,0,0.23124999999999996,356976.93615722656,3050,0,0.23124999999999996,141262.92922973633,3050,0,0.23124999999999996,135399.82929992676,3050,0,0.23124999999999996,135477.920211792,3050,0,0.23124999999999996,94395.01525878906,16133.333333333334,0,0.40625,96548.17939758301,16133.333333333334,0,0.40625,8061264.003341675,3677,400,2508,400,2488,3776,400,5056,3334,400,400,5399,400,2449,400,400,400,400,400,2510,4895,400,400,400,3306,400,2523,400,5399,3692,3198,2509,0,0,47.619049072265625,50,0,47.619049072265625,45,47.619049072265625,100,47.36842346191406,45,0,0,47.36842346191406,0,0,47.619049072265625,50,50,0,0,45,0,47.36842346191406,0,0,14.285715103149414,47.36842346191406,47.36842346191406,0,0,0,20475,15889,87480,69,52,20475,13174,83501,65,49,66718990336,8589930496,22446878720,524288
199,1790685968480,443073.6666107178,3050,0,0.22499999999999987,91569.17024230957,48800,2,0.925,93109.33218383789,48800,2,0.925,95765.79598999023,48800,2,0.925,98685.81365966797,48800,2,0.925,90323.78852844238,48800,2,0.925,88191.75810241699,48800,2,0.925,140481.9188232422,3050,2,0.22499999999999987,145465.74034118652,3050,0,0.22499999999999987,145788.68350219727,3050,2,0.22499999999999987,356977.2651672363,3050,0,0.22499999999999987,141263.19302368164,3050,2,0.22499999999999987,135400.12846374512,3050,2,0.22499999999999987,135478.28483581543,3050,2,0.22499999999999987,94395.1908416748,48800,2,0.925,96548.35107421875,48800,2,0.925,8061284.462051392,3677,400,2508,400,2488,3776,400,5056,3334,400,400,5399,400,2449,400,400,400,400,400,2510,4895,400,400,400,3306,400,2523,400,5399,3692,3198,2509,0,0,47.36842346191406,50,0,55,50,50,100,50,50,0,0,50,0,0,50,50,50,0,0,50,0,50,0,0,15.000000953674316,50,47.619049072265625,0,0,0,20475,15889,87152,67,50,20475,13174,84167,67,51,66718990336,8589930496,22445834240,524288
199,1790685968680,443075.89140319824,3050,0,0.22499999999999987,91569.40353393555,48800,2,0.925,93109.50184631348,48800,2,0.925,95765.9700012207,48800,2,0.925,98685.98466491699,48800,2,0.925,90323.95899963379,48800,2,0.925,88191.9281463623,48800,2,0.925,140482.20889282227,3050,2,0.22499999999999987,145466.0343170166,3050,0,0.22499999999999987,145789.05169677734,3050,2,0.22499999999999987,356977.6128540039,3050,0,0.22499999999999987,141263.47598266602,3050,2,0.22499999999999987,135400.41259765625,3050,2,0.22499999999999987,135478.64866638184,3050,2,0.22499999999999987,94395.36177062988,48800,2,0.925,96548.52075195313,48800,2,0.925,8061304.7762146,3677,400,2508,400,2488,3776,400,5056,3334,400,400,5399,400,2449,400,400,400,400,400,2510,4895,400,400,400,3306,400,2523,400,5399,3692,3198,2509,0,5,52.38095474243164,50,0,50,52.38095474243164,52.6315803527832,100,52.38095474243164,55,0,0,50,0,0,52.6315803527832,50,50,0,0,52.6315803527832,0,52.38095474243164,0,0,15.000000953674316,52.38095474243164,52.6315803527832,0,0,0,20475,15889,86646,67,42,20475,13174,84308,67,51,66718990336,8589930496,22445834240,524288
199,1790685968880,443078.1145324707,3050,0,0.21875,91569.63827514648,48800,2,0.93125,93109.6734008789,48800,2,0.93125,95766.15171813965,48800,2,0.93125,98686.15612792969,48800,2,0.93125,90324.13047790527,48800,2,0.93125,88192.09915161133,48800,2,0.93125,140482.49139404297,3050,2,0.21875,145466.33624267578,3050,2,0.21875,145789.43954467773,3050,2,0.21875,356978.04205322266,3050,0,0.21875,141263.75816345215,3050,2,0.21875,135400.73097229004,3050,2,0.21875,135479.0118560791,3050,2,0.21875,94395.5336151123,48800,2,0.93125,96548.69139099121,48800,2,0.93125,8061325.37991333,3677,400,2508,400,2488,3776,400,5056,3334,400,400,5399,400,2449,400,400,400,400,400,2510,4895,400,400,400,3306,400,2523,400,5399,3692,3198,2509,20,0,55,55,5,55,52.6315803527832,52.38095474243164,80.95238494873047,52.6315803527832,50,0,0,55,0,5,52.38095474243164,55,55,0,0,50,0,63.15789031982422,0,0,20,52.6315803527832,55,0,0,0,20475,15889,86839,68,40,20475,13174,83872,66,51,66718990336,8589930496,22422704128,524288
199,1790685969080,443080.32664489746,3050,0,0.21875,91569.87223815918,48800,2,0.925,93109.84274291992,48800,2,0.925,95766.32273864746,48800,2,0.925,98686.32556152344,48800,2,0.925,90324.30026245117,48800,2,0.925,88192.26866149902,48800,2,0.925,140482.77473449707,3050,2,0.21875,145466.71350097656,3050,2,0.21875,145789.7186126709,3050,2,0.21875,356978.397354126,3050,2,0.21875,141264.04011535645,3050,2,0.21875,135401.0119781494,3050,2,0.21875,135479.3793334961,3050,2,0.21875,94395.70358276367,48800,2,0.925,96548.86065673828,48800,2,0.925,8061345.728286743,3677,400,2508,400,2488,3776,400,5056,3334,400,400,5399,400,2449,400,400,400,400,400,2510,4895,400,400,400,3306,400,2523,400,5399,3692,3198,2509,100,0,52.6315803527832,50,55,50,52.38095474243164,52.6315803527832,0,52.38095474243164,55,0,0,52.38095474243164,0,0,52.6315803527832,52.6315803527832,50,0,0,0,0,52.38095474243164,0,0,10,52.38095474243164,52.38095474243164,0,0,0,20475,15889,87466,69,52,20475,13174,83481,65,49,66718990336,8589930496,22421999616,524288
199,1790685969280,443082.5497894287,3050,0,0.22499999999999987,91570.10778808594,48800,2,0.93125,93110.01295471191,48800,2,0.93125,95766.49430847168,48800,2,0.93125,98686.49533081055,48800,2,0.93125,90324.47048950195,48800,2,0.93125,88192.43751525879,48800,2,0.93125,140483.06379699707,3050,2,0.22499999999999987,145467.09428405762,3050,2,0.22499999999999987,145789.99885559082,3050,0,0.22499999999999987,356978.7795715332,3050,2,0.22499999999999987,141264.31777954102,3050,2,0.22499999999999987,135401.2933807373,3050,2,0.22499999999999987,135479.74284362793,3050,2,0.22499999999999987,94395.8734588623,48800,2,0.93125,96549.02934265137,48800,2,0.93125,8061366.117416382,3677,400,2508,400,2488,3776,400,5056,3334,400,400,5399,400,2449,400,400,400,400,400,2510,4895,400,400,400,3306,400,2523,400,5399,3692,3198,2509,42.105262756347656,0,52.38095474243164,55,50,55,52.6315803527832,52.38095474243164,57.894737243652344,52.6315803527832,52.6315803527832,0,0,52.6315803527832,0,0,52.38095474243164,52.38095474243164,55,0,0,0,0,52.6315803527832,0,0,10.526315689086914,52.6315803527832,52.6315803527832,0,0,0,20475,15889,87463,69,51,20475,13174,83540,66,49,66718990336,8589930496,22421938176,524288
199,1790685969480,443084.7813873291,3050,0,0.22499999999999987,91570.32498168945,16133.333333333334,0,0.3999999999999999,93110.17025756836,16133.333333333334,0,0.3999999999999999,95766.65298461914,16133.333333333334,0,0.3999999999999999,98686.65211486816,16133.333333333334,0,0.3999999999999999,90324.62855529785,16133.333333333334,0,0.3999999999999999,88192.59419250488,16133.333333333334,0,0.3999999999999999,140483.32383728027,3050,0,0.22499999999999987,145467.48503112793,3050,0,0.22499999999999987,145790.26448059082,3050,0,0.22499999999999987,356979.1527557373,3050,0,0.22499999999999987,141264.57934570313,3050,0,0.22499999999999987,135401.55862426758,3050,0,0.22499999999999987,135480.08149719238,3050,0,0.22499999999999987,94396.04083251953,16133.333333333334,0,0.3999999999999999,96549.18914794922,16133.333333333334,0,0.3999999999999999,8061386.074310303,3677,400,2508,400,2488,3776,400,5056,3334,400,400,5399,400,2449,400,400,400,400,400,2510,4895,400,400,400,3306,400,2523,400,5399,3692,3198,2509,42.105262756347656,0,52.38095474243164,55,50,55,52.6315803527832,52.38095474243164,57.894737243652344,52.6315803527832,52.6315803527832,0,0,52.6315803527832,0,0,52.38095474243164,52.38095474243164,55,0,0,0,0,52.6315803527832,0,0,10.526315689086914,52.6315803527832,52.6315803527832,0,0,0,20475,15889,86807,67,46,20475,13174,84295,67,52,66718990336,8589930496,22421426176,524288
199,1790685969680,443087.0219116211,3050,0,0.22499999999999987,91570.53604125977,16133.333333333334,0,0.3999999999999999,93110.322265625,16133.333333333334,0,0.3999999999999999,95766.80857849121,16133.333333333334,0,0.3999999999999999,98686.8038482666,16133.333333333334,0,0.3999999999999999,90324.78079223633,16133.333333333334,0,0.3999999999999999,88192.74633789063,16133.333333333334,0,0.3999999999999999,140483.58279418945,3050,0,0.22499999999999987,145467.82904052734,3050,0,0.22499999999999987,145790.52374267578,3050,0,0.22499999999999987,356979.4980621338,3050,0,0.22499999999999987,141264.8342590332,3050,0,0.22499999999999987,135401.81590270996,3050,0,0.22499999999999987,135480.4125213623,3050,0,0.22499999999999987,94396.19717407227,16133.333333333334,0,0.3999999999999999,96549.34101867676,16133.333333333334,0,0.3999999999999999,8061406.031280518,3677,400,2508,400,2488,3776,400,5056,3334,400,400,5399,400,2449,400,400,400,400,400,2510,4895,400,400,400,3306,400,2523,400,5399,3692,3198,2509,0,0,47.5,47.5,47.5,47.5,47.5,47.5,100,48.780487060546875,47.5,0,2.5,47.5,0,2.4390242099761963,48.71794891357422,47.5,47.5,0,0,0,0,48.780487060546875,0,0,15.000000953674316,47.5,47.5,0,0,0,20475,15889,86627,67,40,20475,13174,84295,67,52,66718990336,8589930496,22421422080,524288
199,1790685969880,443089.2551879883,3050,0,0.22499999999999987,91570.75057983398,16133.333333333334,0,0.3999999999999999,93110.47756958008,16133.333333333334,0,0.3999999999999999,95766.98098754883,16133.333333333334,0,0.3999999999999999,98686.96577453613,16133.333333333334,0,0.3999999999999999,90324.93672180176,16133.333333333334,0,0.3999999999999999,88192.90840148926,16133.333333333334,0,0.3999999999999999,140483.88705444336,3050,0,0.22499999999999987,145468.16860961914,3050,0,0.22499999999999987,145790.8211364746,3050,0,0.22499999999999987,356979.8530883789,3050,0,0.22499999999999987,141265.09323120117,3050,0,0.22499999999999987,135402.07261657715,3050,0,0.22499999999999987,135480.7449645996,3050,0,0.22499999999999987,94396.37762451172,16133.333333333334,0,0.3999999999999999,96549.50337219238,16133.333333333334,0,0.3999999999999999,8061426.434844971,3677,400,2508,400,2488,3776,400,5056,3334,400,400,5399,400,2449,400,400,400,400,400,2510,4895,400,400,400,3306,400,2523,400,5399,3692,3198,2509,0,5,47.36842346191406,47.36842346191406,52.38095474243164,50,50,47.36842346191406,100,47.36842346191406,47.619049072265625,0,0,50,0,0,45,47.36842346191406,47.36842346191406,0,0,0,0,52.6315803527832,0,0,15.000000953674316,47.619049072265625,47.619049072265625,0,5,0,20475,15889,87177,69,45,20475,13174,83582,65,49,66718990336,8589930496,22419746816,524288
199,1790685970080,443091.4841308594,3050,0,0.23124999999999996,91570.96186828613,16133.333333333334,0,0.3999999999999999,93110.62992858887,16133.333333333334,0,0.3999999999999999,95767.13807678223,16133.333333333334,0,0.3999999999999999,98687.11824035645,16133.333333333334,0,0.3999999999999999,90325.0894165039,16133.333333333334,0,0.3999999999999999,88193.0617980957,16133.333333333334,0,0.3999999999999999,140484.1399383545,3050,0,0.23124999999999996,145468.5147857666,3050,0,0.23124999999999996,145791.08377075195,3050,0,0.23124999999999996,356980.16610717773,3050,0,0.23124999999999996,141265.35063171387,3050,0,0.23124999999999996,135402.32975769043,3050,0,0.23124999999999996,135481.07928466797,3050,0,0.23124999999999996,94396.5318145752,16133.333333333334,0,0.3999999999999999,96549.65885925293,16133.333333333334,0,0.3999999999999999,8061446.414367676,3677,400,2508,400,2488,3776,400,5056,3334,400,400,5399,400,2449,400,400,400,400,400,2510,4895,400,400,400,3306,400,2523,400,5399,3692,3198,2509,0,0,47.619049072265625,47.619049072265625,47.36842346191406,45,45,47.619049072265625,100,47.619049072265625,47.36842346191406,4.761904716491699,0,45,0,0,47.619049072265625,47.619049072265625,47.619049072265625,0,0,0,0,47.619049072265625,0,0,14.285715103149414,47.36842346191406,47.36842346191406,0,0,0,20475,15889,87495,69,53,20475,13174,83508,65,49,66718990336,8589930496,22419197952,524288
199,1790685970280,443093.71908569336,3050,0,0.22499999999999987,91571.17597961426,48800,2,0.925,93110.7846069336,48800,2,0.925,95767.29618835449,48800,2,0.925,98687.27297973633,48800,2,0.925,90325.24417114258,48800,2,0.925,88193.21659851074,48800,2,0.925,140484.3938446045,3050,2,0.22499999999999987,145468.85292053223,3050,2,0.22499999999999987,145791.34672546387,3050,2,0.22499999999999987,356980.4799194336,3050,2,0.22499999999999987,141265.607421875,3050,0,0.22499999999999987,135402.58447265625,3050,2,0.22499999999999987,135481.41426086426,3050,0,0.22499999999999987,94396.68733215332,48800,2,0.925,96549.81448364258,48800,2,0.925,8061466.4139556885,3677,400,2508,400,2488,3776,400,5056,3334,400,400,5399,400,2449,400,400,400,400,400,2510,4895,400,400,400,3306,400,2523,400,5399,3692,3198,2509,0,4.761904716491699,47.36842346191406,47.36842346191406,47.619049072265625,50,50,47.36842346191406,100,45,47.619049072265625,0,0,47.619049072265625,0,0,47.36842346191406,47.36842346191406,45,0,0,0,0,47.36842346191406,0,0,10.526315689086914,47.619049072265625,47.619049072265625,0,0,0,20475,15889,87451,68,51,20475,13174,83856,67,49,66718990336,8589930496,22419193856,524288
199,1790685970481,443095.9439544678,3050,0,0.22499999999999987,91571.42462158203,48800,2,0.925,93110.99105834961,48800,2,0.925,95767.48204040527,48800,2,0.925,98687.46543884277,48800,2,0.925,90325.42460632324,48800,2,0.925,88193.39714050293,48800,2,0.925,140484.70036315918,3050,2,0.22499999999999987,145469.23023986816,3050,0,0.22499999999999987,145791.74391174316,3050,0,0.22499999999999987,356980.83909606934,3050,0,0.22499999999999987,141265.9049835205,3050,0,0.22499999999999987,135402.88647460938,3050,2,0.22499999999999987,135481.7984161377,3050,2,0.22499999999999987,94396.86932373047,48800,2,0.925,96549.99700927734,48800,2,0.925,8061487.191207886,3677,400,2508,400,2488,3776,400,5056,3334,400,400,5399,400,2449,400,400,400,400,400,2510,4895,400,400,400,3306,400,2523,400,5399,3692,3198,2509,0,0,52.38095474243164,55,52.6315803527832,50,50,52.38095474243164,100,55,52.6315803527832,0,0,52.6315803527832,0,35,52.38095474243164,52.38095474243164,55,0,0,0,0,52.38095474243164,0,0,15.789472579956055,52.6315803527832,15.789472579956055,0,0,0,20475,15889,86617,67,42,20475,13174,84271,67,52,66718990336,8589930496,22421774336,524288
199,1790685970681,443098.1689453125,3050,0,0.21875,91571.6628112793,48800,2,0.925,93111.16177368164,48800,2,0.925,95767.65690612793,48800,2,0.925,98687.63618469238,48800,2,0.925,90325.59574890137,48800,2,0.925,88193.5691986084,48800,2,0.925,140484.98370361328,3050,2,0.21875,145469.60697937012,3050,0,0.21875,145792.04208374023,3050,0,0.21875,356981.1774597168,3050,0,0.21875,141266.19047546387,3050,0,0.21875,135403.1701965332,3050,2,0.21875,135482.16497802734,3050,2,0.21875,94397.04078674316,48800,2,0.925,96550.16870117188,48800,2,0.925,8061507.550918579,3677,400,2508,400,2488,3776,400,5056,3334,400,400,5399,400,2449,400,400,400,400,400,2510,4895,400,400,400,3306,400,2523,400,5399,3692,3198,2509,0,0,55,52.38095474243164,52.38095474243164,55,55,55,100,52.6315803527832,52.38095474243164,0,0,55,0,52.6315803527832,55,52.6315803527832,55,0,0,0,0,52.6315803527832,0,0,14.285715103149414,52.38095474243164,0,0,0,0,20475,15889,86646,68,40,20475,13174,84141,66,52,66718990336,8589930496,22421774336,524288
199,1790685970881,443100.3864440918,3050,0,0.21875,91571.90335083008,16133.333333333334,2,0.4125000000000001,93111.33515930176,16133.333333333334,2,0.4125000000000001,95767.83494567871,16133.333333333334,0,0.4125000000000001,98687.82827758789,16133.333333333334,0,0.4125000000000001,90325.77102661133,16133.333333333334,2,0.4125000000000001,88193.74380493164,16133.333333333334,2,0.4125000000000001,140485.26348876953,3050,2,0.21875,145469.9856414795,3050,0,0.21875,145792.32453918457,3050,0,0.21875,356981.528213501,3050,0,0.21875,141266.46978759766,3050,0,0.21875,135403.45260620117,3050,2,0.21875,135482.53157043457,3050,0,0.21875,94397.21543884277,16133.333333333334,0,0.4125000000000001,96550.35302734375,16133.333333333334,2,0.4125000000000001,8061528.075134277,3677,400,2508,400,2488,3776,400,5056,3334,400,400,5399,400,2449,400,400,400,400,400,2510,4895,400,400,400,3306,400,2523,400,5399,3692,3198,2509,0,0,52.38095474243164,52.6315803527832,55,55,52.38095474243164,50,100,52.38095474243164,52.6315803527832,0,0,50,0,52.38095474243164,52.6315803527832,52.38095474243164,50,0,0,0,0,52.38095474243164,0,0,5.263157844543457,55,0,0,0,0,20475,15889,87463,68,48,20475,13174,83393,65,49,66718990336,8589930496,22437416960,524288
199,1790685971081,443102.6148071289,3050,0,0.21875,91572.13948059082,48800,2,0.93125,93111.50579833984,48800,2,0.93125,95768.00863647461,48800,2,0.93125,98688.11695861816,48800,2,0.93125,90325.9476776123,48800,2,0.93125,88193.92025756836,48800,2,0.93125,140485.5461578369,3050,2,0.21875,145470.36546325684,3050,0,0.21875,145792.6093597412,3050,0,0.21875,356981.8831939697,3050,0,0.21875,141266.77366638184,3050,0,0.21875,135403.73565673828,3050,2,0.21875,135482.8970489502,3050,0,0.21875,94397.38586425781,48800,2,0.93125,96550.53286743164,48800,2,0.93125,8061548.739852905,3677,400,2508,400,2488,3776,400,5056,3334,400,400,5399,400,2449,400,400,400,400,400,2510,4895,400,400,400,3306,400,2523,400,5399,3692,3198,2509,0,0,52.6315803527832,52.38095474243164,50,65,52.6315803527832,52.6315803527832,100,52.6315803527832,52.38095474243164,0,0,55,55,52.6315803527832,52.38095474243164,55,55,0,0,0,0,52.6315803527832,0,0,10,5,0,0,0,0,20475,15889,87483,69,51,20475,13174,83460,66,49,66718990336,8589930496,22419378176,524288
199,1790685971281,443104.8257446289,3050,0,0.23124999999999996,91572.36866760254,16133.333333333334,0,0.3999999999999999,93111.67129516602,16133.333333333334,0,0.3999999999999999,95768.17848205566,16133.333333333334,0,0.3999999999999999,98688.3427734375,16133.333333333334,0,0.3999999999999999,90326.11318969727,16133.333333333334,0,0.3999999999999999,88194.08598327637,16133.333333333334,0,0.3999999999999999,140485.8136291504,3050,0,0.23124999999999996,145470.73133850098,3050,0,0.23124999999999996,145792.88734436035,3050,0,0.23124999999999996,356982.265914917,3050,0,0.23124999999999996,141267.0436706543,3050,0,0.23124999999999996,135404.01039123535,3050,0,0.23124999999999996,135483.25372314453,3050,0,0.23124999999999996,94397.55197143555,16133.333333333334,0,0.3999999999999999,96550.70018005371,16133.333333333334,0,0.3999999999999999,8061569.063919067,3677,400,2508,400,2488,3776,400,5056,3334,400,400,5399,400,2449,400,400,400,400,400,2510,4895,400,400,400,3306,400,2523,400,5399,3692,3198,2509,0,0,52.6315803527832,52.38095474243164,50,65,52.6315803527832,52.6315803527832,100,52.6315803527832,52.38095474243164,0,0,55,55,52.6315803527832,52.38095474243164,55,55,0,0,0,0,52.6315803527832,0,0,10,5,0,0,0,0,20475,15889,87089,67,49,20475,13174,84198,68,52,66718990336,8589930496,22419378176,524288
199,1790685971481,443107.07421875,3050,0,0.22499999999999987,91572.55712890625,16133.333333333334,0,0.3999999999999999,93111.83642578125,16133.333333333334,0,0.3999999999999999,95768.33839416504,16133.333333333334,0,0.3999999999999999,98688.56930541992,16133.333333333334,0,0.3999999999999999,90326.27230834961,16133.333333333334,0,0.3999999999999999,88194.2456817627,16133.333333333334,0,0.3999999999999999,140486.06860351563,3050,0,0.22499999999999987,145471.1199798584,3050,0,0.22499999999999987,145793.19491577148,3050,0,0.22499999999999987,356982.62646484375,3050,0,0.22499999999999987,141267.30012512207,3050,0,0.22499999999999987,135404.2770843506,3050,0,0.22499999999999987,135483.58668518066,3050,0,0.22499999999999987,94397.71583557129,16133.333333333334,0,0.3999999999999999,96550.86953735352,16133.333333333334,0,0.3999999999999999,8061589.5283203125,3677,400,2508,400,2488,3776,400,5056,3334,400,400,5399,400,2449,400,400,400,400,400,2510,4895,400,400,400,3306,400,2523,400,5399,3692,3198,2509,0,0,46.34146499633789,46.153846740722656,50,50,48.780487060546875,48.780487060546875,100,48.780487060546875,50,0,4.878048419952393,48.780487060546875,48.780487060546875,48.780487060546875,48.71794891357422,47.5,47.5,0,4.878048419952393,0,2.5,48.780487060546875,0,0,15.000000953674316,0,4.878048419952393,0,0,2.4390242099761963,20475,15889,86601,67,42,20475,13174,84286,67,52,66718990336,8589930496,22421921792,524288
199,1790685971681,443109.3097229004,3050,0,0.22499999999999987,91572.76927185059,16133.333333333334,0,0.3999999999999999,93111.9900970459,16133.333333333334,0,0.3999999999999999,95768.49522399902,16133.333333333334,0,0.3999999999999999,98688.7777709961,16133.333333333334,0,0.3999999999999999,90326.42630004883,16133.333333333334,0,0.3999999999999999,88194.39930725098,16133.333333333334,0,0.3999999999999999,140486.3185119629,3050,0,0.22499999999999987,145471.4683227539,3050,0,0.22499999999999987,145793.45161437988,3050,0,0.22499999999999987,356982.94801330566,3050,0,0.22499999999999987,141267.55215454102,3050,0,0.22499999999999987,135404.53266906738,3050,0,0.22499999999999987,135483.92205810547,3050,0,0.22499999999999987,94397.87210083008,16133.333333333334,0,0.3999999999999999,96551.02261352539,16133.333333333334,0,0.3999999999999999,8061609.545715332,3677,400,2508,400,2488,3776,400,5056,3334,400,400,5399,400,2449,400,400,400,400,400,2510,4895,400,400,400,3306,400,2523,400,5399,3692,3198,2509,0,0,47.36842346191406,0,30.000001907348633,47.36842346191406,47.36842346191406,47.36842346191406,100,47.36842346191406,45,0,0,47.36842346191406,47.36842346191406,47.36842346191406,47.619049072265625,50,50,0,47.36842346191406,19.047618865966797,0,47.36842346191406,0,0,10,0,0,0,0,0,20475,15889,86946,68,40,20475,13174,83785,66,51,66718990336,8589930496,22415450112,524288
199,1790685971881,443111.53495788574,3050,0,0.22499999999999987,91572.98107910156,16133.333333333334,0,0.3999999999999999,93112.14295959473,16133.333333333334,0,0.3999999999999999,95768.65168762207,16133.333333333334,0,0.3999999999999999,98688.98570251465,16133.333333333334,0,0.3999999999999999,90326.57922363281,16133.333333333334,0,0.3999999999999999,88194.55282592773,16133.333333333334,0,0.3999999999999999,140486.5709991455,3050,0,0.22499999999999987,145471.814453125,3050,0,0.22499999999999987,145793.70742797852,3050,0,0.22499999999999987,356983.2644958496,3050,0,0.22499999999999987,141267.80729675293,3050,0,0.22499999999999987,135404.78897094727,3050,0,0.22499999999999987,135484.25468444824,3050,0,0.22499999999999987,94398.02803039551,16133.333333333334,0,0.3999999999999999,96551.17549133301,16133.333333333334,0,0.3999999999999999,8061629.455612183,3677,400,2508,400,2488,3776,400,5056,3334,400,400,5399,400,2449,400,400,400,400,400,2510,4895,400,400,400,3306,400,2523,400,5399,3692,3198,2509,0,0,47.619049072265625,0,0,47.619049072265625,47.619049072265625,47.619049072265625,100,47.619049072265625,50,0,0,47.619049072265625,28.571430206298828,47.619049072265625,47.36842346191406,45,45,0,45,45,0,47.619049072265625,0,0,14.285715103149414,20,0,0,0,0,20475,15889,87576,69,53,20475,13174,83450,65,49,66718990336,8589930496,22412673024,524288
199,1790685972081,443113.7638244629,3050,0,0.23124999999999996,91573.21110534668,16133.333333333334,0,0.40625,93112.3000793457,16133.333333333334,0,0.40625,95768.81147766113,16133.333333333334,0,0.40625,98689.2548828125,16133.333333333334,0,0.40625,90326.74555969238,16133.333333333334,0,0.40625,88194.72259521484,16133.333333333334,0,0.40625,140486.82510375977,3050,0,0.23124999999999996,145472.17059326172,3050,0,0.23124999999999996,145793.96757507324,3050,0,0.23124999999999996,356983.58738708496,3050,0,0.23124999999999996,141268.06492614746,3050,0,0.23124999999999996,135405.0458831787,3050,0,0.23124999999999996,135484.5876312256,3050,0,0.23124999999999996,94398.19747924805,16133.333333333334,0,0.40625,96551.33200073242,16133.333333333334,0,0.40625,8061649.855697632,3677,400,2508,400,2488,3776,400,5056,3334,400,400,5399,400,2449,400,400,400,400,400,2510,4895,400,400,400,3306,400,2523,400,5399,3692,3198,2509,0,0,47.36842346191406,0,0,65,47.36842346191406,45,100,47.36842346191406,45,0,0,47.36842346191406,0,47.36842346191406,47.619049072265625,50,50,5,47.619049072265625,47.36842346191406,0,47.36842346191406,0,0,10.526315689086914,47.36842346191406,0,0,0,0,20475,15889,87597,68,51,20475,13174,83563,66,50,66718990336,8589930496,22413000704,524288
199,1790685972281,443115.9935913086,3050,0,0.21875,91573.4370880127,48800,2,0.925,93112.46499633789,48800,2,0.925,95768.98066711426,48800,2,0.925,98689.41995239258,48800,2,0.925,90326.91094970703,48800,2,0.925,88194.88781738281,48800,2,0.925,140487.09631347656,3050,2,0.21875,145472.5223236084,3050,0,0.21875,145794.24757385254,3050,2,0.21875,356983.9292602539,3050,0,0.21875,141268.34281921387,3050,2,0.21875,135405.31648254395,3050,2,0.21875,135484.94888305664,3050,2,0.21875,94398.36534118652,48800,2,0.925,96551.49668884277,48800,2,0.925,8061670.018112183,3677,400,2508,400,2488,3776,400,5056,3334,400,400,5399,400,2449,400,400,400,400,400,2510,4895,400,400,400,3306,400,2523,400,5399,3692,3198,2509,0,0,50,0,0,52.6315803527832,50,52.6315803527832,100,52.38095474243164,50,0,0,50,0,50,50,50,50,0,52.6315803527832,52.38095474243164,0,52.38095474243164,0,0,19.047618865966797,50,0,0,0,0,20475,15889,86840,67,44,20475,13174,84175,68,50,66718990336,8589930496,22412996608,524288
199,1790685972481,443118.21992492676,3050,0,0.21875,91573.64547729492,48800,2,0.925,93112.64497375488,48800,2,0.925,95769.18919372559,48800,2,0.925,98689.62591552734,48800,2,0.925,90327.09390258789,48800,2,0.925,88195.06510925293,48800,2,0.925,140487.38899230957,3050,2,0.21875,145472.81422424316,3050,0,0.21875,145794.53776550293,3050,2,0.21875,356984.2846069336,3050,0,0.21875,141268.7313079834,3050,2,0.21875,135405.59574890137,3050,2,0.21875,135485.33354187012,3050,2,0.21875,94398.55165100098,48800,2,0.925,96551.67472839355,48800,2,0.925,8061690.687423706,3677,400,2508,400,2488,3776,400,5056,3334,400,400,5399,400,2449,400,400,400,400,400,2510,4895,400,400,400,3306,400,2523,400,5399,3692,3198,2509,0,0,52.38095474243164,0,25,55,30.000001907348633,52.38095474243164,100,50,55,0,0,52.38095474243164,0,52.38095474243164,52.6315803527832,50,50,0,52.38095474243164,25,0,50,30.000001907348633,0,10.526315689086914,52.38095474243164,0,0,0,0,20475,15889,86756,67,40,20475,13174,84185,67,50,66718990336,8589930496,22412996608,524288
199,1790685972681,443120.4457702637,3050,0,0.21875,91573.82055664063,48800,2,0.5875,93112.81903076172,48800,2,0.5875,95769.3653717041,48800,2,0.5875,98689.79598999023,48800,2,0.5875,90327.26457214355,48800,2,0.5875,88195.2368774414,48800,2,0.5875,140487.6692352295,3050,2,0.21875,145473.10386657715,3050,2,0.21875,145794.82653808594,3050,2,0.21875,356984.63623046875,3050,0,0.21875,141269.0181274414,3050,2,0.21875,135405.87838745117,3050,2,0.21875,135485.7024383545,3050,2,0.21875,94398.72694396973,48800,2,0.5875,96551.84530639648,48800,2,0.5875,8061710.978942871,3677,400,2508,400,2488,3776,400,5056,3334,400,400,5399,400,2449,400,400,400,400,400,2510,4895,400,400,400,3306,400,2523,400,5399,3692,3198,2509,0,0,52.38095474243164,0,25,55,30.000001907348633,52.38095474243164,100,50,55,0,0,52.38095474243164,0,52.38095474243164,52.6315803527832,50,50,0,52.38095474243164,25,0,50,30.000001907348633,0,10.526315689086914,52.38095474243164,0,0,0,0,20475,15889,87352,69,44,20475,13174,83345,65,51,66718990336,8589930496,22412996608,524288
199,1790685972881,443122.6661376953,3050,0,0.21875,91573.99443054199,16133.333333333334,2,0.925,93112.99194335938,16133.333333333334,2,0.925,95769.5375366211,16133.333333333334,2,0.925,98689.96607971191,16133.333333333334,2,0.925,90327.43476867676,16133.333333333334,2,0.925,88195.40710449219,16133.333333333334,0,0.925,140487.9462890625,3050,0,0.21875,145473.38790893555,3050,0,0.21875,145795.11018371582,3050,2,0.21875,356984.9957885742,3050,2,0.21875,141269.29718017578,3050,0,0.21875,135406.15257263184,3050,0,0.21875,135486.06866455078,3050,2,0.21875,94398.9008178711,16133.333333333334,2,0.925,96552.01496887207,16133.333333333334,2,0.925,8061731.409820557,3677,400,2508,400,2488,3776,400,5056,3334,400,400,5399,400,2449,400,400,400,400,400,2510,4895,400,400,400,3306,400,2523,400,5399,3692,3198,2509,0,0,52.499996185302734,0,52.499996185302734,52.499996185302734,0,52.499996185302734,100,52.499996185302734,52.499996185302734,0,0,52.499996185302734,0,52.499996185302734,52.499996185302734,40,52.499996185302734,0,52.499996185302734,0,0,52.499996185302734,52.499996185302734,0,10,52.499996185302734,0,0,12.820513725280762,0,20475,15889,87571,69,53,20475,13174,83388,66,50,66718990336,8589930496,22411894784,524288
199,1790685973081,443124.89741516113,3050,0,0.22499999999999987,91574.17037963867,48800,2,0.39375000000000004,93113.16664123535,48800,2,0.39375000000000004,95769.71026611328,48800,2,0.39375000000000004,98690.18283081055,48800,2,0.39375000000000004,90327.60664367676,48800,2,0.39375000000000004,88195.58279418945,48800,2,0.39375000000000004,140488.22395324707,3050,2,0.22499999999999987,145473.7671661377,3050,2,0.22499999999999987,145795.48783874512,3050,2,0.22499999999999987,356985.4073638916,3050,2,0.22499999999999987,141269.60231018066,3050,2,0.22499999999999987,135406.4282836914,3050,2,0.22499999999999987,135486.46369934082,3050,2,0.22499999999999987,94399.07820129395,48800,2,0.39375000000000004,96552.1949005127,48800,2,0.39375000000000004,8061752.2760772705,3677,400,2508,400,2488,3776,400,5056,3334,400,400,5399,400,2449,400,400,400,400,400,2510,4895,400,400,400,3306,400,2523,400,5399,3692,3198,2509,0,0,52.499996185302734,0,52.499996185302734,52.499996185302734,0,52.499996185302734,100,52.499996185302734,52.499996185302734,0,0,52.499996185302734,0,52.499996185302734,52.499996185302734,40,52.499996185302734,0,52.499996185302734,0,0,52.499996185302734,52.499996185302734,0,10,52.499996185302734,0,0,12.820513725280762,0,20475,15889,87474,68,51,20475,13174,83862,67,50,66718990336,8589930496,22409568256,524288
199,1790685973281,443127.13526916504,3050,0,0.22499999999999987,91574.32920837402,16133.333333333334,0,0.3999999999999999,93113.32485961914,16133.333333333334,0,0.3999999999999999,95769.86734008789,16133.333333333334,0,0.3999999999999999,98690.37274169922,16133.333333333334,0,0.3999999999999999,90327.76217651367,16133.333333333334,0,0.3999999999999999,88195.73907470703,16133.333333333334,0,0.3999999999999999,140488.4787902832,3050,0,0.22499999999999987,145474.11701965332,3050,0,0.22499999999999987,145795.7537536621,3050,0,0.22499999999999987,356985.78115844727,3050,0,0.22499999999999987,141269.86547851563,3050,0,0.22499999999999987,135406.68379211426,3050,0,0.22499999999999987,135486.8007659912,3050,0,0.22499999999999987,94399.2371673584,16133.333333333334,0,0.3999999999999999,96552.35339355469,16133.333333333334,0,0.3999999999999999,8061772.436889648,3677,400,2508,400,2488,3776,400,5056,3334,400,400,5399,400,2449,400,400,400,400,400,2510,4895,400,400,400,3306,400,2523,400,5399,3692,3198,2509,0,0,51.28205490112305,0,50,50,0,50,100,51.28205490112305,50,0,0,51.28205490112305,0,50,51.219512939453125,0,52.499996185302734,0,50,0,0,58.974361419677734,50,0,17.5,51.28205490112305,0,2.5,50,0,20475,15889,86778,67,42,20475,13174,84167,68,52,66718990336,8589930496,22409568256,524288
199,1790685973481,443129.379776001,3050,0,0.22499999999999987,91574.48686218262,16133.333333333334,0,0.3999999999999999,93113.48547363281,16133.333333333334,0,0.3999999999999999,95770.04313659668,16133.333333333334,0,0.3999999999999999,98690.56021118164,16133.333333333334,0,0.3999999999999999,90327.91931152344,16133.333333333334,0,0.3999999999999999,88195.89405822754,16133.333333333334,0,0.3999999999999999,140488.7745666504,3050,0,0.22499999999999987,145474.46942138672,3050,0,0.22499999999999987,145796.01580810547,3050,0,0.22499999999999987,356986.1269378662,3050,0,0.22499999999999987,141270.1591644287,3050,0,0.22499999999999987,135406.9444885254,3050,0,0.22499999999999987,135487.1375732422,3050,0,0.22499999999999987,94399.39695739746,16133.333333333334,0,0.3999999999999999,96552.51512145996,16133.333333333334,0,0.3999999999999999,8061792.72102356,3677,400,2508,400,2488,3776,400,5056,3334,400,400,5399,400,2449,400,400,400,400,400,2510,4895,400,400,400,3306,400,2523,400,5399,3692,3198,2509,5,0,45,0,47.36842346191406,47.619049072265625,0,47.36842346191406,100,47.619049072265625,47.36842346191406,5,0,45,4.761904716491699,50,45,0,45,0,47.36842346191406,0,0,47.619049072265625,45,0,15.000000953674316,47.619049072265625,0,4.761904716491699,47.619049072265625,0,20475,15889,86810,67,39,20475,13174,84070,67,50,66718990336,8589930496,22394175488,524288
199,1790685973681,443131.62187194824,3050,0,0.22499999999999987,91574.64376831055,16133.333333333334,0,0.3999999999999999,93113.64141845703,16133.333333333334,0,0.3999999999999999,95770.19737243652,16133.333333333334,0,0.3999999999999999,98690.74803161621,16133.333333333334,0,0.3999999999999999,90328.07290649414,16133.333333333334,0,0.3999999999999999,88196.04870605469,16133.333333333334,0,0.3999999999999999,140489.02702331543,3050,0,0.22499999999999987,145474.81605529785,3050,0,0.22499999999999987,145796.2879638672,3050,0,0.22499999999999987,356986.44567871094,3050,0,0.22499999999999987,141270.41902160645,3050,0,0.22499999999999987,135407.19831848145,3050,0,0.22499999999999987,135487.47416687012,3050,0,0.22499999999999987,94399.55346679688,16133.333333333334,0,0.3999999999999999,96552.6700592041,16133.333333333334,0,0.3999999999999999,8061812.678771973,3677,400,2508,400,2488,3776,400,5056,3334,400,400,5399,400,2449,400,400,400,400,400,2510,4895,400,400,400,3306,400,2523,400,5399,3692,3198,2509,0,0,50,0,23.809524536132813,47.36842346191406,0,47.619049072265625,100,47.36842346191406,47.619049072265625,0,0,47.619049072265625,0,45,47.36842346191406,0,45,0,47.619049072265625,25,0,47.36842346191406,50,0,5,45,0,0,47.36842346191406,0,20475,15889,87521,69,47,20475,13174,83504,65,51,66718990336,8589930496,22403203072,524288
199,1790685973881,443133.86305236816,3050,0,0.23124999999999996,91574.79927062988,16133.333333333334,0,0.3999999999999999,93113.79611206055,16133.333333333334,0,0.3999999999999999,95770.34989929199,16133.333333333334,0,0.3999999999999999,98690.93362426758,16133.333333333334,0,0.3999999999999999,90328.22525024414,16133.333333333334,0,0.3999999999999999,88196.2014465332,16133.333333333334,0,0.3999999999999999,140489.27919006348,3050,0,0.23124999999999996,145475.1618499756,3050,0,0.23124999999999996,145796.60614013672,3050,0,0.23124999999999996,356986.7595214844,3050,0,0.23124999999999996,141270.6778717041,3050,0,0.23124999999999996,135407.45414733887,3050,0,0.23124999999999996,135487.81018066406,3050,0,0.23124999999999996,94399.70878601074,16133.333333333334,0,0.3999999999999999,96552.82359313965,16133.333333333334,0,0.3999999999999999,8061832.545333862,3677,400,2508,400,2488,3776,400,5056,3334,400,400,5399,400,2449,400,400,400,400,400,2510,4895,400,400,400,3306,400,2523,400,5399,3692,3198,2509,0,0,45,0,0,47.619049072265625,0,47.36842346191406,100,45,45,0,0,47.36842346191406,0,47.36842346191406,47.619049072265625,0,50,0,47.36842346191406,45,0,47.619049072265625,45,0,15.000000953674316,47.36842346191406,0,0,47.619049072265625,0,20475,15889,87530,69,52,20475,13174,83604,66,50,66718990336,8589930496,22403153920,524288
199,1790685974082,443136.0910949707,3050,0,0.2124999999999999,91574.96276855469,16133.333333333334,2,0.4125000000000001,93113.95817565918,16133.333333333334,0,0.4125000000000001,95770.50959777832,16133.333333333334,0,0.4125000000000001,98691.21281433105,16133.333333333334,0,0.4125000000000001,90328.38702392578,16133.333333333334,0,0.4125000000000001,88196.37048339844,16133.333333333334,0,0.4125000000000001,140489.53717041016,3050,2,0.2124999999999999,145475.51655578613,3050,2,0.2124999999999999,145796.9535522461,3050,0,0.21875,356987.0955352783,3050,0,0.21875,141270.94427490234,3050,0,0.21875,135407.71430969238,3050,0,0.21875,135488.14909362793,3050,0,0.21875,94399.87754821777,16133.333333333334,0,0.4125000000000001,96552.99557495117,16133.333333333334,2,0.4125000000000001,8061853.184555054,3677,400,2508,400,2488,3776,400,5056,3334,400,400,5399,400,2449,400,400,400,400,400,2510,4895,400,400,400,3306,400,2523,400,5399,3692,3198,2509,5,0,47.619049072265625,0,0,68.42105102539063,0,47.619049072265625,100,47.619049072265625,50,0,0,47.619049072265625,0,47.619049072265625,47.36842346191406,0,45,0,47.619049072265625,50,0,45,50,0,15.000000953674316,47.619049072265625,0,0,47.36842346191406,0,20475,15889,87237,68,50,20475,13174,84238,68,51,66718990336,8589930496,22395224064,524288
199,1790685974282,443138.10974121094,3050,0,0.22499999999999987,91575.21849060059,16133.333333333334,0,0.3999999999999999,93114.21069335938,16133.333333333334,0,0.3999999999999999,95770.76121520996,16133.333333333334,0,0.3999999999999999,98691.46557617188,16133.333333333334,0,0.3999999999999999,90328.63960266113,16133.333333333334,0,0.3999999999999999,88196.60107421875,16133.333333333334,2,0.3999999999999999,140489.9267425537,3050,0,0.22499999999999987,145476.03755187988,3050,0,0.22499999999999987,145797.45442199707,3050,0,0.22499999999999987,356987.6062774658,3050,0,0.22499999999999987,141271.3368988037,3050,0,0.22499999999999987,135408.10690307617,3050,0,0.22499999999999987,135488.64961242676,3050,0,0.22499999999999987,94400.13349914551,16133.333333333334,0,0.3999999999999999,96553.24530029297,16133.333333333334,0,0.3999999999999999,8061875.139755249,3677,400,2508,400,2488,3776,400,5056,3334,400,400,5399,400,2449,400,400,400,400,400,2510,4895,400,400,400,3306,400,2523,400,5399,3692,3198,2509,5,0,47.619049072265625,0,0,68.42105102539063,0,47.619049072265625,100,47.619049072265625,50,0,0,47.619049072265625,0,47.619049072265625,47.36842346191406,0,45,0,47.619049072265625,50,0,45,50,0,15.000000953674316,47.619049072265625,0,0,47.36842346191406,0,20475,15889,85884,66,26,20475,13174,84324,69,48,66718990336,8589930496,22394667008,524288
199,1790685974482,443140.22857666016,3050,0,0.22499999999999987,91575.38919067383,16133.333333333334,0,0.3999999999999999,93114.38719177246,16133.333333333334,0,0.3999999999999999,95770.95741271973,16133.333333333334,0,0.3999999999999999,98691.65608215332,16133.333333333334,0,0.3999999999999999,90328.81254577637,16133.333333333334,0,0.3999999999999999,88196.7699432373,16133.333333333334,0,0.3999999999999999,140490.23822021484,3050,0,0.22499999999999987,145476.3694152832,3050,0,0.22499999999999987,145797.78819274902,3050,0,0.22499999999999987,356987.9604187012,3050,0,0.22499999999999987,141271.6333770752,3050,0,0.22499999999999987,135408.41542053223,3050,0,0.22499999999999987,135488.9235534668,3050,0,0.22499999999999987,94400.32382202148,16133.333333333334,0,0.3999999999999999,96553.4189453125,16133.333333333334,0,0.3999999999999999,8061895.555480957,3677,400,2508,400,2488,3776,400,5056,3334,400,400,5399,400,2449,400,400,400,400,400,2510,4895,400,400,400,3306,400,2523,400,5399,3692,3198,2509,15.000000953674316,33.333335876464844,35.897438049316406,32.5,33.333335876464844,36.585365295410156,35,53.84615707397461,97.5,35,33.333335876464844,33.333335876464844,35,40,33.333335876464844,48.71794891357422,35,33.333335876464844,37.5,32.5,35,35,32.5,35,35,0,42.5,35,23.076923370361328,28.205129623413086,36.585365295410156,33.333335876464844,20475,15889,78171,65,0,20475,13174,88016,69,87,66718990336,8589930496,22408589312,524288
199,1790685974682,443142.39582824707,3050,0,0.23124999999999996,91575.54374694824,16133.333333333334,0,0.40625,93114.54243469238,16133.333333333334,0,0.40625,95771.11204528809,16133.333333333334,0,0.40625,98691.81050109863,16133.333333333334,0,0.3999999999999999,90328.96649169922,16133.333333333334,0,0.3999999999999999,88196.98071289063,16133.333333333334,0,0.3999999999999999,140490.5246887207,3050,0,0.23124999999999996,145476.65913391113,3050,0,0.23124999999999996,145798.07331848145,3050,0,0.23124999999999996,356988.29850769043,3050,0,0.23124999999999996,141271.90649414063,3050,0,0.23124999999999996,135408.67951965332,3050,0,0.23124999999999996,135489.21281433105,3050,0,0.23124999999999996,94400.48471069336,16133.333333333334,0,0.40625,96553.57276916504,16133.333333333334,0,0.40625,8061915.613449097,3677,400,2508,400,2488,3776,400,5056,3334,400,400,5399,400,2449,400,400,400,400,400,2510,4895,400,400,400,3306,400,2523,400,5399,3692,3198,2509,0,52.38095474243164,0,50,50,0,47.619049072265625,47.619049072265625,100,0,4.761904716491699,47.619049072265625,50,10,52.38095474243164,47.619049072265625,0,52.38095474243164,0,50,0,0,52.38095474243164,0,0,0,50,0,0,50,0,47.619049072265625,20475,15889,70018,65,0,20475,13174,93511,69,87,66718990336,8589930496,22408589312,524288
199,1790685974882,443144.57485961914,3050,0,0.22499999999999987,91575.69575500488,48800,2,0.58125,93114.69485473633,48800,2,0.58125,95771.26625061035,48800,2,0.58125,98691.96025085449,48800,2,0.58125,90329.11712646484,48800,2,0.58125,88197.16539001465,48800,2,0.58125,140490.81788635254,3050,2,0.22499999999999987,145476.93922424316,3050,2,0.22499999999999987,145798.36068725586,3050,2,0.22499999999999987,356988.5975189209,3050,0,0.22499999999999987,141272.167678833,3050,0,0.22499999999999987,135408.9391784668,3050,0,0.22499999999999987,135489.4970550537,3050,0,0.22499999999999987,94400.63697814941,48800,2,0.58125,96553.7230834961,48800,2,0.58125,8061935.694091797,3677,400,2508,400,2488,3776,400,5056,3334,400,400,5399,400,2449,400,400,400,400,400,2510,4895,400,400,400,3306,400,2523,400,5399,3692,3198,2509,0,45,0,50,45,5,47.36842346191406,47.36842346191406,100,5,0,50,45,10,25,50,0,45,0,50,0,5,42.105262756347656,0,0,0,40,20,0,47.36842346191406,0,50,20475,15889,61275,65,0,20475,13174,99321,69,87,66718990336,8589930496,22408507392,524288
199,1790685975082,443146.7484893799,3050,0,0.22499999999999987,91575.85731506348,48800,2,0.925,93114.8561706543,48800,2,0.925,95771.42553710938,48800,2,0.925,98692.11755371094,16133.333333333334,2,0.93125,90329.2759399414,16133.333333333334,2,0.93125,88197.32537841797,16133.333333333334,0,0.93125,140491.1025390625,3050,2,0.22499999999999987,145477.24545288086,3050,2,0.22499999999999987,145798.65745544434,3050,0,0.22499999999999987,356988.9966278076,3050,0,0.22499999999999987,141272.43774414063,3050,0,0.22499999999999987,135409.18467712402,3050,0,0.22499999999999987,135489.79232788086,3050,2,0.22499999999999987,94400.7984008789,48800,2,0.925,96553.88069152832,48800,2,0.925,8061955.90071106,3677,400,2508,400,2488,3776,400,5056,3334,400,400,5399,400,2449,400,400,400,400,400,2510,4895,400,400,400,3306,400,2523,400,5399,3692,3198,2509,0,10,0,50,0,50,50,50,100,52.38095474243164,0,50,55,10.526315689086914,0,5,0,52.6315803527832,0,50,0,52.38095474243164,0,0,0,0,42.85714340209961,50,42.85714340209961,50,0,50,20475,15889,52506,64,0,20475,13174,104915,69,86,66718990336,8589930496,22408507392,524288
199,1790685975282,443148.91329956055,3050,0,0.23124999999999996,91576.04963684082,16133.333333333334,0,0.3999999999999999,93115.03875732422,16133.333333333334,0,0.3999999999999999,95771.59449768066,16133.333333333334,0,0.3999999999999999,98692.32350158691,16133.333333333334,0,0.3999999999999999,90329.4380493164,16133.333333333334,0,0.3999999999999999,88197.47065734863,16133.333333333334,0,0.3999999999999999,140491.38662719727,3050,0,0.23124999999999996,145477.55404663086,3050,0,0.23124999999999996,145798.95178222656,3050,0,0.23124999999999996,356989.35356140137,3050,0,0.23124999999999996,141272.7031097412,3050,0,0.23124999999999996,135409.4529876709,3050,0,0.23124999999999996,135490.08949279785,3050,0,0.23124999999999996,94400.99296569824,16133.333333333334,0,0.3999999999999999,96554.07591247559,16133.333333333334,0,0.3999999999999999,8061976.347976685,3677,400,2508,400,2488,3776,400,5056,3334,400,400,5399,400,2449,400,400,400,400,400,2510,4895,400,400,400,3306,400,2523,400,5399,3692,3198,2509,0,10,0,50,0,50,50,50,100,52.38095474243164,0,50,55,10.526315689086914,0,5,0,52.6315803527832,0,50,0,52.38095474243164,0,0,0,0,42.85714340209961,50,42.85714340209961,50,0,50,20475,15889,48456,64,0,20475,13174,109924,70,87,66718990336,8589930496,22401466368,524288
199,1790685975482,443151.1036376953,3050,0,0.23124999999999996,91576.2105102539,16133.333333333334,0,0.40625,93115.20156860352,16133.333333333334,0,0.40625,95771.77352905273,16133.333333333334,0,0.40625,98692.51062011719,16133.333333333334,0,0.40625,90329.6050567627,16133.333333333334,0,0.40625,88197.63885498047,16133.333333333334,0,0.40625,140491.6474609375,3050,0,0.23124999999999996,145477.8653717041,3050,0,0.23124999999999996,145799.24166870117,3050,0,0.23124999999999996,356989.709564209,3050,0,0.23124999999999996,141272.97874450684,3050,0,0.23124999999999996,135409.73304748535,3050,0,0.23124999999999996,135490.37747192383,3050,0,0.23124999999999996,94401.17164611816,16133.333333333334,0,0.40625,96554.24089050293,16133.333333333334,0,0.40625,8061996.576690674,3677,400,2508,400,2488,3776,400,5056,3334,400,400,5399,400,2449,400,400,400,400,400,2510,4895,400,400,400,3306,400,2523,400,5399,3692,3198,2509,0,0,2.5,52.499996185302734,0,46.153846740722656,51.219512939453125,46.34146499633789,100,50,0,51.28205490112305,51.219512939453125,53.658538818359375,10,0,0,51.219512939453125,0,50,0,51.28205490112305,0,0,0,0,7.692307949066162,42.5,50,51.219512939453125,10,52.499996185302734,20475,15889,48456,64,0,20475,13174,113494,70,87,66718990336,8589930496,22395068416,524288
199,1790685975682,443153.2762451172,3050,0,0.22499999999999987,91576.36756896973,16133.333333333334,0,0.93125,93115.35615539551,16133.333333333334,0,0.93125,95771.92643737793,16133.333333333334,0,0.93125,98692.66273498535,16133.333333333334,0,0.93125,90329.75854492188,16133.333333333334,0,0.93125,88197.7903137207,16133.333333333334,0,0.93125,140491.82377624512,3050,0,0.22499999999999987,145478.16006469727,3050,0,0.22499999999999987,145799.52885437012,3050,0,0.22499999999999987,356990.08433532715,3050,0,0.22499999999999987,141273.2550201416,3050,0,0.22499999999999987,135410.00010681152,3050,0,0.22499999999999987,135490.6188812256,3050,0,0.22499999999999987,94401.36688232422,16133.333333333334,2,0.93125,96554.39526367188,16133.333333333334,2,0.93125,8062016.626571655,3677,400,2508,400,2488,3776,400,5056,3334,400,400,5399,400,2449,400,400,400,400,400,2510,4895,400,400,400,3306,400,2523,400,5399,3692,3198,2509,0,15.000000953674316,0,47.619049072265625,0,47.619049072265625,47.36842346191406,47.36842346191406,100,20,0,47.619049072265625,47.36842346191406,45,47.36842346191406,0,0,45,0,50,0,45,0,0,0,0,35,0,50,36.842105865478516,0,50,20475,15889,48456,64,0,20475,13174,113643,70,87,66718990336,8589930496,22395068416,524288
199,1790685975882,443155.4126739502,3050,0,0.22499999999999987,91576.52990722656,16133.333333333334,2,0.625,93115.51846313477,16133.333333333334,2,0.625,95772.08660888672,16133.333333333334,2,0.625,98692.82203674316,16133.333333333334,0,0.625,90329.92070007324,16133.333333333334,2,0.625,88197.95245361328,16133.333333333334,0,0.625,140492.11116027832,3050,2,0.22499999999999987,145478.4618988037,3050,2,0.22499999999999987,145799.82316589355,3050,2,0.22499999999999987,356990.42167663574,3050,0,0.22499999999999987,141273.53358459473,3050,2,0.22499999999999987,135410.27014160156,3050,2,0.22499999999999987,135490.9149169922,3050,2,0.21875,94401.57098388672,16133.333333333334,2,0.625,96554.55442810059,16133.333333333334,2,0.625,8062036.83531189,3677,400,2508,400,2488,3776,400,5056,3334,400,400,5399,400,2449,400,400,400,400,400,2510,4895,400,400,400,3306,400,2523,400,5399,3692,3198,2509,0,15.000000953674316,0,47.619049072265625,0,47.619049072265625,47.36842346191406,47.36842346191406,100,20,0,47.619049072265625,47.36842346191406,45,47.36842346191406,0,0,45,0,50,0,45,0,0,0,0,35,0,50,36.842105865478516,0,50,20475,15889,48456,64,0,20475,13174,113742,70,87,66718990336,8589930496,22395068416,524288
199,1790685976082,443157.5052642822,3050,0,0.23750000000000004,91576.69064331055,16133.333333333334,0,0.3999999999999999,93115.68139648438,16133.333333333334,0,0.3999999999999999,95772.24768066406,16133.333333333334,0,0.3999999999999999,98692.98268127441,16133.333333333334,0,0.3999999999999999,90330.08337402344,16133.333333333334,0,0.3999999999999999,88198.11708068848,16133.333333333334,0,0.3999999999999999,140492.4091796875,3050,0,0.23750000000000004,145478.7756652832,3050,0,0.23750000000000004,145800.16732788086,3050,0,0.23750000000000004,356990.7785644531,3050,0,0.23750000000000004,141273.8220062256,3050,0,0.23750000000000004,135410.5499420166,3050,0,0.23750000000000004,135491.21711730957,3050,0,0.23750000000000004,94401.77659606934,16133.333333333334,0,0.3999999999999999,96554.7173614502,16133.333333333334,0,0.3999999999999999,8062057.038543701,3677,400,2508,400,2488,3776,400,5056,3334,400,400,5399,400,2449,400,400,400,400,400,2510,4895,400,400,400,3306,400,2523,400,5399,3692,3198,2509,82.5,50,0,51.28205490112305,0,51.28205490112305,52.499996185302734,51.219512939453125,17.5,0,0,51.28205490112305,51.219512939453125,22.5,51.219512939453125,0,0,52.499996185302734,0,50,0,52.499996185302734,0,0,0,0,40,0,51.219512939453125,52.499996185302734,0,50,20475,15889,48456,64,0,20475,13174,113814,70,87,66718990336,8589930496,22408454144,524288
199,1790685976282,443159.6018676758,3050,0,0.23750000000000004,91576.84535217285,16133.333333333334,0,0.40625,93115.84553527832,16133.333333333334,0,0.40625,95772.4260559082,16133.333333333334,0,0.40625,98693.15016174316,16133.333333333334,0,0.40625,90330.24824523926,16133.333333333334,0,0.40625,88198.28218078613,16133.333333333334,0,0.40625,140492.7123260498,3050,0,0.23750000000000004,145479.07794189453,3050,0,0.23750000000000004,145800.52490234375,3050,0,0.23750000000000004,356991.1066131592,3050,0,0.23750000000000004,141274.11344909668,3050,0,0.23750000000000004,135410.82498168945,3050,0,0.23750000000000004,135491.50344848633,3050,0,0.23750000000000004,94401.97254943848,16133.333333333334,0,0.40625,96554.86950683594,16133.333333333334,0,0.40625,8062077.218429565,3677,400,2508,400,2488,3776,400,5056,3334,400,400,5399,400,2449,400,400,400,400,400,2510,4895,400,400,400,3306,400,2523,400,5399,3692,3198,2509,100,45,0,50,0,50,45,47.36842346191406,0,0,0,47.619049072265625,47.36842346191406,5.263157844543457,47.36842346191406,0,0,47.36842346191406,10,50,0,50,0,4.761904716491699,0,0,50,15.789472579956055,47.36842346191406,45,0,35,20475,15889,40534,64,0,20475,13174,113526,70,87,66718990336,8589930496,22409613312,524288
199,1790685976482,443161.70181274414,3050,0,0.22499999999999987,91577.0111541748,48800,2,0.925,93116.02168273926,48800,2,0.925,95772.58995056152,48800,2,0.925,98693.33183288574,48800,2,0.925,90330.41737365723,48800,2,0.925,88198.45208740234,48800,2,0.925,140493.0878753662,3050,2,0.22499999999999987,145479.38568115234,3050,0,0.22499999999999987,145800.8908843994,3050,2,0.22499999999999987,356991.4513244629,3050,0,0.22499999999999987,141274.38955688477,3050,2,0.22499999999999987,135411.109085083,3050,2,0.22499999999999987,135491.80085754395,3050,2,0.22499999999999987,94402.1802520752,48800,2,0.925,96555.03358459473,48800,2,0.925,8062097.522720337,3677,400,2508,400,2488,3776,400,5056,3334,400,400,5399,400,2449,400,400,400,400,400,2510,4895,400,400,400,3306,400,2523,400,5399,3692,3198,2509,100,50,0,50,0,52.38095474243164,52.38095474243164,50,0,0,0,52.6315803527832,52.38095474243164,14.285715103149414,52.38095474243164,0,0,38.095237731933594,50,50,0,52.38095474243164,0,0,0,0,50,0,50,52.38095474243164,15.000000953674316,0,20475,15889,40534,64,0,20475,13174,113555,70,87,66718990336,8589930496,22398550016,524288
199,1790685976682,443163.8049468994,3050,0,0.23124999999999996,91577.17797851563,48800,2,0.39375000000000004,93116.18533325195,48800,2,0.39375000000000004,95772.75410461426,48800,2,0.39375000000000004,98693.49644470215,48800,2,0.39375000000000004,90330.58222961426,48800,2,0.39375000000000004,88198.61991882324,48800,2,0.39375000000000004,140493.45928955078,3050,2,0.23124999999999996,145479.6929473877,3050,2,0.23124999999999996,145801.26292419434,3050,2,0.23124999999999996,356991.85914611816,3050,2,0.23124999999999996,141274.6660003662,3050,2,0.23124999999999996,135411.39071655273,3050,2,0.23124999999999996,135492.09559631348,3050,2,0.23124999999999996,94402.38516235352,48800,2,0.39375000000000004,96555.19581604004,48800,2,0.39375000000000004,8062117.751693726,3677,400,2508,400,2488,3776,400,5056,3334,400,400,5399,400,2449,400,400,400,400,400,2510,4895,400,400,400,3306,400,2523,400,5399,3692,3198,2509,100,55,0,52.38095474243164,0,52.38095474243164,52.6315803527832,52.38095474243164,0,0,0,52.38095474243164,50,10,50,0,0,0,52.38095474243164,50,0,50,0,0,0,0,50,0,52.38095474243164,52.6315803527832,55,0,20475,15889,40534,64,0,20475,13174,113632,70,87,66718990336,8589930496,22398550016,524288
199,1790685976882,443165.9094390869,3050,0,0.23750000000000004,91577.33340454102,16133.333333333334,0,0.40625,93116.34069824219,16133.333333333334,0,0.40625,95772.90989685059,16133.333333333334,0,0.40625,98693.6506652832,16133.333333333334,0,0.40625,90330.73959350586,16133.333333333334,0,0.40625,88198.77568054199,16133.333333333334,0,0.40625,140493.81509399414,3050,0,0.23750000000000004,145479.98168945313,3050,0,0.23750000000000004,145801.6281890869,3050,0,0.23750000000000004,356992.2746734619,3050,0,0.23750000000000004,141274.9282836914,3050,0,0.23750000000000004,135411.65133666992,3050,0,0.23750000000000004,135492.38540649414,3050,0,0.23750000000000004,94402.57928466797,16133.333333333334,0,0.40625,96555.34757995605,16133.333333333334,0,0.40625,8062137.829925537,3677,400,2508,400,2488,3776,400,5056,3334,400,400,5399,400,2449,400,400,400,400,400,2510,4895,400,400,400,3306,400,2523,400,5399,3692,3198,2509,100,36.842105865478516,0,47.36842346191406,0,47.36842346191406,50,47.36842346191406,0,10,0,47.36842346191406,50,10,50,0,0,0,47.36842346191406,50,0,50,0,0,0,0,50,0,47.36842346191406,50,47.36842346191406,0,20475,15889,40534,64,0,20475,13174,113596,70,87,66718990336,8589930496,22396637184,524288
199,1790685977082,443167.99740600586,3050,0,0.22499999999999987,91577.48510742188,16133.333333333334,0,0.93125,93116.49290466309,16133.333333333334,0,0.93125,95773.06167602539,16133.333333333334,0,0.93125,98693.80081176758,16133.333333333334,0,0.93125,90330.89147949219,16133.333333333334,0,0.93125,88198.9291229248,16133.333333333334,0,0.93125,140494.17622375488,3050,0,0.22499999999999987,145480.27101135254,3050,0,0.22499999999999987,145801.98063659668,3050,0,0.22499999999999987,356992.682220459,3050,0,0.22499999999999987,141275.18630981445,3050,0,0.22499999999999987,135411.90615844727,3050,0,0.22499999999999987,135492.6661682129,3050,0,0.22499999999999987,94402.76835632324,16133.333333333334,0,0.93125,96555.49584960938,16133.333333333334,0,0.93125,8062157.82951355,3677,400,2508,400,2488,3776,400,5056,3334,400,400,5399,400,2449,400,400,400,400,400,2510,4895,400,400,400,3306,400,2523,400,5399,3692,3198,2509,100,0,0,50,0,50,47.619049072265625,50,0,50,0,47.619049072265625,47.36842346191406,10.526315689086914,47.36842346191406,0,0,0,50,50,0,47.36842346191406,0,0,0,0,50,0,50,45,47.619049072265625,0,20475,15889,40534,64,0,20475,13174,113668,70,87,66718990336,8589930496,22396637184,524288
199,1790685977282,443170.0121459961,3050,0,0.25,91577.66693115234,48800,2,0.93125,93116.66255187988,48800,2,0.93125,95773.23081970215,48800,2,0.93125,98693.96850585938,48800,2,0.93125,90331.06021118164,48800,2,0.93125,88199.10447692871,48800,2,0.93125,140494.5637664795,3050,2,0.25,145480.7260131836,3050,2,0.25,145802.37783813477,3050,2,0.25,356993.12062072754,3050,2,0.25,141275.47909545898,3050,2,0.25,135412.16134643555,3050,2,0.25,135492.98580932617,3050,2,0.25,94402.95719909668,48800,2,0.93125,96555.6693572998,48800,2,0.93125,8062178.463592529,3677,400,2508,400,2488,3776,400,5056,3334,400,400,5399,400,2449,400,400,400,400,400,2510,4895,400,400,400,3306,400,2523,400,5399,3692,3198,2509,100,0,0,50,0,50,47.619049072265625,50,0,50,0,47.619049072265625,47.36842346191406,10.526315689086914,47.36842346191406,0,0,0,50,50,0,47.36842346191406,0,0,0,0,50,0,50,45,47.619049072265625,0,20475,15889,38969,63,0,20475,13174,113904,70,87,66718990336,8589930496,22400425984,524288
199,1790685977482,443172.11054992676,3050,0,0.23750000000000004,91577.83917236328,16133.333333333334,0,0.3999999999999999,93116.833984375,16133.333333333334,0,0.3999999999999999,95773.40155029297,16133.333333333334,0,0.3999999999999999,98694.17706298828,16133.333333333334,0,0.3999999999999999,90331.24073791504,16133.333333333334,0,0.3999999999999999,88199.19770812988,16133.333333333334,2,0.3999999999999999,140494.95376586914,3050,0,0.23750000000000004,145481.02703857422,3050,0,0.23750000000000004,145802.7621307373,3050,0,0.23750000000000004,356993.47428894043,3050,0,0.23750000000000004,141275.77755737305,3050,0,0.23750000000000004,135412.46237182617,3050,0,0.23750000000000004,135493.2928314209,3050,0,0.23750000000000004,94403.1201171875,16133.333333333334,0,0.3999999999999999,96555.84602355957,16133.333333333334,0,0.3999999999999999,8062198.624923706,3677,400,2508,400,2488,3776,400,5056,3334,400,400,5399,400,2449,400,400,400,400,400,2510,4895,400,400,400,3306,400,2523,400,5399,3692,3198,2509,100,12.195121765136719,0,50,0,51.28205490112305,52.499996185302734,33.333335876464844,2.5,43.589744567871094,5.128205299377441,51.28205490112305,50,12.195121765136719,50,0,35,15.384615898132324,50,50,0,50,0,5,0,0,50,0,47.5,22.5,38.46154022216797,0,20475,15889,38969,63,0,20475,13174,113855,71,87,66718990336,8589930496,22400331776,524288
199,1790685977682,443174.2077178955,3050,0,0.23750000000000004,91577.9934387207,16133.333333333334,0,0.40625,93116.9927368164,16133.333333333334,0,0.40625,95773.56016540527,16133.333333333334,0,0.40625,98694.33135986328,16133.333333333334,0,0.40625,90331.39825439453,16133.333333333334,0,0.40625,88199.32986450195,16133.333333333334,0,0.40625,140495.29299926758,3050,0,0.23750000000000004,145481.30877685547,3050,0,0.23750000000000004,145803.12190246582,3050,0,0.23750000000000004,356993.8388519287,3050,0,0.23750000000000004,141276.05018615723,3050,0,0.23750000000000004,135412.75332641602,3050,0,0.23750000000000004,135493.61227416992,3050,0,0.23750000000000004,94403.28805541992,16133.333333333334,0,0.40625,96556.00131225586,16133.333333333334,0,0.40625,8062218.653671265,3677,400,2508,400,2488,3776,400,5056,3334,400,400,5399,400,2449,400,400,400,400,400,2510,4895,400,400,400,3306,400,2523,400,5399,3692,3198,2509,100,47.36842346191406,0,50,0,47.619049072265625,47.36842346191406,30.000001907348633,0,0,0,50,50,20,50,0,45,47.619049072265625,50,47.36842346191406,4.761904716491699,50,0,0,0,0,50,0,47.36842346191406,0,19.047618865966797,0,20475,15889,38969,63,0,20475,13174,113904,70,87,66718990336,8589930496,22400331776,524288
199,1790685977883,443176.31050109863,3050,0,0.23124999999999996,91578.14833068848,48800,2,0.54375,93117.14707946777,48800,2,0.54375,95773.71806335449,48800,2,0.54375,98694.4852142334,48800,2,0.54375,90331.55506896973,48800,2,0.54375,88199.53802490234,48800,2,0.54375,140495.63760375977,3050,2,0.23124999999999996,145481.59133911133,3050,2,0.23124999999999996,145803.49047851563,3050,0,0.23124999999999996,356994.16943359375,3050,2,0.23124999999999996,141276.32781982422,3050,2,0.23124999999999996,135413.04710388184,3050,2,0.23124999999999996,135493.94065856934,3050,2,0.23124999999999996,94403.4426574707,48800,2,0.54375,96556.15672302246,48800,2,0.54375,8062238.882781982,3677,400,2508,400,2488,3776,400,5056,3334,400,400,5399,400,2449,400,400,400,400,400,2510,4895,400,400,400,3306,400,2523,400,5399,3692,3198,2509,100,50,0,30.000001907348633,0,50,47.619049072265625,50,0,0,0,47.619049072265625,50,10,50,0,50,50,50,50,15.000000953674316,50,0,0,0,0,50,0,50,5.263157844543457,0,0,20475,15889,38969,63,0,20475,13174,113975,71,87,66718990336,8589930496,22396465152,524288
199,1790685978083,443178.4217681885,3050,0,0.23124999999999996,91578.31149291992,48800,2,0.6,93117.3110961914,48800,2,0.6,95773.88398742676,48800,2,0.6,98694.64262390137,48800,2,0.6,90331.72003173828,48800,2,0.6,88199.75057983398,48800,2,0.6,140496.05500793457,3050,2,0.23124999999999996,145481.8420715332,3050,2,0.23124999999999996,145803.8680114746,3050,2,0.23124999999999996,356994.56201171875,3050,2,0.23124999999999996,141276.61004638672,3050,2,0.23124999999999996,135413.30989074707,3050,2,0.23124999999999996,135494.25932312012,3050,2,0.23124999999999996,94403.6039276123,48800,2,0.6,96556.3179473877,48800,2,0.6,8062259.14944458,3677,400,2508,400,2488,3776,400,5056,3334,400,400,5399,400,2449,400,400,400,400,400,2510,4895,400,400,400,3306,400,2523,400,5399,3692,3198,2509,100,23.809524536132813,0,0,0,50,52.6315803527832,50,0,50,0,52.6315803527832,45,0,50,5,55,50,50,50,50,50,0,0,0,0,50,0,38.095237731933594,4.761904716491699,0,0,20475,15889,38969,63,0,20475,13174,114019,70,87,66718990336,8589930496,22381240320,524288
199,1790685978283,443180.51582336426,3050,0,0.23750000000000004,91578.47508239746,16133.333333333334,0,0.3999999999999999,93117.46876525879,16133.333333333334,0,0.3999999999999999,95774.04974365234,16133.333333333334,0,0.3999999999999999,98694.80378723145,16133.333333333334,0,0.3999999999999999,90331.8807220459,16133.333333333334,0,0.3999999999999999,88199.9634552002,16133.333333333334,0,0.3999999999999999,140496.4578857422,3050,0,0.23750000000000004,145482.12748718262,3050,0,0.23750000000000004,145804.23991394043,3050,0,0.23750000000000004,356994.90521240234,3050,0,0.23750000000000004,141276.89389038086,3050,0,0.23750000000000004,135413.5926208496,3050,0,0.23750000000000004,135494.564453125,3050,0,0.23750000000000004,94403.75848388672,16133.333333333334,0,0.3999999999999999,96556.49548339844,16133.333333333334,0,0.3999999999999999,8062279.502319336,3677,400,2508,400,2488,3776,400,5056,3334,400,400,5399,400,2449,400,400,400,400,400,2510,4895,400,400,400,3306,400,2523,400,5399,3692,3198,2509,100,23.809524536132813,0,0,0,50,52.6315803527832,50,0,50,0,52.6315803527832,45,0,50,5,55,50,50,50,50,50,0,0,0,0,50,0,38.095237731933594,4.761904716491699,0,0,20475,15889,37518,63,0,20475,13174,114092,71,87,66718990336,8589930496,22371885056,524288
199,1790685978483,443182.625,3050,0,0.23750000000000004,91578.64176940918,16133.333333333334,0,0.40625,93117.6575012207,16133.333333333334,0,0.40625,95774.22094726563,16133.333333333334,0,0.40625,98694.98713684082,16133.333333333334,0,0.40625,90332.04103088379,16133.333333333334,0,0.40625,88200.20097351074,16133.333333333334,0,0.40625,140496.74488830566,3050,0,0.23750000000000004,145482.4189300537,3050,0,0.23750000000000004,145804.5873413086,3050,0,0.23750000000000004,356995.29556274414,3050,0,0.23750000000000004,141277.17915344238,3050,0,0.23750000000000004,135413.88638305664,3050,0,0.23750000000000004,135494.87141418457,3050,0,0.23750000000000004,94403.91667175293,16133.333333333334,0,0.40625,96556.68846130371,16133.333333333334,0,0.40625,8062299.754150391,3677,400,2508,400,2488,3776,400,5056,3334,400,400,5399,400,2449,400,400,400,400,400,2510,4895,400,400,400,3306,400,2523,400,5399,3692,3198,2509,100,7.500000476837158,0,0,2.4390242099761963,50,50,50,2.4390242099761963,50,0,50,50,7.692307949066162,50,0,48.780487060546875,50,51.219512939453125,51.219512939453125,51.219512939453125,50,0,0,0,0,51.28205490112305,0,50,0,0,0,20475,15889,37518,63,0,20475,13174,114129,71,87,66718990336,8589930496,22400065536,524288
199,1790685978683,443184.74087524414,3050,0,0.22499999999999987,91578.8060760498,48800,2,0.40625,93117.8140411377,48800,2,0.40625,95774.38122558594,48800,2,0.40625,98695.14596557617,48800,2,0.40625,90332.20057678223,48800,2,0.40625,88200.39318847656,16133.333333333334,2,0.55625,140497.037109375,3050,2,0.22499999999999987,145482.71990966797,3050,0,0.22499999999999987,145804.8814086914,3050,2,0.22499999999999987,356995.67959594727,3050,2,0.22499999999999987,141277.46919250488,3050,2,0.22499999999999987,135414.1845550537,3050,2,0.22499999999999987,135495.19593811035,3050,2,0.22499999999999987,94404.0796661377,48800,2,0.40625,96556.8473815918,48800,2,0.40625,8062319.829864502,3677,400,2508,400,2488,3776,400,5056,3334,400,400,5399,400,2449,400,400,400,400,400,2510,4895,400,400,400,3306,400,2523,400,5399,3692,3198,2509,100,0,0,0,0,50,50,50,0,50,4.761904716491699,47.619049072265625,50,14.285715103149414,50,0,50,50,50,47.36842346191406,50,50,0,4.761904716491699,0,0,50,0,50,0,0,0,20475,15889,37518,63,0,20475,13174,114213,71,87,66718990336,8589930496,22400065536,524288
199,1790685978883,443186.8453216553,3050,0,0.23124999999999996,91578.96841430664,16133.333333333334,2,0.3999999999999999,93117.97155761719,16133.333333333334,2,0.3999999999999999,95774.54002380371,16133.333333333334,2,0.3999999999999999,98695.30450439453,16133.333333333334,2,0.3999999999999999,90332.35946655273,16133.333333333334,0,0.3999999999999999,88200.58572387695,16133.333333333334,2,0.3999999999999999,140497.33421325684,3050,2,0.23124999999999996,145483.00022888184,3050,2,0.23124999999999996,145805.17616271973,3050,0,0.23124999999999996,356996.0246582031,3050,0,0.23124999999999996,141277.74996948242,3050,2,0.23124999999999996,135414.4857788086,3050,2,0.23124999999999996,135495.5262451172,3050,2,0.23124999999999996,94404.24136352539,16133.333333333334,2,0.3999999999999999,96557.00688171387,16133.333333333334,2,0.3999999999999999,8062340.001434326,3677,400,2508,400,2488,3776,400,5056,3334,400,400,5399,400,2449,400,400,400,400,400,2510,4895,400,400,400,3306,400,2523,400,5399,3692,3198,2509,100,0,0,0,0,52.6315803527832,38.095237731933594,52.38095474243164,0,52.38095474243164,0,52.6315803527832,50,25,35,15.000000953674316,52.6315803527832,50,52.6315803527832,52.38095474243164,52.6315803527832,50,0,0,15.000000953674316,0,35,15.000000953674316,40,0,0,0,20475,15889,37518,63,0,20475,13174,114194,71,87,66718990336,8589930496,22398439424,524288
199,1790685979083,443188.9221496582,3050,0,0.23750000000000004,91579.12283325195,16133.333333333334,0,0.40625,93118.1216583252,16133.333333333334,0,0.40625,95774.69094848633,16133.333333333334,0,0.40625,98695.45469665527,16133.333333333334,0,0.40625,90332.5110168457,16133.333333333334,0,0.40625,88200.7719116211,16133.333333333334,0,0.40625,140497.63510131836,3050,0,0.23750000000000004,145483.27337646484,3050,0,0.23750000000000004,145805.45767211914,3050,0,0.23750000000000004,356996.4259033203,3050,0,0.23750000000000004,141278.0177307129,3050,0,0.23750000000000004,135414.77487182617,3050,0,0.23750000000000004,135495.83444213867,3050,0,0.23750000000000004,94404.39573669434,16133.333333333334,0,0.40625,96557.15698242188,16133.333333333334,0,0.40625,8062359.953399658,3677,400,2508,400,2488,3776,400,5056,3334,400,400,5399,400,2449,400,400,400,400,400,2510,4895,400,400,400,3306,400,2523,400,5399,3692,3198,2509,100,0,0,0,0,52.6315803527832,38.095237731933594,52.38095474243164,0,52.38095474243164,0,52.6315803527832,50,25,35,15.000000953674316,52.6315803527832,50,52.6315803527832,52.38095474243164,52.6315803527832,50,0,0,15.000000953674316,0,35,15.000000953674316,40,0,0,0,20475,15889,37518,63,0,20475,13174,113972,71,85,66718990336,8589930496,22396686336,524288
199,1790685979283,443191.0184020996,3050,0,0.23124999999999996,91579.27815246582,16133.333333333334,2,0.39375000000000004,93118.31405639648,16133.333333333334,2,0.39375000000000004,95774.8438873291,48800,2,0.3999999999999999,98695.60595703125,48800,2,0.3999999999999999,90332.66262817383,48800,2,0.3999999999999999,88200.95458984375,48800,2,0.3999999999999999,140497.9974975586,3050,2,0.23124999999999996,145483.55584716797,3050,0,0.23124999999999996,145805.7795562744,3050,0,0.23124999999999996,356996.83709716797,3050,0,0.23124999999999996,141278.28199768066,3050,2,0.23124999999999996,135415.0615081787,3050,2,0.23124999999999996,135496.14303588867,3050,2,0.23124999999999996,94404.56726074219,16133.333333333334,0,0.39375000000000004,96557.3084564209,16133.333333333334,2,0.39375000000000004,8062380.095733643,3677,400,2508,400,2488,3776,400,5056,3334,400,400,5399,400,2449,400,400,400,400,400,2510,4895,400,400,400,3306,400,2523,400,5399,3692,3198,2509,100,0,0,0,0,48.780487060546875,0,50,0,50,0,50,51.219512939453125,50,0,50,48.780487060546875,51.219512939453125,48.780487060546875,50,48.780487060546875,51.219512939453125,0,2.5,50,2.4390242099761963,10,50,0,0,0,2.4390242099761963,20475,15889,37445,63,0,20475,13174,113961,71,87,66718990336,8589930496,22413049856,524288
199,1790685979483,443193.1163482666,3050,0,0.23124999999999996,91579.45631408691,16133.333333333334,0,0.3999999999999999,93118.53788757324,16133.333333333334,0,0.3999999999999999,95775.01759338379,16133.333333333334,0,0.3999999999999999,98695.77610778809,48800,2,0.39375000000000004,90332.83262634277,48800,2,0.39375000000000004,88201.1171875,48800,2,0.39375000000000004,140498.43852233887,3050,0,0.23124999999999996,145483.8724975586,3050,0,0.23124999999999996,145806.14108276367,3050,0,0.23124999999999996,356997.17781066895,3050,0,0.23124999999999996,141278.66207885742,3050,0,0.23124999999999996,135415.36764526367,3050,0,0.23124999999999996,135496.54467773438,3050,0,0.23124999999999996,94404.74934387207,16133.333333333334,0,0.3999999999999999,96557.48123168945,16133.333333333334,0,0.3999999999999999,8062400.835296631,3677,400,2508,400,2488,3776,400,5056,3334,400,400,5399,400,2449,400,400,400,400,400,2510,4895,400,400,400,3306,400,2523,400,5399,3692,3198,2509,100,0,4.761904716491699,0,0,52.6315803527832,0,47.619049072265625,0,50,0,52.38095474243164,50,9.523809432983398,55,52.38095474243164,52.6315803527832,52.6315803527832,55,50,52.6315803527832,50,0,15.000000953674316,50,0,35,28.571430206298828,0,0,0,0,20475,15889,37445,63,0,20475,13174,113995,71,86,66718990336,8589930496,22416240640,524288
199,1790685979683,443195.2250366211,3050,0,0.23750000000000004,91579.61842346191,16133.333333333334,0,0.40625,93118.69435119629,16133.333333333334,0,0.40625,95775.18029785156,16133.333333333334,0,0.40625,98695.9348449707,16133.333333333334,0,0.40625,90332.99098205566,16133.333333333334,0,0.40625,88201.27487182617,16133.333333333334,0,0.40625,140498.79919433594,3050,0,0.23750000000000004,145484.16471862793,3050,0,0.23750000000000004,145806.41732788086,3050,0,0.23750000000000004,356997.51805114746,3050,0,0.23750000000000004,141278.92343139648,3050,0,0.23750000000000004,135415.65391540527,3050,0,0.23750000000000004,135496.86053466797,3050,0,0.23750000000000004,94404.91069030762,16133.333333333334,0,0.40625,96557.63795471191,16133.333333333334,0,0.40625,8062420.873199463,3677,400,2508,400,2488,3776,400,5056,3334,400,400,5399,400,2449,400,400,400,400,400,2510,4895,400,400,400,3306,400,2523,400,5399,3692,3198,2509,100,0,0,0,0,47.619049072265625,0,47.36842346191406,0,50,0,47.36842346191406,50,5.263157844543457,47.619049072265625,50,50,47.619049072265625,47.619049072265625,50,47.619049072265625,50,0,0,50,0,50,0,0,0,0,0,20475,15889,37445,63,0,20475,13174,113856,71,86,66718990336,8589930496,22416240640,524288
199,1790685979883,443197.32455444336,3050,0,0.22499999999999987,91579.77819824219,16133.333333333334,2,0.625,93118.84934997559,16133.333333333334,2,0.625,95775.34233093262,16133.333333333334,0,0.625,98696.0926361084,16133.333333333334,0,0.625,90333.1471862793,16133.333333333334,0,0.625,88201.43545532227,16133.333333333334,2,0.625,140499.16445922852,3050,2,0.22499999999999987,145484.52883911133,3050,0,0.22499999999999987,145806.69116210938,3050,0,0.22499999999999987,356997.8526611328,3050,0,0.22499999999999987,141279.20803833008,3050,2,0.22499999999999987,135415.94398498535,3050,2,0.22499999999999987,135497.1676940918,3050,0,0.22499999999999987,94405.06925964355,16133.333333333334,2,0.625,96557.79582214355,16133.333333333334,2,0.625,8062441.0592803955,3677,400,2508,400,2488,3776,400,5056,3334,400,400,5399,400,2449,400,400,400,400,400,2510,4895,400,400,400,3306,400,2523,400,5399,3692,3198,2509,95.23809814453125,0,0,0,0,50,0,50,0,50,5,50,50,10,50,50,28.571430206298828,50,50,50,50,50,0,0,50,0,50,0,4.761904716491699,20,0,0,20475,15889,37445,63,0,20475,13174,113871,71,87,66718990336,8589930496,22413012992,524288
199,1790685980083,443199.4219818115,3050,0,0.23750000000000004,91579.94429016113,16133.333333333334,0,0.3999999999999999,93119.01084899902,16133.333333333334,0,0.3999999999999999,95775.5133972168,16133.333333333334,0,0.3999999999999999,98696.25886535645,16133.333333333334,0,0.3999999999999999,90333.31718444824,16133.333333333334,0,0.3999999999999999,88201.59825134277,16133.333333333334,0,0.3999999999999999,140499.5449066162,3050,0,0.23750000000000004,145484.90551757813,3050,0,0.23750000000000004,145806.96896362305,3050,0,0.23750000000000004,356998.2652130127,3050,0,0.23750000000000004,141279.49829101563,3050,0,0.23750000000000004,135416.24383544922,3050,0,0.23750000000000004,135497.4836730957,3050,0,0.23750000000000004,94405.2350769043,16133.333333333334,0,0.3999999999999999,96557.96124267578,16133.333333333334,0,0.3999999999999999,8062461.359222412,3677,400,2508,400,2488,3776,400,5056,3334,400,400,5399,400,2449,400,400,400,400,400,2510,4895,400,400,400,3306,400,2523,400,5399,3692,3198,2509,95.23809814453125,0,0,0,0,50,0,50,0,50,5,50,50,10,50,50,28.571430206298828,50,50,50,50,50,0,0,50,0,50,0,4.761904716491699,20,0,0,20475,15889,37445,63,0,20475,13174,113773,71,86,66718990336,8589930496,22412541952,524288
199,1790685980283,443201.52250671387,3050,0,0.23750000000000004,91580.09965515137,16133.333333333334,0,0.40625,93119.16165161133,16133.333333333334,0,0.40625,95775.6734161377,16133.333333333334,0,0.40625,98696.41203308105,16133.333333333334,0,0.40625,90333.46913146973,16133.333333333334,0,0.40625,88201.7518157959,16133.333333333334,0,0.40625,140499.90234375,3050,0,0.23750000000000004,145485.24737548828,3050,0,0.23750000000000004,145807.23965454102,3050,0,0.23750000000000004,356998.59913635254,3050,0,0.23750000000000004,141279.7741546631,3050,0,0.23750000000000004,135416.52809143066,3050,0,0.23750000000000004,135497.7795715332,3050,0,0.23750000000000004,94405.39013671875,16133.333333333334,0,0.40625,96558.11476135254,16133.333333333334,0,0.40625,8062481.414794922,3677,400,2508,400,2488,3776,400,5056,3334,400,400,5399,400,2449,400,400,400,400,400,2510,4895,400,400,400,3306,400,2523,400,5399,3692,3198,2509,100,0,0,0,0,50,0,50,0,50,0,51.219512939453125,50,10,50,50,0,50,50,50,50,50,0,2.4390242099761963,50,0,50,0,0,50,0,0,20475,15889,37365,62,0,20475,13174,113932,71,86,66718990336,8589930496,22412537856,524288
199,1790685980483,443203.61070251465,3050,0,0.23124999999999996,91580.30616760254,16133.333333333334,2,0.93125,93119.34948730469,16133.333333333334,2,0.93125,95775.84645080566,16133.333333333334,2,0.93125,98696.5724029541,16133.333333333334,0,0.93125,90333.64961242676,16133.333333333334,2,0.93125,88201.9210357666,16133.333333333334,2,0.93125,140500.28428649902,3050,2,0.23124999999999996,145485.61407470703,3050,0,0.23124999999999996,145807.53283691406,3050,2,0.23124999999999996,356998.94610595703,3050,0,0.23124999999999996,141280.06372070313,3050,2,0.23124999999999996,135416.82681274414,3050,0,0.23124999999999996,135498.09660339355,3050,2,0.23124999999999996,94405.62178039551,48800,2,0.5875,96558.29818725586,16133.333333333334,2,0.93125,8062501.984664917,3677,400,2508,400,2488,3776,400,5056,3334,400,400,5399,400,2449,400,400,400,400,400,2510,4895,400,400,400,3306,400,2523,400,5399,3692,3198,2509,100,0,0,0,0,42.105262756347656,10,50,0,50,0,50,50,10,50,50,0,50,50,50,50,50,0,0,50,0,50,4.761904716491699,0,52.6315803527832,15.000000953674316,0,20475,15889,37365,62,0,20475,13174,113871,71,86,66718990336,8589930496,22438801408,524288
199,1790685980683,443205.7042388916,3050,0,0.23750000000000004,91580.4896850586,16133.333333333334,0,0.3999999999999999,93119.47903442383,16133.333333333334,0,0.3999999999999999,95776.00668334961,16133.333333333334,0,0.3999999999999999,98696.76763916016,16133.333333333334,0,0.3999999999999999,90333.8143157959,16133.333333333334,0,0.3999999999999999,88202.07525634766,16133.333333333334,0,0.3999999999999999,140500.66024780273,3050,0,0.23750000000000004,145485.99327087402,3050,0,0.23750000000000004,145807.86581420898,3050,0,0.23750000000000004,356999.2929534912,3050,0,0.23750000000000004,141280.34825134277,3050,0,0.23750000000000004,135417.11854553223,3050,0,0.23750000000000004,135498.4125366211,3050,0,0.23750000000000004,94405.78784179688,16133.333333333334,0,0.3999999999999999,96558.46257019043,16133.333333333334,0,0.3999999999999999,8062522.151519775,3677,400,2508,400,2488,3776,400,5056,3334,400,400,5399,400,2449,400,400,400,400,400,2510,4895,400,400,400,3306,400,2523,400,5399,3692,3198,2509,100,0,0,0,0,42.105262756347656,10,50,0,50,0,50,50,10,50,50,0,50,50,50,50,50,0,0,50,0,50,4.761904716491699,0,52.6315803527832,15.000000953674316,0,20475,15889,37365,62,0,20475,13174,113822,71,87,66718990336,8589930496,22438801408,524288
199,1790685980883,443207.79985046387,3050,0,0.22499999999999987,91580.64469909668,48800,2,0.59375,93119.63261413574,48800,2,0.59375,95776.16026306152,48800,2,0.59375,98696.95072937012,48800,2,0.59375,90333.96971130371,48800,2,0.59375,88202.23059082031,48800,2,0.59375,140501.02401733398,3050,2,0.22499999999999987,145486.3428955078,3050,2,0.22499999999999987,145808.17936706543,3050,2,0.22499999999999987,356999.6314239502,3050,2,0.22499999999999987,141280.60551452637,3050,2,0.22499999999999987,135417.4094696045,3050,0,0.22499999999999987,135498.70463562012,3050,2,0.22499999999999987,94405.94190979004,48800,2,0.59375,96558.61532592773,48800,2,0.59375,8062542.301803589,3677,400,2508,400,2488,3776,400,5056,3334,400,400,5399,400,2449,400,400,400,400,400,2510,4895,400,400,400,3306,400,2523,400,5399,3692,3198,2509,100,0,7.500000476837158,40,0,41.46341323852539,0,48.780487060546875,0,50,0,48.780487060546875,50,10,50,48.71794891357422,0,50,41.02564239501953,50,5,50,10,0,50,0,50,0,0,48.780487060546875,0,7.500000476837158,20475,15889,37365,62,0,20475,13174,113787,71,86,66718990336,8589930496,22432223232,524288
199,1790685981083,443209.8999786377,3050,0,0.22499999999999987,91580.81346130371,16133.333333333334,0,0.93125,93119.80043029785,16133.333333333334,0,0.93125,95776.32368469238,16133.333333333334,2,0.93125,98697.14721679688,16133.333333333334,0,0.93125,90334.13667297363,16133.333333333334,2,0.93125,88202.39582824707,16133.333333333334,0,0.93125,140501.40196228027,3050,2,0.22499999999999987,145486.72525024414,3050,2,0.22499999999999987,145808.5311279297,3050,2,0.22499999999999987,356999.97233581543,3050,2,0.22499999999999987,141280.89979553223,3050,2,0.22499999999999987,135417.71267700195,3050,0,0.22499999999999987,135499.01748657227,3050,2,0.22499999999999987,94406.1078491211,16133.333333333334,2,0.93125,96558.77938842773,16133.333333333334,2,0.93125,8062562.607666016,3677,400,2508,400,2488,3776,400,5056,3334,400,400,5399,400,2449,400,400,400,400,400,2510,4895,400,400,400,3306,400,2523,400,5399,3692,3198,2509,100,0,0,52.6315803527832,0,0,0,52.6315803527832,0,50,0,52.6315803527832,50,10,52.6315803527832,50,0,50,0,50,0,50,50,0,50,0,50,0,0,52.6315803527832,0,52.6315803527832,20475,15889,37365,62,0,20475,13174,113893,71,87,66718990336,8589930496,22431956992,524288
199,1790685981283,443212.0058288574,3050,0,0.23750000000000004,91580.97782897949,16133.333333333334,0,0.3999999999999999,93119.95932006836,16133.333333333334,0,0.3999999999999999,95776.48397827148,16133.333333333334,0,0.3999999999999999,98697.33883666992,16133.333333333334,0,0.3999999999999999,90334.29815673828,16133.333333333334,0,0.3999999999999999,88202.55490112305,16133.333333333334,0,0.3999999999999999,140501.77493286133,3050,0,0.23750000000000004,145487.08828735352,3050,0,0.23750000000000004,145808.88159179688,3050,0,0.23750000000000004,357000.3235168457,3050,0,0.23750000000000004,141281.1841430664,3050,0,0.23750000000000004,135418.01252746582,3050,0,0.23750000000000004,135499.32806396484,3050,0,0.23750000000000004,94406.27015686035,16133.333333333334,0,0.3999999999999999,96558.93968200684,16133.333333333334,0,0.3999999999999999,8062582.7035217285,3677,400,2508,400,2488,3776,400,5056,3334,400,400,5399,400,2449,400,400,400,400,400,2510,4895,400,400,400,3306,400,2523,400,5399,3692,3198,2509,100,0,0,52.6315803527832,0,0,0,52.6315803527832,0,50,0,52.6315803527832,50,10,52.6315803527832,50,0,50,0,50,0,50,50,0,50,0,50,0,0,52.6315803527832,0,52.6315803527832,20475,15889,37301,62,0,20475,13174,113983,71,87,66718990336,8589930496,22423957504,524288
25,1790685981484,443213.2594909668,48800,2,0.25624999999999987,91581.08920288086,16133.333333333334,2,0.54375,93120.13090515137,16133.333333333334,2,0.54375,95776.58152770996,16133.333333333334,2,0.54375,98697.45361328125,16133.333333333334,2,0.54375,90334.39817810059,16133.333333333334,2,0.54375,88202.65361022949,16133.333333333334,2,0.54375,140502.0697479248,48800,2,0.25624999999999987,145487.34230041504,48800,2,0.25624999999999987,145809.16484069824,48800,2,0.25624999999999987,357000.6123199463,48800,2,0.25624999999999987,141281.39910888672,48800,2,0.25624999999999987,135418.2170562744,48800,2,0.25624999999999987,135499.5919342041,48800,2,0.25624999999999987,94406.38557434082,16133.333333333334,0,0.54375,96559.0517578125,16133.333333333334,2,0.54375,8062600.91027832,3677,400,2508,400,2488,3776,400,5056,3334,400,400,5399,400,2449,400,400,400,400,400,2510,4895,400,400,400,3306,400,2523,400,5399,3692,3198,2509,82.05128479003906,0,0,37.5,0,0,0,35,0,37.5,0,37.5,35.897438049316406,12.195121765136719,37.5,37.5,0,35.897438049316406,0,37.5,0,35.897438049316406,35.897438049316406,0,37.5,0,42.5,4.878048419952393,0,37.5,0,37.5,20475,15889,37301,62,0,20475,13174,110290,67,35,66718990336,8589930496,22398603264,524288
