Delta,Time,CORE0_ENERGY (J),CORE0_FREQ (MHZ),CORE0_PSTATE,CORE0_VOLT (V),CORE10_ENERGY (J),CORE10_FREQ (MHZ),CORE10_PSTATE,CORE10_VOLT (V),CORE11_ENERGY (J),CORE11_FREQ (MHZ),CORE11_PSTATE,CORE11_VOLT (V),CORE12_ENERGY (J),CORE12_FREQ (MHZ),CORE12_PSTATE,CORE12_VOLT (V),CORE13_ENERGY (J),CORE13_FREQ (MHZ),CORE13_PSTATE,CORE13_VOLT (V),CORE14_ENERGY (J),CORE14_FREQ (MHZ),CORE14_PSTATE,CORE14_VOLT (V),CORE15_ENERGY (J),CORE15_FREQ (MHZ),CORE15_PSTATE,CORE15_VOLT (V),CORE1_ENERGY (J),CORE1_FREQ (MHZ),CORE1_PSTATE,CORE1_VOLT (V),CORE2_ENERGY (J),CORE2_FREQ (MHZ),CORE2_PSTATE,CORE2_VOLT (V),CORE3_ENERGY (J),CORE3_FREQ (MHZ),CORE3_PSTATE,CORE3_VOLT (V),CORE4_ENERGY (J),CORE4_FREQ (MHZ),CORE4_PSTATE,CORE4_VOLT (V),CORE5_ENERGY (J),CORE5_FREQ (MHZ),CORE5_PSTATE,CORE5_VOLT (V),CORE6_ENERGY (J),CORE6_FREQ (MHZ),CORE6_PSTATE,CORE6_VOLT (V),CORE7_ENERGY (J),CORE7_FREQ (MHZ),CORE7_PSTATE,CORE7_VOLT (V),CORE8_ENERGY (J),CORE8_FREQ (MHZ),CORE8_PSTATE,CORE8_VOLT (V),CORE9_ENERGY (J),CORE9_FREQ (MHZ),CORE9_PSTATE,CORE9_VOLT (V),CPU_ENERGY (J),CPU_FREQUENCY_0,CPU_FREQUENCY_1,CPU_FREQUENCY_10,CPU_FREQUENCY_11,CPU_FREQUENCY_12,CPU_FREQUENCY_13,CPU_FREQUENCY_14,CPU_FREQUENCY_15,CPU_FREQUENCY_16,CPU_FREQUENCY_17,CPU_FREQUENCY_18,CPU_FREQUENCY_19,CPU_FREQUENCY_2,CPU_FREQUENCY_20,CPU_FREQUENCY_21,CPU_FREQUENCY_22,CPU_FREQUENCY_23,CPU_FREQUENCY_24,CPU_FREQUENCY_25,CPU_FREQUENCY_26,CPU_FREQUENCY_27,CPU_FREQUENCY_28,CPU_FREQUENCY_29,CPU_FREQUENCY_3,CPU_FREQUENCY_30,CPU_FREQUENCY_31,CPU_FREQUENCY_4,CPU_FREQUENCY_5,CPU_FREQUENCY_6,CPU_FREQUENCY_7,CPU_FREQUENCY_8,CPU_FREQUENCY_9,CPU_USAGE_0,CPU_USAGE_1,CPU_USAGE_10,CPU_USAGE_11,CPU_USAGE_12,CPU_USAGE_13,CPU_USAGE_14,CPU_USAGE_15,CPU_USAGE_16,CPU_USAGE_17,CPU_USAGE_18,CPU_USAGE_19,CPU_USAGE_2,CPU_USAGE_20,CPU_USAGE_21,CPU_USAGE_22,CPU_USAGE_23,CPU_USAGE_24,CPU_USAGE_25,CPU_USAGE_26,CPU_USAGE_27,CPU_USAGE_28,CPU_USAGE_29,CPU_USAGE_3,CPU_USAGE_30,CPU_USAGE_31,CPU_USAGE_4,CPU_USAGE_5,CPU_USAGE_6,CPU_USAGE_7,CPU_USAGE_8,CPU_USAGE_9,GPU0_MEMORY_TOTAL,GPU0_MEMORY_USED,GPU0_POWER (mWatts),GPU0_TEMPERATURE,GPU0_USAGE,GPU1_MEMORY_TOTAL,GPU1_MEMORY_USED,GPU1_POWER (mWatts),GPU1_TEMPERATURE,GPU1_USAGE,TOTAL_MEMORY,TOTAL_SWAP,USED_MEMORY,USED_SWAP
0,1790686107083,443981.1567993164,3050,2,0.3062499999999999,91679.45286560059,16133.333333333334,2,0.93125,93209.68876647949,16133.333333333334,2,0.93125,95870.98910522461,16133.333333333334,0,0.93125,98816.49435424805,16133.333333333334,0,0.93125,90434.3448638916,16133.333333333334,2,0.93125,88295.74360656738,16133.333333333334,2,0.65,140659.89083862305,3050,2,0.3062499999999999,145654.83627319336,3050,2,0.3062499999999999,145975.7713470459,3050,2,0.3062499999999999,357489.9242248535,3050,0,0.3062499999999999,141437.1480255127,3050,2,0.3062499999999999,135572.73219299316,3050,2,0.3062499999999999,135652.57426452637,3050,0,0.3062499999999999,94506.55415344238,16133.333333333334,2,0.93125,96660.48809814453,16133.333333333334,2,0.93125,8074259.92578125,3547,5378,400,3269,400,2411,400,400,400,400,400,400,2926,400,400,400,4878,400,400,400,400,3142,400,400,400,2514,2458,400,400,400,5058,5045,3.3333334922790527,3.4482758045196533,0,0,0,3.3333334922790527,0,0,3.3333334922790527,0,0,0,0,3.4482758045196533,0,3.3333334922790527,0,0,3.3333334922790527,3.3333334922790527,0,0,0,0,3.3333334922790527,0,0,3.4482758045196533,0,3.3333334922790527,3.3333334922790527,0,20475,15889,36790,59,0,20475,13174,34052,61,0,66718990336,8589930496,22490886144,524288
199,1790686107083,443981.3684387207,3050,0,0.26249999999999996,91679.46018981934,16133.333333333334,2,0.40625,93209.69715881348,16133.333333333334,0,0.40625,95870.99717712402,16133.333333333334,0,0.40625,98816.49951171875,16133.333333333334,0,0.40625,90434.35285949707,16133.333333333334,2,0.40625,88295.7540435791,16133.333333333334,2,0.40625,140659.90185546875,3050,0,0.26249999999999996,145654.84590148926,3050,0,0.26249999999999996,145975.77584838867,3050,0,0.26249999999999996,357489.98503112793,3050,0,0.26249999999999996,141437.1640777588,3050,2,0.26249999999999996,135572.7421875,3050,2,0.26249999999999996,135652.58367919922,3050,0,0.26249999999999996,94506.56674194336,16133.333333333334,2,0.40625,96660.53561401367,16133.333333333334,0,0.40625,8074262.039672852,3547,5378,400,3269,400,2411,400,400,400,400,400,400,2926,400,400,400,4878,400,400,400,400,3142,400,400,400,2514,2458,400,400,400,5058,5045,3.3333334922790527,3.4482758045196533,0,0,0,3.3333334922790527,0,0,3.3333334922790527,0,0,0,0,3.4482758045196533,0,3.3333334922790527,0,0,3.3333334922790527,3.3333334922790527,0,0,0,0,3.3333334922790527,0,0,3.4482758045196533,0,3.3333334922790527,3.3333334922790527,0,20475,15889,36790,59,0,20475,13174,34052,61,0,66718990336,8589930496,22483451904,524288
199,1790686107284,443982.94438171387,3050,0,0.2437499999999999,91679.74977111816,16133.333333333334,0,0.3999999999999999,93209.98541259766,16133.333333333334,0,0.3999999999999999,95871.28833007813,16133.333333333334,0,0.3999999999999999,98816.79174804688,16133.333333333334,0,0.3999999999999999,90434.64440917969,16133.333333333334,0,0.3999999999999999,88296.04249572754,16133.333333333334,0,0.3999999999999999,140660.37028503418,3050,0,0.2437499999999999,145655.34799194336,3050,0,0.2437499999999999,145976.22929382324,3050,0,0.2437499999999999,357490.62046813965,3050,0,0.2437499999999999,141437.60179138184,3050,0,0.2437499999999999,135573.17875671387,3050,0,0.2437499999999999,135653.04057312012,3050,0,0.2437499999999999,94506.85778808594,16133.333333333334,0,0.3999999999999999,96660.8518371582,16133.333333333334,0,0.3999999999999999,8074283.613632202,3547,5378,400,3269,400,2411,400,400,400,400,400,400,2926,400,400,400,4878,400,400,400,400,3142,400,400,400,2514,2458,400,400,400,5058,5045,91.66667175292969,32,32,24,25,33.333335876464844,36,24,24,25,32,24,30.76923179626465,24,24,28,26.923078536987305,34.615386962890625,33.333335876464844,24,32,32,26.923078536987305,32,24,32,56,32,34.615386962890625,34.615386962890625,24,24,20475,15889,36806,59,0,20475,13174,34090,61,0,66718990336,8589930496,22706216960,524288
199,1790686107484,443984.98921203613,3050,0,0.23124999999999996,91679.95207214355,16133.333333333334,2,0.93125,93210.18934631348,16133.333333333334,2,0.93125,95871.4919128418,48800,2,0.625,98816.99392700195,48800,2,0.625,90434.84832763672,48800,2,0.625,88296.23809814453,48800,2,0.625,140660.68338012695,3050,2,0.23124999999999996,145655.6709136963,3050,2,0.23124999999999996,145976.53341674805,3050,2,0.23124999999999996,357490.97019958496,3050,2,0.23124999999999996,141437.9034423828,3050,2,0.23124999999999996,135573.48085021973,3050,2,0.23124999999999996,135653.34114074707,3050,2,0.23124999999999996,94507.06297302246,16133.333333333334,2,0.93125,96661.05529785156,16133.333333333334,0,0.93125,8074304.3271484375,3547,5378,400,3269,400,2411,400,400,400,400,400,400,2926,400,400,400,4878,400,400,400,400,3142,400,400,400,2514,2458,400,400,400,5058,5045,100,60.000003814697266,60.000003814697266,0,0,61.904762268066406,60.000003814697266,30.000001907348633,0,0,60.000003814697266,0,0,5,0,0,0,63.15789031982422,60.000003814697266,0,65,65,0,60.000003814697266,0,33.333335876464844,60.000003814697266,60.000003814697266,57.894737243652344,57.894737243652344,0,0,20475,15889,41426,61,32,20475,13174,39369,67,56,66718990336,8589930496,22879916032,524288
199,1790686107684,443987.1326751709,3050,0,0.23124999999999996,91680.12727355957,16133.333333333334,2,0.925,93210.36428833008,16133.333333333334,2,0.925,95871.70506286621,16133.333333333334,2,0.925,98817.16912841797,16133.333333333334,2,0.60625,90435.025390625,16133.333333333334,0,0.60625,88296.41021728516,16133.333333333334,0,0.60625,140660.96452331543,3050,2,0.23124999999999996,145656.01525878906,3050,2,0.23124999999999996,145976.8066558838,3050,2,0.23124999999999996,357491.3074645996,3050,2,0.23124999999999996,141438.1791229248,3050,2,0.23124999999999996,135573.75946044922,3050,2,0.23124999999999996,135653.6174468994,3050,2,0.23124999999999996,94507.23936462402,16133.333333333334,2,0.925,96661.23043823242,16133.333333333334,0,0.925,8074324.434448242,3547,5378,400,3269,400,2411,400,400,400,400,400,400,2926,400,400,400,4878,400,400,400,400,3142,400,400,400,2514,2458,400,400,400,5058,5045,100,55,55,0,0,52.6315803527832,55,52.38095474243164,0,0,55,0,0,14.285715103149414,0,0,0,55,55,0,50,52.38095474243164,0,55,0,0,52.38095474243164,55,52.38095474243164,55,0,0,20475,15889,44772,62,40,20475,13174,50365,65,50,66718990336,8589930496,22879911936,524288
199,1790686107884,443989.3031921387,3050,0,0.22499999999999987,91680.30032348633,48800,2,0.925,93210.53506469727,48800,2,0.925,95871.91300964355,48800,2,0.925,98817.34014892578,48800,2,0.925,90435.19747924805,48800,2,0.925,88296.57809448242,48800,2,0.925,140661.24703979492,3050,2,0.22499999999999987,145656.35278320313,3050,2,0.22499999999999987,145977.06939697266,3050,2,0.22499999999999987,357491.65798950195,3050,2,0.22499999999999987,141438.4471130371,3050,2,0.22499999999999987,135574.02799987793,3050,2,0.22499999999999987,135653.8861541748,3050,0,0.22499999999999987,94507.41149902344,48800,2,0.925,96661.40228271484,48800,2,0.925,8074344.615112305,3547,5378,400,3269,400,2411,400,400,400,400,400,400,2926,400,400,400,4878,400,400,400,400,3142,400,400,400,2514,2458,400,400,400,5058,5045,100,55,55,0,0,52.38095474243164,50,52.6315803527832,0,0,52.6315803527832,0,0,15.000000953674316,0,0,0,50,50,0,55,52.6315803527832,0,50,0,0,52.6315803527832,50,55,55,0,0,20475,15889,59182,64,50,20475,13174,54722,64,44,66718990336,8589930496,22878461952,524288
199,1790686108084,443991.47102355957,3050,0,0.23750000000000004,91680.47180175781,16133.333333333334,0,0.40625,93210.70526123047,16133.333333333334,0,0.40625,95872.1176147461,16133.333333333334,0,0.40625,98817.50872802734,16133.333333333334,0,0.40625,90435.3709564209,16133.333333333334,0,0.40625,88296.76203918457,16133.333333333334,0,0.40625,140661.52571105957,3050,0,0.23750000000000004,145656.6849822998,3050,0,0.23750000000000004,145977.33212280273,3050,0,0.23750000000000004,357492.02557373047,3050,0,0.23750000000000004,141438.7151184082,3050,0,0.23750000000000004,135574.2933959961,3050,0,0.23750000000000004,135654.15147399902,3050,0,0.23750000000000004,94507.5805053711,16133.333333333334,0,0.40625,96661.57164001465,16133.333333333334,0,0.40625,8074364.647766113,3547,5378,400,3269,400,2411,400,400,400,400,400,400,2926,400,400,400,4878,400,400,400,400,3142,400,400,400,2514,2458,400,400,400,5058,5045,100,55,55,0,0,52.38095474243164,50,52.6315803527832,0,0,52.6315803527832,0,0,15.000000953674316,0,0,0,50,50,0,55,52.6315803527832,0,50,0,0,52.6315803527832,50,55,55,0,0,20475,15889,63538,64,53,20475,13174,58279,64,48,66718990336,8589930496,22905237504,524288
199,1790686108284,443992.1184692383,3050,0,0.23124999999999996,91680.68701171875,16133.333333333334,0,0.39375000000000004,93210.88935852051,16133.333333333334,0,0.39375000000000004,95872.32174682617,16133.333333333334,0,0.39375000000000004,98818.61274719238,16133.333333333334,0,0.39375000000000004,90435.54272460938,16133.333333333334,0,0.39375000000000004,88296.9193725586,16133.333333333334,0,0.39375000000000004,140661.85357666016,3050,0,0.23124999999999996,145656.9814605713,3050,0,0.23124999999999996,145977.57856750488,3050,0,0.23124999999999996,357492.3659057617,3050,0,0.23124999999999996,141438.9783935547,3050,0,0.23124999999999996,135574.53005981445,3050,0,0.23124999999999996,135654.3963470459,3050,0,0.23124999999999996,94507.95791625977,16133.333333333334,0,0.39375000000000004,96661.73991394043,16133.333333333334,0,0.39375000000000004,8074384.255691528,3547,5378,400,3269,400,2411,400,400,400,400,400,400,2926,400,400,400,4878,400,400,400,400,3142,400,400,400,2514,2458,400,400,400,5058,5045,57.5,48.71794891357422,32.5,2.5,0,56.41025924682617,50,46.34146499633789,22.5,2.4390242099761963,48.780487060546875,0,0,7.500000476837158,2.5,0,0,50,50,25,50,50,10,50,0,0,56.09756088256836,50,47.5,47.5,12.5,0,20475,15889,66333,62,46,20475,13174,80371,67,51,66718990336,8589930496,22891270144,524288
199,1790686108484,443993.3277435303,3050,0,0.2437499999999999,91680.84892272949,16133.333333333334,0,0.39375000000000004,93211.05317687988,16133.333333333334,0,0.39375000000000004,95872.5157623291,16133.333333333334,0,0.39375000000000004,98819.40255737305,16133.333333333334,2,0.39375000000000004,90435.70629882813,16133.333333333334,0,0.39375000000000004,88297.08102416992,16133.333333333334,0,0.39375000000000004,140662.16830444336,3050,0,0.2437499999999999,145657.27755737305,3050,0,0.2437499999999999,145977.81037902832,3050,0,0.2437499999999999,357492.66189575195,3050,0,0.2437499999999999,141439.21353149414,3050,0,0.2437499999999999,135574.7688293457,3050,0,0.2437499999999999,135654.63037109375,3050,0,0.2437499999999999,94508.12028503418,16133.333333333334,0,0.39375000000000004,96661.90132141113,16133.333333333334,0,0.39375000000000004,8074403.472198486,3547,5378,400,3269,400,2411,400,400,400,400,400,400,2926,400,400,400,4878,400,400,400,400,3142,400,400,400,2514,2458,400,400,400,5058,5045,47.36842346191406,47.619049072265625,0,0,0,33.333335876464844,45,47.36842346191406,45,0,47.36842346191406,0,9.523809432983398,5.263157844543457,0,40,0,45,47.619049072265625,45,45,45,20,45,0,0,47.36842346191406,45,5,50,0,0,20475,15889,80959,62,38,20475,13174,82812,66,53,66718990336,8589930496,22893850624,524288
199,1790686108684,443994.5365447998,3050,0,0.2437499999999999,91681.01258850098,16133.333333333334,0,0.3999999999999999,93211.21244812012,16133.333333333334,0,0.3999999999999999,95872.7095336914,16133.333333333334,0,0.3999999999999999,98819.89486694336,16133.333333333334,0,0.3999999999999999,90435.86784362793,16133.333333333334,0,0.3999999999999999,88297.49438476563,16133.333333333334,0,0.3999999999999999,140662.47732543945,3050,0,0.2437499999999999,145657.56713867188,3050,0,0.2437499999999999,145978.04011535645,3050,0,0.2437499999999999,357492.9476470947,3050,0,0.2437499999999999,141439.44268798828,3050,0,0.2437499999999999,135575.02697753906,3050,0,0.2437499999999999,135654.86170959473,3050,0,0.2437499999999999,94508.28247070313,16133.333333333334,0,0.3999999999999999,96662.06210327148,16133.333333333334,0,0.3999999999999999,8074422.495315552,3547,5378,400,3269,400,2411,400,400,400,400,400,400,2926,400,400,400,4878,400,400,400,400,3142,400,400,400,2514,2458,400,400,400,5058,5045,52.38095474243164,45,0,0,0,65,50,30.000001907348633,50,0,47.619049072265625,0,0,10,0,45,0,50,47.36842346191406,45,45,47.619049072265625,0,50,0,0,47.619049072265625,50,0,45,0,0,20475,15889,83779,63,45,20475,13174,82457,64,45,66718990336,8589930496,22893850624,524288
199,1790686108884,443995.4987182617,3050,0,0.25,91681.17935180664,16133.333333333334,0,0.93125,93211.37724304199,16133.333333333334,0,0.93125,95872.9098815918,16133.333333333334,0,0.93125,98820.46961975098,16133.333333333334,0,0.93125,90436.03239440918,16133.333333333334,0,0.93125,88298.11605834961,16133.333333333334,0,0.93125,140662.7841796875,3050,0,0.25,145657.85290527344,3050,0,0.25,145978.26918029785,3050,0,0.25,357493.22996520996,3050,0,0.25,141439.67539978027,3050,0,0.25,135575.25938415527,3050,0,0.25,135655.09339904785,3050,0,0.25,94508.44898986816,16133.333333333334,0,0.93125,96662.22790527344,16133.333333333334,0,0.93125,8074441.660751343,3547,5378,400,3269,400,2411,400,400,400,400,400,400,2926,400,400,400,4878,400,400,400,400,3142,400,400,400,2514,2458,400,400,400,5058,5045,31.57894515991211,47.36842346191406,0,0,0,73.68421173095703,45,40,45,0,47.36842346191406,0,0,15.000000953674316,0,45,0,45,45,50,50,47.36842346191406,0,45,0,0,47.36842346191406,45,0,50,0,0,20475,15889,85384,64,53,20475,13174,82673,64,45,66718990336,8589930496,22892355584,524288
199,1790686109084,443996.4705505371,3050,0,0.25,91681.36660766602,48800,2,0.61875,93211.55963134766,48800,2,0.61875,95873.13304138184,48800,2,0.61875,98820.93186950684,48800,2,0.61875,90436.23426818848,48800,2,0.61875,88298.74803161621,48800,2,0.61875,140663.13090515137,3050,2,0.25,145658.1748199463,3050,0,0.25,145978.52909851074,3050,2,0.25,357493.5545196533,3050,0,0.25,141439.93870544434,3050,2,0.25,135575.52172851563,3050,2,0.25,135655.355178833,3050,0,0.25,94508.73333740234,48800,2,0.61875,96662.41244506836,48800,2,0.61875,8074461.251861572,3547,5378,400,3269,400,2411,400,400,400,400,400,400,2926,400,400,400,4878,400,400,400,400,3142,400,400,400,2514,2458,400,400,400,5058,5045,35,52.38095474243164,0,0,0,66.66667175292969,55,42.85714340209961,52.38095474243164,0,52.38095474243164,52.38095474243164,0,15.000000953674316,0,55,0,55,55,50,50,50,0,0,0,0,50,55,0,50,5,0,20475,15889,84988,63,48,20475,13174,83560,67,54,66718990336,8589930496,22892310528,524288
199,1790686109284,443997.4432525635,3050,0,0.2749999999999999,91681.55799865723,48800,2,0.40625,93211.75340270996,48800,2,0.40625,95873.36253356934,48800,2,0.40625,98821.5094909668,48800,2,0.40625,90436.47657775879,48800,2,0.40625,88299.38935852051,48800,2,0.40625,140663.50199890137,3050,0,0.2749999999999999,145658.5069885254,3050,0,0.2749999999999999,145978.90228271484,3050,2,0.2749999999999999,357493.9175262451,3050,0,0.2749999999999999,141440.21395874023,3050,2,0.2749999999999999,135575.70245361328,3050,2,0.2749999999999999,135655.6275177002,3050,0,0.2749999999999999,94508.92924499512,48800,2,0.40625,96662.60833740234,48800,2,0.40625,8074481.19090271,3547,5378,400,3269,400,2411,400,400,400,400,400,400,2926,400,400,400,4878,400,400,400,400,3142,400,400,400,2514,2458,400,400,400,5058,5045,35,55,0,0,0,84.21052551269531,52.6315803527832,40,52.6315803527832,4.761904716491699,52.6315803527832,55,0,5,0,10,0,50,50,55,55,55,0,57.142860412597656,0,0,52.38095474243164,50,14.285715103149414,55,0,0,20475,15889,83918,62,41,20475,13174,83384,66,51,66718990336,8589930496,22866329600,524288
199,1790686109484,443999.3843841553,3050,0,0.22499999999999987,91681.73143005371,48800,2,0.93125,93211.92587280273,48800,2,0.93125,95873.57144165039,48800,2,0.93125,98821.68412780762,48800,2,0.93125,90436.69027709961,48800,2,0.93125,88299.39135742188,48800,2,0.93125,140663.8850250244,3050,2,0.22499999999999987,145658.85815429688,3050,0,0.22499999999999987,145979.27346801758,3050,2,0.22499999999999987,357494.34831237793,3050,0,0.22499999999999987,141440.5037689209,3050,2,0.22499999999999987,135576.23178100586,3050,2,0.22499999999999987,135655.9116821289,3050,0,0.22499999999999987,94509.10905456543,48800,2,0.93125,96662.78071594238,48800,2,0.93125,8074501.516983032,3547,5378,400,3269,400,2411,400,400,400,400,400,400,2926,400,400,400,4878,400,400,400,400,3142,400,400,400,2514,2458,400,400,400,5058,5045,25,52.6315803527832,0,0,0,50,52.38095474243164,0,90,0,52.38095474243164,52.6315803527832,0,0,0,25,0,55,55,52.6315803527832,52.6315803527832,55,0,52.6315803527832,0,0,57.894737243652344,55,20,50,0,0,20475,15889,84495,63,43,20475,13174,82433,64,46,66718990336,8589930496,22882504704,524288
199,1790686109684,444001.5762939453,3050,0,0.22499999999999987,91681.90521240234,48800,2,0.925,93212.09420776367,48800,2,0.925,95873.77896118164,48800,2,0.925,98821.85563659668,48800,2,0.925,90436.90715026855,48800,2,0.925,88299.55375671387,48800,2,0.925,140664.23445129395,3050,2,0.22499999999999987,145659.1907196045,3050,0,0.22499999999999987,145979.56114196777,3050,2,0.22499999999999987,357494.7069091797,3050,0,0.22499999999999987,141440.767288208,3050,2,0.22499999999999987,135576.49821472168,3050,2,0.22499999999999987,135656.18174743652,3050,0,0.22499999999999987,94509.28239440918,48800,2,0.925,96662.95135498047,48800,2,0.925,8074521.796157837,3547,5378,400,3269,400,2411,400,400,400,400,400,400,2926,400,400,400,4878,400,400,400,400,3142,400,400,400,2514,2458,400,400,400,5058,5045,0,52.38095474243164,4.761904716491699,0,0,55,50,36.842105865478516,100,0,52.6315803527832,52.38095474243164,0,0,0,55,0,50,25,52.38095474243164,52.38095474243164,50,0,15.000000953674316,0,0,66.66667175292969,50,0,55,0,30.000001907348633,20475,15889,85471,64,53,20475,13174,82501,64,46,66718990336,8589930496,22882504704,524288
199,1790686109884,444003.7695007324,3050,0,0.23124999999999996,91682.07263183594,16133.333333333334,0,0.3999999999999999,93212.25833129883,16133.333333333334,0,0.3999999999999999,95873.9810180664,16133.333333333334,0,0.3999999999999999,98822.02226257324,16133.333333333334,0,0.3999999999999999,90437.11698913574,16133.333333333334,0,0.3999999999999999,88299.77722167969,16133.333333333334,0,0.3999999999999999,140664.57446289063,3050,0,0.23124999999999996,145659.51332092285,3050,0,0.23124999999999996,145979.81893920898,3050,0,0.23124999999999996,357495.07052612305,3050,0,0.23124999999999996,141441.02548217773,3050,0,0.23124999999999996,135576.75518798828,3050,0,0.23124999999999996,135656.44854736328,3050,0,0.23124999999999996,94509.51062011719,16133.333333333334,0,0.3999999999999999,96663.11889648438,16133.333333333334,0,0.3999999999999999,8074542.071777344,3547,5378,400,3269,400,2411,400,400,400,400,400,400,2926,400,400,400,4878,400,400,400,400,3142,400,400,400,2514,2458,400,400,400,5058,5045,0,52.38095474243164,4.761904716491699,0,0,55,50,36.842105865478516,100,0,52.6315803527832,52.38095474243164,0,0,0,55,0,50,25,52.38095474243164,52.38095474243164,50,0,15.000000953674316,0,0,66.66667175292969,50,0,55,0,30.000001907348633,20475,15889,85479,64,51,20475,13174,83421,66,53,66718990336,8589930496,22880419840,524288
199,1790686110084,444005.957321167,3050,0,0.23124999999999996,91682.23231506348,16133.333333333334,0,0.3999999999999999,93212.41200256348,16133.333333333334,0,0.3999999999999999,95874.17152404785,16133.333333333334,0,0.3999999999999999,98822.17875671387,16133.333333333334,0,0.3999999999999999,90437.31372070313,16133.333333333334,0,0.3999999999999999,88299.98899841309,16133.333333333334,0,0.3999999999999999,140664.9197692871,3050,0,0.23124999999999996,145659.82431030273,3050,0,0.23124999999999996,145980.06600952148,3050,0,0.23124999999999996,357495.43046569824,3050,0,0.23124999999999996,141441.27236938477,3050,0,0.23124999999999996,135577.0026397705,3050,0,0.23124999999999996,135656.6999359131,3050,0,0.23124999999999996,94509.72143554688,16133.333333333334,0,0.3999999999999999,96663.27470397949,16133.333333333334,0,0.3999999999999999,8074562.153015137,3547,5378,400,3269,400,2411,400,400,400,400,400,400,2926,400,400,400,4878,400,400,400,400,3142,400,400,400,2514,2458,400,400,400,5058,5045,60.97561264038086,48.71794891357422,0,0,0,47.5,50,48.780487060546875,37.5,0,48.780487060546875,48.71794891357422,0,7.500000476837158,0,47.5,0,50,0,50,50,50,0,0,0,0,57.5,50,0,47.5,0,47.5,20475,15889,84618,62,43,20475,13174,83716,67,51,66718990336,8589930496,22897266688,524288
199,1790686110284,444008.1544342041,3050,0,0.23124999999999996,91682.40182495117,16133.333333333334,0,0.3999999999999999,93212.5990600586,16133.333333333334,0,0.3999999999999999,95874.39134216309,16133.333333333334,0,0.3999999999999999,98822.34379577637,16133.333333333334,0,0.3999999999999999,90437.51544189453,16133.333333333334,0,0.3999999999999999,88300.16622924805,16133.333333333334,0,0.3999999999999999,140665.26876831055,3050,0,0.23124999999999996,145660.15425109863,3050,0,0.23124999999999996,145980.31608581543,3050,0,0.23124999999999996,357495.7529602051,3050,0,0.23124999999999996,141441.54386901855,3050,0,0.23124999999999996,135577.26930236816,3050,0,0.23124999999999996,135656.96714782715,3050,0,0.23124999999999996,94509.92111206055,16133.333333333334,0,0.3999999999999999,96663.44146728516,16133.333333333334,0,0.3999999999999999,8074582.491714478,3547,5378,400,3269,400,2411,400,400,400,400,400,400,2926,400,400,400,4878,400,400,400,400,3142,400,400,400,2514,2458,400,400,400,5058,5045,100,47.619049072265625,0,4.761904716491699,4.761904716491699,50,45,50,0,0,47.36842346191406,47.619049072265625,0,10,0,50,0,45,0,45,45,45,0,0,0,0,45,45,0,50,5,50,20475,15889,84720,63,40,20475,13174,83310,66,52,66718990336,8589930496,22915264512,524288
199,1790686110484,444010.3519439697,3050,0,0.23124999999999996,91682.5632019043,16133.333333333334,0,0.3999999999999999,93212.75396728516,16133.333333333334,0,0.3999999999999999,95874.6050415039,16133.333333333334,0,0.3999999999999999,98822.4986114502,16133.333333333334,0,0.3999999999999999,90437.7054901123,16133.333333333334,0,0.3999999999999999,88300.32194519043,16133.333333333334,0,0.3999999999999999,140665.61209106445,3050,0,0.23124999999999996,145660.4705810547,3050,0,0.23124999999999996,145980.56307983398,3050,0,0.23124999999999996,357496.0812988281,3050,0,0.23124999999999996,141441.80784606934,3050,0,0.23124999999999996,135577.51696777344,3050,0,0.23124999999999996,135657.22149658203,3050,0,0.23124999999999996,94510.1498413086,16133.333333333334,0,0.3999999999999999,96663.60711669922,16133.333333333334,0,0.3999999999999999,8074602.70703125,3547,5378,400,3269,400,2411,400,400,400,400,400,400,2926,400,400,400,4878,400,400,400,400,3142,400,400,400,2514,2458,400,400,400,5058,5045,94.73684692382813,47.36842346191406,0,0,0,45,50,45,10,0,47.619049072265625,47.36842346191406,0,10,0,45,4.761904716491699,50,0,47.36842346191406,47.36842346191406,50,0,0,0,0,50,50,0,45,19.047618865966797,45,20475,15889,85522,64,45,20475,13174,83177,64,46,66718990336,8589930496,22915252224,524288
199,1790686110684,444012.56268310547,3050,0,0.23750000000000004,91682.72077941895,16133.333333333334,0,0.40625,93212.90644836426,16133.333333333334,0,0.40625,95874.81326293945,16133.333333333334,0,0.40625,98822.65165710449,16133.333333333334,0,0.40625,90437.89123535156,16133.333333333334,0,0.40625,88300.47465515137,16133.333333333334,0,0.40625,140665.93515014648,3050,0,0.23750000000000004,145660.78080749512,3050,0,0.23750000000000004,145980.81002807617,3050,0,0.23750000000000004,357496.38693237305,3050,0,0.23750000000000004,141442.05587768555,3050,0,0.23750000000000004,135577.76406860352,3050,0,0.23750000000000004,135657.47737121582,3050,0,0.23750000000000004,94510.30276489258,16133.333333333334,0,0.40625,96663.76245117188,16133.333333333334,0,0.40625,8074622.618560791,3547,5378,400,3269,400,2411,400,400,400,400,400,400,2926,400,400,400,4878,400,400,400,400,3142,400,400,400,2514,2458,400,400,400,5058,5045,0,47.619049072265625,0,0,0,50,45,47.36842346191406,100,0,47.36842346191406,47.619049072265625,0,10.526315689086914,0,50,0,45,0,47.619049072265625,47.619049072265625,45,0,0,0,0,45,45,0,50,0,47.619049072265625,20475,15889,85573,64,53,20475,13174,83201,65,46,66718990336,8589930496,22915252224,524288
199,1790686110885,444014.7764892578,3050,0,0.22499999999999987,91682.89128112793,48800,2,0.925,93213.06971740723,48800,2,0.925,95875.03770446777,48800,2,0.925,98822.81484985352,48800,2,0.925,90438.09126281738,48800,2,0.925,88300.62687683105,48800,2,0.925,140666.29154968262,3050,2,0.22499999999999987,145661.11404418945,3050,0,0.22499999999999987,145981.07386779785,3050,2,0.22499999999999987,357496.7185058594,3050,0,0.22499999999999987,141442.3190460205,3050,2,0.22499999999999987,135578.0143737793,3050,2,0.22499999999999987,135657.74267578125,3050,0,0.22499999999999987,94510.46743774414,48800,2,0.925,96663.92739868164,48800,2,0.925,8074642.7837677,3547,5378,400,3269,400,2411,400,400,400,400,400,400,2926,400,400,400,4878,400,400,400,400,3142,400,400,400,2514,2458,400,400,400,5058,5045,0,30.000001907348633,0,0,0,50,50,47.619049072265625,100,25,50,50,0,19.047618865966797,0,23.809524536132813,0,50,0,50,50,50,0,0,0,0,50,50,25,50,0,50,20475,15889,85521,63,51,20475,13174,83779,66,54,66718990336,8589930496,22911750144,524288
199,1790686111085,444016.9888458252,3050,0,0.22499999999999987,91683.06544494629,48800,2,0.925,93213.23864746094,48800,2,0.925,95875.26907348633,48800,2,0.925,98822.98301696777,48800,2,0.925,90438.29748535156,48800,2,0.925,88300.7956237793,48800,2,0.925,140666.64889526367,3050,2,0.22499999999999987,145661.45448303223,3050,0,0.22499999999999987,145981.34600830078,3050,0,0.22499999999999987,357497.0562133789,3050,0,0.22499999999999987,141442.59315490723,3050,2,0.22499999999999987,135578.28758239746,3050,2,0.22499999999999987,135658.0227508545,3050,2,0.22499999999999987,94510.64129638672,48800,2,0.925,96664.09895324707,48800,2,0.925,8074663.0129852295,3547,5378,400,3269,400,2411,400,400,400,400,400,400,2926,400,400,400,4878,400,400,400,400,3142,400,400,400,2514,2458,400,400,400,5058,5045,0,0,0,0,0,50,55,52.6315803527832,100,52.6315803527832,52.38095474243164,50,0,14.285715103149414,0,0,0,55,0,55,55,55,0,0,0,0,55,55,50,50,0,52.6315803527832,20475,15889,85004,62,42,20475,13174,83800,67,51,66718990336,8589930496,22910533632,524288
199,1790686111285,444019.20234680176,3050,0,0.22499999999999987,91683.24250793457,48800,2,0.58125,93213.40986633301,48800,2,0.58125,95875.50196838379,48800,2,0.58125,98823.15390014648,48800,2,0.58125,90438.50520324707,48800,2,0.58125,88300.96475219727,48800,2,0.58125,140667.0167236328,3050,2,0.22499999999999987,145661.81034851074,3050,2,0.22499999999999987,145981.64445495605,3050,0,0.22499999999999987,357497.39181518555,3050,0,0.22499999999999987,141442.87423706055,3050,2,0.22499999999999987,135578.56620788574,3050,2,0.22499999999999987,135658.30004882813,3050,2,0.22499999999999987,94510.81625366211,48800,2,0.58125,96664.29002380371,48800,2,0.58125,8074683.4181518555,3547,5378,400,3269,400,2411,400,400,400,400,400,400,2926,400,400,400,4878,400,400,400,400,3142,400,400,400,2514,2458,400,400,400,5058,5045,0,0,0,0,0,55,50,52.38095474243164,100,52.38095474243164,52.6315803527832,55,5,5.263157844543457,0,0,0,50,0,50,50,50,0,4.761904716491699,0,0,50,50,55,55,0,52.38095474243164,20475,15889,85043,63,40,20475,13174,83282,66,51,66718990336,8589930496,22910271488,524288
199,1790686111485,444021.41481018066,3050,0,0.21875,91683.41717529297,48800,2,0.925,93213.58895874023,48800,2,0.925,95875.73783874512,48800,2,0.925,98823.32810974121,48800,2,0.925,90438.71435546875,48800,2,0.925,88301.13711547852,48800,2,0.925,140667.38037109375,3050,2,0.21875,145662.14668273926,3050,2,0.21875,145981.9195098877,3050,0,0.21875,357497.8264770508,3050,0,0.21875,141443.16941833496,3050,2,0.21875,135578.8434753418,3050,2,0.21875,135658.5732574463,3050,2,0.21875,94510.99214172363,48800,2,0.925,96664.47045898438,48800,2,0.925,8074704.111038208,3547,5378,400,3269,400,2411,400,400,400,400,400,400,2926,400,400,400,4878,400,400,400,400,3142,400,400,400,2514,2458,400,400,400,5058,5045,0,0,0,0,0,52.38095474243164,55,52.6315803527832,100,55,52.38095474243164,52.6315803527832,0,30.000001907348633,0,0,0,55,0,55,52.38095474243164,55,0,0,0,0,55,55,50,50,0,50,20475,15889,85676,64,47,20475,13174,83307,64,44,66718990336,8589930496,22911561728,524288
199,1790686111685,444023.6298828125,3050,0,0.22499999999999987,91683.5920715332,48800,2,0.93125,93213.75958251953,48800,2,0.93125,95875.97026062012,48800,2,0.93125,98823.49729919434,48800,2,0.93125,90438.92199707031,48800,2,0.93125,88301.30967712402,48800,2,0.93125,140667.74488830566,3050,2,0.22499999999999987,145662.48094177246,3050,2,0.22499999999999987,145982.19468688965,3050,0,0.22499999999999987,357498.2707824707,3050,0,0.22499999999999987,141443.43826293945,3050,2,0.22499999999999987,135579.1152191162,3050,2,0.22499999999999987,135658.8447418213,3050,2,0.22499999999999987,94511.16520690918,48800,2,0.93125,96664.63987731934,48800,2,0.93125,8074724.512329102,3547,5378,400,3269,400,2411,400,400,400,400,400,400,2926,400,400,400,4878,400,400,400,400,3142,400,400,400,2514,2458,400,400,400,5058,5045,0,0,0,0,0,52.38095474243164,55,52.6315803527832,100,55,52.38095474243164,52.6315803527832,0,30.000001907348633,0,0,0,55,0,55,52.38095474243164,55,0,0,0,0,55,55,50,50,0,50,20475,15889,85675,64,53,20475,13174,83432,65,45,66718990336,8589930496,22911557632,524288
199,1790686111885,444025.84716796875,3050,0,0.23124999999999996,91683.7622680664,16133.333333333334,0,0.3999999999999999,93213.92053222656,16133.333333333334,0,0.3999999999999999,95876.19334411621,16133.333333333334,0,0.3999999999999999,98823.65832519531,16133.333333333334,0,0.3999999999999999,90439.11897277832,16133.333333333334,0,0.3999999999999999,88301.47358703613,16133.333333333334,0,0.3999999999999999,140668.08964538574,3050,0,0.23124999999999996,145662.81280517578,3050,0,0.23124999999999996,145982.4549407959,3050,0,0.23124999999999996,357498.646774292,3050,0,0.23124999999999996,141443.6958770752,3050,0,0.23124999999999996,135579.37321472168,3050,0,0.23124999999999996,135659.10710144043,3050,0,0.23124999999999996,94511.3293762207,16133.333333333334,0,0.3999999999999999,96664.80090332031,16133.333333333334,0,0.3999999999999999,8074744.793273926,3547,5378,400,3269,400,2411,400,400,400,400,400,400,2926,400,400,400,4878,400,400,400,400,3142,400,400,400,2514,2458,400,400,400,5058,5045,0,0,0,0,0,52.6315803527832,52.6315803527832,52.38095474243164,100,50,55,52.38095474243164,0,14.285715103149414,0,0,0,52.38095474243164,0,50,50,50,0,0,0,0,50,52.38095474243164,55,55,0,55,20475,15889,85522,63,51,20475,13174,83903,67,54,66718990336,8589930496,22906847232,524288
199,1790686112085,444028.0653076172,3050,0,0.23124999999999996,91683.92123413086,16133.333333333334,0,0.3999999999999999,93214.0743560791,16133.333333333334,0,0.3999999999999999,95876.40577697754,16133.333333333334,0,0.3999999999999999,98823.81098937988,16133.333333333334,0,0.3999999999999999,90439.30596923828,16133.333333333334,0,0.3999999999999999,88301.62704467773,16133.333333333334,0,0.3999999999999999,140668.4207763672,3050,0,0.23124999999999996,145663.13414001465,3050,0,0.23124999999999996,145982.72634887695,3050,0,0.23124999999999996,357498.989364624,3050,0,0.23124999999999996,141443.9497680664,3050,0,0.23124999999999996,135579.62475585938,3050,0,0.23124999999999996,135659.3611907959,3050,0,0.23124999999999996,94511.48567199707,16133.333333333334,0,0.3999999999999999,96664.95346069336,16133.333333333334,0,0.3999999999999999,8074764.887863159,3547,5378,400,3269,400,2411,400,400,400,400,400,400,2926,400,400,400,4878,400,400,400,400,3142,400,400,400,2514,2458,400,400,400,5058,5045,0,0,0,0,0,48.780487060546875,48.780487060546875,48.71794891357422,100,50,47.5,48.71794891357422,0,12.820513725280762,0,0,0,48.71794891357422,0,50,50,50,0,0,0,0,50,48.71794891357422,47.5,47.5,0,47.5,20475,15889,85129,62,42,20475,13174,83931,67,51,66718990336,8589930496,22904938496,524288
199,1790686112285,444030.2875213623,3050,0,0.23124999999999996,91684.09126281738,16133.333333333334,0,0.3999999999999999,93214.25096130371,16133.333333333334,0,0.3999999999999999,95876.60705566406,16133.333333333334,0,0.3999999999999999,98823.97737121582,16133.333333333334,0,0.3999999999999999,90439.50546264648,16133.333333333334,0,0.3999999999999999,88301.79455566406,16133.333333333334,0,0.3999999999999999,140668.85647583008,3050,0,0.23124999999999996,145663.47592163086,3050,0,0.23124999999999996,145983.0536956787,3050,0,0.23124999999999996,357499.3083190918,3050,0,0.23124999999999996,141444.2741394043,3050,0,0.23124999999999996,135579.88050842285,3050,0,0.23124999999999996,135659.6183013916,3050,0,0.23124999999999996,94511.65625,16133.333333333334,0,0.3999999999999999,96665.11778259277,16133.333333333334,0,0.3999999999999999,8074785.324432373,3547,5378,400,3269,400,2411,400,400,400,400,400,400,2926,400,400,400,4878,400,400,400,400,3142,400,400,400,2514,2458,400,400,400,5058,5045,0,0,0,0,5,47.36842346191406,45,47.619049072265625,100,45,47.36842346191406,47.619049072265625,0,20,0,0,0,45,0,45,45,45,0,0,0,0,40,45,50,50,0,50,20475,15889,85170,63,40,20475,13174,83335,66,50,66718990336,8589930496,22916288512,524288
199,1790686112485,444032.5061035156,3050,0,0.23124999999999996,91684.25308227539,16133.333333333334,0,0.3999999999999999,93214.40998840332,16133.333333333334,0,0.3999999999999999,95876.76811218262,16133.333333333334,0,0.3999999999999999,98824.13273620605,16133.333333333334,0,0.3999999999999999,90439.69468688965,16133.333333333334,0,0.3999999999999999,88301.99890136719,16133.333333333334,0,0.3999999999999999,140669.19081115723,3050,0,0.23124999999999996,145663.7984008789,3050,0,0.23124999999999996,145983.36686706543,3050,0,0.23124999999999996,357499.61682128906,3050,0,0.23124999999999996,141444.59579467773,3050,0,0.23124999999999996,135580.12980651855,3050,0,0.23124999999999996,135659.8724822998,3050,0,0.23124999999999996,94511.81224060059,16133.333333333334,0,0.3999999999999999,96665.28324890137,16133.333333333334,0,0.3999999999999999,8074805.535949707,3547,5378,400,3269,400,2411,400,400,400,400,400,400,2926,400,400,400,4878,400,400,400,400,3142,400,400,400,2514,2458,400,400,400,5058,5045,0,0,0,0,0,45,50,47.36842346191406,100,47.36842346191406,47.619049072265625,45,0,47.619049072265625,0,0,0,50,0,50,50,50,0,0,0,20,10,50,45,45,0,45,20475,15889,85782,65,48,20475,13174,83377,64,46,66718990336,8589930496,22915559424,524288
199,1790686112685,444034.7214050293,3050,0,0.23750000000000004,91684.41716003418,16133.333333333334,0,0.40625,93214.5707397461,16133.333333333334,0,0.40625,95876.92483520508,16133.333333333334,0,0.40625,98824.29104614258,16133.333333333334,0,0.40625,90439.88380432129,16133.333333333334,0,0.40625,88302.15992736816,16133.333333333334,0,0.40625,140669.53103637695,3050,2,0.23750000000000004,145664.12225341797,3050,0,0.23750000000000004,145983.67909240723,3050,0,0.23750000000000004,357499.92640686035,3050,0,0.23750000000000004,141444.92143249512,3050,0,0.23750000000000004,135580.37934875488,3050,0,0.23750000000000004,135660.15769958496,3050,0,0.23750000000000004,94511.97007751465,16133.333333333334,0,0.40625,96665.4377746582,16133.333333333334,0,0.40625,8074825.7545928955,3547,5378,400,3269,400,2411,400,400,400,400,400,400,2926,400,400,400,4878,400,400,400,400,3142,400,400,400,2514,2458,400,400,400,5058,5045,0,0,0,0,0,50,45,47.619049072265625,100,47.619049072265625,45,50,0,47.36842346191406,4.761904716491699,0,5.263157844543457,45,0,45,45,45,0,0,0,0,15.000000953674316,50,50,50,0,50,20475,15889,85746,64,51,20475,13174,83546,65,46,66718990336,8589930496,22915559424,524288
199,1790686112885,444036.9539794922,3050,0,0.22499999999999987,91684.5904083252,48800,2,0.93125,93214.78091430664,48800,2,0.93125,95877.09146118164,48800,2,0.93125,98824.45626831055,48800,2,0.93125,90440.08383178711,48800,2,0.93125,88302.3224029541,48800,2,0.93125,140669.8027496338,3050,2,0.22499999999999987,145664.47590637207,3050,2,0.22499999999999987,145984.0156402588,3050,2,0.22499999999999987,357500.2629699707,3050,2,0.22499999999999987,141445.2816619873,3050,2,0.22499999999999987,135580.6516265869,3050,2,0.22499999999999987,135660.43548583984,3050,2,0.22499999999999987,94512.13659667969,48800,2,0.93125,96665.60134887695,48800,2,0.93125,8074846.026687622,3547,5378,400,3269,400,2411,400,400,400,400,400,400,2926,400,400,400,4878,400,400,400,400,3142,400,400,400,2514,2458,400,400,400,5058,5045,0,40,25,0,0,50,50,50,100,0,0,50,50,50,50,0,4.761904716491699,50,0,25,50,50,0,0,0,0,15.000000953674316,10,50,50,0,50,20475,15889,85472,63,50,20475,13174,83878,67,54,66718990336,8589930496,22910046208,524288
199,1790686113085,444039.17611694336,3050,0,0.22499999999999987,91684.76362609863,48800,2,0.925,93214.95436096191,48800,2,0.925,95877.26181030273,48800,2,0.925,98824.62530517578,48800,2,0.925,90440.29069519043,48800,2,0.925,88302.49136352539,48800,2,0.925,140670.14462280273,3050,0,0.22499999999999987,145664.83210754395,3050,2,0.22499999999999987,145984.35977172852,3050,0,0.22499999999999987,357500.59593200684,3050,0,0.22499999999999987,141445.62590026855,3050,2,0.22499999999999987,135580.9284210205,3050,2,0.22499999999999987,135660.70957946777,3050,0,0.22499999999999987,94512.30662536621,48800,2,0.925,96665.76962280273,48800,2,0.925,8074866.330551147,3547,5378,400,3269,400,2411,400,400,400,400,400,400,2926,400,400,400,4878,400,400,400,400,3142,400,400,400,2514,2458,400,400,400,5058,5045,0,50,52.38095474243164,0,0,52.38095474243164,55,52.6315803527832,100,0,45,52.6315803527832,10,52.38095474243164,55,0,0,55,0,0,55,55,0,0,0,0,10,0,50,50,0,50,20475,15889,85182,63,42,20475,13174,83915,67,54,66718990336,8589930496,22910091264,524288
199,1790686113285,444041.39431762695,3050,0,0.21875,91684.94039916992,48800,2,0.40625,93215.1363067627,48800,2,0.40625,95877.43826293945,48800,2,0.40625,98824.79859924316,48800,2,0.40625,90440.50360107422,48800,2,0.40625,88302.66508483887,48800,2,0.40625,140670.49224853516,3050,0,0.21875,145665.19059753418,3050,2,0.21875,145984.70957946777,3050,0,0.21875,357500.9351654053,3050,0,0.21875,141445.97496032715,3050,2,0.21875,135581.20895385742,3050,2,0.21875,135661.02363586426,3050,0,0.21875,94512.48490905762,48800,2,0.40625,96665.94371032715,48800,2,0.40625,8074886.9462890625,3547,5378,400,3269,400,2411,400,400,400,400,400,400,2926,400,400,400,4878,400,400,400,400,3142,400,400,400,2514,2458,400,400,400,5058,5045,0,55,52.6315803527832,0,0,52.6315803527832,50,52.38095474243164,100,0,52.6315803527832,52.38095474243164,0,52.6315803527832,50,0,0,50,0,0,50,50,0,0,0,0,10,0,55,55,0,55,20475,15889,85225,63,40,20475,13174,83327,66,48,66718990336,8589930496,22920126464,524288
199,1790686113485,444043.6011352539,3050,0,0.22499999999999987,91685.11447143555,48800,2,0.4125000000000001,93215.3060760498,48800,2,0.4125000000000001,95877.61233520508,48800,2,0.4125000000000001,98824.97073364258,48800,2,0.4125000000000001,90440.71206665039,48800,2,0.4125000000000001,88302.83517456055,48800,2,0.4125000000000001,140670.89530944824,3050,2,0.22499999999999987,145665.54286193848,3050,2,0.22499999999999987,145985.05505371094,3050,0,0.22499999999999987,357501.29386901855,3050,0,0.22499999999999987,141446.31719970703,3050,2,0.22499999999999987,135581.48721313477,3050,2,0.22499999999999987,135661.29623413086,3050,0,0.22499999999999987,94512.6554107666,48800,2,0.4125000000000001,96666.11518859863,48800,2,0.4125000000000001,8074907.48991394,3547,5378,400,3269,400,2411,400,400,400,400,400,400,2926,400,400,400,4878,400,400,400,400,3142,400,400,400,2514,2458,400,400,400,5058,5045,0,50,55,0,0,52.38095474243164,55,52.6315803527832,100,20,52.38095474243164,52.6315803527832,0,52.38095474243164,55,0,0,55,0,0,55,55,0,0,0,0,10.526315689086914,0,50,50,0,50,20475,15889,85745,65,50,20475,13174,83394,65,46,66718990336,8589930496,22936383488,524288
199,1790686113685,444045.809677124,3050,0,0.22499999999999987,91685.28771972656,48800,2,0.93125,93215.47518920898,48800,2,0.93125,95877.78660583496,48800,2,0.93125,98825.13998413086,48800,2,0.93125,90440.91952514648,48800,2,0.93125,88303.00437927246,48800,2,0.93125,140671.2532043457,3050,2,0.22499999999999987,145665.8982849121,3050,2,0.22499999999999987,145985.3977508545,3050,0,0.22499999999999987,357501.6609802246,3050,0,0.22499999999999987,141446.65480041504,3050,2,0.22499999999999987,135581.7739868164,3050,2,0.22499999999999987,135661.56755065918,3050,0,0.22499999999999987,94512.82600402832,48800,2,0.93125,96666.28651428223,48800,2,0.93125,8074927.896987915,3547,5378,400,3269,400,2411,400,400,400,400,400,400,2926,400,400,400,4878,400,400,400,400,3142,400,400,400,2514,2458,400,400,400,5058,5045,0,55,50,0,0,52.6315803527832,55,52.38095474243164,100,0,52.6315803527832,52.38095474243164,0,52.6315803527832,50,0,0,55,0,0,52.6315803527832,52.38095474243164,0,0,0,0,14.285715103149414,0,55,55,0,55,20475,15889,85757,64,51,20475,13174,83719,65,45,66718990336,8589930496,22936109056,524288
199,1790686113885,444048.0153198242,3050,0,0.23124999999999996,91685.44812011719,16133.333333333334,0,0.3999999999999999,93215.6314086914,16133.333333333334,0,0.3999999999999999,95877.94468688965,16133.333333333334,0,0.3999999999999999,98825.29612731934,16133.333333333334,0,0.3999999999999999,90441.11129760742,16133.333333333334,0,0.3999999999999999,88303.16163635254,16133.333333333334,0,0.3999999999999999,140671.5792541504,3050,0,0.23124999999999996,145666.23515319824,3050,0,0.23124999999999996,145985.71699523926,3050,0,0.23124999999999996,357502.0612640381,3050,0,0.23124999999999996,141446.97410583496,3050,0,0.23124999999999996,135582.03010559082,3050,0,0.23124999999999996,135661.8230895996,3050,0,0.23124999999999996,94512.9836730957,16133.333333333334,0,0.3999999999999999,96666.44267272949,16133.333333333334,0,0.3999999999999999,8074947.93409729,3547,5378,400,3269,400,2411,400,400,400,400,400,400,2926,400,400,400,4878,400,400,400,400,3142,400,400,400,2514,2458,400,400,400,5058,5045,0,55,50,0,0,52.6315803527832,55,52.38095474243164,100,0,52.6315803527832,52.38095474243164,0,52.6315803527832,50,0,0,55,0,0,52.6315803527832,52.38095474243164,0,0,0,0,14.285715103149414,0,55,55,0,55,20475,15889,85335,62,48,20475,13174,83971,67,56,66718990336,8589930496,22933872640,524288
199,1790686114085,444050.2173919678,3050,0,0.23124999999999996,91685.60336303711,16133.333333333334,0,0.3999999999999999,93215.78515625,16133.333333333334,0,0.3999999999999999,95878.09768676758,16133.333333333334,0,0.3999999999999999,98825.44764709473,16133.333333333334,0,0.3999999999999999,90441.29696655273,16133.333333333334,0,0.3999999999999999,88303.31129455566,16133.333333333334,0,0.3999999999999999,140671.91612243652,3050,0,0.23124999999999996,145666.5756072998,3050,0,0.23124999999999996,145986.03161621094,3050,0,0.23124999999999996,357502.40228271484,3050,0,0.23124999999999996,141447.28788757324,3050,0,0.23124999999999996,135582.27909851074,3050,0,0.23124999999999996,135662.07452392578,3050,0,0.23124999999999996,94513.13757324219,16133.333333333334,0,0.3999999999999999,96666.5951385498,16133.333333333334,0,0.3999999999999999,8074967.889465332,3547,5378,400,3269,400,2411,400,400,400,400,400,400,2926,400,400,400,4878,400,400,400,400,3142,400,400,400,2514,2458,400,400,400,5058,5045,70,47.5,48.780487060546875,0,0,48.780487060546875,47.5,47.5,30.000001907348633,0,48.780487060546875,47.5,0,20,50,0,0,47.5,0,0,48.780487060546875,47.5,0,0,0,0,43.589744567871094,0,47.5,47.5,2.4390242099761963,47.5,20475,15889,85141,63,42,20475,13174,83985,67,56,66718990336,8589930496,22929018880,524288
199,1790686114285,444052.4211883545,3050,0,0.22499999999999987,91685.76922607422,16133.333333333334,0,0.3999999999999999,93215.98330688477,16133.333333333334,0,0.3999999999999999,95878.26295471191,16133.333333333334,0,0.3999999999999999,98825.62644958496,16133.333333333334,0,0.3999999999999999,90441.49319458008,16133.333333333334,0,0.3999999999999999,88303.52793884277,16133.333333333334,0,0.3999999999999999,140672.25135803223,3050,0,0.22499999999999987,145666.92765808105,3050,0,0.23124999999999996,145986.31954956055,3050,0,0.23124999999999996,357502.72761535645,3050,0,0.23124999999999996,141447.61058044434,3050,0,0.23124999999999996,135582.5421142578,3050,0,0.23124999999999996,135662.33796691895,3050,0,0.23124999999999996,94513.2996673584,16133.333333333334,0,0.3999999999999999,96666.77166748047,16133.333333333334,0,0.3999999999999999,8074988.173080444,3547,5378,400,3269,400,2411,400,400,400,400,400,400,2926,400,400,400,4878,400,400,400,400,3142,400,400,400,2514,2458,400,400,400,5058,5045,100,50,47.36842346191406,0,0,47.36842346191406,45,50,0,0,47.36842346191406,50,0,9.523809432983398,45,0,0,45,4.761904716491699,0,45,47.36842346191406,0,0,0,0,45,0,47.36842346191406,50,0,50,20475,15889,85324,63,40,20475,13174,83431,65,49,66718990336,8589930496,22926254080,524288
199,1790686114485,444054.619140625,3050,0,0.23124999999999996,91685.92469787598,16133.333333333334,0,0.3999999999999999,93216.1771697998,16133.333333333334,0,0.3999999999999999,95878.41606140137,16133.333333333334,0,0.3999999999999999,98825.78103637695,16133.333333333334,0,0.3999999999999999,90441.67846679688,16133.333333333334,0,0.3999999999999999,88303.67962646484,16133.333333333334,0,0.3999999999999999,140672.57243347168,3050,0,0.23124999999999996,145667.25541687012,3050,0,0.23124999999999996,145986.57400512695,3050,0,0.23124999999999996,357503.0372772217,3050,0,0.23124999999999996,141447.91854858398,3050,0,0.23124999999999996,135582.79837036133,3050,0,0.23124999999999996,135662.58686828613,3050,0,0.23124999999999996,94513.45306396484,16133.333333333334,0,0.3999999999999999,96666.92790222168,16133.333333333334,0,0.3999999999999999,8075008.065292358,3547,5378,400,3269,400,2411,400,400,400,400,400,400,2926,400,400,400,4878,400,400,400,400,3142,400,400,400,2514,2458,400,400,400,5058,5045,100,45,47.619049072265625,0,0,47.619049072265625,50,45,0,0,47.619049072265625,45,0,10.526315689086914,47.36842346191406,5,0,50,0,0,50,47.619049072265625,0,0,0,0,47.36842346191406,0,45.45454788208008,45,0,47.619049072265625,20475,15889,85776,65,51,20475,13174,83467,65,45,66718990336,8589930496,22942265344,524288
199,1790686114686,444056.82263183594,3050,0,0.23750000000000004,91686.0821685791,16133.333333333334,0,0.40625,93216.3735961914,16133.333333333334,0,0.40625,95878.57063293457,16133.333333333334,0,0.40625,98825.93771362305,16133.333333333334,0,0.40625,90441.86627197266,16133.333333333334,0,0.40625,88303.8370513916,16133.333333333334,0,0.40625,140672.92695617676,3050,0,0.23750000000000004,145667.58877563477,3050,0,0.23750000000000004,145986.83171081543,3050,0,0.23750000000000004,357503.3569946289,3050,0,0.23750000000000004,141448.2325592041,3050,0,0.23750000000000004,135583.13145446777,3050,0,0.23750000000000004,135662.85820007324,3050,0,0.23750000000000004,94513.6082611084,16133.333333333334,0,0.40625,96667.08219909668,16133.333333333334,0,0.40625,8075028.159744263,3547,5378,400,3269,400,2411,400,400,400,400,400,400,2926,400,400,400,4878,400,400,400,400,3142,400,400,400,2514,2458,400,400,400,5058,5045,100,50,47.36842346191406,0,0,47.36842346191406,45,47.36842346191406,0,0,45,50,0,10,47.619049072265625,45,0,45,0,0,45,47.36842346191406,0,0,0,0,47.619049072265625,0,15.789472579956055,47.619049072265625,0,47.36842346191406,20475,15889,85737,64,51,20475,13174,83840,65,48,66718990336,8589930496,22942228480,524288
199,1790686114886,444059.025390625,3050,0,0.22499999999999987,91686.25321960449,48800,2,0.93125,93216.58660888672,48800,2,0.93125,95878.73873901367,48800,2,0.93125,98826.10456848145,48800,2,0.93125,90442.0697479248,48800,2,0.93125,88304.00302124023,48800,2,0.93125,140673.28451538086,3050,0,0.22499999999999987,145667.93991088867,3050,2,0.22499999999999987,145987.10403442383,3050,0,0.22499999999999987,357503.7015838623,3050,0,0.22499999999999987,141448.56843566895,3050,2,0.22499999999999987,135583.4065246582,3050,2,0.22499999999999987,135663.12841796875,3050,0,0.22499999999999987,94513.77627563477,48800,2,0.93125,96667.24923706055,48800,2,0.93125,8075048.408432007,3547,5378,400,3269,400,2411,400,400,400,400,400,400,2926,400,400,400,4878,400,400,400,400,3142,400,400,400,2514,2458,400,400,400,5058,5045,100,50,50,0,0,52.38095474243164,50,52.38095474243164,0,0,52.6315803527832,50,0,23.809524536132813,50,55,0,52.38095474243164,0,0,50,52.38095474243164,0,0,0,0,50,0,0,52.6315803527832,0,50,20475,15889,85269,62,47,20475,13174,83949,67,54,66718990336,8589930496,22937157632,524288
199,1790686115086,444060.7197265625,3050,0,0.22499999999999987,91686.42756652832,48800,2,0.40625,93216.80470275879,48800,2,0.40625,95878.90991210938,48800,2,0.40625,98826.27467346191,48800,2,0.40625,90442.27954101563,48800,2,0.40625,88304.17190551758,48800,2,0.40625,140673.71963500977,3050,2,0.22499999999999987,145668.82432556152,3050,2,0.22499999999999987,145987.40408325195,3050,0,0.22499999999999987,357504.0612640381,3050,0,0.22499999999999987,141448.93692016602,3050,2,0.22499999999999987,135583.6025390625,3050,2,0.22499999999999987,135663.42306518555,3050,2,0.22499999999999987,94513.95045471191,48800,2,0.40625,96667.41497802734,48800,2,0.40625,8075068.9649505615,3547,5378,400,3269,400,2411,400,400,400,400,400,400,2926,400,400,400,4878,400,400,400,400,3142,400,400,400,2514,2458,400,400,400,5058,5045,90,25,55,0,0,52.6315803527832,55,50,5,55,28.571430206298828,52.6315803527832,25,55,55,5,0,52.6315803527832,21.052631378173828,0,55,52.6315803527832,0,0,0,0,10,4.761904716491699,25,50,0,28.571430206298828,20475,15889,85132,63,42,20475,13174,83873,67,54,66718990336,8589930496,22920777728,524288
199,1790686115286,444062.92126464844,3050,0,0.22499999999999987,91686.6042175293,16133.333333333334,2,0.40625,93217.03187561035,16133.333333333334,2,0.40625,95879.08680725098,16133.333333333334,2,0.40625,98826.45361328125,16133.333333333334,2,0.40625,90442.49263000488,16133.333333333334,2,0.40625,88304.37138366699,16133.333333333334,2,0.40625,140674.11489868164,3050,2,0.22499999999999987,145669.20429992676,3050,0,0.22499999999999987,145987.68815612793,3050,0,0.22499999999999987,357504.41592407227,3050,0,0.22499999999999987,141449.28450012207,3050,2,0.22499999999999987,135583.89625549316,3050,2,0.22499999999999987,135663.71682739258,3050,0,0.22499999999999987,94514.12831115723,16133.333333333334,0,0.40625,96667.56944274902,16133.333333333334,2,0.40625,8075089.578216553,3547,5378,400,3269,400,2411,400,400,400,400,400,400,2926,400,400,400,4878,400,400,400,400,3142,400,400,400,2514,2458,400,400,400,5058,5045,100,0,52.38095474243164,0,0,5,55,10,0,50,0,52.38095474243164,55,52.6315803527832,25,0,0,55,0,0,55,52.38095474243164,50,0,0,47.36842346191406,10,25,55,55,0,45,20475,15889,85399,64,41,20475,13174,83327,65,46,66718990336,8589930496,22945443840,524288
199,1790686115486,444065.1172943115,3050,0,0.22499999999999987,91686.77708435059,48800,2,0.40625,93217.24952697754,48800,2,0.40625,95879.25671386719,48800,2,0.40625,98826.62196350098,48800,2,0.40625,90442.69924926758,48800,2,0.40625,88304.53997802734,48800,2,0.40625,140674.49798583984,3050,2,0.22499999999999987,145669.57795715332,3050,2,0.22499999999999987,145987.96139526367,3050,2,0.22499999999999987,357504.7758178711,3050,2,0.22499999999999987,141449.6255645752,3050,2,0.22499999999999987,135584.16862487793,3050,2,0.22499999999999987,135663.98670959473,3050,2,0.22499999999999987,94514.29824829102,48800,2,0.40625,96667.73754882813,48800,2,0.40625,8075109.964477539,3547,5378,400,3269,400,2411,400,400,400,400,400,400,2926,400,400,400,4878,400,400,400,400,3142,400,400,400,2514,2458,400,400,400,5058,5045,100,0,52.6315803527832,0,0,0,50,0,0,55,0,52.6315803527832,50,52.38095474243164,0,0,0,50,0,0,50,52.6315803527832,55,0,0,52.38095474243164,10,52.6315803527832,50,50,0,55,20475,15889,85708,65,53,20475,13174,83319,65,43,66718990336,8589930496,22945443840,524288
199,1790686115686,444067.31382751465,3050,0,0.23124999999999996,91686.95207214355,48800,2,0.39375000000000004,93217.47009277344,48800,2,0.39375000000000004,95879.4302368164,48800,2,0.39375000000000004,98826.8037109375,48800,2,0.39375000000000004,90442.90965270996,48800,2,0.39375000000000004,88304.75752258301,48800,2,0.39375000000000004,140674.88426208496,3050,2,0.23124999999999996,145669.94720458984,3050,2,0.23124999999999996,145988.23933410645,3050,2,0.23124999999999996,357505.1636505127,3050,2,0.23124999999999996,141449.96182250977,3050,2,0.23124999999999996,135584.44300842285,3050,2,0.23124999999999996,135664.2822113037,3050,2,0.23124999999999996,94514.47302246094,48800,2,0.39375000000000004,96667.92175292969,48800,2,0.39375000000000004,8075130.562469482,3547,5378,400,3269,400,2411,400,400,400,400,400,400,2926,400,400,400,4878,400,400,400,400,3142,400,400,400,2514,2458,400,400,400,5058,5045,100,0,52.6315803527832,0,0,0,50,0,0,55,0,52.6315803527832,50,52.38095474243164,0,0,0,50,0,0,50,52.6315803527832,55,0,0,52.38095474243164,10,52.6315803527832,50,50,0,55,20475,15889,85510,64,51,20475,13174,83878,66,48,66718990336,8589930496,22937776128,524288
199,1790686115886,444069.51527404785,3050,0,0.23124999999999996,91687.10794067383,16133.333333333334,0,0.3999999999999999,93217.66857910156,16133.333333333334,0,0.3999999999999999,95879.58638000488,16133.333333333334,0,0.3999999999999999,98826.9580078125,16133.333333333334,0,0.3999999999999999,90443.09889221191,16133.333333333334,0,0.3999999999999999,88304.91184997559,16133.333333333334,0,0.3999999999999999,140675.2336883545,3050,0,0.23124999999999996,145670.2908782959,3050,0,0.23124999999999996,145988.49555969238,3050,0,0.23124999999999996,357505.52966308594,3050,0,0.23124999999999996,141450.27842712402,3050,0,0.23124999999999996,135584.69989013672,3050,0,0.23124999999999996,135664.54502868652,3050,0,0.23124999999999996,94514.64872741699,16133.333333333334,0,0.3999999999999999,96668.07615661621,16133.333333333334,0,0.3999999999999999,8075150.581939697,3547,5378,400,3269,400,2411,400,400,400,400,400,400,2926,400,400,400,4878,400,400,400,400,3142,400,400,400,2514,2458,400,400,400,5058,5045,100,0,50,0,0,0,50,10,0,50,0,51.219512939453125,51.219512939453125,51.28205490112305,0,0,0,50,2.4390242099761963,0,50,50,50,0,0,50,15.000000953674316,51.219512939453125,50,51.219512939453125,0,50,20475,15889,85027,63,45,20475,13174,83922,67,56,66718990336,8589930496,22928388096,524288
199,1790686116086,444071.6885986328,3050,0,0.22499999999999987,91687.25834655762,16133.333333333334,0,0.3999999999999999,93217.86019897461,16133.333333333334,0,0.3999999999999999,95879.7367401123,16133.333333333334,0,0.3999999999999999,98827.107421875,16133.333333333334,0,0.3999999999999999,90443.28128051758,16133.333333333334,0,0.3999999999999999,88305.06103515625,16133.333333333334,0,0.3999999999999999,140675.5807800293,3050,0,0.22499999999999987,145670.62446594238,3050,0,0.22499999999999987,145988.74661254883,3050,0,0.22499999999999987,357505.89318847656,3050,0,0.22499999999999987,141450.58464050293,3050,0,0.22499999999999987,135584.94960021973,3050,0,0.22499999999999987,135664.80346679688,3050,0,0.22499999999999987,94514.84077453613,16133.333333333334,0,0.3999999999999999,96668.22535705566,16133.333333333334,0,0.3999999999999999,8075170.4763793945,3547,5378,400,3269,400,2411,400,400,400,400,400,400,2926,400,400,400,4878,400,400,400,400,3142,400,400,400,2514,2458,400,400,400,5058,5045,100,0,45,0,0,0,47.619049072265625,0,0,45,0,45,47.36842346191406,45,0,0,0,47.619049072265625,0,0,45,47.619049072265625,45,0,0,45,10.526315689086914,45,50,47.36842346191406,0,47.36842346191406,20475,15889,84657,63,37,20475,13174,83230,66,51,66718990336,8589930496,22928527360,524288
199,1790686116286,444073.888961792,3050,0,0.23124999999999996,91687.41645812988,16133.333333333334,0,0.3999999999999999,93218.06831359863,16133.333333333334,0,0.3999999999999999,95879.90019226074,16133.333333333334,0,0.3999999999999999,98827.26921081543,16133.333333333334,0,0.3999999999999999,90443.47480773926,16133.333333333334,0,0.3999999999999999,88305.21839904785,16133.333333333334,0,0.3999999999999999,140675.88069152832,3050,0,0.23124999999999996,145670.9158935547,3050,0,0.23124999999999996,145989.0055999756,3050,0,0.23124999999999996,357506.2151184082,3050,0,0.23124999999999996,141450.8959350586,3050,0,0.23124999999999996,135585.20407104492,3050,0,0.23124999999999996,135665.07179260254,3050,0,0.23124999999999996,94515.0092163086,16133.333333333334,0,0.3999999999999999,96668.40260314941,16133.333333333334,0,0.3999999999999999,8075190.5149383545,3547,5378,400,3269,400,2411,400,400,400,400,400,400,2926,400,400,400,4878,400,400,400,400,3142,400,400,400,2514,2458,400,400,400,5058,5045,100,0,47.619049072265625,0,0,0,50,0,0,47.36842346191406,0,47.36842346191406,45,47.619049072265625,0,0,0,47.36842346191406,0,0,50,47.36842346191406,50,5,0,47.36842346191406,10,47.36842346191406,45,45,0,50,20475,15889,85519,65,48,20475,13174,82884,65,44,66718990336,8589930496,22920171520,524288
199,1790686116486,444076.0906677246,3050,0,0.23124999999999996,91687.5736541748,16133.333333333334,0,0.40625,93218.27778625488,16133.333333333334,0,0.40625,95880.05644226074,16133.333333333334,0,0.40625,98827.42445373535,16133.333333333334,0,0.40625,90443.66207885742,16133.333333333334,0,0.40625,88305.37120056152,16133.333333333334,0,0.40625,140676.14762878418,3050,0,0.23124999999999996,145671.18116760254,3050,0,0.23124999999999996,145989.26080322266,3050,0,0.23124999999999996,357506.52827453613,3050,0,0.23124999999999996,141451.21197509766,3050,0,0.23124999999999996,135585.45455932617,3050,0,0.23124999999999996,135665.32627868652,3050,0,0.23124999999999996,94515.16314697266,16133.333333333334,0,0.40625,96668.55783081055,16133.333333333334,0,0.40625,8075210.41368103,3547,5378,400,3269,400,2411,400,400,400,400,400,400,2926,400,400,400,4878,400,400,400,400,3142,400,400,400,2514,2458,400,400,400,5058,5045,100,0,47.36842346191406,0,0,0,45,0,0,47.619049072265625,0,47.619049072265625,50,47.36842346191406,0,0,0,45,0,0,45,45,45,4.761904716491699,0,47.619049072265625,14.285715103149414,47.619049072265625,47.36842346191406,50,0,45,20475,15889,85734,65,53,20475,13174,83153,65,45,66718990336,8589930496,22920167424,524288
199,1790686116686,444078.3023071289,3050,0,0.22499999999999987,91687.74035644531,48800,2,0.925,93218.50216674805,48800,2,0.925,95880.22283935547,48800,2,0.925,98827.58912658691,48800,2,0.925,90443.86399841309,48800,2,0.925,88305.53936767578,48800,2,0.925,140676.43145751953,3050,2,0.22499999999999987,145671.4617767334,3050,2,0.22499999999999987,145989.53648376465,3050,2,0.22499999999999987,357506.8674926758,3050,2,0.22499999999999987,141451.60440063477,3050,2,0.22499999999999987,135585.72105407715,3050,2,0.22499999999999987,135665.60975646973,3050,2,0.22499999999999987,94515.33526611328,48800,2,0.925,96668.72166442871,48800,2,0.925,8075230.900222778,3547,5378,400,3269,400,2411,400,400,400,400,400,400,2926,400,400,400,4878,400,400,400,400,3142,400,400,400,2514,2458,400,400,400,5058,5045,100,0,50,0,0,0,50,0,0,50,0,50,50,50,20,0,0,50,0,0,50,50,50,0,0,50,15.789472579956055,50,50,50,0,50,20475,15889,84863,63,49,20475,13174,83934,68,55,66718990336,8589930496,22938210304,524288
199,1790686116886,444080.50718688965,3050,0,0.22499999999999987,91687.91120910645,48800,2,0.93125,93218.73348999023,48800,2,0.93125,95880.39422607422,48800,2,0.93125,98827.75813293457,48800,2,0.93125,90444.07124328613,48800,2,0.93125,88305.70890808105,48800,2,0.93125,140676.71672058105,3050,2,0.22499999999999987,145671.75411987305,3050,2,0.22499999999999987,145989.81469726563,3050,0,0.22499999999999987,357507.20736694336,3050,0,0.22499999999999987,141451.95126342773,3050,2,0.22499999999999987,135585.9979095459,3050,2,0.22499999999999987,135665.8897705078,3050,2,0.22499999999999987,94515.50712585449,48800,2,0.93125,96668.89125061035,48800,2,0.93125,8075251.215179443,3547,5378,400,3269,400,2411,400,400,400,400,400,400,2926,400,400,400,4878,400,400,400,400,3142,400,400,400,2514,2458,400,400,400,5058,5045,100,0,52.38095474243164,0,0,0,55,0,0,52.6315803527832,0,50,50,52.38095474243164,4.761904716491699,0,0,55,0,0,55,55,55,0,0,55,14.285715103149414,52.6315803527832,52.38095474243164,50,0,55,20475,15889,84565,63,40,20475,13174,83939,67,56,66718990336,8589930496,22930251776,524288
199,1790686117086,444082.7071838379,3050,0,0.22499999999999987,91688.0825805664,48800,2,0.93125,93218.96519470215,48800,2,0.93125,95880.56552124023,48800,2,0.93125,98827.92756652832,48800,2,0.93125,90444.27949523926,48800,2,0.93125,88305.87817382813,48800,2,0.93125,140677.0046081543,3050,0,0.21875,145672.0476989746,3050,2,0.21875,145990.0972442627,3050,0,0.21875,357507.54624938965,3050,0,0.21875,141452.2942199707,3050,2,0.21875,135586.27401733398,3050,2,0.21875,135666.1660308838,3050,2,0.21875,94515.67889404297,48800,2,0.93125,96669.06083679199,48800,2,0.93125,8075271.482192993,3547,5378,400,3269,400,2411,400,400,400,400,400,400,2926,400,400,400,4878,400,400,400,400,3142,400,400,400,2514,2458,400,400,400,5058,5045,100,4.761904716491699,55,0,0,0,52.38095474243164,0,0,52.38095474243164,0,55,55,52.6315803527832,0,0,0,52.38095474243164,0,0,52.38095474243164,52.38095474243164,50,0,0,50,10,52.38095474243164,55,55,0,50,20475,15889,84973,64,40,20475,13174,83190,66,48,66718990336,8589930496,22926495744,524288
199,1790686117286,444084.9079437256,3050,0,0.21875,91688.29678344727,48800,2,0.925,93219.20712280273,48800,2,0.925,95880.7463684082,48800,2,0.925,98828.1065826416,48800,2,0.925,90444.4976348877,48800,2,0.925,88306.08322143555,48800,2,0.925,140677.30696105957,3050,0,0.21875,145672.3547821045,3050,2,0.21875,145990.3875732422,3050,0,0.21875,357508.0959625244,3050,0,0.21875,141452.65049743652,3050,2,0.21875,135586.58486938477,3050,2,0.21875,135666.45893859863,3050,2,0.21875,94515.86018371582,48800,2,0.925,96669.24044799805,48800,2,0.925,8075292.40296936,3547,5378,400,3269,400,2411,400,400,400,400,400,400,2926,400,400,400,4878,400,400,400,400,3142,400,400,400,2514,2458,400,400,400,5058,5045,55,0,52.6315803527832,0,0,0,52.6315803527832,0,45,55,0,55,52.38095474243164,52.38095474243164,0,0,0,52.6315803527832,0,0,52.6315803527832,52.6315803527832,55,0,4.761904716491699,55,10,52.6315803527832,50,50,0,55,20475,15889,85797,65,52,20475,13174,83237,65,46,66718990336,8589930496,22926692352,524288
199,1790686117486,444087.1246032715,3050,0,0.22499999999999987,91688.52890014648,48800,2,0.5625,93219.43948364258,48800,2,0.5625,95880.91780090332,48800,2,0.5625,98828.27584838867,48800,2,0.5625,90444.70478820801,48800,2,0.5625,88306.2552947998,48800,2,0.5625,140677.57554626465,3050,0,0.22499999999999987,145672.64079284668,3050,2,0.22499999999999987,145990.66551208496,3050,0,0.22499999999999987,357508.5189666748,3050,0,0.22499999999999987,141452.9920501709,3050,2,0.22499999999999987,135586.9035949707,3050,2,0.22499999999999987,135666.7312927246,3050,2,0.22499999999999987,94516.03230285645,48800,2,0.5625,96669.40939331055,48800,2,0.5625,8075312.9259643555,3547,5378,400,3269,400,2411,400,400,400,400,400,400,2926,400,400,400,4878,400,400,400,400,3142,400,400,400,2514,2458,400,400,400,5058,5045,0,0,52.38095474243164,0,0,0,55,0,100,50,0,50,52.6315803527832,55,0,0,0,55,0,0,55,52.38095474243164,50,0,0,52.6315803527832,15.000000953674316,55,55,55,0,50,20475,15889,85588,65,51,20475,13174,83761,66,50,66718990336,8589930496,22926950400,524288
199,1790686117686,444089.33670043945,3050,0,0.23124999999999996,91688.74819946289,16133.333333333334,0,0.3999999999999999,93219.65353393555,16133.333333333334,0,0.3999999999999999,95881.07611083984,16133.333333333334,0,0.3999999999999999,98828.44844055176,16133.333333333334,0,0.3999999999999999,90444.8968963623,16133.333333333334,0,0.3999999999999999,88306.41499328613,16133.333333333334,0,0.3999999999999999,140677.82885742188,3050,0,0.23124999999999996,145672.94396972656,3050,0,0.23124999999999996,145990.92427062988,3050,0,0.23124999999999996,357508.8871459961,3050,0,0.23124999999999996,141453.30780029297,3050,0,0.23124999999999996,135587.2017364502,3050,0,0.23124999999999996,135666.99659729004,3050,0,0.23124999999999996,94516.19407653809,16133.333333333334,0,0.3999999999999999,96669.59346008301,16133.333333333334,0,0.3999999999999999,8075333.157974243,3547,5378,400,3269,400,2411,400,400,400,400,400,400,2926,400,400,400,4878,400,400,400,400,3142,400,400,400,2514,2458,400,400,400,5058,5045,0,0,52.38095474243164,0,0,0,55,0,100,50,0,50,52.6315803527832,55,0,0,0,55,0,0,55,52.38095474243164,50,0,0,52.6315803527832,15.000000953674316,55,55,55,0,50,20475,15889,85047,63,46,20475,13174,84008,67,55,66718990336,8589930496,22943207424,524288
199,1790686117886,444091.56298828125,3050,0,0.23124999999999996,91688.96307373047,16133.333333333334,0,0.3999999999999999,93219.86151123047,16133.333333333334,0,0.3999999999999999,95881.23141479492,16133.333333333334,0,0.3999999999999999,98828.62043762207,16133.333333333334,0,0.3999999999999999,90445.08457946777,16133.333333333334,0,0.3999999999999999,88306.57049560547,16133.333333333334,0,0.3999999999999999,140678.08325195313,3050,0,0.23124999999999996,145673.2314453125,3050,0,0.23124999999999996,145991.24073791504,3050,0,0.23124999999999996,357509.1745300293,3050,0,0.23124999999999996,141453.68334960938,3050,0,0.23124999999999996,135587.49948120117,3050,0,0.22499999999999987,135667.25396728516,3050,0,0.22499999999999987,94516.35459899902,16133.333333333334,0,0.3999999999999999,96669.80827331543,16133.333333333334,0,0.3999999999999999,8075353.373138428,3547,5378,400,3269,400,2411,400,400,400,400,400,400,2926,400,400,400,4878,400,400,400,400,3142,400,400,400,2514,2458,400,400,400,5058,5045,12.820513725280762,7.692307949066162,47.5,0,2.4390242099761963,17.5,47.5,0,87.5,40,35,47.5,31.707317352294922,38.46154022216797,2.5,7.500000476837158,2.4390242099761963,32.5,2.4390242099761963,0,47.5,47.5,25,2.5641026496887207,0,47.5,17.5,47.5,38.46154022216797,47.5,15.000000953674316,50,20475,15889,85024,63,42,20475,13174,83735,67,56,66718990336,8589930496,22923911168,524288
199,1790686118086,444093.77616882324,3050,0,0.23124999999999996,91689.17037963867,16133.333333333334,0,0.3999999999999999,93220.06784057617,16133.333333333334,0,0.3999999999999999,95881.38427734375,16133.333333333334,0,0.3999999999999999,98828.82667541504,16133.333333333334,0,0.3999999999999999,90445.26985168457,16133.333333333334,0,0.3999999999999999,88306.72589111328,16133.333333333334,0,0.3999999999999999,140678.35430908203,3050,0,0.23124999999999996,145673.49528503418,3050,0,0.23124999999999996,145991.50354003906,3050,0,0.23124999999999996,357509.42889404297,3050,0,0.23124999999999996,141454.0144958496,3050,0,0.23124999999999996,135587.8225250244,3050,0,0.23124999999999996,135667.50497436523,3050,0,0.23124999999999996,94516.50634765625,16133.333333333334,0,0.3999999999999999,96670.01428222656,16133.333333333334,0,0.3999999999999999,8075373.312988281,3547,5378,400,3269,400,2411,400,400,400,400,400,400,2926,400,400,400,4878,400,400,400,400,3142,400,400,400,2514,2458,400,400,400,5058,5045,100,45,47.36842346191406,0,0,47.36842346191406,45,35,0,0,47.36842346191406,50,0,0,0,50,0,0,0,0,45,47.36842346191406,0,0,0,14.285715103149414,45,45,13.636363983154297,45,47.619049072265625,45,20475,15889,85495,64,43,20475,13174,83300,65,45,66718990336,8589930496,22922108928,524288
199,1790686118287,444095.98764038086,3050,0,0.23124999999999996,91689.38177490234,16133.333333333334,0,0.3999999999999999,93220.29978942871,16133.333333333334,0,0.3999999999999999,95881.54168701172,16133.333333333334,0,0.3999999999999999,98829.03652954102,16133.333333333334,0,0.3999999999999999,90445.4585571289,16133.333333333334,0,0.3999999999999999,88306.88609313965,16133.333333333334,0,0.3999999999999999,140678.62448120117,3050,0,0.23124999999999996,145673.76290893555,3050,0,0.23124999999999996,145991.76513671875,3050,0,0.23124999999999996,357509.68865966797,3050,0,0.23124999999999996,141454.36604309082,3050,0,0.23124999999999996,135588.1220855713,3050,0,0.23124999999999996,135667.765335083,3050,0,0.23124999999999996,94516.66119384766,16133.333333333334,0,0.3999999999999999,96670.2230682373,16133.333333333334,0,0.3999999999999999,8075393.36769104,3547,5378,400,3269,400,2411,400,400,400,400,400,400,2926,400,400,400,4878,400,400,400,400,3142,400,400,400,2514,2458,400,400,400,5058,5045,100,50,47.619049072265625,5,0,47.619049072265625,47.36842346191406,50,0,0,47.619049072265625,45,0,0,0,45,0,0,0,0,50,47.619049072265625,0,0,0,0,47.36842346191406,50,10.526315689086914,50,47.36842346191406,47.36842346191406,20475,15889,85801,65,52,20475,13174,83355,65,45,66718990336,8589930496,22900350976,524288
199,1790686118487,444098.1873626709,3050,0,0.22499999999999987,91689.59127807617,16133.333333333334,0,0.625,93220.51249694824,16133.333333333334,0,0.625,95881.69720458984,16133.333333333334,0,0.625,98829.24488830566,16133.333333333334,0,0.625,90445.6457824707,16133.333333333334,0,0.625,88307.04214477539,16133.333333333334,0,0.625,140678.88925170898,3050,0,0.22499999999999987,145674.02716064453,3050,0,0.22499999999999987,145992.08227539063,3050,0,0.22499999999999987,357509.9494628906,3050,0,0.22499999999999987,141454.69770812988,3050,0,0.22499999999999987,135588.37252807617,3050,0,0.22499999999999987,135668.0163421631,3050,0,0.23750000000000004,94516.81520080566,16133.333333333334,0,0.625,96670.43222045898,16133.333333333334,0,0.625,8075413.307479858,3547,5378,400,3269,400,2411,400,400,400,400,400,400,2926,400,400,400,4878,400,400,400,400,3142,400,400,400,2514,2458,400,400,400,5058,5045,100,45,47.36842346191406,0,0,45,47.619049072265625,45,4.761904716491699,0,47.36842346191406,50,0,4.761904716491699,0,50,0,0,0,0,45,47.36842346191406,0,15.000000953674316,0,0,47.619049072265625,45,0,45,47.619049072265625,47.619049072265625,20475,15889,85474,64,51,20475,13174,84047,66,52,66718990336,8589930496,22917640192,524288
199,1790686118687,444100.3901824951,3050,0,0.22499999999999987,91689.82229614258,48800,2,0.58125,93220.74588012695,48800,2,0.58125,95881.86785888672,48800,2,0.58125,98829.47462463379,48800,2,0.58125,90445.85217285156,48800,2,0.58125,88307.21366882324,48800,2,0.58125,140679.16679382324,3050,0,0.22499999999999987,145674.31805419922,3050,0,0.22499999999999987,145992.41941833496,3050,0,0.22499999999999987,357510.22953796387,3050,2,0.22499999999999987,141455.05865478516,3050,2,0.22499999999999987,135588.64639282227,3050,0,0.22499999999999987,135668.28941345215,3050,2,0.22499999999999987,94516.98463439941,48800,2,0.58125,96670.66304016113,48800,2,0.58125,8075433.592163086,3547,5378,400,3269,400,2411,400,400,400,400,400,400,2926,400,400,400,4878,400,400,400,400,3142,400,400,400,2514,2458,400,400,400,5058,5045,100,55,50,0,0,55,52.6315803527832,55,0,0,52.38095474243164,50,0,0,0,50,0,0,0,0,55,52.38095474243164,0,15.000000953674316,0,0,52.6315803527832,55,0,55,52.6315803527832,50,20475,15889,85198,63,43,20475,13174,84066,67,55,66718990336,8589930496,22917636096,524288
199,1790686118887,444102.60676574707,3050,0,0.21875,91690.06449890137,48800,2,0.63125,93220.98970031738,48800,2,0.63125,95882.04347229004,48800,2,0.63125,98829.71673583984,48800,2,0.63125,90446.0620880127,48800,2,0.63125,88307.37110900879,48800,2,0.63125,140679.48332214355,3050,0,0.21875,145674.6234741211,3050,0,0.21875,145992.75985717773,3050,0,0.21875,357510.52046203613,3050,2,0.21875,141455.42764282227,3050,2,0.21875,135588.8923187256,3050,2,0.21875,135668.6694946289,3050,2,0.21875,94517.15794372559,48800,2,0.63125,96670.89695739746,48800,2,0.63125,8075454.339614868,3547,5378,400,3269,400,2411,400,400,400,400,400,400,2926,400,400,400,4878,400,400,400,400,3142,400,400,400,2514,2458,400,400,400,5058,5045,100,5,55,0,0,10,52.38095474243164,45,0,50,0,52.6315803527832,50,0,0,5,28.571430206298828,0,0,0,50,52.6315803527832,45,10.526315689086914,0,0,52.38095474243164,50,42.85714340209961,50,50,55,20475,15889,85213,63,40,20475,13174,83648,67,53,66718990336,8589930496,22913712128,524288
199,1790686119087,444104.80859375,3050,0,0.22499999999999987,91690.29763793945,16133.333333333334,2,0.56875,93221.22535705566,16133.333333333334,0,0.56875,95882.21762084961,16133.333333333334,2,0.56875,98829.94903564453,16133.333333333334,2,0.56875,90446.27041625977,16133.333333333334,2,0.56875,88307.54463195801,16133.333333333334,0,0.56875,140679.7716217041,3050,2,0.22499999999999987,145674.91143798828,3050,0,0.22499999999999987,145993.09449768066,3050,0,0.22499999999999987,357510.8006286621,3050,2,0.22499999999999987,141455.80519104004,3050,2,0.22499999999999987,135589.1683807373,3050,0,0.22499999999999987,135668.94303894043,3050,0,0.22499999999999987,94517.32943725586,16133.333333333334,2,0.56875,96671.12901306152,16133.333333333334,2,0.56875,8075474.760314941,3547,5378,400,3269,400,2411,400,400,400,400,400,400,2926,400,400,400,4878,400,400,400,400,3142,400,400,400,2514,2458,400,400,400,5058,5045,100,0,50,0,0,0,52.6315803527832,55,0,55,0,52.38095474243164,50,0,0,0,0,0,0,0,55,52.38095474243164,52.6315803527832,9.523809432983398,0,0,52.6315803527832,55,50,55,55,52.6315803527832,20475,15889,85839,64,45,20475,13174,83522,65,46,66718990336,8589930496,22903791616,524288
199,1790686119287,444107.0075378418,3050,0,0.22499999999999987,91690.51258850098,48800,2,0.93125,93221.47119140625,48800,2,0.93125,95882.4087677002,48800,2,0.93125,98830.1773071289,48800,2,0.93125,90446.48876953125,48800,2,0.93125,88307.72792053223,48800,2,0.93125,140680.09162902832,3050,2,0.22499999999999987,145675.21856689453,3050,2,0.22499999999999987,145993.38314819336,3050,2,0.22499999999999987,357511.27069091797,3050,0,0.22499999999999987,141456.18531799316,3050,2,0.22499999999999987,135589.45426940918,3050,2,0.22499999999999987,135669.2308807373,3050,2,0.22499999999999987,94517.5220336914,48800,2,0.93125,96671.38386535645,48800,2,0.93125,8075495.672103882,3547,5378,400,3269,400,2411,400,400,400,400,400,400,2926,400,400,400,4878,400,400,400,400,3142,400,400,400,2514,2458,400,400,400,5058,5045,100,5,55,0,0,0,52.38095474243164,50,0,52.38095474243164,0,55,55,0,0,0,0,0,0,0,50,52.6315803527832,52.38095474243164,0,0,0,63.6363639831543,52.38095474243164,55,50,52.38095474243164,52.38095474243164,20475,15889,85870,65,53,20475,13174,83557,65,46,66718990336,8589930496,22910910464,524288
199,1790686119487,444109.2114715576,3050,0,0.23124999999999996,91690.68118286133,16133.333333333334,0,0.3999999999999999,93221.70372009277,16133.333333333334,0,0.3999999999999999,95882.58235168457,16133.333333333334,0,0.3999999999999999,98830.3454284668,16133.333333333334,0,0.3999999999999999,90446.69442749023,16133.333333333334,0,0.3999999999999999,88307.89683532715,16133.333333333334,0,0.3999999999999999,140680.45835876465,3050,0,0.23124999999999996,145675.5203857422,3050,0,0.23124999999999996,145993.6530456543,3050,0,0.23124999999999996,357511.63510131836,3050,0,0.23124999999999996,141456.54550170898,3050,0,0.23124999999999996,135589.7237701416,3050,0,0.23124999999999996,135669.49772644043,3050,0,0.23124999999999996,94517.69044494629,16133.333333333334,0,0.3999999999999999,96671.61328125,16133.333333333334,0,0.3999999999999999,8075516.047317505,3547,5378,400,3269,400,2411,400,400,400,400,400,400,2926,400,400,400,4878,400,400,400,400,3142,400,400,400,2514,2458,400,400,400,5058,5045,100,5,55,0,0,0,52.38095474243164,50,0,52.38095474243164,0,55,55,0,0,0,0,0,0,0,50,52.6315803527832,52.38095474243164,0,0,0,63.6363639831543,52.38095474243164,55,50,52.38095474243164,52.38095474243164,20475,15889,85358,64,51,20475,13174,84167,66,54,66718990336,8589930496,22915039232,524288
199,1790686119687,444111.4179534912,3050,0,0.23124999999999996,91690.83483886719,16133.333333333334,0,0.3999999999999999,93221.91510009766,16133.333333333334,0,0.3999999999999999,95882.74026489258,16133.333333333334,0,0.3999999999999999,98830.4990234375,16133.333333333334,0,0.3999999999999999,90446.88124084473,16133.333333333334,0,0.3999999999999999,88308.04991149902,16133.333333333334,0,0.3999999999999999,140680.81610107422,3050,0,0.23124999999999996,145675.77821350098,3050,0,0.23124999999999996,145993.9194946289,3050,0,0.23124999999999996,357511.99032592773,3050,0,0.23124999999999996,141456.8758392334,3050,0,0.23124999999999996,135589.97402954102,3050,0,0.23124999999999996,135669.74420166016,3050,0,0.23124999999999996,94517.84359741211,16133.333333333334,0,0.3999999999999999,96671.82228088379,16133.333333333334,0,0.3999999999999999,8075536.072021484,3547,5378,400,3269,400,2411,400,400,400,400,400,400,2926,400,400,400,4878,400,400,400,400,3142,400,400,400,2514,2458,400,400,400,5058,5045,100,0,50,0,0,0,50,50,0,50,0,50,51.219512939453125,0,0,0,0,0,0,0,50,50,50,0,0,0,64.10256958007813,50,50,50,50,50,20475,15889,85226,63,42,20475,13174,84178,67,55,66718990336,8589930496,22915035136,524288
199,1790686119887,444112.9163970947,3050,0,0.23124999999999996,91691.01260375977,16133.333333333334,0,0.38749999999999996,93222.18360900879,16133.333333333334,0,0.38749999999999996,95882.90397644043,16133.333333333334,0,0.38749999999999996,98830.6577758789,16133.333333333334,0,0.38749999999999996,90447.07405090332,16133.333333333334,0,0.38749999999999996,88308.20439147949,16133.333333333334,0,0.38749999999999996,140681.16792297363,3050,0,0.23124999999999996,145676.04711914063,3050,0,0.23124999999999996,145994.19638061523,3050,0,0.23124999999999996,357512.28939819336,3050,0,0.23124999999999996,141457.23545837402,3050,0,0.23124999999999996,135590.22639465332,3050,0,0.23124999999999996,135669.99197387695,3050,0,0.23124999999999996,94518.00157165527,16133.333333333334,0,0.38749999999999996,96672.52726745605,16133.333333333334,0,0.38749999999999996,8075555.825363159,3547,5378,400,3269,400,2411,400,400,400,400,400,400,2926,400,400,400,4878,400,400,400,400,3142,400,400,400,2514,2458,400,400,400,5058,5045,65,0,47.619049072265625,20,0,0,50,50,0,47.36842346191406,0,45,47.36842346191406,0,5,0,0,0,0,15.000000953674316,50,47.619049072265625,47.36842346191406,4.761904716491699,0,0,50,47.36842346191406,45,50,47.36842346191406,65,20475,15889,85273,63,40,20475,13174,83596,67,50,66718990336,8589930496,22914658304,524288
199,1790686120087,444114.8512878418,3050,0,0.23124999999999996,91691.16702270508,16133.333333333334,0,0.3999999999999999,93222.39295959473,16133.333333333334,0,0.3999999999999999,95883.06176757813,16133.333333333334,0,0.3999999999999999,98830.81300354004,16133.333333333334,0,0.3999999999999999,90447.26153564453,16133.333333333334,0,0.3999999999999999,88308.35508728027,16133.333333333334,0,0.3999999999999999,140681.51528930664,3050,0,0.23124999999999996,145676.32745361328,3050,0,0.23124999999999996,145994.44522094727,3050,0,0.23124999999999996,357512.5451812744,3050,0,0.23124999999999996,141457.5926208496,3050,0,0.23124999999999996,135590.47485351563,3050,0,0.23124999999999996,135670.2375640869,3050,0,0.23124999999999996,94518.15574645996,16133.333333333334,0,0.3999999999999999,96672.90362548828,16133.333333333334,0,0.3999999999999999,8075575.64894104,3547,5378,400,3269,400,2411,400,400,400,400,400,400,2926,400,400,400,4878,400,400,400,400,3142,400,400,400,2514,2458,400,400,400,5058,5045,95.23809814453125,0,0,0,0,0,45,45,0,45,0,47.36842346191406,50,0,5.263157844543457,0,0,0,0,50,45,47.36842346191406,47.619049072265625,4.761904716491699,0,0,47.619049072265625,45,47.36842346191406,45,45,50,20475,15889,85811,65,48,20475,13174,83529,65,46,66718990336,8589930496,22915313664,524288
199,1790686120287,444117.05003356934,3050,0,0.23124999999999996,91691.3355102539,16133.333333333334,0,0.3999999999999999,93222.60229492188,16133.333333333334,0,0.3999999999999999,95883.22077941895,16133.333333333334,0,0.3999999999999999,98830.96838378906,16133.333333333334,0,0.3999999999999999,90447.44956970215,16133.333333333334,0,0.3999999999999999,88308.51065063477,16133.333333333334,0,0.3999999999999999,140681.87423706055,3050,0,0.23124999999999996,145676.59274291992,3050,0,0.23124999999999996,145994.80772399902,3050,0,0.23124999999999996,357512.8123931885,3050,0,0.23124999999999996,141457.95755004883,3050,0,0.23124999999999996,135590.72729492188,3050,0,0.23124999999999996,135670.50035095215,3050,0,0.23124999999999996,94518.31015014648,16133.333333333334,0,0.3999999999999999,96673.1378326416,16133.333333333334,0,0.3999999999999999,8075595.746810913,3547,5378,400,3269,400,2411,400,400,400,400,400,400,2926,400,400,400,4878,400,400,400,400,3142,400,400,400,2514,2458,400,400,400,5058,5045,100,0,0,0,0,0,45,45,0,47.619049072265625,0,47.619049072265625,45,0,4.761904716491699,0,0,0,0,45,47.619049072265625,47.619049072265625,47.36842346191406,10.526315689086914,0,0,47.36842346191406,50,47.619049072265625,47.619049072265625,50,50,20475,15889,85866,65,53,20475,13174,83802,66,46,66718990336,8589930496,22921199616,524288
199,1790686120487,444119.26945495605,3050,0,0.22499999999999987,91691.49543762207,48800,2,0.925,93222.81903076172,48800,2,0.925,95883.38456726074,48800,2,0.925,98831.1279296875,48800,2,0.925,90447.64462280273,48800,2,0.925,88308.67079162598,48800,2,0.925,140682.2265625,3050,2,0.22499999999999987,145676.8631286621,3050,2,0.22499999999999987,145995.20639038086,3050,0,0.22499999999999987,357513.08238220215,3050,0,0.22499999999999987,141458.29747009277,3050,2,0.22499999999999987,135590.98803710938,3050,2,0.22499999999999987,135670.75856018066,3050,2,0.22499999999999987,94518.4697265625,48800,2,0.925,96673.35429382324,48800,2,0.925,8075615.946350098,3547,5378,400,3269,400,2411,400,400,400,400,400,400,2926,400,400,400,4878,400,400,400,400,3142,400,400,400,2514,2458,400,400,400,5058,5045,100,0,0,0,0,0,50,50,0,50,0,50,50,0,0,0,0,0,0,50,47.36842346191406,50,47.619049072265625,15.000000953674316,0,0,50,47.619049072265625,50,50,47.619049072265625,47.36842346191406,20475,15889,85070,64,49,20475,13174,84290,67,55,66718990336,8589930496,22921199616,524288
199,1790686120687,444121.47651672363,3050,0,0.22499999999999987,91691.66790771484,48800,2,0.925,93223.04888916016,48800,2,0.925,95883.55711364746,48800,2,0.925,98831.29678344727,48800,2,0.925,90447.85118103027,48800,2,0.925,88308.83978271484,48800,2,0.925,140682.59594726563,3050,2,0.22499999999999987,145677.18629455566,3050,2,0.22499999999999987,145995.57369995117,3050,2,0.22499999999999987,357513.3772583008,3050,0,0.22499999999999987,141458.65940856934,3050,2,0.22499999999999987,135591.30696105957,3050,0,0.22499999999999987,135671.03559875488,3050,2,0.22499999999999987,94518.63847351074,48800,2,0.925,96673.58383178711,48800,2,0.925,8075636.32572937,3547,5378,400,3269,400,2411,400,400,400,400,400,400,2926,400,400,400,4878,400,400,400,400,3142,400,400,400,2514,2458,400,400,400,5058,5045,100,0,0,0,0,0,55,55,0,52.6315803527832,52.6315803527832,50,20,0,0,0,0,0,0,55,55,50,52.6315803527832,0,0,0,47.36842346191406,52.6315803527832,47.36842346191406,52.6315803527832,52.6315803527832,52.38095474243164,20475,15889,85044,63,42,20475,13174,84303,67,54,66718990336,8589930496,22913458176,524288
199,1790686120887,444123.68768310547,3050,0,0.21875,91691.84455871582,48800,2,0.925,93223.2840423584,48800,2,0.925,95883.75067138672,48800,2,0.925,98831.47090148926,48800,2,0.925,90448.06184387207,48800,2,0.925,88309.01084899902,48800,2,0.925,140683.01727294922,3050,2,0.21875,145677.53225708008,3050,0,0.21875,145995.94094848633,3050,0,0.21875,357513.66677856445,3050,0,0.21875,141459.02764892578,3050,2,0.21875,135591.65322875977,3050,2,0.21875,135671.3136138916,3050,2,0.21875,94518.81164550781,48800,2,0.925,96673.82318115234,48800,2,0.925,8075656.9783325195,3547,5378,400,3269,400,2411,400,400,400,400,400,400,2926,400,400,400,4878,400,400,400,400,3142,400,400,400,2514,2458,400,400,400,5058,5045,100,25,0,0,0,0,50,50,0,52.38095474243164,52.38095474243164,55,10,0,10,0,0,0,0,50,50,50,52.38095474243164,0,0,0,55,45,52.38095474243164,52.38095474243164,52.38095474243164,52.6315803527832,20475,15889,85243,64,40,20475,13174,83503,66,47,66718990336,8589930496,22955081728,524288
199,1790686121087,444125.2814178467,3050,0,0.22499999999999987,91692.02099609375,48800,2,0.925,93223.51770019531,48800,2,0.925,95884.17770385742,48800,2,0.925,98831.64302062988,48800,2,0.925,90448.27247619629,48800,2,0.925,88309.18312072754,48800,2,0.925,140683.50213623047,3050,0,0.22499999999999987,145677.8280029297,3050,2,0.22499999999999987,145996.3772277832,3050,0,0.22499999999999987,357513.9512786865,3050,0,0.22499999999999987,141459.39022827148,3050,2,0.22499999999999987,135591.99349975586,3050,2,0.22499999999999987,135671.58735656738,3050,2,0.22499999999999987,94518.98408508301,48800,2,0.925,96674.12002563477,48800,2,0.925,8075677.20904541,3547,5378,400,3269,400,2411,400,400,400,400,400,400,2926,400,400,400,4878,400,400,400,400,3142,400,400,400,2514,2458,400,400,400,5058,5045,89.47368621826172,15.000000953674316,0,0,42.105262756347656,4.761904716491699,55,55,0,52.6315803527832,52.6315803527832,50,9.523809432983398,0,30.000001907348633,0,0,0,0,55,55,0,55,10,0,0,52.38095474243164,25,52.6315803527832,52.6315803527832,52.6315803527832,57.142860412597656,20475,15889,85885,65,51,20475,13174,83538,65,44,66718990336,8589930496,22953566208,524288
199,1790686121288,444127.4792175293,3050,0,0.21875,91692.20634460449,48800,2,0.925,93223.7494506836,48800,2,0.925,95884.39837646484,48800,2,0.925,98831.85774230957,48800,2,0.925,90448.49919128418,48800,2,0.925,88309.36332702637,48800,2,0.925,140683.8885345459,3050,0,0.21875,145678.10774230957,3050,2,0.21875,145996.77339172363,3050,2,0.21875,357514.3040161133,3050,0,0.21875,141459.7639465332,3050,2,0.21875,135592.31210327148,3050,2,0.21875,135671.87438964844,3050,2,0.21875,94519.16453552246,48800,2,0.925,96674.3299407959,48800,2,0.925,8075697.977645874,3547,5378,400,3269,400,2411,400,400,400,400,400,400,2926,400,400,400,4878,400,400,400,400,3142,400,400,400,2514,2458,400,400,400,5058,5045,100,0,0,5,55,0,50,50,0,52.38095474243164,52.38095474243164,55,0,0,0,0,0,0,0,50,50,0,52.6315803527832,5,0,4.761904716491699,60.000003814697266,55,52.38095474243164,52.38095474243164,55,52.6315803527832,20475,15889,85685,65,51,20475,13174,84094,66,48,66718990336,8589930496,22936363008,524288
199,1790686121487,444129.6719970703,3050,0,0.23124999999999996,91692.36695861816,16133.333333333334,0,0.3999999999999999,93223.91316223145,16133.333333333334,0,0.3999999999999999,95884.56323242188,16133.333333333334,0,0.3999999999999999,98832.07640075684,16133.333333333334,0,0.3999999999999999,90448.71867370605,16133.333333333334,0,0.3999999999999999,88309.52403259277,16133.333333333334,0,0.3999999999999999,140684.2547302246,3050,0,0.23124999999999996,145678.37882995605,3050,0,0.23124999999999996,145997.09786987305,3050,0,0.23124999999999996,357514.7045288086,3050,0,0.23124999999999996,141460.10748291016,3050,0,0.23124999999999996,135592.5712890625,3050,0,0.23124999999999996,135672.13606262207,3050,0,0.23124999999999996,94519.32554626465,16133.333333333334,0,0.3999999999999999,96674.49063110352,16133.333333333334,0,0.3999999999999999,8075718.301559448,3547,5378,400,3269,400,2411,400,400,400,400,400,400,2926,400,400,400,4878,400,400,400,400,3142,400,400,400,2514,2458,400,400,400,5058,5045,100,0,0,5,55,0,50,50,0,52.38095474243164,52.38095474243164,55,0,0,0,0,0,0,0,50,50,0,52.6315803527832,5,0,4.761904716491699,60.000003814697266,55,52.38095474243164,52.38095474243164,55,52.6315803527832,20475,15889,85067,63,45,20475,13174,84288,68,56,66718990336,8589930496,22928101376,524288
199,1790686121688,444131.8918762207,3050,0,0.23124999999999996,91692.51963806152,16133.333333333334,0,0.3999999999999999,93224.06782531738,16133.333333333334,0,0.3999999999999999,95884.71604919434,16133.333333333334,0,0.3999999999999999,98832.28379821777,16133.333333333334,0,0.3999999999999999,90448.92669677734,16133.333333333334,0,0.3999999999999999,88309.67645263672,16133.333333333334,0,0.3999999999999999,140684.59999084473,3050,0,0.23124999999999996,145678.64477539063,3050,0,0.23124999999999996,145997.4083557129,3050,0,0.23124999999999996,357515.05143737793,3050,0,0.23124999999999996,141460.4774017334,3050,0,0.23124999999999996,135592.82136535645,3050,0,0.23124999999999996,135672.38594055176,3050,0,0.23124999999999996,94519.47831726074,16133.333333333334,0,0.3999999999999999,96674.64234924316,16133.333333333334,0,0.3999999999999999,8075738.363937378,3547,5378,400,3269,400,2411,400,400,400,400,400,400,2926,400,400,400,4878,400,400,400,400,3142,400,400,400,2514,2458,400,400,400,5058,5045,100,0,0,0,47.5,0,50,50,0,48.71794891357422,48.71794891357422,47.5,0,0,2.5,0,0,0,0,50,50,0,47.5,2.5641026496887207,0,0,57.5,47.5,48.71794891357422,48.71794891357422,47.5,48.780487060546875,20475,15889,85069,63,40,20475,13174,83996,67,54,66718990336,8589930496,22944358400,524288
199,1790686121888,444134.1040496826,3050,0,0.23124999999999996,91692.67338562012,16133.333333333334,0,0.3999999999999999,93224.22392272949,16133.333333333334,0,0.3999999999999999,95884.87168884277,16133.333333333334,0,0.3999999999999999,98832.49446105957,16133.333333333334,0,0.3999999999999999,90449.1392211914,16133.333333333334,0,0.3999999999999999,88309.85902404785,16133.333333333334,0,0.3999999999999999,140684.93412780762,3050,0,0.23124999999999996,145678.9119567871,3050,0,0.23124999999999996,145997.7227783203,3050,0,0.23124999999999996,357515.39639282227,3050,0,0.23124999999999996,141460.80587768555,3050,0,0.23124999999999996,135593.07432556152,3050,0,0.23124999999999996,135672.6364440918,3050,0,0.23124999999999996,94519.63185119629,16133.333333333334,0,0.3999999999999999,96674.79484558105,16133.333333333334,0,0.3999999999999999,8075758.391845703,3547,5378,400,3269,400,2411,400,400,400,400,400,400,2926,400,400,400,4878,400,400,400,400,3142,400,400,400,2514,2458,400,400,400,5058,5045,100,5.263157844543457,0,0,47.619049072265625,0,45,45,0,42.85714340209961,33.333335876464844,50,15.000000953674316,0,10,0,0,0,0,45,45,0,47.619049072265625,14.285715103149414,0,5,45,38.095237731933594,45,47.619049072265625,47.619049072265625,45,20475,15889,85890,64,47,20475,13174,83527,66,46,66718990336,8589930496,22956376064,524288
199,1790686122088,444136.3063812256,3050,0,0.23124999999999996,91692.82820129395,16133.333333333334,0,0.3999999999999999,93224.38117980957,16133.333333333334,0,0.3999999999999999,95885.03317260742,16133.333333333334,0,0.3999999999999999,98832.70907592773,16133.333333333334,0,0.3999999999999999,90449.35594177246,16133.333333333334,0,0.3999999999999999,88310.04344177246,16133.333333333334,0,0.3999999999999999,140685.28575134277,3050,0,0.23124999999999996,145679.19311523438,3050,0,0.23124999999999996,145998.01556396484,3050,0,0.23124999999999996,357515.73570251465,3050,0,0.23124999999999996,141461.13618469238,3050,0,0.23124999999999996,135593.32859802246,3050,0,0.23124999999999996,135672.88731384277,3050,0,0.23124999999999996,94519.78608703613,16133.333333333334,0,0.3999999999999999,96674.94757080078,16133.333333333334,0,0.3999999999999999,8075778.518615723,3547,5378,400,3269,400,2411,400,400,400,400,400,400,2926,400,400,400,4878,400,400,400,400,3142,400,400,400,2514,2458,400,400,400,5058,5045,100,0,0,0,47.36842346191406,0,50,47.619049072265625,4.761904716491699,47.36842346191406,0,45,47.36842346191406,0,45,0,0,0,0,50,50,0,47.36842346191406,5,0,15.000000953674316,60.000003814697266,0,50,47.36842346191406,47.36842346191406,50,20475,15889,85876,65,53,20475,13174,83624,65,46,66718990336,8589930496,22937477120,524288
199,1790686122288,444138.50982666016,3050,0,0.22499999999999987,91692.98538208008,16133.333333333334,0,0.40625,93224.5396118164,16133.333333333334,0,0.40625,95885.19021606445,16133.333333333334,0,0.40625,98832.91773986816,16133.333333333334,0,0.40625,90449.57093811035,16133.333333333334,0,0.40625,88310.19869995117,16133.333333333334,0,0.40625,140685.66389465332,3050,0,0.22499999999999987,145679.4720916748,3050,0,0.22499999999999987,145998.28973388672,3050,0,0.22499999999999987,357515.9991760254,3050,0,0.23750000000000004,141461.53887939453,3050,0,0.23750000000000004,135593.58145141602,3050,0,0.23750000000000004,135673.14140319824,3050,0,0.23750000000000004,94519.94102478027,16133.333333333334,0,0.40625,96675.1068725586,16133.333333333334,0,0.40625,8075798.611785889,3547,5378,400,3269,400,2411,400,400,400,400,400,400,2926,400,400,400,4878,400,400,400,400,3142,400,400,400,2514,2458,400,400,400,5058,5045,100,4.761904716491699,0,0,47.619049072265625,0,45,47.36842346191406,0,47.619049072265625,0,50,47.619049072265625,0,47.36842346191406,0,0,0,0,45,45,0,47.619049072265625,0,0,0,45,15.000000953674316,45,47.619049072265625,45,45,20475,15889,85397,65,51,20475,13174,84374,67,53,66718990336,8589930496,22962372608,524288
199,1790686122488,444140.7103881836,3050,0,0.22499999999999987,91693.15414428711,48800,2,0.93125,93224.71145629883,48800,2,0.93125,95885.35870361328,48800,2,0.93125,98833.1473236084,48800,2,0.93125,90449.80323791504,48800,2,0.93125,88310.36650085449,48800,2,0.93125,140686.02769470215,3050,0,0.22499999999999987,145679.75399780273,3050,0,0.22499999999999987,145998.5675201416,3050,2,0.22499999999999987,357516.2762451172,3050,0,0.22499999999999987,141461.95405578613,3050,0,0.22499999999999987,135593.85427856445,3050,2,0.22499999999999987,135673.41413879395,3050,2,0.22499999999999987,94520.10998535156,48800,2,0.93125,96675.27404785156,48800,2,0.93125,8075818.917877197,3547,5378,400,3269,400,2411,400,400,400,400,400,400,2926,400,400,400,4878,400,400,400,400,3142,400,400,400,2514,2458,400,400,400,5058,5045,100,0,0,0,52.6315803527832,0,50,50,0,50,0,50,52.6315803527832,0,52.38095474243164,0,0,0,0,52.38095474243164,52.38095474243164,0,52.6315803527832,0,0,0,50,20,52.38095474243164,50,52.38095474243164,52.6315803527832,20475,15889,85067,63,42,20475,13174,84383,68,54,66718990336,8589930496,22962372608,524288
199,1790686122688,444142.91778564453,3050,0,0.21875,91693.3282623291,48800,2,0.925,93224.88687133789,48800,2,0.925,95885.5327911377,48800,2,0.925,98833.38105773926,48800,2,0.925,90450.03967285156,48800,2,0.925,88310.5390625,48800,2,0.925,140686.39897155762,3050,0,0.21875,145680.0792541504,3050,2,0.21875,145998.8748779297,3050,0,0.21875,357516.5635986328,3050,0,0.21875,141462.3177947998,3050,2,0.21875,135594.13040161133,3050,2,0.21875,135673.68858337402,3050,2,0.21875,94520.28288269043,48800,2,0.925,96675.44523620605,48800,2,0.925,8075839.491882324,3547,5378,400,3269,400,2411,400,400,400,400,400,400,2926,400,400,400,4878,400,400,400,400,3142,400,400,400,2514,2458,400,400,400,5058,5045,100,0,0,0,52.38095474243164,0,55,55,0,52.6315803527832,0,52.38095474243164,55,0,52.6315803527832,55,4.761904716491699,0,0,52.6315803527832,52.6315803527832,0,52.38095474243164,10,0,0,55,0,0,52.6315803527832,52.6315803527832,52.38095474243164,20475,15889,85083,64,40,20475,13174,83790,67,51,66718990336,8589930496,22955388928,524288
199,1790686122888,444145.1096801758,3050,0,0.21875,91693.49932861328,48800,2,0.60625,93225.0608215332,48800,2,0.60625,95885.70419311523,48800,2,0.60625,98833.61357116699,48800,2,0.60625,90450.27583312988,48800,2,0.60625,88310.70921325684,48800,2,0.60625,140686.77740478516,3050,2,0.21875,145680.36686706543,3050,2,0.21875,145999.16731262207,3050,2,0.21875,357516.89167785645,3050,0,0.21875,141462.69300842285,3050,0,0.21875,135594.40655517578,3050,2,0.21875,135673.9661102295,3050,2,0.21875,94520.46351623535,48800,2,0.60625,96675.61483764648,48800,2,0.60625,8075859.894241333,3547,5378,400,3269,400,2411,400,400,400,400,400,400,2926,400,400,400,4878,400,400,400,400,3142,400,400,400,2514,2458,400,400,400,5058,5045,100,0,0,0,52.38095474243164,0,55,55,0,52.6315803527832,0,52.38095474243164,55,0,52.6315803527832,55,4.761904716491699,0,0,52.6315803527832,52.6315803527832,0,52.38095474243164,10,0,0,55,0,0,52.6315803527832,52.6315803527832,52.38095474243164,20475,15889,85870,65,47,20475,13174,83603,65,46,66718990336,8589930496,22936887296,524288
199,1790686123088,444147.31370544434,3050,0,0.22499999999999987,91693.67166137695,48800,2,0.925,93225.2352142334,48800,2,0.925,95885.88258361816,48800,2,0.925,98833.84573364258,48800,2,0.925,90450.51493835449,48800,2,0.925,88310.87983703613,48800,2,0.925,140687.15129089355,3050,2,0.22499999999999987,145680.75619506836,3050,0,0.22499999999999987,145999.44564819336,3050,2,0.22499999999999987,357517.17193603516,3050,2,0.22499999999999987,141463.1076812744,3050,2,0.22499999999999987,135594.6418609619,3050,2,0.22499999999999987,135674.23545837402,3050,2,0.22499999999999987,94520.68273925781,48800,2,0.925,96675.7897644043,48800,2,0.925,8075880.534805298,3547,5378,400,3269,400,2411,400,400,400,400,400,400,2926,400,400,400,4878,400,400,400,400,3142,400,400,400,2514,2458,400,400,400,5058,5045,100,2.5,0,0,52.499996185302734,37.5,52.499996185302734,52.499996185302734,0,53.658538818359375,0,53.84615707397461,52.499996185302734,0,52.499996185302734,30.000001907348633,0,25,0,52.499996185302734,52.499996185302734,0,12.820513725280762,0,0,0,55,17.073171615600586,17.948719024658203,53.658538818359375,36.585365295410156,52.499996185302734,20475,15889,85937,65,51,20475,13174,83782,66,44,66718990336,8589930496,22970249216,524288
199,1790686123288,444149.5182495117,3050,0,0.23124999999999996,91693.84962463379,16133.333333333334,0,0.39375000000000004,93225.4793548584,16133.333333333334,0,0.39375000000000004,95886.05924987793,16133.333333333334,0,0.39375000000000004,98834.08264160156,16133.333333333334,0,0.39375000000000004,90450.75682067871,16133.333333333334,0,0.39375000000000004,88311.05491638184,16133.333333333334,0,0.39375000000000004,140687.54293823242,3050,0,0.23124999999999996,145681.14445495605,3050,0,0.23124999999999996,145999.83026123047,3050,0,0.23124999999999996,357517.4966278076,3050,0,0.23124999999999996,141463.4380645752,3050,0,0.23124999999999996,135594.92350769043,3050,0,0.23124999999999996,135674.52983093262,3050,0,0.23124999999999996,94520.88375854492,16133.333333333334,0,0.39375000000000004,96675.96794128418,16133.333333333334,0,0.39375000000000004,8075900.969451904,3547,5378,400,3269,400,2411,400,400,400,400,400,400,2926,400,400,400,4878,400,400,400,400,3142,400,400,400,2514,2458,400,400,400,5058,5045,100,2.5,0,0,52.499996185302734,37.5,52.499996185302734,52.499996185302734,0,53.658538818359375,0,53.84615707397461,52.499996185302734,0,52.499996185302734,30.000001907348633,0,25,0,52.499996185302734,52.499996185302734,0,12.820513725280762,0,0,0,55,17.073171615600586,17.948719024658203,53.658538818359375,36.585365295410156,52.499996185302734,20475,15889,85157,64,50,20475,13174,84312,68,56,66718990336,8589930496,22959149056,524288
199,1790686123488,444151.73052978516,3050,0,0.23124999999999996,91694.00241088867,16133.333333333334,0,0.3999999999999999,93225.63121032715,16133.333333333334,0,0.3999999999999999,95886.21215820313,16133.333333333334,0,0.3999999999999999,98834.28930664063,16133.333333333334,0,0.3999999999999999,90450.96510314941,16133.333333333334,0,0.3999999999999999,88311.20681762695,16133.333333333334,0,0.3999999999999999,140687.89561462402,3050,0,0.23124999999999996,145681.56094360352,3050,0,0.23124999999999996,146000.13215637207,3050,0,0.23124999999999996,357517.7999267578,3050,0,0.23124999999999996,141463.7089691162,3050,0,0.23124999999999996,135595.17362976074,3050,0,0.23124999999999996,135674.77647399902,3050,0,0.23124999999999996,94521.07929992676,16133.333333333334,0,0.3999999999999999,96676.11962890625,16133.333333333334,0,0.3999999999999999,8075920.9474487305,3547,5378,400,3269,400,2411,400,400,400,400,400,400,2926,400,400,400,4878,400,400,400,400,3142,400,400,400,2514,2458,400,400,400,5058,5045,100,0,0,0,50,50,50,50,0,50,2.4390242099761963,48.780487060546875,57.5,0,50,0,0,50,0,50,50,0,0,5.128205299377441,0,0,52.499996185302734,0,50,50,0,50,20475,15889,85163,63,42,20475,13174,84309,67,56,66718990336,8589930496,22938558464,524288
199,1790686123688,444153.8778991699,3050,0,0.23124999999999996,91694.15519714355,16133.333333333334,0,0.3999999999999999,93225.78312683105,16133.333333333334,0,0.3999999999999999,95886.36499023438,16133.333333333334,0,0.3999999999999999,98834.49557495117,16133.333333333334,0,0.3999999999999999,90451.17335510254,16133.333333333334,0,0.3999999999999999,88311.35958862305,16133.333333333334,0,0.3999999999999999,140688.2420501709,3050,0,0.23124999999999996,145681.95697021484,3050,0,0.23124999999999996,146000.44261169434,3050,0,0.23124999999999996,357518.13359069824,3050,0,0.23124999999999996,141463.96922302246,3050,0,0.23124999999999996,135595.4229736328,3050,0,0.23124999999999996,135675.02151489258,3050,0,0.23124999999999996,94521.27452087402,16133.333333333334,0,0.3999999999999999,96676.27061462402,16133.333333333334,0,0.3999999999999999,8075940.960006714,3547,5378,400,3269,400,2411,400,400,400,400,400,400,2926,400,400,400,4878,400,400,400,400,3142,400,400,400,2514,2458,400,400,400,5058,5045,75,0,0,0,47.36842346191406,45,47.619049072265625,45,23.809524536132813,45,0,47.36842346191406,50,10,47.619049072265625,0,0,47.619049072265625,0,50,47.619049072265625,0,0,0,0,0,47.36842346191406,0,45,45,0,47.36842346191406,20475,15889,85354,64,40,20475,13174,83496,66,48,66718990336,8589930496,22955847680,524288
199,1790686123888,444156.1117248535,3050,0,0.23124999999999996,91694.30708312988,16133.333333333334,0,0.3999999999999999,93225.93447875977,16133.333333333334,0,0.3999999999999999,95886.51725769043,16133.333333333334,0,0.3999999999999999,98834.70259094238,16133.333333333334,0,0.3999999999999999,90451.38017272949,16133.333333333334,0,0.3999999999999999,88311.51335144043,16133.333333333334,0,0.3999999999999999,140688.56903076172,3050,0,0.23124999999999996,145682.29678344727,3050,0,0.23124999999999996,146000.7492980957,3050,0,0.23124999999999996,357518.5468597412,3050,0,0.23124999999999996,141464.22575378418,3050,0,0.23124999999999996,135595.6738433838,3050,0,0.23124999999999996,135675.2737121582,3050,0,0.23124999999999996,94521.46934509277,16133.333333333334,0,0.3999999999999999,96676.42127990723,16133.333333333334,0,0.3999999999999999,8075960.953735352,3547,5378,400,3269,400,2411,400,400,400,400,400,400,2926,400,400,400,4878,400,400,400,400,3142,400,400,400,2514,2458,400,400,400,5058,5045,10,23.809524536132813,0,0,47.619049072265625,50,47.36842346191406,50,90,25,0,47.619049072265625,47.619049072265625,10,47.36842346191406,0,0,47.36842346191406,0,45,47.36842346191406,0,0,0,0,0,47.619049072265625,0,47.619049072265625,47.36842346191406,0,47.619049072265625,20475,15889,86012,66,52,20475,13174,83567,65,44,66718990336,8589930496,22951538688,524288
199,1790686124088,444158.3255767822,3050,0,0.22499999999999987,91694.46615600586,16133.333333333334,0,0.40625,93226.0933227539,16133.333333333334,0,0.40625,95886.67929077148,16133.333333333334,0,0.40625,98834.93898010254,16133.333333333334,0,0.40625,90451.59278869629,16133.333333333334,0,0.40625,88311.6748046875,16133.333333333334,0,0.40625,140688.91145324707,3050,0,0.22499999999999987,145682.65536499023,3050,0,0.22499999999999987,146001.14004516602,3050,0,0.22499999999999987,357518.8204803467,3050,0,0.22499999999999987,141464.48481750488,3050,0,0.22499999999999987,135595.93034362793,3050,0,0.22499999999999987,135675.53253173828,3050,0,0.22499999999999987,94521.67474365234,16133.333333333334,0,0.40625,96676.58512878418,16133.333333333334,0,0.40625,8075981.270172119,3547,5378,400,3269,400,2411,400,400,400,400,400,400,2926,400,400,400,4878,400,400,400,400,3142,400,400,400,2514,2458,400,400,400,5058,5045,100,47.36842346191406,0,0,45,45,45,45,0,0,0,47.36842346191406,45,0,47.619049072265625,0,0,47.619049072265625,0,45,47.619049072265625,4.761904716491699,23.809524536132813,14.285715103149414,0,0,50,0,47.36842346191406,47.619049072265625,0,47.36842346191406,20475,15889,85828,65,51,20475,13174,84094,67,50,66718990336,8589930496,22975385600,524288
199,1790686124288,444160.53660583496,3050,0,0.22499999999999987,91694.65139770508,16133.333333333334,2,0.61875,93226.26512145996,16133.333333333334,0,0.61875,95886.85733032227,16133.333333333334,2,0.61875,98835.11338806152,16133.333333333334,2,0.61875,90451.8236541748,16133.333333333334,2,0.61875,88311.85263061523,16133.333333333334,2,0.61875,140689.31509399414,3050,0,0.22499999999999987,145683.03033447266,3050,0,0.22499999999999987,146001.5343322754,3050,0,0.22499999999999987,357519.11100769043,3050,2,0.22499999999999987,141464.77868652344,3050,2,0.22499999999999987,135596.2110748291,3050,2,0.22499999999999987,135675.80876159668,3050,0,0.22499999999999987,94521.89817810059,16133.333333333334,2,0.61875,96676.78379821777,16133.333333333334,2,0.61875,8076001.921585083,3547,5378,400,3269,400,2411,400,400,400,400,400,400,2926,400,400,400,4878,400,400,400,400,3142,400,400,400,2514,2458,400,400,400,5058,5045,100,50,0,0,50,50,50,50,0,0,0,50,50,0,50,0,0,50,0,50,47.36842346191406,0,0,20,0,0,47.36842346191406,0,50,50,0,47.619049072265625,20475,15889,85164,63,47,20475,13174,84363,68,56,66718990336,8589930496,22977167360,524288
199,1790686124488,444162.7604522705,3050,0,0.22499999999999987,91694.83348083496,48800,2,0.925,93226.44506835938,48800,2,0.925,95887.06513977051,48800,2,0.925,98835.29373168945,48800,2,0.925,90452.06788635254,48800,2,0.925,88312.0350189209,48800,2,0.925,140689.68769836426,3050,2,0.22499999999999987,145683.3244934082,3050,2,0.22499999999999987,146001.87579345703,3050,0,0.22499999999999987,357519.40507507324,3050,0,0.22499999999999987,141465.10791015625,3050,2,0.22499999999999987,135596.49649047852,3050,0,0.22499999999999987,135676.09022521973,3050,0,0.22499999999999987,94522.07739257813,48800,2,0.925,96676.96263122559,48800,2,0.925,8076022.60546875,3547,5378,400,3269,400,2411,400,400,400,400,400,400,2926,400,400,400,4878,400,400,400,400,3142,400,400,400,2514,2458,400,400,400,5058,5045,100,55,0,0,55,55,55,50,0,0,0,50,52.6315803527832,0,52.6315803527832,0,0,0,0,55,55,0,0,10,0,0,52.38095474243164,0,52.38095474243164,52.6315803527832,52.6315803527832,55,20475,15889,85181,64,40,20475,13174,84098,67,56,66718990336,8589930496,22967484416,524288
199,1790686124688,444164.97048950195,3050,0,0.21875,91695.00694274902,48800,2,0.59375,93226.61814880371,48800,2,0.59375,95887.23565673828,48800,2,0.59375,98835.46726989746,48800,2,0.59375,90452.30030822754,48800,2,0.59375,88312.20454406738,48800,2,0.59375,140690.0616607666,3050,0,0.21875,145683.6124420166,3050,0,0.21875,146002.21975708008,3050,2,0.21875,357519.73222351074,3050,2,0.21875,141465.4845123291,3050,0,0.21875,135596.77519226074,3050,0,0.21875,135676.36680603027,3050,0,0.21875,94522.24899291992,48800,2,0.59375,96677.13131713867,48800,2,0.59375,8076043.046722412,3547,5378,400,3269,400,2411,400,400,400,400,400,400,2926,400,400,400,4878,400,400,400,400,3142,400,400,400,2514,2458,400,400,400,5058,5045,100,50,0,0,50,50,50,57.142860412597656,0,0,0,55,55,0,52.38095474243164,0,0,0,0,50,50,0,0,5,0,0,60.000003814697266,5,52.6315803527832,52.38095474243164,50,50,20475,15889,85711,65,43,20475,13174,83559,65,44,66718990336,8589930496,22954295296,524288
199,1790686124888,444167.18620300293,3050,0,0.21875,91695.17678833008,48800,2,0.925,93226.78677368164,48800,2,0.925,95887.40522766113,48800,2,0.925,98835.63981628418,48800,2,0.925,90452.53172302246,48800,2,0.925,88312.3733215332,48800,2,0.925,140690.4364013672,3050,2,0.21875,145684.02711486816,3050,2,0.21875,146002.5828857422,3050,2,0.21875,357520.01469421387,3050,2,0.21875,141465.76651000977,3050,2,0.21875,135597.04914855957,3050,0,0.21875,135676.64123535156,3050,0,0.21875,94522.41864013672,48800,2,0.925,96677.29948425293,48800,2,0.925,8076063.487213135,3547,5378,400,3269,400,2411,400,400,400,400,400,400,2926,400,400,400,4878,400,400,400,400,3142,400,400,400,2514,2458,400,400,400,5058,5045,100,55,0,0,55,55,55,52.6315803527832,0,0,55,50,10,0,52.6315803527832,0,0,0,0,55,55,0,0,0,0,0,50,0,52.38095474243164,52.6315803527832,55,55,20475,15889,86066,65,53,20475,13174,83586,66,44,66718990336,8589930496,22967132160,524288
199,1790686125089,444169.35316467285,3050,0,0.22499999999999987,91695.3564453125,48800,2,0.93125,93226.96127319336,48800,2,0.93125,95887.60743713379,48800,2,0.93125,98835.85665893555,48800,2,0.93125,90452.77235412598,48800,2,0.93125,88312.5464630127,48800,2,0.93125,140690.81518554688,3050,0,0.22499999999999987,145684.32064819336,3050,2,0.22499999999999987,146002.94261169434,3050,2,0.22499999999999987,357520.3933105469,3050,0,0.22499999999999987,141466.04454040527,3050,2,0.22499999999999987,135597.32557678223,3050,0,0.22499999999999987,135676.9108581543,3050,0,0.22499999999999987,94522.59191894531,48800,2,0.93125,96677.47706604004,48800,2,0.93125,8076084.190887451,3547,5378,400,3269,400,2411,400,400,400,400,400,400,2926,400,400,400,4878,400,400,400,400,3142,400,400,400,2514,2458,400,400,400,5058,5045,100,52.6315803527832,0,0,55,50,50,52.38095474243164,5,0,50,55,0,0,52.38095474243164,0,0,0,0,50,52.38095474243164,0,23.809524536132813,0,0,0,65,0,52.6315803527832,52.38095474243164,50,52.6315803527832,20475,15889,85595,64,51,20475,13174,84386,67,52,66718990336,8589930496,22980681728,524288
199,1790686125289,444171.55712890625,3050,0,0.23124999999999996,91695.51640319824,16133.333333333334,0,0.3999999999999999,93227.11909484863,16133.333333333334,0,0.3999999999999999,95887.76695251465,16133.333333333334,0,0.3999999999999999,98836.01721191406,16133.333333333334,0,0.3999999999999999,90452.99258422852,16133.333333333334,0,0.3999999999999999,88312.7046661377,16133.333333333334,0,0.3999999999999999,140691.17010498047,3050,0,0.23124999999999996,145684.59384155273,3050,0,0.23124999999999996,146003.28063964844,3050,0,0.23124999999999996,357520.7686920166,3050,0,0.23124999999999996,141466.30473327637,3050,0,0.23124999999999996,135597.58367919922,3050,0,0.23124999999999996,135677.16651916504,3050,0,0.23124999999999996,94522.75241088867,16133.333333333334,0,0.3999999999999999,96677.63577270508,16133.333333333334,0,0.3999999999999999,8076104.340682983,3547,5378,400,3269,400,2411,400,400,400,400,400,400,2926,400,400,400,4878,400,400,400,400,3142,400,400,400,2514,2458,400,400,400,5058,5045,100,52.6315803527832,0,0,55,50,50,52.38095474243164,5,0,50,55,0,0,52.38095474243164,0,0,0,0,50,52.38095474243164,0,23.809524536132813,0,0,0,65,0,52.6315803527832,52.38095474243164,50,52.6315803527832,20475,15889,85275,63,43,20475,13174,84347,68,56,66718990336,8589930496,22980939776,524288
199,1790686125489,444173.78425598145,3050,0,0.23124999999999996,91695.68106079102,16133.333333333334,0,0.3999999999999999,93227.28065490723,16133.333333333334,0,0.3999999999999999,95887.93254089355,16133.333333333334,0,0.3999999999999999,98836.18524169922,16133.333333333334,0,0.3999999999999999,90453.21806335449,16133.333333333334,0,0.3999999999999999,88312.87100219727,16133.333333333334,0,0.3999999999999999,140691.5386352539,3050,0,0.23124999999999996,145684.99487304688,3050,0,0.23124999999999996,146003.6429901123,3050,0,0.23124999999999996,357521.04679870605,3050,0,0.23124999999999996,141466.65698242188,3050,0,0.23124999999999996,135597.8536529541,3050,0,0.23124999999999996,135677.42280578613,3050,0,0.23124999999999996,94522.91966247559,16133.333333333334,0,0.3999999999999999,96677.8072052002,16133.333333333334,0,0.3999999999999999,8076124.895370483,3547,5378,400,3269,400,2411,400,400,400,400,400,400,2926,400,400,400,4878,400,400,400,400,3142,400,400,400,2514,2458,400,400,400,5058,5045,100,50,0,0,50,50,50,47.5,0,0,48.71794891357422,47.5,7.500000476837158,0,48.71794891357422,2.4390242099761963,0,0,0,50,48.71794891357422,0,0,0,0,0,58.536582946777344,0,47.5,48.71794891357422,48.780487060546875,48.780487060546875,20475,15889,85304,64,40,20475,13174,83736,67,52,66718990336,8589930496,22985580544,524288
199,1790686125689,444176.00090026855,3050,0,0.23124999999999996,91695.83392333984,16133.333333333334,0,0.3999999999999999,93227.4356842041,16133.333333333334,0,0.3999999999999999,95888.08563232422,16133.333333333334,0,0.3999999999999999,98836.33883666992,16133.333333333334,0,0.3999999999999999,90453.43003845215,16133.333333333334,0,0.3999999999999999,88313.02362060547,16133.333333333334,0,0.3999999999999999,140691.7993774414,3050,0,0.23124999999999996,145685.31492614746,3050,0,0.23124999999999996,146003.97787475586,3050,0,0.23124999999999996,357521.3030090332,3050,0,0.23124999999999996,141466.91261291504,3050,0,0.23124999999999996,135598.1044769287,3050,0,0.23124999999999996,135677.67726135254,3050,0,0.23124999999999996,94523.07258605957,16133.333333333334,0,0.3999999999999999,96677.95950317383,16133.333333333334,0,0.3999999999999999,8076144.898239136,3547,5378,400,3269,400,2411,400,400,400,400,400,400,2926,400,400,400,4878,400,400,400,400,3142,400,400,400,2514,2458,400,400,400,5058,5045,100,47.36842346191406,0,0,45,45,45,50,0,0,47.619049072265625,50,10,0,45,0,0,0,0,45,45,0,0,0,0,0,47.36842346191406,0,50,47.619049072265625,47.36842346191406,45,20475,15889,86105,66,47,20475,13174,83580,65,44,66718990336,8589930496,22985576448,524288
199,1790686125889,444178.21116638184,3050,0,0.23124999999999996,91695.98670959473,16133.333333333334,0,0.3999999999999999,93227.58953857422,16133.333333333334,0,0.3999999999999999,95888.23779296875,16133.333333333334,0,0.3999999999999999,98836.4935913086,16133.333333333334,0,0.3999999999999999,90453.64077758789,16133.333333333334,0,0.3999999999999999,88313.17681884766,16133.333333333334,0,0.3999999999999999,140692.0656890869,3050,0,0.23124999999999996,145685.62539672852,3050,0,0.23124999999999996,146004.31240844727,3050,0,0.23124999999999996,357521.58114624023,3050,0,0.22499999999999987,141467.16665649414,3050,0,0.22499999999999987,135598.35850524902,3050,0,0.22499999999999987,135677.93380737305,3050,0,0.22499999999999987,94523.22520446777,16133.333333333334,0,0.3999999999999999,96678.11061096191,16133.333333333334,0,0.3999999999999999,8076164.7713775635,3547,5378,400,3269,400,2411,400,400,400,400,400,400,2926,400,400,400,4878,400,400,400,400,3142,400,400,400,2514,2458,400,400,400,5058,5045,100,47.619049072265625,0,0,47.619049072265625,47.36842346191406,50,40,0,0,45,45,10,0,42.85714340209961,5,0,0,0,50,50,0,0,0,0,5.263157844543457,47.619049072265625,5,40,47.36842346191406,47.619049072265625,50,20475,15889,86154,65,51,20475,13174,83830,66,44,66718990336,8589930496,22975561728,524288
199,1790686126089,444180.4227142334,3050,0,0.22499999999999987,91696.1520690918,16133.333333333334,0,0.55625,93227.74971008301,16133.333333333334,0,0.55625,95888.40451049805,16133.333333333334,0,0.55625,98836.66062927246,16133.333333333334,0,0.55625,90453.88401794434,16133.333333333334,0,0.55625,88313.4224243164,16133.333333333334,0,0.55625,140692.33514404297,3050,0,0.22499999999999987,145685.94729614258,3050,0,0.22499999999999987,146004.65576171875,3050,0,0.22499999999999987,357521.8520965576,3050,0,0.22499999999999987,141467.4886932373,3050,0,0.22499999999999987,135598.61276245117,3050,0,0.22499999999999987,135678.20152282715,3050,0,0.22499999999999987,94523.38356018066,16133.333333333334,2,0.55625,96678.26846313477,16133.333333333334,0,0.55625,8076185.160125732,3547,5378,400,3269,400,2411,400,400,400,400,400,400,2926,400,400,400,4878,400,400,400,400,3142,400,400,400,2514,2458,400,400,400,5058,5045,100,47.36842346191406,0,42.105262756347656,47.36842346191406,47.619049072265625,42.85714340209961,20,0,0,50,47.619049072265625,5,0,15.000000953674316,45,0,0,26.3157901763916,45,5,0,0,0,0,47.619049072265625,47.36842346191406,50,0,47.619049072265625,47.36842346191406,20,20475,15889,85362,63,49,20475,13174,84378,68,55,66718990336,8589930496,22986035200,524288
199,1790686126289,444182.64013671875,3050,0,0.22499999999999987,91696.32543945313,48800,2,0.60625,93227.92169189453,48800,2,0.60625,95888.57786560059,48800,2,0.60625,98836.83045959473,48800,2,0.60625,90454.1163482666,48800,2,0.60625,88313.59573364258,48800,2,0.60625,140692.62353515625,3050,2,0.22499999999999987,145686.32641601563,3050,2,0.22499999999999987,146005.02450561523,3050,0,0.22499999999999987,357522.1361999512,3050,0,0.22499999999999987,141467.83381652832,3050,0,0.22499999999999987,135598.89389038086,3050,2,0.22499999999999987,135678.4836730957,3050,2,0.22499999999999987,94523.55387878418,48800,2,0.60625,96678.4370880127,48800,2,0.60625,8076205.525680542,3547,5378,400,3269,400,2411,400,400,400,400,400,400,2926,400,400,400,4878,400,400,400,400,3142,400,400,400,2514,2458,400,400,400,5058,5045,100,47.36842346191406,0,42.105262756347656,47.36842346191406,47.619049072265625,42.85714340209961,20,0,0,50,47.619049072265625,5,0,15.000000953674316,45,0,0,26.3157901763916,45,5,0,0,0,0,47.619049072265625,47.36842346191406,50,0,47.619049072265625,47.36842346191406,20,20475,15889,85361,64,42,20475,13174,84403,67,56,66718990336,8589930496,22986289152,524288
199,1790686126489,444184.8504333496,3050,0,0.21875,91696.50573730469,16133.333333333334,2,0.5875,93228.12948608398,16133.333333333334,2,0.5875,95888.75526428223,16133.333333333334,2,0.5875,98837.00444030762,16133.333333333334,2,0.5875,90454.37434387207,16133.333333333334,0,0.5875,88313.81008911133,16133.333333333334,2,0.5875,140692.91471862793,3050,2,0.21875,145686.70561218262,3050,0,0.21875,146005.4015197754,3050,0,0.21875,357522.5181121826,3050,0,0.21875,141468.17329406738,3050,0,0.21875,135599.18103027344,3050,2,0.21875,135678.76391601563,3050,0,0.21875,94523.7331237793,16133.333333333334,2,0.5875,96678.61059570313,16133.333333333334,2,0.5875,8076226.185195923,3547,5378,400,3269,400,2411,400,400,400,400,400,400,2926,400,400,400,4878,400,400,400,400,3142,400,400,400,2514,2458,400,400,400,5058,5045,100,52.499996185302734,0,52.499996185302734,52.499996185302734,52.499996185302734,53.84615707397461,0,0,0,52.499996185302734,53.84615707397461,0,2.4390242099761963,12.820513725280762,52.499996185302734,0,0,53.658538818359375,52.499996185302734,0,0,0,0,2.4390242099761963,52.499996185302734,52.499996185302734,52.499996185302734,0,52.499996185302734,53.84615707397461,0,20475,15889,85582,64,40,20475,13174,83569,66,48,66718990336,8589930496,22991876096,524288
199,1790686126689,444187.06422424316,3050,0,0.21875,91696.68659973145,16133.333333333334,2,0.925,93228.30429077148,16133.333333333334,0,0.925,95888.9320678711,16133.333333333334,2,0.925,98837.18074035645,16133.333333333334,2,0.925,90454.61358642578,16133.333333333334,2,0.925,88313.98466491699,16133.333333333334,2,0.925,140693.203414917,3050,2,0.21875,145687.1457977295,3050,2,0.21875,146005.77406311035,3050,0,0.21875,357522.7759552002,3050,0,0.21875,141468.46774291992,3050,2,0.21875,135599.37126159668,3050,2,0.21875,135679.04541015625,3050,2,0.21875,94523.90609741211,16133.333333333334,2,0.925,96678.78186035156,16133.333333333334,2,0.925,8076246.646987915,3547,5378,400,3269,400,2411,400,400,400,400,400,400,2926,400,400,400,4878,400,400,400,400,3142,400,400,400,2514,2458,400,400,400,5058,5045,100,52.38095474243164,0,52.38095474243164,52.38095474243164,55,50,0,0,0,50,50,42.105262756347656,0,4.761904716491699,25,0,0,50,55,0,0,0,0,0,52.6315803527832,36.842105865478516,52.38095474243164,10.526315689086914,52.6315803527832,50,0,20475,15889,86242,66,52,20475,13174,83629,66,44,66718990336,8589930496,22984134656,524288
199,1790686126889,444189.26933288574,3050,0,0.21875,91696.86247253418,48800,2,0.575,93228.4722290039,48800,2,0.575,95889.1019897461,48800,2,0.575,98837.35076904297,48800,2,0.575,90454.84707641602,48800,2,0.575,88314.13325500488,48800,2,0.575,140693.52268981934,3050,2,0.21875,145687.51768493652,3050,2,0.21875,146006.13856506348,3050,0,0.21875,357523.1432647705,3050,0,0.21875,141468.83074951172,3050,2,0.21875,135599.63772583008,3050,2,0.21875,135679.3223876953,3050,2,0.21875,94524.0852355957,48800,2,0.575,96678.95079040527,48800,2,0.575,8076267.082473755,3547,5378,400,3269,400,2411,400,400,400,400,400,400,2926,400,400,400,4878,400,400,400,400,3142,400,400,400,2514,2458,400,400,400,5058,5045,100,20,0,52.6315803527832,52.6315803527832,50,55,25,0,52.6315803527832,55,55,0,0,0,0,20,9.523809432983398,55,50,0,0,0,0,0,19.047618865966797,47.619049072265625,52.6315803527832,52.38095474243164,33.333335876464844,52.6315803527832,0,20475,15889,86022,65,51,20475,13174,84188,67,48,66718990336,8589930496,22979534848,524288
199,1790686127089,444191.48414611816,3050,0,0.23124999999999996,91697.03665161133,16133.333333333334,0,0.39375000000000004,93228.63778686523,16133.333333333334,0,0.39375000000000004,95889.27186584473,16133.333333333334,0,0.39375000000000004,98837.52270507813,16133.333333333334,0,0.39375000000000004,90455.11576843262,16133.333333333334,0,0.39375000000000004,88314.30386352539,16133.333333333334,0,0.39375000000000004,140693.8027496338,3050,0,0.23124999999999996,145687.87991333008,3050,0,0.23124999999999996,146006.4930114746,3050,0,0.23124999999999996,357523.5170593262,3050,0,0.23124999999999996,141469.18359375,3050,0,0.23124999999999996,135599.90844726563,3050,0,0.23124999999999996,135679.591796875,3050,0,0.23124999999999996,94524.25563049316,16133.333333333334,0,0.39375000000000004,96679.11656188965,16133.333333333334,0,0.39375000000000004,8076287.525421143,3547,5378,400,3269,400,2411,400,400,400,400,400,400,2926,400,400,400,4878,400,400,400,400,3142,400,400,400,2514,2458,400,400,400,5058,5045,100,20,0,52.6315803527832,52.6315803527832,50,55,25,0,52.6315803527832,55,55,0,0,0,0,20,9.523809432983398,55,50,0,0,0,0,0,19.047618865966797,47.619049072265625,52.6315803527832,52.38095474243164,33.333335876464844,52.6315803527832,0,20475,15889,85404,63,45,20475,13174,84482,68,56,66718990336,8589930496,22993027072,524288
199,1790686127289,444193.70098876953,3050,0,0.23124999999999996,91697.1975402832,16133.333333333334,0,0.3999999999999999,93228.79244995117,16133.333333333334,0,0.3999999999999999,95889.43017578125,16133.333333333334,0,0.3999999999999999,98837.68664550781,16133.333333333334,0,0.3999999999999999,90455.33213806152,16133.333333333334,0,0.3999999999999999,88314.46076965332,16133.333333333334,0,0.3999999999999999,140694.07736206055,3050,0,0.23124999999999996,145688.23291015625,3050,0,0.23124999999999996,146006.83207702637,3050,0,0.23124999999999996,357523.88681030273,3050,0,0.23124999999999996,141469.51141357422,3050,0,0.23124999999999996,135600.1619567871,3050,0,0.23124999999999996,135679.84516906738,3050,0,0.23124999999999996,94524.41325378418,16133.333333333334,0,0.3999999999999999,96679.27098083496,16133.333333333334,0,0.3999999999999999,8076307.69039917,3547,5378,400,3269,400,2411,400,400,400,400,400,400,2926,400,400,400,4878,400,400,400,400,3142,400,400,400,2514,2458,400,400,400,5058,5045,100,0,0,48.780487060546875,50,50,48.780487060546875,50,0,48.780487060546875,50,48.780487060546875,2.4390242099761963,10,0,0,0,0,47.5,50,0,0,0,0,12.5,2.4390242099761963,57.5,50,50,48.71794891357422,50,0,20475,15889,85405,64,40,20475,13174,84110,67,56,66718990336,8589930496,22995607552,524288
199,1790686127489,444195.91694641113,3050,0,0.23124999999999996,91697.36547851563,16133.333333333334,0,0.3999999999999999,93229.02282714844,16133.333333333334,0,0.3999999999999999,95889.5987701416,16133.333333333334,0,0.3999999999999999,98837.85366821289,16133.333333333334,0,0.3999999999999999,90455.54708862305,16133.333333333334,0,0.3999999999999999,88314.6840209961,16133.333333333334,0,0.3999999999999999,140694.36807250977,3050,0,0.23124999999999996,145688.59744262695,3050,0,0.23124999999999996,146007.18438720703,3050,0,0.23124999999999996,357524.2321472168,3050,0,0.23124999999999996,141469.8604888916,3050,0,0.23124999999999996,135600.43533325195,3050,0,0.23124999999999996,135680.11880493164,3050,0,0.23124999999999996,94524.60906982422,16133.333333333334,0,0.3999999999999999,96679.43377685547,16133.333333333334,0,0.3999999999999999,8076328.061843872,3547,5378,400,3269,400,2411,400,400,400,400,400,400,2926,400,400,400,4878,400,400,400,400,3142,400,400,400,2514,2458,400,400,400,5058,5045,100,0,0,50,45,47.36842346191406,47.36842346191406,47.36842346191406,0,50,45,47.36842346191406,0,5,0,0,0,0,50,45,0,0,0,0,0,0,50,45,45,47.619049072265625,52.38095474243164,0,20475,15889,85945,65,45,20475,13174,83603,65,44,66718990336,8589930496,23004381184,524288
199,1790686127689,444198.1171875,3050,0,0.23124999999999996,91697.52545166016,16133.333333333334,0,0.3999999999999999,93229.17849731445,16133.333333333334,0,0.3999999999999999,95889.75532531738,16133.333333333334,0,0.3999999999999999,98838.00727844238,16133.333333333334,0,0.3999999999999999,90455.73417663574,16133.333333333334,0,0.3999999999999999,88314.83963012695,16133.333333333334,0,0.3999999999999999,140694.64044189453,3050,0,0.23124999999999996,145688.93690490723,3050,0,0.23124999999999996,146007.48945617676,3050,0,0.23124999999999996,357524.5492095947,3050,0,0.23124999999999996,141470.1980895996,3050,0,0.23124999999999996,135600.68992614746,3050,0,0.23124999999999996,135680.3702697754,3050,0,0.23124999999999996,94524.76570129395,16133.333333333334,0,0.3999999999999999,96679.58622741699,16133.333333333334,0,0.3999999999999999,8076348.064117432,3547,5378,400,3269,400,2411,400,400,400,400,400,400,2926,400,400,400,4878,400,400,400,400,3142,400,400,400,2514,2458,400,400,400,5058,5045,100,0,0,47.619049072265625,50,47.619049072265625,47.619049072265625,47.619049072265625,0,45,50,45,4.761904716491699,10,0,0,0,0,45,50,0,0,0,0,0,0,45,50,47.36842346191406,47.36842346191406,45,0,20475,15889,86212,66,53,20475,13174,83629,66,44,66718990336,8589930496,23004377088,524288
199,1790686127889,444200.33070373535,3050,0,0.23124999999999996,91697.68069458008,16133.333333333334,0,0.40625,93229.33238220215,16133.333333333334,0,0.40625,95889.91026306152,16133.333333333334,0,0.40625,98838.15916442871,16133.333333333334,0,0.40625,90455.92010498047,16133.333333333334,0,0.40625,88314.99412536621,16133.333333333334,0,0.40625,140694.9012298584,3050,0,0.23124999999999996,145689.28047180176,3050,0,0.23124999999999996,146007.7925567627,3050,0,0.23124999999999996,357524.86444091797,3050,0,0.23124999999999996,141470.52447509766,3050,0,0.23124999999999996,135600.94213867188,3050,0,0.23124999999999996,135680.62144470215,3050,0,0.23124999999999996,94524.92086791992,16133.333333333334,0,0.40625,96679.73736572266,16133.333333333334,0,0.40625,8076367.903182983,3547,5378,400,3269,400,2411,400,400,400,400,400,400,2926,400,400,400,4878,400,400,400,400,3142,400,400,400,2514,2458,400,400,400,5058,5045,100,0,0,47.36842346191406,45,45,47.36842346191406,45,0,47.36842346191406,45,50,0,15.000000953674316,0,0,0,0,50,45,0,0,0,0,0,0,50,45,47.619049072265625,47.619049072265625,47.619049072265625,0,20475,15889,85732,65,51,20475,13174,84418,67,52,66718990336,8589930496,23001759744,524288
199,1790686128089,444202.53871154785,3050,0,0.22499999999999987,91697.84846496582,48800,2,0.6125,93229.49868774414,48800,2,0.6125,95890.07794189453,48800,2,0.6125,98838.32325744629,48800,2,0.6125,90456.12188720703,48800,2,0.6125,88315.1612701416,48800,2,0.6125,140695.17767333984,3050,2,0.22499999999999987,145689.6454925537,3050,2,0.22499999999999987,146008.12351989746,3050,2,0.22499999999999987,357525.20346069336,3050,0,0.22499999999999987,141470.89408874512,3050,2,0.22499999999999987,135601.21298217773,3050,2,0.22499999999999987,135680.8917388916,3050,2,0.22499999999999987,94525.08839416504,48800,2,0.6125,96679.90046691895,48800,2,0.6125,8076388.217269897,3547,5378,400,3269,400,2411,400,400,400,400,400,400,2926,400,400,400,4878,400,400,400,400,3142,400,400,400,2514,2458,400,400,400,5058,5045,100,0,0,50,50,50,50,50,0,52.38095474243164,50,50,0,15.000000953674316,0,0,0,0,50,50,0,0,0,0,0,0,50,50,50,50,52.6315803527832,0,20475,15889,85459,64,42,20475,13174,84416,68,56,66718990336,8589930496,23002750976,524288
199,1790686128289,444204.4517059326,3050,0,0.21875,91698.0269317627,48800,2,0.925,93229.67446899414,48800,2,0.925,95890.2551574707,48800,2,0.925,98838.52221679688,48800,2,0.925,90456.34098815918,48800,2,0.925,88315.35635375977,48800,2,0.925,140695.4635925293,3050,2,0.21875,145690.02270507813,3050,2,0.21875,146008.4663696289,3050,2,0.21875,357525.8637390137,3050,0,0.21875,141471.2688446045,3050,2,0.21875,135601.4909362793,3050,0,0.21875,135681.16833496094,3050,0,0.21875,94525.31538391113,48800,2,0.925,96680.07305908203,48800,2,0.925,8076408.942153931,3547,5378,400,3269,400,2411,400,400,400,400,400,400,2926,400,400,400,4878,400,400,400,400,3142,400,400,400,2514,2458,400,400,400,5058,5045,85,0,0,52.38095474243164,55,60.000003814697266,52.38095474243164,55,4.761904716491699,50,55,52.38095474243164,0,15.000000953674316,0,0,0,19.047618865966797,50,55,0,0,0,0,0,0,65,55,55,52.6315803527832,50,0,20475,15889,85806,64,40,20475,13174,83855,67,53,66718990336,8589930496,22985707520,524288
199,1790686128490,444204.79013061523,3050,2,0.20625000000000004,91698.20671081543,48800,2,0.625,93229.88305664063,48800,2,0.625,95890.43054199219,48800,2,0.625,98838.71482849121,48800,2,0.625,90456.58058166504,48800,2,0.625,88315.53410339355,48800,2,0.625,140695.74891662598,3050,2,0.20625000000000004,145690.40983581543,3050,2,0.20625000000000004,146008.81336975098,3050,2,0.20625000000000004,357528.1282348633,3050,0,0.20625000000000004,141471.58966064453,3050,2,0.20625000000000004,135601.78436279297,3050,0,0.20625000000000004,135681.45991516113,3050,0,0.20625000000000004,94525.48905944824,48800,2,0.625,96680.2484741211,48800,2,0.625,8076429.677658081,3547,5378,400,3269,400,2411,400,400,400,400,400,400,2926,400,400,400,4878,400,400,400,400,3142,400,400,400,2514,2458,400,400,400,5058,5045,5.263157844543457,0,0,55,50,50,52.6315803527832,55,50,55,50,52.6315803527832,0,0,0,0,0,0,55,52.38095474243164,4.761904716491699,0,0,0,0,0,100,52.38095474243164,50,52.38095474243164,55,0,20475,15889,86271,66,47,20475,13174,83719,66,45,66718990336,8589930496,22967209984,524288
199,1790686128690,444205.1591796875,3050,2,0.20625000000000004,91698.37995910645,48800,2,0.925,93230.05601501465,48800,2,0.925,95890.60368347168,48800,2,0.925,98838.88497924805,48800,2,0.925,90456.78843688965,48800,2,0.925,88315.70222473145,48800,2,0.925,140696.03759765625,3050,2,0.20625000000000004,145690.79093933105,3050,2,0.20625000000000004,146009.14961242676,3050,2,0.20625000000000004,357530.3918457031,3050,0,0.20625000000000004,141471.8711090088,3050,2,0.20625000000000004,135602.07565307617,3050,0,0.20625000000000004,135681.73892211914,3050,0,0.20625000000000004,94525.64311218262,48800,2,0.925,96680.423828125,48800,2,0.925,8076450.256774902,3547,5378,400,3269,400,2411,400,400,400,400,400,400,2926,400,400,400,4878,400,400,400,400,3142,400,400,400,2514,2458,400,400,400,5058,5045,18.18181800842285,0,0,50,55,55,52.38095474243164,50,55,50,55,52.38095474243164,0,0,0,0,0,0,50,52.6315803527832,0,0,0,0,0,0,100,52.6315803527832,57.142860412597656,55,45,5,20475,15889,86274,66,53,20475,13174,83893,66,46,66718990336,8589930496,22983467008,524288
199,1790686128890,444205.5462799072,3050,2,0.2124999999999999,91698.55142211914,48800,2,0.93125,93230.22650146484,48800,2,0.93125,95890.77572631836,48800,2,0.93125,98839.05378723145,48800,2,0.93125,90456.99482727051,48800,2,0.93125,88315.87002563477,48800,2,0.93125,140696.3228302002,3050,2,0.2124999999999999,145691.17318725586,3050,2,0.2124999999999999,146009.48529052734,3050,2,0.2124999999999999,357532.6604309082,3050,0,0.2124999999999999,141472.15272521973,3050,2,0.2124999999999999,135602.36569213867,3050,0,0.2124999999999999,135682.046875,3050,0,0.2124999999999999,94525.81283569336,48800,2,0.93125,96680.59097290039,48800,2,0.93125,8076470.787811279,3547,5378,400,3269,400,2411,400,400,400,400,400,400,2926,400,400,400,4878,400,400,400,400,3142,400,400,400,2514,2458,400,400,400,5058,5045,10.526315689086914,0,0,55,52.38095474243164,50,52.6315803527832,52.38095474243164,50,55,33.333335876464844,52.6315803527832,20,0,0,0,0,0,55,55,0,0,0,0,0,0,100,52.38095474243164,50,52.6315803527832,55,0,20475,15889,85581,64,50,20475,13174,84392,68,55,66718990336,8589930496,22977409024,524288
199,1790686129090,444205.9262237549,3050,0,0.2124999999999999,91698.70944213867,16133.333333333334,0,0.3999999999999999,93230.38598632813,16133.333333333334,0,0.3999999999999999,95890.93605041504,16133.333333333334,0,0.3999999999999999,98839.21176147461,16133.333333333334,0,0.3999999999999999,90457.18798828125,16133.333333333334,0,0.3999999999999999,88316.02648925781,16133.333333333334,0,0.3999999999999999,140696.59643554688,3050,0,0.2124999999999999,145691.52822875977,3050,0,0.2124999999999999,146009.7989654541,3050,0,0.2124999999999999,357534.9237976074,3050,0,0.2124999999999999,141472.41592407227,3050,0,0.2124999999999999,135602.6884918213,3050,0,0.2124999999999999,135682.3586730957,3050,0,0.2124999999999999,94525.96966552734,16133.333333333334,0,0.3999999999999999,96680.74537658691,16133.333333333334,0,0.3999999999999999,8076491.016708374,3547,5378,400,3269,400,2411,400,400,400,400,400,400,2926,400,400,400,4878,400,400,400,400,3142,400,400,400,2514,2458,400,400,400,5058,5045,10.526315689086914,0,0,55,52.38095474243164,50,52.6315803527832,52.38095474243164,50,55,33.333335876464844,52.6315803527832,20,0,0,0,0,0,55,55,0,0,0,0,0,0,100,52.38095474243164,50,52.6315803527832,55,0,20475,15889,85572,64,42,20475,13174,84372,68,55,66718990336,8589930496,22977404928,524288
199,1790686129290,444206.3089904785,3050,0,0.21875,91698.87036132813,16133.333333333334,0,0.3999999999999999,93230.54293823242,16133.333333333334,0,0.3999999999999999,95891.09443664551,16133.333333333334,0,0.3999999999999999,98839.37300109863,16133.333333333334,0,0.3999999999999999,90457.37776184082,16133.333333333334,0,0.3999999999999999,88316.1801147461,16133.333333333334,0,0.3999999999999999,140696.88046264648,3050,0,0.21875,145691.90420532227,3050,0,0.21875,146010.11485290527,3050,0,0.21875,357537.2121734619,3050,0,0.21875,141472.6845703125,3050,0,0.21875,135603.04495239258,3050,0,0.21875,135682.75593566895,3050,0,0.21875,94526.12760925293,16133.333333333334,0,0.3999999999999999,96680.90097045898,16133.333333333334,0,0.3999999999999999,8076511.508026123,3547,5378,400,3269,400,2411,400,400,400,400,400,400,2926,400,400,400,4878,400,400,400,400,3142,400,400,400,2514,2458,400,400,400,5058,5045,15.000000953674316,0,0,47.5,48.71794891357422,50,48.780487060546875,48.71794891357422,50,47.5,0,48.780487060546875,47.5,0,0,2.5,10,0,47.5,47.5,0,0,2.4390242099761963,0,0,0,100,47.5,48.780487060546875,48.780487060546875,47.5,0,20475,15889,86103,64,40,20475,13174,83651,67,48,66718990336,8589930496,22987710464,524288
199,1790686129490,444206.98905944824,3050,0,0.23750000000000004,91698.98391723633,16133.333333333334,0,0.3999999999999999,93230.71981811523,16133.333333333334,0,0.3999999999999999,95891.23641967773,16133.333333333334,0,0.3999999999999999,98839.48274230957,16133.333333333334,0,0.3999999999999999,90457.51960754395,16133.333333333334,0,0.3999999999999999,88316.28709411621,16133.333333333334,0,0.3999999999999999,140697.07696533203,3050,0,0.23750000000000004,145692.1530303955,3050,0,0.23750000000000004,146010.3044281006,3050,0,0.23750000000000004,357538.7895812988,3050,0,0.23750000000000004,141472.93005371094,3050,0,0.23750000000000004,135603.17658996582,3050,2,0.23750000000000004,135682.97940063477,3050,0,0.23750000000000004,94526.23399353027,16133.333333333334,0,0.3999999999999999,96681.01055908203,16133.333333333334,0,0.3999999999999999,8076530.468612671,3547,5378,400,3269,400,2411,400,400,400,400,400,400,2926,400,400,400,4878,400,400,400,400,3142,400,400,400,2514,2458,400,400,400,5058,5045,33.333335876464844,4.761904716491699,0,31.57894515991211,30.000001907348633,30.000001907348633,30.000001907348633,30.000001907348633,30.000001907348633,33.333335876464844,30.000001907348633,30.000001907348633,0,4.761904716491699,5.263157844543457,0,0,0,33.333335876464844,30.000001907348633,0,0,4.761904716491699,0,0,0,85,31.57894515991211,10,30.000001907348633,30.000001907348633,0,20475,15889,85638,63,71,20475,13174,82794,70,65,66718990336,8589930496,22970486784,524288
199,1790686129690,444207.7765045166,3050,0,0.21875,91699.13450622559,16133.333333333334,0,0.3999999999999999,93230.86907958984,16133.333333333334,0,0.3999999999999999,95891.38737487793,16133.333333333334,0,0.3999999999999999,98839.63215637207,16133.333333333334,0,0.3999999999999999,90457.72421264648,16133.333333333334,0,0.3999999999999999,88316.43603515625,16133.333333333334,0,0.3999999999999999,140697.361618042,3050,0,0.21875,145692.52548217773,3050,0,0.21875,146010.5830230713,3050,0,0.21875,357539.7830505371,3050,0,0.21875,141473.38583374023,3050,0,0.21875,135604.08338928223,3050,0,0.21875,135683.30729675293,3050,0,0.21875,94526.38552856445,16133.333333333334,0,0.3999999999999999,96681.15968322754,16133.333333333334,0,0.3999999999999999,8076550.924560547,3547,5378,400,3269,400,2411,400,400,400,400,400,400,2926,400,400,400,4878,400,400,400,400,3142,400,400,400,2514,2458,400,400,400,5058,5045,21.052631378173828,5,0,47.619049072265625,47.619049072265625,45,47.36842346191406,45,45,47.36842346191406,47.36842346191406,47.36842346191406,0,15.000000953674316,0,0,0,0,47.36842346191406,47.619049072265625,0,4.761904716491699,0,0,0,0,73.68421173095703,55,36.842105865478516,45,45,0,20475,15889,85359,65,53,20475,13174,83091,67,49,66718990336,8589930496,22978482176,524288
199,1790686129890,444208.04650878906,3050,0,0.2124999999999999,91699.28831481934,48800,2,0.925,93231.02206420898,48800,2,0.925,95891.5419921875,48800,2,0.925,98839.78480529785,48800,2,0.925,90457.93278503418,48800,2,0.925,88316.58938598633,48800,2,0.925,140697.62860107422,3050,2,0.2124999999999999,145692.8770904541,3050,0,0.2124999999999999,146010.8436126709,3050,2,0.2124999999999999,357542.03996276855,3050,0,0.2124999999999999,141473.64721679688,3050,2,0.2124999999999999,135604.39375305176,3050,2,0.2124999999999999,135683.6203765869,3050,2,0.2124999999999999,94526.5401763916,48800,2,0.925,96681.31251525879,48800,2,0.925,8076570.976608276,3547,5378,400,3269,400,2411,400,400,400,400,400,400,2926,400,400,400,4878,400,400,400,400,3142,400,400,400,2514,2458,400,400,400,5058,5045,28.571430206298828,0,0,45,47.36842346191406,50,47.619049072265625,50,20,45,45,47.619049072265625,0,10,0,0,0,0,45,47.36842346191406,0,0,0,4.761904716491699,0,0,100,47.619049072265625,45,50,50,0,20475,15889,84634,64,48,20475,13174,83384,68,54,66718990336,8589930496,22977826816,524288
199,1790686130090,444208.34268188477,3050,2,0.2124999999999999,91699.45799255371,48800,2,0.925,93231.19026184082,48800,2,0.925,95891.71377563477,48800,2,0.925,98839.95335388184,48800,2,0.925,90458.16317749023,48800,2,0.925,88316.75825500488,48800,2,0.925,140697.91358947754,3050,2,0.2124999999999999,145693.26371765137,3050,2,0.2124999999999999,146011.13206481934,3050,2,0.2124999999999999,357544.29820251465,3050,0,0.2124999999999999,141473.93365478516,3050,2,0.2124999999999999,135604.75979614258,3050,0,0.2124999999999999,135683.96058654785,3050,0,0.2124999999999999,94526.70994567871,48800,2,0.925,96681.48063659668,48800,2,0.925,8076591.388595581,3547,5378,400,3269,400,2411,400,400,400,400,400,400,2926,400,400,400,4878,400,400,400,400,3142,400,400,400,2514,2458,400,400,400,5058,5045,0,0,0,55,52.38095474243164,50,52.6315803527832,50,55,55,55,52.6315803527832,0,20,4.761904716491699,0,0,0,55,52.38095474243164,0,0,0,0,0,0,100,52.6315803527832,50,50,50,0,20475,15889,84655,64,42,20475,13174,83256,68,54,66718990336,8589930496,22973829120,524288
199,1790686130290,444209.30224609375,3050,0,0.15625,91699.62994384766,48800,2,0.63125,93231.35977172852,48800,2,0.63125,95891.9380645752,48800,2,0.63125,98840.12832641602,48800,2,0.63125,90458.3949432373,48800,2,0.63125,88316.92895507813,48800,2,0.63125,140698.21452331543,3050,2,0.15625,145693.98083496094,3050,2,0.15625,146011.43334960938,3050,0,0.15625,357545.2640686035,3050,0,0.15625,141474.23741149902,3050,2,0.15625,135605.40881347656,3050,0,0.15625,135684.31706237793,3050,0,0.15625,94526.88117980957,48800,2,0.63125,96681.65046691895,48800,2,0.63125,8076612.240661621,3547,5378,400,3269,400,2411,400,400,400,400,400,400,2926,400,400,400,4878,400,400,400,400,3142,400,400,400,2514,2458,400,400,400,5058,5045,31.57894515991211,0,0,50,52.6315803527832,55,52.38095474243164,55,50,50,25,52.38095474243164,40,36.842105865478516,0,0,0,0,50,52.6315803527832,0,20,0,0,0,0,35,52.38095474243164,45,55,55,0,20475,15889,85443,65,41,20475,13174,82614,66,46,66718990336,8589930496,22992392192,524288
199,1790686130490,444209.73849487305,48800,2,0.28125,91699.81684875488,16133.333333333334,2,0.38749999999999996,93231.54264831543,16133.333333333334,2,0.38749999999999996,95892.12683105469,16133.333333333334,2,0.38749999999999996,98840.70735168457,16133.333333333334,2,0.38749999999999996,90458.64031982422,16133.333333333334,2,0.38749999999999996,88317.4037475586,16133.333333333334,2,0.38749999999999996,140698.5126800537,48800,2,0.28125,145694.37867736816,48800,2,0.28125,146012.17337036133,48800,2,0.28125,357545.66357421875,48800,2,0.28125,141474.64965820313,48800,2,0.28125,135605.69929504395,3050,2,0.4750000000000001,135684.66218566895,3050,2,0.4750000000000001,94527.1307220459,16133.333333333334,2,0.38749999999999996,96681.89790344238,16133.333333333334,0,0.38749999999999996,8076632.317321777,3547,5378,400,3269,400,2411,400,400,400,400,400,400,2926,400,400,400,4878,400,400,400,400,3142,400,400,400,2514,2458,400,400,400,5058,5045,10,0,0,55,52.38095474243164,76.19047546386719,55,47.619049072265625,55,55,0,52.6315803527832,52.38095474243164,10,0,25,0,0,55,52.38095474243164,0,0,0,25,0,0,42.85714340209961,60.000003814697266,25,50,57.142860412597656,5,20475,15889,84280,66,53,20475,13174,84884,66,43,66718990336,8589930496,23007916032,524288
199,1790686130690,444210.53996276855,3050,2,0.3062499999999999,91700.00424194336,16133.333333333334,2,0.39375000000000004,93231.72750854492,16133.333333333334,2,0.39375000000000004,95892.31465148926,16133.333333333334,2,0.39375000000000004,98840.9285736084,16133.333333333334,0,0.39375000000000004,90458.88798522949,16133.333333333334,2,0.39375000000000004,88318.0368347168,16133.333333333334,2,0.39375000000000004,140698.79443359375,3050,2,0.3062499999999999,145694.75119018555,3050,2,0.3062499999999999,146012.4461364746,3050,2,0.3062499999999999,357546.01763916016,3050,0,0.3062499999999999,141474.92196655273,3050,2,0.3062499999999999,135605.96768188477,3050,0,0.3062499999999999,135684.98741149902,3050,0,0.3062499999999999,94527.48919677734,16133.333333333334,2,0.39375000000000004,96682.3101196289,16133.333333333334,2,0.39375000000000004,8076652.032470703,3547,5378,400,3269,400,2411,400,400,400,400,400,400,2926,400,400,400,4878,400,400,400,400,3142,400,400,400,2514,2458,400,400,400,5058,5045,28.571430206298828,0,4.761904716491699,55,55,57.894737243652344,52.6315803527832,42.105262756347656,55,52.38095474243164,0,52.38095474243164,52.6315803527832,10,0,55,0,0,57.142860412597656,55,0,0,0,0,0,0,55,52.6315803527832,0,55,63.15789031982422,10.526315689086914,20475,15889,85688,65,52,20475,13174,84444,67,53,66718990336,8589930496,23007916032,524288
199,1790686130890,444211.58573913574,3050,0,0.23124999999999996,91700.17965698242,16133.333333333334,0,0.3812500000000001,93231.89862060547,16133.333333333334,0,0.3812500000000001,95892.48858642578,16133.333333333334,0,0.3812500000000001,98841.23942565918,16133.333333333334,0,0.3812500000000001,90459.12042236328,16133.333333333334,0,0.3812500000000001,88318.63066101074,16133.333333333334,0,0.3812500000000001,140699.0564880371,3050,0,0.23124999999999996,145695.10005187988,3050,0,0.23124999999999996,146012.70278930664,3050,0,0.23124999999999996,357546.37113952637,3050,0,0.23124999999999996,141475.18104553223,3050,0,0.23124999999999996,135606.21884155273,3050,0,0.23124999999999996,135685.2866973877,3050,0,0.23124999999999996,94527.67698669434,16133.333333333334,0,0.3812500000000001,96682.63650512695,16133.333333333334,0,0.3812500000000001,8076671.49206543,3547,5378,400,3269,400,2411,400,400,400,400,400,400,2926,400,400,400,4878,400,400,400,400,3142,400,400,400,2514,2458,400,400,400,5058,5045,28.571430206298828,0,4.761904716491699,55,55,57.894737243652344,52.6315803527832,42.105262756347656,55,52.38095474243164,0,52.38095474243164,52.6315803527832,10,0,55,0,0,57.142860412597656,55,0,0,0,0,0,0,55,52.6315803527832,0,55,63.15789031982422,10.526315689086914,20475,15889,85138,64,41,20475,13174,84436,68,54,66718990336,8589930496,23004356608,524288
199,1790686131090,444212.66134643555,3050,0,0.23124999999999996,91700.34545898438,16133.333333333334,0,0.3812500000000001,93232.05917358398,16133.333333333334,0,0.3812500000000001,95892.65435791016,16133.333333333334,0,0.3812500000000001,98841.48962402344,16133.333333333334,0,0.3812500000000001,90459.33915710449,16133.333333333334,0,0.3812500000000001,88319.26652526855,16133.333333333334,0,0.3812500000000001,140699.3024597168,3050,0,0.23124999999999996,145695.42526245117,3050,0,0.23124999999999996,146012.9464263916,3050,0,0.23124999999999996,357546.69256591797,3050,0,0.23124999999999996,141475.4257965088,3050,0,0.23124999999999996,135606.4559173584,3050,0,0.23124999999999996,135685.5722808838,3050,0,0.23124999999999996,94527.94482421875,16133.333333333334,0,0.3812500000000001,96682.84892272949,16133.333333333334,0,0.3812500000000001,8076690.941741943,3547,5378,400,3269,400,2411,400,400,400,400,400,400,2926,400,400,400,4878,400,400,400,400,3142,400,400,400,2514,2458,400,400,400,5058,5045,41.02564239501953,0,0,47.5,47.5,55,48.780487060546875,29.268291473388672,47.5,48.71794891357422,0,48.71794891357422,48.780487060546875,17.073171615600586,0,47.5,41.46341323852539,0,48.71794891357422,47.5,0,0,0,0,0,12.195121765136719,47.5,48.780487060546875,0,7.500000476837158,52.499996185302734,7.317072868347168,20475,15889,85709,64,39,20475,13174,83559,67,47,66718990336,8589930496,22999998464,524288
199,1790686131290,444213.761428833,3050,0,0.23750000000000004,91700.51390075684,16133.333333333334,0,0.3999999999999999,93232.22134399414,16133.333333333334,0,0.3999999999999999,95892.82066345215,16133.333333333334,0,0.3999999999999999,98841.99766540527,16133.333333333334,0,0.3999999999999999,90459.55923461914,16133.333333333334,0,0.3999999999999999,88319.80073547363,16133.333333333334,0,0.3999999999999999,140699.5476989746,3050,0,0.23750000000000004,145695.74768066406,3050,0,0.23750000000000004,146013.1867980957,3050,0,0.23750000000000004,357546.9889984131,3050,0,0.23750000000000004,141475.6661529541,3050,0,0.23750000000000004,135606.69287109375,3050,0,0.23750000000000004,135685.85542297363,3050,0,0.23750000000000004,94528.11166381836,16133.333333333334,0,0.3999999999999999,96683.02185058594,16133.333333333334,0,0.3999999999999999,8076710.359466553,3547,5378,400,3269,400,2411,400,400,400,400,400,400,2926,400,400,400,4878,400,400,400,400,3142,400,400,400,2514,2458,400,400,400,5058,5045,45,0,0,45,47.36842346191406,70,45,31.57894515991211,45,45,0,47.619049072265625,47.36842346191406,10,0,47.36842346191406,36.842105865478516,0,45,47.36842346191406,0,0,0,0,0,10,47.36842346191406,45,0,10,47.619049072265625,5,20475,15889,86334,66,48,20475,13174,83128,66,45,66718990336,8589930496,23017287680,524288
199,1790686131490,444215.2496032715,3050,0,0.2437499999999999,91700.68885803223,16133.333333333334,0,0.3999999999999999,93232.38557434082,16133.333333333334,0,0.3999999999999999,95892.98960876465,16133.333333333334,0,0.3999999999999999,98842.27279663086,16133.333333333334,0,0.3999999999999999,90459.77577209473,16133.333333333334,0,0.3999999999999999,88320.02209472656,16133.333333333334,0,0.3999999999999999,140699.85568237305,3050,0,0.2437499999999999,145696.09912109375,3050,0,0.2437499999999999,146013.45594787598,3050,0,0.2437499999999999,357547.3182220459,3050,0,0.2437499999999999,141475.9230041504,3050,0,0.2437499999999999,135606.9517211914,3050,0,0.2437499999999999,135686.16104125977,3050,0,0.2437499999999999,94528.44856262207,16133.333333333334,0,0.3999999999999999,96683.26797485352,16133.333333333334,0,0.3999999999999999,8076730.210525513,3547,5378,400,3269,400,2411,400,400,400,400,400,400,2926,400,400,400,4878,400,400,400,400,3142,400,400,400,2514,2458,400,400,400,5058,5045,65,0,0,50,47.619049072265625,55,47.36842346191406,10,50,50,0,47.36842346191406,45,5.263157844543457,0,47.619049072265625,0,0,47.619049072265625,47.619049072265625,0,0,0,0,0,10.526315689086914,47.619049072265625,45,0,45,57.894737243652344,5,20475,15889,85917,65,51,20475,13174,83769,67,51,66718990336,8589930496,23017017344,524288
199,1790686131690,444216.1104736328,3050,0,0.23750000000000004,91700.86354064941,16133.333333333334,2,0.625,93232.61660766602,48800,2,0.625,95893.16664123535,48800,2,0.625,98842.67938232422,48800,2,0.625,90460.00852966309,48800,2,0.625,88320.56254577637,48800,2,0.625,140700.10342407227,3050,2,0.23750000000000004,145696.43403625488,3050,2,0.23750000000000004,146013.7087097168,3050,2,0.23750000000000004,357547.66485595703,3050,2,0.23750000000000004,141476.1716003418,3050,2,0.23750000000000004,135607.19891357422,3050,2,0.23750000000000004,135686.49085998535,3050,2,0.23750000000000004,94528.84950256348,16133.333333333334,2,0.925,96683.46118164063,16133.333333333334,2,0.925,8076749.718963623,3547,5378,400,3269,400,2411,400,400,400,400,400,400,2926,400,400,400,4878,400,400,400,400,3142,400,400,400,2514,2458,400,400,400,5058,5045,35,0,0,47.36842346191406,47.36842346191406,65,47.619049072265625,35,47.36842346191406,47.619049072265625,0,47.619049072265625,50,15.000000953674316,50,50,0,0,47.36842346191406,47.36842346191406,0,0,0,0,0,0,47.36842346191406,0,0,50,65,0,20475,15889,84786,64,42,20475,13174,84395,68,54,66718990336,8589930496,23016685568,524288
199,1790686131890,444217.00759887695,3050,0,0.25,91701.048828125,48800,2,0.93125,93232.86402893066,48800,2,0.93125,95893.35401916504,48800,2,0.93125,98843.0456237793,48800,2,0.93125,90460.25778198242,48800,2,0.93125,88321.19789123535,48800,2,0.93125,140700.36737060547,3050,2,0.25,145696.81286621094,3050,2,0.25,146013.92282104492,3050,2,0.25,357547.9898223877,3050,2,0.25,141476.43760681152,3050,2,0.25,135607.46476745605,3050,2,0.25,135686.84196472168,3050,2,0.25,94529.0873413086,48800,2,0.93125,96683.7839050293,48800,2,0.93125,8076769.389633179,3547,5378,400,3269,400,2411,400,400,400,400,400,400,2926,400,400,400,4878,400,400,400,400,3142,400,400,400,2514,2458,400,400,400,5058,5045,35,0,0,52.38095474243164,52.38095474243164,65,55,40,52.38095474243164,52.6315803527832,55,0,14.285715103149414,15.000000953674316,52.6315803527832,50,0,0,55,55,0,0,0,42.105262756347656,0,0,55,0,0,55,55,10,20475,15889,85281,64,39,20475,13174,83720,67,49,66718990336,8589930496,23006113792,524288
199,1790686132090,444217.9384460449,3050,0,0.31874999999999987,91701.23460388184,16133.333333333334,2,0.3812500000000001,93233.11320495605,16133.333333333334,2,0.3812500000000001,95893.5425415039,16133.333333333334,2,0.39375000000000004,98843.41998291016,16133.333333333334,2,0.39375000000000004,90460.72285461426,16133.333333333334,2,0.39375000000000004,88321.24726867676,16133.333333333334,2,0.39375000000000004,140700.63627624512,3050,2,0.31874999999999987,145697.17071533203,3050,2,0.31874999999999987,146014.25141906738,3050,2,0.31874999999999987,357548.31370544434,3050,2,0.31874999999999987,141476.70645141602,3050,2,0.31874999999999987,135607.73318481445,3050,2,0.31874999999999987,135687.16105651855,3050,0,0.31874999999999987,94529.67031860352,16133.333333333334,2,0.3812500000000001,96683.97102355957,16133.333333333334,0,0.3812500000000001,8076789.063110352,3547,5378,400,3269,400,2411,400,400,400,400,400,400,2926,400,400,400,4878,400,400,400,400,3142,400,400,400,2514,2458,400,400,400,5058,5045,35,0,0,52.38095474243164,52.38095474243164,65,55,40,52.38095474243164,52.6315803527832,55,0,14.285715103149414,15.000000953674316,52.6315803527832,50,0,0,55,55,0,0,0,42.105262756347656,0,0,55,0,0,55,55,10,20475,15889,86264,66,49,20475,13174,83113,66,45,66718990336,8589930496,23000907776,524288
199,1790686132291,444219.00398254395,3050,2,0.48124999999999996,91701.41748046875,16133.333333333334,2,0.38749999999999996,93233.36068725586,16133.333333333334,2,0.38749999999999996,95893.7339630127,16133.333333333334,2,0.38749999999999996,98843.68548583984,16133.333333333334,0,0.38749999999999996,90461.13296508789,16133.333333333334,2,0.38749999999999996,88321.70332336426,16133.333333333334,2,0.38749999999999996,140700.91772460938,3050,2,0.48124999999999996,145697.52798461914,3050,2,0.48124999999999996,146014.51245117188,3050,2,0.48124999999999996,357548.6537017822,3050,2,0.48124999999999996,141476.9757232666,3050,2,0.48124999999999996,135607.99844360352,3050,2,0.48124999999999996,135687.51306152344,3050,0,0.48124999999999996,94530.04824829102,16133.333333333334,2,0.38749999999999996,96684.15107727051,16133.333333333334,2,0.38749999999999996,8076808.925338745,3547,5378,400,3269,400,2411,400,400,400,400,400,400,2926,400,400,400,4878,400,400,400,400,3142,400,400,400,2514,2458,400,400,400,5058,5045,37.5,2.4390242099761963,0,53.84615707397461,53.84615707397461,62.5,43.589744567871094,31.707317352294922,53.84615707397461,52.499996185302734,52.499996185302734,53.84615707397461,0,10,53.658538818359375,53.84615707397461,0,0,52.499996185302734,52.499996185302734,0,0,0,21.95121955871582,0,0,52.499996185302734,0,0,50,65,0,20475,15889,86065,66,52,20475,13174,83750,67,49,66718990336,8589930496,23000903680,524288
199,1790686132491,444220.8478088379,3050,0,0.23124999999999996,91701.59869384766,16133.333333333334,0,0.38749999999999996,93233.62182617188,16133.333333333334,0,0.38749999999999996,95893.91506958008,16133.333333333334,0,0.38749999999999996,98843.96662902832,16133.333333333334,0,0.38749999999999996,90461.36885070801,16133.333333333334,0,0.38749999999999996,88321.94046020508,16133.333333333334,0,0.38749999999999996,140701.2811126709,3050,0,0.23124999999999996,145697.8942565918,3050,0,0.23124999999999996,146014.7781982422,3050,0,0.23124999999999996,357549.02166748047,3050,0,0.23124999999999996,141477.244140625,3050,0,0.23124999999999996,135608.27740478516,3050,0,0.23124999999999996,135687.86618041992,3050,0,0.23124999999999996,94530.23226928711,16133.333333333334,0,0.38749999999999996,96684.36953735352,16133.333333333334,0,0.38749999999999996,8076829.279373169,3547,5378,400,3269,400,2411,400,400,400,400,400,400,2926,400,400,400,4878,400,400,400,400,3142,400,400,400,2514,2458,400,400,400,5058,5045,37.5,2.4390242099761963,0,53.84615707397461,53.84615707397461,62.5,43.589744567871094,31.707317352294922,53.84615707397461,52.499996185302734,52.499996185302734,53.84615707397461,0,10,53.658538818359375,53.84615707397461,0,0,52.499996185302734,52.499996185302734,0,0,0,21.95121955871582,0,0,52.499996185302734,0,0,50,65,0,20475,15889,84995,64,45,20475,13174,84586,68,56,66718990336,8589930496,22993584128,524288
199,1790686132691,444221.12983703613,3050,0,0.22499999999999987,91701.76287841797,16133.333333333334,0,0.3999999999999999,93233.9419708252,16133.333333333334,0,0.3999999999999999,95894.07933044434,16133.333333333334,0,0.3999999999999999,98844.16340637207,16133.333333333334,0,0.3999999999999999,90461.58409118652,16133.333333333334,0,0.3999999999999999,88321.95556640625,16133.333333333334,2,0.3999999999999999,140701.6164703369,3050,0,0.22499999999999987,145698.22998046875,3050,0,0.22499999999999987,146015.029586792,3050,0,0.22499999999999987,357550.8770751953,3050,0,0.22499999999999987,141477.4965057373,3050,0,0.22499999999999987,135608.5326538086,3050,0,0.22499999999999987,135688.19665527344,3050,0,0.22499999999999987,94530.39176940918,16133.333333333334,0,0.3999999999999999,96684.68606567383,16133.333333333334,0,0.3999999999999999,8076849.003967285,3547,5378,400,3269,400,2411,400,400,400,400,400,400,2926,400,400,400,4878,400,400,400,400,3142,400,400,400,2514,2458,400,400,400,5058,5045,42.5,0,0,53.658538818359375,50,53.658538818359375,50,15.000000953674316,50,50,50,50,0,39.02438735961914,50,50,0,0,50,50,0,0,0,0,0,2.4390242099761963,67.5,0,0,50,50,9.756096839904785,20475,15889,85096,64,39,20475,13174,84193,68,54,66718990336,8589930496,22993584128,524288
199,1790686132891,444221.4772491455,3050,0,0.23124999999999996,91701.92510986328,16133.333333333334,0,0.39375000000000004,93234.16035461426,16133.333333333334,0,0.39375000000000004,95894.24475097656,16133.333333333334,0,0.39375000000000004,98844.88931274414,16133.333333333334,0,0.39375000000000004,90461.79797363281,16133.333333333334,0,0.39375000000000004,88322.31455993652,16133.333333333334,0,0.39375000000000004,140701.9545135498,3050,0,0.23124999999999996,145698.56170654297,3050,0,0.23124999999999996,146015.28768920898,3050,0,0.23124999999999996,357551.9385070801,3050,0,0.23124999999999996,141477.75148010254,3050,0,0.23124999999999996,135608.78526306152,3050,0,0.23124999999999996,135688.51278686523,3050,0,0.23124999999999996,94530.55665588379,16133.333333333334,0,0.39375000000000004,96684.90431213379,16133.333333333334,0,0.39375000000000004,8076868.325439453,3547,5378,400,3269,400,2411,400,400,400,400,400,400,2926,400,400,400,4878,400,400,400,400,3142,400,400,400,2514,2458,400,400,400,5058,5045,10.526315689086914,0,0,45,47.619049072265625,73.68421173095703,47.619049072265625,35,47.619049072265625,50,47.619049072265625,45,0,47.36842346191406,45,47.619049072265625,0,0,50,47.619049072265625,0,0,0,0,0,0,38.095237731933594,0,0,45,45,0,20475,15889,86201,65,46,20475,13174,83372,66,43,66718990336,8589930496,22995890176,524288
199,1790686133091,444222.63565063477,3050,0,0.23750000000000004,91702.08653259277,16133.333333333334,0,0.3999999999999999,93234.3773651123,16133.333333333334,0,0.3999999999999999,95894.42082214355,16133.333333333334,0,0.3999999999999999,98845.2758178711,16133.333333333334,0,0.3999999999999999,90461.9919128418,16133.333333333334,0,0.3999999999999999,88322.64642333984,16133.333333333334,0,0.3999999999999999,140702.29191589355,3050,0,0.23750000000000004,145698.88369750977,3050,0,0.23750000000000004,146015.52877807617,3050,0,0.23750000000000004,357552.1811065674,3050,0,0.23750000000000004,141477.9921875,3050,0,0.23750000000000004,135609.02827453613,3050,0,0.23750000000000004,135688.82928466797,3050,0,0.23750000000000004,94530.71900939941,16133.333333333334,0,0.3999999999999999,96685.35559082031,16133.333333333334,0,0.3999999999999999,8076887.505432129,3547,5378,400,3269,400,2411,400,400,400,400,400,400,2926,400,400,400,4878,400,400,400,400,3142,400,400,400,2514,2458,400,400,400,5058,5045,57.142860412597656,0,0,50,47.36842346191406,45,47.36842346191406,40,45,45,47.36842346191406,47.619049072265625,0,45,47.36842346191406,45,4.761904716491699,0,45,47.36842346191406,0,0,0,0,0,0,0,0,0,45,50,15.000000953674316,20475,15889,86263,66,53,20475,13174,83584,66,43,66718990336,8589930496,22986502144,524288
199,1790686133291,444223.6085357666,3050,0,0.25,91702.25050354004,16133.333333333334,0,0.40625,93234.59620666504,16133.333333333334,0,0.40625,95894.58819580078,16133.333333333334,0,0.40625,98845.81079101563,16133.333333333334,0,0.40625,90462.15480041504,16133.333333333334,0,0.40625,88323.2534942627,16133.333333333334,2,0.40625,140702.61965942383,3050,0,0.25,145699.2022857666,3050,0,0.25,146015.7677001953,3050,0,0.25,357552.421585083,3050,0,0.25,141478.2283935547,3050,0,0.25,135609.26272583008,3050,0,0.25,135689.12673950195,3050,0,0.25,94530.88284301758,16133.333333333334,0,0.40625,96685.57319641113,16133.333333333334,0,0.40625,8076906.751876831,3547,5378,400,3269,400,2411,400,400,400,400,400,400,2926,400,400,400,4878,400,400,400,400,3142,400,400,400,2514,2458,400,400,400,5058,5045,47.36842346191406,0,0,45,45,70,45,40,47.36842346191406,45,45,47.36842346191406,0,50,47.619049072265625,47.36842346191406,0,0,45,45,0,0,0,0,0,0,0,0,0,50,45,0,20475,15889,85366,65,49,20475,13174,84543,68,56,66718990336,8589930496,22986502144,524288
199,1790686133491,444224.7032470703,3050,0,0.23124999999999996,91702.43342590332,48800,2,0.55,93234.83686828613,48800,2,0.55,95894.77198791504,48800,2,0.55,98846.40539550781,48800,2,0.55,90462.35948181152,48800,2,0.55,88323.76586914063,48800,2,0.55,140703.04415893555,3050,2,0.23124999999999996,145699.56706237793,3050,0,0.23124999999999996,146016.04861450195,3050,0,0.23124999999999996,357552.7540283203,3050,0,0.23124999999999996,141478.5043182373,3050,0,0.23124999999999996,135609.56741333008,3050,0,0.23124999999999996,135689.4629058838,3050,2,0.23124999999999996,94531.08689880371,48800,2,0.55,96685.81568908691,48800,2,0.55,8076926.858078003,3547,5378,400,3269,400,2411,400,400,400,400,400,400,2926,400,400,400,4878,400,400,400,400,3142,400,400,400,2514,2458,400,400,400,5058,5045,40,15.789472579956055,4.761904716491699,50,50,80,55,45,57.142860412597656,55,50,52.38095474243164,0,50,50,52.38095474243164,0,5,55,50,0,0,0,0,0,0,0,0,0,50,50,0,20475,15889,84982,64,41,20475,13174,84462,68,56,66718990336,8589930496,23013085184,524288
199,1790686133691,444226.90898132324,3050,0,0.21875,91702.60781860352,16133.333333333334,0,0.925,93235.0694732666,16133.333333333334,2,0.925,95894.94689941406,16133.333333333334,2,0.925,98846.57929992676,16133.333333333334,0,0.925,90462.5362701416,16133.333333333334,2,0.925,88323.92221069336,16133.333333333334,0,0.925,140703.35792541504,3050,0,0.21875,145699.94386291504,3050,2,0.21875,146016.3341369629,3050,2,0.21875,357553.0961456299,3050,2,0.21875,141478.87705993652,3050,2,0.21875,135609.84735107422,3050,0,0.21875,135689.8132171631,3050,0,0.21875,94531.26072692871,16133.333333333334,2,0.925,96686.05047607422,16133.333333333334,2,0.925,8076947.376068115,3547,5378,400,3269,400,2411,400,400,400,400,400,400,2926,400,400,400,4878,400,400,400,400,3142,400,400,400,2514,2458,400,400,400,5058,5045,0,10,0,55,55,50,50,35,100,50,55,55,0,55,52.6315803527832,50,0,0,50,55,0,0,0,0,0,0,10,21.052631378173828,0,52.6315803527832,55,0,20475,15889,85888,65,41,20475,13174,83493,67,46,66718990336,8589930496,22998216704,524288
199,1790686133891,444229.13067626953,3050,0,0.21875,91702.7777709961,16133.333333333334,2,0.58125,93235.26667785645,16133.333333333334,2,0.58125,95895.12646484375,16133.333333333334,0,0.58125,98846.74781799316,16133.333333333334,2,0.58125,90462.70526123047,16133.333333333334,2,0.58125,88324.15460205078,16133.333333333334,2,0.58125,140703.63230895996,3050,2,0.21875,145700.31982421875,3050,2,0.21875,146016.61288452148,3050,0,0.21875,357553.3784942627,3050,2,0.21875,141479.15405273438,3050,2,0.21875,135610.1190185547,3050,0,0.21875,135690.15408325195,3050,0,0.21875,94531.42948913574,16133.333333333334,2,0.58125,96686.27976989746,16133.333333333334,2,0.58125,8076967.640655518,3547,5378,400,3269,400,2411,400,400,400,400,400,400,2926,400,400,400,4878,400,400,400,400,3142,400,400,400,2514,2458,400,400,400,5058,5045,0,0,0,55,52.38095474243164,55,55,55,100,55,50,50,0,50,52.38095474243164,52.6315803527832,0,0,55,52.38095474243164,0,5,0,0,0,0,0,0,0,52.38095474243164,50,0,20475,15889,86239,66,53,20475,13174,83503,66,45,66718990336,8589930496,22987059200,524288
199,1790686134091,444231.35081481934,3050,0,0.21875,91702.94789123535,48800,2,0.93125,93235.43583679199,48800,2,0.93125,95895.29945373535,48800,2,0.93125,98846.91738891602,48800,2,0.93125,90462.87532043457,48800,2,0.93125,88324.38639831543,48800,2,0.93125,140703.98056030273,3050,0,0.21875,145700.69256591797,3050,2,0.21875,146016.89128112793,3050,2,0.21875,357553.65838623047,3050,2,0.21875,141479.42820739746,3050,2,0.21875,135610.38557434082,3050,0,0.21875,135690.49713134766,3050,0,0.21875,94531.59938049316,48800,2,0.93125,96686.51054382324,48800,2,0.93125,8076987.860794067,3547,5378,400,3269,400,2411,400,400,400,400,400,400,2926,400,400,400,4878,400,400,400,400,3142,400,400,400,2514,2458,400,400,400,5058,5045,4.761904716491699,10,0,55,52.6315803527832,50,50,52.6315803527832,100,50,55,55,0,55,52.6315803527832,0,0,0,50,52.6315803527832,0,0,0,0,0,0,0,0,50,52.6315803527832,55,0,20475,15889,86022,66,53,20475,13174,84196,67,50,66718990336,8589930496,23002095616,524288
199,1790686134291,444233.57998657227,3050,0,0.22499999999999987,91703.11683654785,16133.333333333334,0,0.3999999999999999,93235.6037902832,16133.333333333334,2,0.39375000000000004,95895.4681854248,48800,2,0.39375000000000004,98847.08529663086,48800,2,0.39375000000000004,90463.09182739258,48800,2,0.39375000000000004,88324.61660766602,48800,2,0.39375000000000004,140704.30387878418,3050,0,0.22499999999999987,145701.06466674805,3050,0,0.22499999999999987,146017.19438171387,3050,0,0.22499999999999987,357553.9355316162,3050,0,0.22499999999999987,141479.7403717041,3050,0,0.22499999999999987,135610.66862487793,3050,0,0.22499999999999987,135690.84143066406,3050,0,0.22499999999999987,94531.76788330078,16133.333333333334,0,0.3999999999999999,96686.73915100098,16133.333333333334,0,0.3999999999999999,8077008.187820435,3547,5378,400,3269,400,2411,400,400,400,400,400,400,2926,400,400,400,4878,400,400,400,400,3142,400,400,400,2514,2458,400,400,400,5058,5045,4.761904716491699,10,0,55,52.6315803527832,50,50,52.6315803527832,100,50,55,55,0,55,52.6315803527832,0,0,0,50,52.6315803527832,0,0,0,0,0,0,0,0,50,52.6315803527832,55,0,20475,15889,85446,64,47,20475,13174,84593,69,55,66718990336,8589930496,22979825664,524288
199,1790686134491,444235.8098449707,3050,0,0.23124999999999996,91703.28756713867,16133.333333333334,0,0.38749999999999996,93235.76034545898,16133.333333333334,0,0.38749999999999996,95895.6312713623,16133.333333333334,0,0.38749999999999996,98847.24363708496,16133.333333333334,0,0.38749999999999996,90463.30842590332,16133.333333333334,0,0.38749999999999996,88324.82995605469,16133.333333333334,0,0.38749999999999996,140704.56184387207,3050,0,0.23124999999999996,145701.42768859863,3050,0,0.23124999999999996,146017.56143188477,3050,0,0.23124999999999996,357554.25744628906,3050,0,0.23124999999999996,141480.00338745117,3050,0,0.23124999999999996,135610.92695617676,3050,0,0.23124999999999996,135691.16284179688,3050,0,0.23124999999999996,94531.94799804688,16133.333333333334,0,0.38749999999999996,96686.94453430176,16133.333333333334,0,0.38749999999999996,8077028.286178589,3547,5378,400,3269,400,2411,400,400,400,400,400,400,2926,400,400,400,4878,400,400,400,400,3142,400,400,400,2514,2458,400,400,400,5058,5045,0,2.5,0,50,50,50,50,50,100,50,50,50,0,50,51.219512939453125,0,0,0,51.219512939453125,47.5,0,0,0,10,0,0,10.256410598754883,2.5,51.28205490112305,51.219512939453125,50,0,20475,15889,85680,64,42,20475,13174,84397,68,54,66718990336,8589930496,23015010304,524288
199,1790686134691,444238.0394897461,3050,0,0.23124999999999996,91703.48985290527,16133.333333333334,0,0.3999999999999999,93235.91996765137,16133.333333333334,0,0.3999999999999999,95895.79881286621,16133.333333333334,0,0.3999999999999999,98847.40676879883,16133.333333333334,0,0.3999999999999999,90463.50915527344,16133.333333333334,0,0.3999999999999999,88325.0418548584,16133.333333333334,0,0.3999999999999999,140704.81365966797,3050,0,0.23124999999999996,145701.78009033203,3050,0,0.23124999999999996,146017.89488220215,3050,0,0.23124999999999996,357554.5332183838,3050,0,0.23124999999999996,141480.30667114258,3050,0,0.23124999999999996,135611.187210083,3050,0,0.23124999999999996,135691.48027038574,3050,0,0.23124999999999996,94532.15371704102,16133.333333333334,0,0.3999999999999999,96687.14161682129,16133.333333333334,0,0.3999999999999999,8077048.622299194,3547,5378,400,3269,400,2411,400,400,400,400,400,400,2926,400,400,400,4878,400,400,400,400,3142,400,400,400,2514,2458,400,400,400,5058,5045,0,0,35,47.36842346191406,47.619049072265625,50,50,47.619049072265625,100,50,50,45,0,47.36842346191406,45,0,0,0,50,5,0,0,0,10.526315689086914,0,0,10,9.523809432983398,47.619049072265625,45,47.36842346191406,0,20475,15889,86257,65,42,20475,13174,84036,67,46,66718990336,8589930496,23032496128,524288
199,1790686134891,444240.27198791504,3050,0,0.23124999999999996,91703.69882202148,16133.333333333334,0,0.3999999999999999,93236.07330322266,16133.333333333334,0,0.3999999999999999,95895.9555053711,16133.333333333334,0,0.3999999999999999,98847.55964660645,16133.333333333334,0,0.3999999999999999,90463.69584655762,16133.333333333334,0,0.3999999999999999,88325.24987792969,16133.333333333334,0,0.3999999999999999,140705.06645202637,3050,0,0.23124999999999996,145702.1261291504,3050,0,0.23124999999999996,146018.19396972656,3050,0,0.23124999999999996,357554.8198547363,3050,0,0.23124999999999996,141480.56588745117,3050,0,0.23124999999999996,135611.44206237793,3050,0,0.23124999999999996,135691.79791259766,3050,0,0.23124999999999996,94532.35061645508,16133.333333333334,0,0.3999999999999999,96687.32862854004,16133.333333333334,0,0.3999999999999999,8077068.519073486,3547,5378,400,3269,400,2411,400,400,400,400,400,400,2926,400,400,400,4878,400,400,400,400,3142,400,400,400,2514,2458,400,400,400,5058,5045,0,0,47.36842346191406,47.619049072265625,36.842105865478516,45,45,47.36842346191406,100,45,45,50,0,28.571430206298828,26.3157901763916,0,0,0,45,0,0,14.285715103149414,0,9.523809432983398,0,0,25,20,47.36842346191406,50,47.619049072265625,0,20475,15889,86254,66,53,20475,13174,84048,66,44,66718990336,8589930496,23025537024,524288
199,1790686135091,444242.500579834,3050,0,0.23124999999999996,91703.90849304199,16133.333333333334,0,0.3999999999999999,93236.22555541992,16133.333333333334,0,0.3999999999999999,95896.11158752441,16133.333333333334,0,0.3999999999999999,98847.71272277832,16133.333333333334,0,0.3999999999999999,90463.8822631836,16133.333333333334,0,0.3999999999999999,88325.45869445801,16133.333333333334,0,0.3999999999999999,140705.32823181152,3050,0,0.23124999999999996,145702.47926330566,3050,0,0.23124999999999996,146018.45190429688,3050,0,0.23124999999999996,357555.13722229004,3050,0,0.23124999999999996,141480.83114624023,3050,0,0.23124999999999996,135611.7060699463,3050,0,0.23124999999999996,135692.13027954102,3050,0,0.23124999999999996,94532.54806518555,16133.333333333334,0,0.3999999999999999,96687.5160369873,16133.333333333334,0,0.3999999999999999,8077088.47819519,3547,5378,400,3269,400,2411,400,400,400,400,400,400,2926,400,400,400,4878,400,400,400,400,3142,400,400,400,2514,2458,400,400,400,5058,5045,0,0,47.619049072265625,45,0,50,50,47.619049072265625,100,50,50,45,0,14.285715103149414,0,4.761904716491699,0,0,50,0,0,47.36842346191406,0,0,0,0,50,47.36842346191406,47.619049072265625,45,47.36842346191406,0,20475,15889,86010,66,51,20475,13174,84517,67,50,66718990336,8589930496,23032115200,524288
199,1790686135291,444244.7312927246,3050,0,0.23124999999999996,91704.11828613281,16133.333333333334,0,0.61875,93236.3783569336,16133.333333333334,0,0.61875,95896.26885986328,16133.333333333334,0,0.61875,98847.86599731445,16133.333333333334,0,0.61875,90464.0696105957,16133.333333333334,0,0.61875,88325.66761779785,16133.333333333334,0,0.61875,140705.58110046387,3050,0,0.23124999999999996,145702.8283996582,3050,0,0.23124999999999996,146018.71006774902,3050,0,0.23124999999999996,357555.4472351074,3050,0,0.23124999999999996,141481.08166503906,3050,0,0.23124999999999996,135611.96592712402,3050,0,0.23124999999999996,135692.44801330566,3050,0,0.23124999999999996,94532.74461364746,16133.333333333334,0,0.61875,96687.70275878906,16133.333333333334,0,0.61875,8077108.338546753,3547,5378,400,3269,400,2411,400,400,400,400,400,400,2926,400,400,400,4878,400,400,400,400,3142,400,400,400,2514,2458,400,400,400,5058,5045,0,0,47.36842346191406,50,0,45,45,47.36842346191406,100,45,45,50,0,10.526315689086914,0,0,0,0,45,0,0,47.619049072265625,0,4.761904716491699,0,0,45,47.619049072265625,47.36842346191406,50,47.619049072265625,0,20475,15889,85762,64,45,20475,13174,84482,69,54,66718990336,8589930496,23032115200,524288
199,1790686135491,444246.9620819092,3050,0,0.22499999999999987,91704.34834289551,48800,2,0.925,93236.54606628418,48800,2,0.925,95896.44093322754,48800,2,0.925,98848.03405761719,48800,2,0.925,90464.27526855469,48800,2,0.925,88325.89685058594,48800,2,0.925,140705.85571289063,3050,2,0.22499999999999987,145703.21086120605,3050,2,0.22499999999999987,146018.98654174805,3050,2,0.22499999999999987,357555.7939147949,3050,2,0.22499999999999987,141481.35260009766,3050,2,0.22499999999999987,135612.24467468262,3050,2,0.22499999999999987,135692.7928314209,3050,2,0.22499999999999987,94532.96101379395,48800,2,0.925,96687.90766906738,48800,2,0.925,8077128.634033203,3547,5378,400,3269,400,2411,400,400,400,400,400,400,2926,400,400,400,4878,400,400,400,400,3142,400,400,400,2514,2458,400,400,400,5058,5045,0,0,52.38095474243164,50,0,55,55,50,100,55,50,50,0,19.047618865966797,0,0,0,0,52.6315803527832,0,0,50,0,0,0,0,52.38095474243164,52.6315803527832,52.38095474243164,50,50,0,20475,15889,85760,64,40,20475,13174,84244,68,54,66718990336,8589930496,23032115200,524288
199,1790686135691,444248.57344055176,3050,0,0.23750000000000004,91704.61781311035,48800,2,0.925,93236.73095703125,48800,2,0.925,95896.65054321289,48800,2,0.925,98848.29002380371,48800,2,0.925,90464.45820617676,48800,2,0.925,88326.38026428223,48800,2,0.925,140706.14289855957,3050,0,0.23750000000000004,145703.60679626465,3050,2,0.23750000000000004,146019.27252197266,3050,2,0.23750000000000004,357556.1365966797,3050,2,0.23750000000000004,141481.6505432129,3050,2,0.23750000000000004,135612.5446624756,3050,2,0.23750000000000004,135693.1728515625,3050,2,0.23750000000000004,94533.20234680176,48800,2,0.925,96688.14138793945,48800,2,0.925,8077149.160247803,3547,5378,400,3269,400,2411,400,400,400,400,400,400,2926,400,400,400,4878,400,400,400,400,3142,400,400,400,2514,2458,400,400,400,5058,5045,36.842105865478516,5,57.894737243652344,55,0,40,50,47.619049072265625,57.142860412597656,50,55,55,0,10.526315689086914,0,36.842105865478516,52.38095474243164,35,52.38095474243164,0,0,57.894737243652344,15.789472579956055,0,0,0,52.6315803527832,40,25,15.000000953674316,25,0,20475,15889,86276,65,44,20475,13174,83922,66,45,66718990336,8589930496,23034691584,524288
199,1790686135892,444249.5598602295,3050,0,0.48124999999999996,91705.05238342285,16133.333333333334,2,0.38749999999999996,93236.91285705566,16133.333333333334,2,0.38749999999999996,95896.83389282227,16133.333333333334,2,0.38749999999999996,98848.53611755371,16133.333333333334,2,0.38749999999999996,90464.640625,16133.333333333334,2,0.38749999999999996,88327.01399230957,16133.333333333334,2,0.38749999999999996,140706.41369628906,3050,2,0.48124999999999996,145703.9716949463,3050,0,0.48124999999999996,146019.541305542,3050,2,0.48124999999999996,357556.4666442871,3050,2,0.48124999999999996,141482.00390625,3050,2,0.48124999999999996,135612.81407165527,3050,2,0.48124999999999996,135693.506149292,3050,2,0.48124999999999996,94533.51248168945,16133.333333333334,0,0.38749999999999996,96688.37251281738,16133.333333333334,2,0.38749999999999996,8077169.006210327,3547,5378,400,3269,400,2411,400,400,400,400,400,400,2926,400,400,400,4878,400,400,400,400,3142,400,400,400,2514,2458,400,400,400,5058,5045,38.095237731933594,0,66.66667175292969,52.6315803527832,0,55,55,40,55,55,55,50,0,10,0,55,52.6315803527832,52.38095474243164,55,0,0,52.38095474243164,0,0,0,0,55,52.38095474243164,0,0,5,0,20475,15889,86294,66,53,20475,13174,83792,66,45,66718990336,8589930496,23030157312,524288
199,1790686136092,444250.62495422363,48800,2,0.56875,91705.43911743164,16133.333333333334,0,0.38749999999999996,93237.09233093262,16133.333333333334,2,0.38749999999999996,95897.01663208008,16133.333333333334,2,0.38749999999999996,98848.7797241211,16133.333333333334,2,0.38749999999999996,90464.82049560547,16133.333333333334,2,0.38749999999999996,88327.65019226074,16133.333333333334,2,0.38749999999999996,140706.68423461914,48800,2,0.56875,145704.33247375488,48800,2,0.56875,146019.8995361328,48800,2,0.56875,357556.83125305176,48800,2,0.56875,141482.3557281494,48800,2,0.56875,135613.01426696777,48800,2,0.56875,135693.8356628418,48800,2,0.56875,94533.80990600586,16133.333333333334,2,0.38749999999999996,96688.60090637207,16133.333333333334,2,0.38749999999999996,8077188.911407471,3547,5378,400,3269,400,2411,400,400,400,400,400,400,2926,400,400,400,4878,400,400,400,400,3142,400,400,400,2514,2458,400,400,400,5058,5045,42.105262756347656,0,65,52.38095474243164,0,50,50,42.105262756347656,52.6315803527832,52.38095474243164,50,55,0,0,0,5,52.38095474243164,52.6315803527832,50,0,0,52.6315803527832,0,21.052631378173828,0,0,55,52.6315803527832,31.57894515991211,0,5,0,20475,15889,85551,65,45,20475,13174,84494,68,54,66718990336,8589930496,23020339200,524288
199,1790686136292,444251.6548919678,3050,0,0.22499999999999987,91705.73648071289,16133.333333333334,0,0.3812500000000001,93237.26417541504,16133.333333333334,0,0.3812500000000001,95897.18960571289,16133.333333333334,0,0.3812500000000001,98849.01219177246,16133.333333333334,0,0.3812500000000001,90464.99319458008,16133.333333333334,0,0.3812500000000001,88328.21884155273,16133.333333333334,0,0.3812500000000001,140707.0379638672,3050,0,0.22499999999999987,145704.68435668945,3050,0,0.22499999999999987,146020.1533050537,3050,0,0.22499999999999987,357557.1797943115,3050,0,0.22499999999999987,141482.69291687012,3050,0,0.22499999999999987,135613.31617736816,3050,0,0.22499999999999987,135694.15200805664,3050,0,0.22499999999999987,94534.13729858398,16133.333333333334,0,0.3812500000000001,96688.91841125488,16133.333333333334,0,0.3812500000000001,8077208.551025391,3547,5378,400,3269,400,2411,400,400,400,400,400,400,2926,400,400,400,4878,400,400,400,400,3142,400,400,400,2514,2458,400,400,400,5058,5045,42.105262756347656,0,65,52.38095474243164,0,50,50,42.105262756347656,52.6315803527832,52.38095474243164,50,55,0,0,0,5,52.38095474243164,52.6315803527832,50,0,0,52.6315803527832,0,21.052631378173828,0,0,55,52.6315803527832,31.57894515991211,0,5,0,20475,15889,85176,64,41,20475,13174,84536,68,54,66718990336,8589930496,23018647552,524288
199,1790686136492,444252.66149902344,3050,0,0.22499999999999987,91705.98902893066,16133.333333333334,0,0.3812500000000001,93237.50691223145,16133.333333333334,0,0.3812500000000001,95897.3582611084,16133.333333333334,0,0.3812500000000001,98849.23350524902,16133.333333333334,0,0.3812500000000001,90465.15809631348,16133.333333333334,0,0.3812500000000001,88328.7606048584,16133.333333333334,0,0.3812500000000001,140707.3705444336,3050,0,0.22499999999999987,145705.0204925537,3050,0,0.22499999999999987,146020.39863586426,3050,0,0.22499999999999987,357557.4256134033,3050,0,0.22499999999999987,141483.01290893555,3050,0,0.22499999999999987,135613.63467407227,3050,0,0.22499999999999987,135694.45036315918,3050,0,0.22499999999999987,94534.59803771973,16133.333333333334,0,0.3812500000000001,96689.12484741211,16133.333333333334,0,0.3812500000000001,8077228.217178345,3547,5378,400,3269,400,2411,400,400,400,400,400,400,2926,400,400,400,4878,400,400,400,400,3142,400,400,400,2514,2458,400,400,400,5058,5045,46.34146499633789,0,56.41025924682617,51.28205490112305,0,50,50,36.585365295410156,48.780487060546875,48.71794891357422,50,48.780487060546875,0,0,0,10,50,48.780487060546875,50,0,0,48.780487060546875,0,0,0,0,56.09756088256836,48.780487060546875,39.02438735961914,0,10.256410598754883,4.878048419952393,20475,15889,85861,65,40,20475,13174,83546,66,45,66718990336,8589930496,23037739008,524288
199,1790686136692,444254.2539215088,3050,0,0.22499999999999987,91706.22871398926,16133.333333333334,0,0.3812500000000001,93237.69900512695,16133.333333333334,0,0.3812500000000001,95897.53358459473,16133.333333333334,0,0.3812500000000001,98849.51258850098,16133.333333333334,0,0.3812500000000001,90465.34167480469,16133.333333333334,0,0.3812500000000001,88329.16511535645,16133.333333333334,0,0.3812500000000001,140707.71769714355,3050,0,0.22499999999999987,145705.37971496582,3050,0,0.22499999999999987,146020.65950012207,3050,0,0.22499999999999987,357557.69563293457,3050,0,0.22499999999999987,141483.34898376465,3050,0,0.22499999999999987,135613.960647583,3050,0,0.22499999999999987,135694.75581359863,3050,0,0.22499999999999987,94534.8046875,16133.333333333334,0,0.3812500000000001,96689.38391113281,16133.333333333334,0,0.3812500000000001,8077248.377990723,3547,5378,400,3269,400,2411,400,400,400,400,400,400,2926,400,400,400,4878,400,400,400,400,3142,400,400,400,2514,2458,400,400,400,5058,5045,76.19047546386719,0,52.38095474243164,47.619049072265625,0,50,47.619049072265625,36.842105865478516,47.36842346191406,47.619049072265625,45,47.36842346191406,0,0,0,50,45,47.36842346191406,45,0,0,47.36842346191406,4.761904716491699,0,0,0,47.36842346191406,47.36842346191406,0,0,9.523809432983398,0,20475,15889,86385,66,53,20475,13174,83327,66,46,66718990336,8589930496,23030337536,524288
199,1790686136892,444255.4411010742,3050,0,0.2437499999999999,91706.46786499023,16133.333333333334,0,0.3999999999999999,93237.86108398438,16133.333333333334,0,0.3999999999999999,95897.69770812988,16133.333333333334,0,0.3999999999999999,98849.90721130371,16133.333333333334,0,0.3999999999999999,90465.50378417969,16133.333333333334,0,0.3999999999999999,88329.7142944336,16133.333333333334,2,0.3999999999999999,140708.04623413086,3050,0,0.2437499999999999,145705.7064666748,3050,0,0.2437499999999999,146020.9031677246,3050,0,0.2437499999999999,357557.94134521484,3050,0,0.2437499999999999,141483.66706848145,3050,0,0.2437499999999999,135614.2812347412,3050,0,0.2437499999999999,135695.05570983887,3050,0,0.2437499999999999,94534.97035217285,16133.333333333334,0,0.3999999999999999,96689.591796875,16133.333333333334,0,0.3999999999999999,8077267.810043335,3547,5378,400,3269,400,2411,400,400,400,400,400,400,2926,400,400,400,4878,400,400,400,400,3142,400,400,400,2514,2458,400,400,400,5058,5045,57.894737243652344,0,50,45,0,60.000003814697266,47.36842346191406,35,47.619049072265625,47.36842346191406,50,45,0,0,0,45,47.36842346191406,20,50,0,0,45,0,0,0,0,47.619049072265625,47.619049072265625,0,0,25,0,20475,15889,85910,65,48,20475,13174,84144,68,53,66718990336,8589930496,23025197056,524288
199,1790686137092,444256.39527893066,3050,0,0.23750000000000004,91706.63522338867,48800,2,0.925,93238.02783203125,48800,2,0.925,95897.86650085449,48800,2,0.925,98850.48808288574,48800,2,0.925,90465.67077636719,48800,2,0.925,88330.35612487793,48800,2,0.925,140708.49238586426,3050,0,0.23750000000000004,145706.04261779785,3050,2,0.23750000000000004,146021.15557861328,3050,2,0.23750000000000004,357558.1961517334,3050,0,0.23750000000000004,141483.9967956543,3050,2,0.23750000000000004,135614.61450195313,3050,2,0.23750000000000004,135695.37762451172,3050,0,0.23750000000000004,94535.13896179199,48800,2,0.925,96689.80213928223,48800,2,0.925,8077287.352127075,3547,5378,400,3269,400,2411,400,400,400,400,400,400,2926,400,400,400,4878,400,400,400,400,3142,400,400,400,2514,2458,400,400,400,5058,5045,35,15.000000953674316,47.36842346191406,50,0,70,45,45,47.36842346191406,45,45,50,0,0,0,50,47.619049072265625,0,45,0,0,50,0,0,0,0,47.36842346191406,47.36842346191406,0,4.761904716491699,50,0,20475,15889,85003,64,41,20475,13174,84608,68,54,66718990336,8589930496,23039565824,524288
199,1790686137292,444257.3428039551,3050,0,0.2437499999999999,91706.82342529297,16133.333333333334,0,0.6125,93238.21388244629,16133.333333333334,2,0.6125,95898.05331420898,16133.333333333334,2,0.6125,98851.06713867188,16133.333333333334,2,0.6125,90465.85765075684,16133.333333333334,2,0.6125,88331.01765441895,16133.333333333334,2,0.6125,140708.8172454834,3050,0,0.2437499999999999,145706.4076385498,3050,2,0.2437499999999999,146021.43043518066,3050,2,0.2437499999999999,357558.4691925049,3050,0,0.2437499999999999,141484.35696411133,3050,2,0.2437499999999999,135614.97309875488,3050,2,0.2437499999999999,135695.71875,3050,0,0.2437499999999999,94535.32550048828,16133.333333333334,2,0.6125,96690.03671264648,16133.333333333334,2,0.6125,8077307.177703857,3547,5378,400,3269,400,2411,400,400,400,400,400,400,2926,400,400,400,4878,400,400,400,400,3142,400,400,400,2514,2458,400,400,400,5058,5045,35,15.000000953674316,52.38095474243164,52.6315803527832,0,75,55,40,52.38095474243164,55,55,50,0,0,0,50,52.6315803527832,0,55,0,0,52.38095474243164,0,0,0,0,52.38095474243164,52.38095474243164,0,0,52.6315803527832,0,20475,15889,85621,65,39,20475,13174,83850,67,48,66718990336,8589930496,23039565824,524288
199,1790686137492,444258.3332824707,3050,0,0.29374999999999996,91707.0071105957,16133.333333333334,2,0.51875,93238.39639282227,16133.333333333334,2,0.51875,95898.23655700684,16133.333333333334,0,0.51875,98851.66705322266,48800,2,0.625,90466.04100036621,48800,2,0.625,88331.6593170166,48800,2,0.625,140709.11573791504,3050,2,0.29374999999999996,145706.77299499512,3050,2,0.29374999999999996,146021.7244873047,3050,0,0.29374999999999996,357558.7362213135,3050,2,0.29374999999999996,141484.70903015137,3050,2,0.29374999999999996,135615.32452392578,3050,2,0.29374999999999996,135696.04948425293,3050,2,0.29374999999999996,94535.50872802734,16133.333333333334,2,0.51875,96690.26753234863,16133.333333333334,2,0.51875,8077326.858383179,3547,5378,400,3269,400,2411,400,400,400,400,400,400,2926,400,400,400,4878,400,400,400,400,3142,400,400,400,2514,2458,400,400,400,5058,5045,35,15.000000953674316,52.38095474243164,52.6315803527832,0,75,55,40,52.38095474243164,55,55,50,0,0,0,50,52.6315803527832,0,55,0,0,52.38095474243164,0,0,0,0,52.38095474243164,52.38095474243164,0,0,52.6315803527832,0,20475,15889,86448,66,50,20475,13174,83314,66,45,66718990336,8589930496,23031308288,524288
199,1790686137692,444260.3390350342,3050,0,0.55,91707.23237609863,16133.333333333334,2,0.38749999999999996,93238.58982849121,16133.333333333334,2,0.38749999999999996,95898.4208984375,16133.333333333334,2,0.38749999999999996,98851.91555786133,16133.333333333334,2,0.38749999999999996,90466.22366333008,16133.333333333334,2,0.38749999999999996,88331.7734375,16133.333333333334,0,0.38749999999999996,140709.39625549316,3050,2,0.55,145707.2004547119,3050,0,0.55,146022.07662963867,3050,0,0.55,357559.01962280273,3050,0,0.55,141484.9878692627,3050,2,0.55,135615.68782043457,3050,2,0.55,135696.39111328125,3050,0,0.55,94535.82894897461,16133.333333333334,0,0.38749999999999996,96690.45974731445,16133.333333333334,2,0.38749999999999996,8077347.338821411,3547,5378,400,3269,400,2411,400,400,400,400,400,400,2926,400,400,400,4878,400,400,400,400,3142,400,400,400,2514,2458,400,400,400,5058,5045,65,2.5,46.153846740722656,53.658538818359375,0,65,52.499996185302734,30.000001907348633,53.84615707397461,52.499996185302734,52.499996185302734,55,0,2.4390242099761963,0,55,53.658538818359375,0,52.499996185302734,10,0,53.84615707397461,0,7.500000476837158,2.4390242099761963,0,53.84615707397461,53.84615707397461,0,0,53.658538818359375,2.5,20475,15889,85739,66,46,20475,13174,83978,67,50,66718990336,8589930496,23023730688,524288
199,1790686137892,444260.7252044678,3050,0,0.2124999999999999,91707.44166564941,16133.333333333334,0,0.3999999999999999,93238.7600402832,16133.333333333334,0,0.3999999999999999,95898.5874786377,16133.333333333334,0,0.3999999999999999,98852.14140319824,16133.333333333334,0,0.3999999999999999,90466.38973999023,16133.333333333334,0,0.3999999999999999,88331.98699951172,16133.333333333334,0,0.3999999999999999,140709.72953796387,3050,0,0.2124999999999999,145707.63104248047,3050,0,0.2124999999999999,146022.5908050537,3050,0,0.2124999999999999,357561.0559234619,3050,0,0.2124999999999999,141485.26901245117,3050,0,0.2124999999999999,135616.06155395508,3050,0,0.2124999999999999,135696.72763061523,3050,0,0.2124999999999999,94536.0629272461,16133.333333333334,0,0.3999999999999999,96690.62808227539,16133.333333333334,0,0.3999999999999999,8077367.877487183,3547,5378,400,3269,400,2411,400,400,400,400,400,400,2926,400,400,400,4878,400,400,400,400,3142,400,400,400,2514,2458,400,400,400,5058,5045,65,2.5,46.153846740722656,53.658538818359375,0,65,52.499996185302734,30.000001907348633,53.84615707397461,52.499996185302734,52.499996185302734,55,0,2.4390242099761963,0,55,53.658538818359375,0,52.499996185302734,10,0,53.84615707397461,0,7.500000476837158,2.4390242099761963,0,53.84615707397461,53.84615707397461,0,0,53.658538818359375,2.5,20475,15889,84699,64,42,20475,13174,84641,68,56,66718990336,8589930496,23013326848,524288
199,1790686138092,444261.13302612305,3050,0,0.20625000000000004,91707.6506652832,16133.333333333334,0,0.3999999999999999,93238.91471862793,16133.333333333334,0,0.3999999999999999,95898.74011230469,16133.333333333334,0,0.3999999999999999,98852.3505859375,16133.333333333334,0,0.3999999999999999,90466.54313659668,16133.333333333334,0,0.3999999999999999,88332.17932128906,16133.333333333334,0,0.3999999999999999,140710.00788879395,3050,0,0.20625000000000004,145707.95291137695,3050,0,0.20625000000000004,146022.85829162598,3050,0,0.20625000000000004,357563.39251708984,3050,0,0.20625000000000004,141485.5365600586,3050,0,0.20625000000000004,135616.4093170166,3050,0,0.20625000000000004,135697.0436706543,3050,0,0.20625000000000004,94536.27346801758,16133.333333333334,0,0.3999999999999999,96690.78268432617,16133.333333333334,0,0.3999999999999999,8077388.205612183,3547,5378,400,3269,400,2411,400,400,400,400,400,400,2926,400,400,400,4878,400,400,400,400,3142,400,400,400,2514,2458,400,400,400,5058,5045,5,2.5,47.5,48.71794891357422,0,50,50,50,48.780487060546875,50,50,48.780487060546875,7.317072868347168,0,0,47.5,12.820513725280762,0,50,0,0,48.780487060546875,0,5.128205299377441,0,0,95,50,2.5,35.897438049316406,50,0,20475,15889,85317,65,40,20475,13174,83862,67,50,66718990336,8589930496,23003770880,524288
199,1790686138292,444261.54261779785,3050,0,0.21875,91707.8611907959,16133.333333333334,0,0.3999999999999999,93239.07081604004,16133.333333333334,0,0.3999999999999999,95898.89448547363,16133.333333333334,0,0.3999999999999999,98852.56146240234,16133.333333333334,0,0.3999999999999999,90466.69723510742,16133.333333333334,0,0.3999999999999999,88332.37348937988,16133.333333333334,0,0.3999999999999999,140710.283493042,3050,0,0.21875,145708.2289276123,3050,0,0.21875,146023.12489318848,3050,0,0.21875,357565.66258239746,3050,0,0.21875,141485.80126953125,3050,0,0.21875,135616.7539215088,3050,0,0.21875,135697.35542297363,3050,0,0.21875,94536.48541259766,16133.333333333334,0,0.3999999999999999,96690.94338989258,16133.333333333334,0,0.3999999999999999,8077408.448135376,3547,5378,400,3269,400,2411,400,400,400,400,400,400,2926,400,400,400,4878,400,400,400,400,3142,400,400,400,2514,2458,400,400,400,5058,5045,5.263157844543457,0,45,47.619049072265625,0,45,45,45,47.36842346191406,47.36842346191406,45,47.36842346191406,0,0,0,50,0,0,47.36842346191406,0,0,47.36842346191406,0,0,0,0,100,45,0,47.619049072265625,47.36842346191406,4.761904716491699,20475,15889,86405,66,50,20475,13174,83153,66,44,66718990336,8589930496,23008141312,524288
199,1790686138492,444261.94300842285,3050,0,0.21875,91708.06924438477,16133.333333333334,0,0.3999999999999999,93239.22546386719,16133.333333333334,0,0.3999999999999999,95899.04718017578,16133.333333333334,0,0.3999999999999999,98852.76890563965,16133.333333333334,0,0.3999999999999999,90466.84927368164,16133.333333333334,0,0.3999999999999999,88332.56726074219,16133.333333333334,0,0.3999999999999999,140710.56158447266,3050,0,0.21875,145708.5019683838,3050,0,0.21875,146023.39344787598,3050,0,0.21875,357567.93714904785,3050,0,0.21875,141486.06271362305,3050,0,0.21875,135617.10006713867,3050,0,0.21875,135697.66716003418,3050,0,0.21875,94536.69560241699,16133.333333333334,0,0.3999999999999999,96691.09484863281,16133.333333333334,0,0.3999999999999999,8077428.51651001,3547,5378,400,3269,400,2411,400,400,400,400,400,400,2926,400,400,400,4878,400,400,400,400,3142,400,400,400,2514,2458,400,400,400,5058,5045,10,0,50,47.36842346191406,0,50,50,50,47.619049072265625,47.619049072265625,50,20,0,0,0,45,0,0,47.619049072265625,0,0,47.619049072265625,0,30.000001907348633,0,0,100,50,0,45,47.619049072265625,0,20475,15889,86386,66,51,20475,13174,83664,67,48,66718990336,8589930496,23007375360,524288
199,1790686138692,444262.36097717285,3050,0,0.22499999999999987,91708.29580688477,16133.333333333334,0,0.40625,93239.53756713867,16133.333333333334,0,0.40625,95899.2163848877,16133.333333333334,0,0.40625,98852.98979187012,16133.333333333334,0,0.40625,90467.01432800293,16133.333333333334,0,0.40625,88332.77975463867,16133.333333333334,0,0.40625,140710.8886566162,3050,0,0.22499999999999987,145708.79159545898,3050,0,0.22499999999999987,146023.67529296875,3050,0,0.22499999999999987,357570.2049407959,3050,0,0.22499999999999987,141486.33702087402,3050,0,0.22499999999999987,135617.4467010498,3050,0,0.22499999999999987,135697.9919281006,3050,0,0.22499999999999987,94536.96630859375,16133.333333333334,0,0.40625,96691.2777557373,16133.333333333334,0,0.40625,8077449.264556885,3547,5378,400,3269,400,2411,400,400,400,400,400,400,2926,400,400,400,4878,400,400,400,400,3142,400,400,400,2514,2458,400,400,400,5058,5045,15.000000953674316,0,45,47.619049072265625,0,45,45,45,47.36842346191406,45,45,0,4.761904716491699,0,0,50,0,4.761904716491699,47.36842346191406,0,0,47.36842346191406,0,45,0,0,100,45,0,50,47.36842346191406,5,20475,15889,85466,64,46,20475,13174,84577,69,55,66718990336,8589930496,23019503616,524288
199,1790686138892,444263.02603149414,3050,0,0.23124999999999996,91708.52207946777,48800,2,0.63125,93239.74324035645,48800,2,0.63125,95899.38168334961,48800,2,0.63125,98853.21141052246,48800,2,0.63125,90467.17742919922,48800,2,0.63125,88332.99319458008,48800,2,0.63125,140711.22798156738,3050,0,0.23124999999999996,145709.0829925537,3050,2,0.23124999999999996,146023.9512939453,3050,2,0.23124999999999996,357572.2243499756,3050,2,0.23124999999999996,141486.60990905762,3050,2,0.23124999999999996,135617.81559753418,3050,2,0.23124999999999996,135698.32182312012,3050,2,0.23124999999999996,94537.13143920898,48800,2,0.63125,96691.46351623535,48800,2,0.63125,8077469.804763794,3547,5378,400,3269,400,2411,400,400,400,400,400,400,2926,400,400,400,4878,400,400,400,400,3142,400,400,400,2514,2458,400,400,400,5058,5045,25,4.761904716491699,50,50,0,50,50,50,50,50,50,0,0,0,0,50,0,10,47.619049072265625,0,0,50,0,50,0,4.761904716491699,85.71428680419922,50,0,50,45,10,20475,15889,85699,64,42,20475,13174,84481,68,56,66718990336,8589930496,22986543104,524288
199,1790686139092,444264.0348510742,3050,2,0.4937499999999999,91708.97427368164,16133.333333333334,2,0.3812500000000001,93240.02905273438,16133.333333333334,2,0.3812500000000001,95899.56076049805,16133.333333333334,2,0.3812500000000001,98853.45236206055,16133.333333333334,2,0.3812500000000001,90467.35481262207,16133.333333333334,2,0.3812500000000001,88333.21940612793,16133.333333333334,2,0.3812500000000001,140711.53225708008,3050,2,0.4937499999999999,145709.53448486328,3050,2,0.4937499999999999,146024.41439819336,3050,2,0.4937499999999999,357572.5632019043,3050,2,0.4937499999999999,141486.90382385254,3050,2,0.4937499999999999,135618.57885742188,3050,2,0.4937499999999999,135698.68432617188,3050,2,0.4937499999999999,94537.50309753418,16133.333333333334,0,0.3812500000000001,96691.63987731934,16133.333333333334,2,0.3812500000000001,8077490.331085205,3547,5378,400,3269,400,2411,400,400,400,400,400,400,2926,400,400,400,4878,400,400,400,400,3142,400,400,400,2514,2458,400,400,400,5058,5045,30.000001907348633,0,55,57.894737243652344,0,55,55,55,52.38095474243164,55,55,0,15.000000953674316,52.38095474243164,0,0,0,50,55,0,0,52.38095474243164,0,60.000003814697266,0,0,0,55,45,50,14.285715103149414,0,20475,15889,86431,65,41,20475,13174,83724,66,45,66718990336,8589930496,23002800128,524288
199,1790686139292,444265.0307922363,3050,0,0.25624999999999987,91709.46444702148,16133.333333333334,2,0.3812500000000001,93240.25915527344,16133.333333333334,2,0.3812500000000001,95899.74597167969,16133.333333333334,2,0.3812500000000001,98853.70208740234,16133.333333333334,0,0.3812500000000001,90467.53900146484,16133.333333333334,2,0.3812500000000001,88333.87420654297,16133.333333333334,2,0.3812500000000001,140711.81201171875,3050,2,0.25624999999999987,145709.86221313477,3050,2,0.25624999999999987,146024.6845550537,3050,2,0.25624999999999987,357572.8393859863,3050,2,0.25624999999999987,141487.17373657227,3050,2,0.25624999999999987,135618.9380493164,3050,2,0.25624999999999987,135699.01640319824,3050,2,0.25624999999999987,94537.77275085449,16133.333333333334,0,0.3812500000000001,96691.82336425781,16133.333333333334,2,0.3812500000000001,8077510.131088257,3547,5378,400,3269,400,2411,400,400,400,400,400,400,2926,400,400,400,4878,400,400,400,400,3142,400,400,400,2514,2458,400,400,400,5058,5045,30.000001907348633,0,55,57.894737243652344,0,55,55,55,52.38095474243164,55,55,0,15.000000953674316,52.38095474243164,0,0,0,50,55,0,0,52.38095474243164,0,60.000003814697266,0,0,0,55,45,50,14.285715103149414,0,20475,15889,86425,66,53,20475,13174,83628,67,45,66718990336,8589930496,23000391680,524288
199,1790686139493,444266.1698913574,48800,2,0.29374999999999996,91710.0027923584,16133.333333333334,0,0.3812500000000001,93240.48812866211,16133.333333333334,2,0.3812500000000001,95899.93049621582,16133.333333333334,2,0.3812500000000001,98853.95150756836,16133.333333333334,2,0.3812500000000001,90467.94996643066,16133.333333333334,2,0.3812500000000001,88333.91552734375,16133.333333333334,2,0.3812500000000001,140712.1173400879,48800,2,0.29374999999999996,145710.1435394287,48800,2,0.29374999999999996,146024.98251342773,48800,2,0.29374999999999996,357573.2966156006,48800,2,0.29374999999999996,141487.43699645996,48800,2,0.29374999999999996,135619.2943572998,48800,2,0.29374999999999996,135699.34385681152,48800,2,0.29374999999999996,94537.95947265625,16133.333333333334,2,0.3812500000000001,96692.1960144043,16133.333333333334,2,0.3812500000000001,8077530.00982666,3547,5378,400,3269,400,2411,400,400,400,400,400,400,2926,400,400,400,4878,400,400,400,400,3142,400,400,400,2514,2458,400,400,400,5058,5045,40,2.4390242099761963,60.000003814697266,52.499996185302734,0,52.499996185302734,50,27.5,52.499996185302734,52.499996185302734,52.499996185302734,0,5,53.84615707397461,0,0,0,55,52.499996185302734,0,0,53.84615707397461,0,53.84615707397461,0,0,22.5,52.499996185302734,53.84615707397461,53.84615707397461,2.5641026496887207,5.128205299377441,20475,15889,85770,65,46,20475,13174,84522,69,55,66718990336,8589930496,22993756160,524288
199,1790686139693,444267.2821960449,3050,0,0.22499999999999987,91710.37451171875,16133.333333333334,0,0.3812500000000001,93240.732421875,16133.333333333334,0,0.3812500000000001,95900.13320922852,16133.333333333334,0,0.3812500000000001,98854.29911804199,16133.333333333334,0,0.3812500000000001,90468.12094116211,16133.333333333334,0,0.3812500000000001,88334.43077087402,16133.333333333334,0,0.3812500000000001,140712.3995361328,3050,0,0.22499999999999987,145710.41395568848,3050,0,0.22499999999999987,146025.29011535645,3050,0,0.22499999999999987,357573.6303253174,3050,0,0.22499999999999987,141487.6990661621,3050,0,0.22499999999999987,135619.6450958252,3050,0,0.22499999999999987,135699.66854858398,3050,0,0.22499999999999987,94538.21574401855,16133.333333333334,0,0.3812500000000001,96692.4506225586,16133.333333333334,0,0.3812500000000001,8077549.782913208,3547,5378,400,3269,400,2411,400,400,400,400,400,400,2926,400,400,400,4878,400,400,400,400,3142,400,400,400,2514,2458,400,400,400,5058,5045,40,2.4390242099761963,60.000003814697266,52.499996185302734,0,52.499996185302734,50,27.5,52.499996185302734,52.499996185302734,52.499996185302734,0,5,53.84615707397461,0,0,0,55,52.499996185302734,0,0,53.84615707397461,0,53.84615707397461,0,0,22.5,52.499996185302734,53.84615707397461,53.84615707397461,2.5641026496887207,5.128205299377441,20475,15889,85145,64,41,20475,13174,84619,68,54,66718990336,8589930496,22968938496,524288
199,1790686139893,444268.36251831055,3050,0,0.22499999999999987,91710.75704956055,16133.333333333334,0,0.3812500000000001,93240.95137023926,16133.333333333334,0,0.3812500000000001,95900.29734802246,16133.333333333334,0,0.3812500000000001,98854.51968383789,16133.333333333334,0,0.3812500000000001,90468.28511047363,16133.333333333334,0,0.3812500000000001,88334.98432922363,16133.333333333334,0,0.3812500000000001,140712.67251586914,3050,0,0.22499999999999987,145710.67056274414,3050,0,0.22499999999999987,146025.5393371582,3050,0,0.22499999999999987,357574.02000427246,3050,0,0.22499999999999987,141487.99073791504,3050,0,0.22499999999999987,135619.96578979492,3050,0,0.22499999999999987,135699.97247314453,3050,0,0.22499999999999987,94538.42889404297,16133.333333333334,0,0.3812500000000001,96692.7572631836,16133.333333333334,0,0.3812500000000001,8077569.508865356,3547,5378,400,3269,400,2411,400,400,400,400,400,400,2926,400,400,400,4878,400,400,400,400,3142,400,400,400,2514,2458,400,400,400,5058,5045,41.46341323852539,0,58.536582946777344,50,0,52.499996185302734,47.5,37.5,50,50,50,10,0,48.780487060546875,2.4390242099761963,7.500000476837158,0,48.780487060546875,50,0,0,48.780487060546875,0,43.90243911743164,0,0,20.512821197509766,50,40,48.780487060546875,7.317072868347168,7.500000476837158,20475,15889,85804,65,39,20475,13174,83644,67,45,66718990336,8589930496,22975410176,524288
199,1790686140093,444269.5657043457,3050,0,0.23124999999999996,91711.13352966309,16133.333333333334,0,0.38749999999999996,93241.1693725586,16133.333333333334,0,0.38749999999999996,95900.46110534668,16133.333333333334,0,0.38749999999999996,98854.90940856934,16133.333333333334,0,0.38749999999999996,90468.44897460938,16133.333333333334,0,0.38749999999999996,88335.5343170166,16133.333333333334,0,0.38749999999999996,140712.9289855957,3050,0,0.23124999999999996,145710.91564941406,3050,0,0.23124999999999996,146025.78050231934,3050,0,0.23124999999999996,357574.2629394531,3050,0,0.23124999999999996,141488.23237609863,3050,0,0.23124999999999996,135620.28713989258,3050,0,0.23124999999999996,135700.27606201172,3050,0,0.23124999999999996,94538.59362792969,16133.333333333334,0,0.38749999999999996,96692.91960144043,16133.333333333334,0,0.38749999999999996,8077588.925292969,3547,5378,400,3269,400,2411,400,400,400,400,400,400,2926,400,400,400,4878,400,400,400,400,3142,400,400,400,2514,2458,400,400,400,5058,5045,47.36842346191406,0,57.894737243652344,47.619049072265625,0,60.000003814697266,45,35,50,47.619049072265625,45,45,0,50,0,50,0,47.36842346191406,45,0,0,47.36842346191406,0,0,0,0,0,45,4.761904716491699,50,0,0,20475,15889,86491,66,53,20475,13174,83170,67,45,66718990336,8589930496,22967668736,524288
199,1790686140293,444270.69677734375,3050,0,0.23750000000000004,91711.43838500977,16133.333333333334,0,0.3999999999999999,93241.38801574707,16133.333333333334,0,0.3999999999999999,95900.62539672852,16133.333333333334,0,0.3999999999999999,98855.2939453125,16133.333333333334,0,0.3999999999999999,90468.61395263672,16133.333333333334,0,0.3999999999999999,88336.09126281738,16133.333333333334,2,0.3999999999999999,140713.17471313477,3050,0,0.23750000000000004,145711.15925598145,3050,0,0.23750000000000004,146026.02265930176,3050,0,0.23750000000000004,357574.5054779053,3050,0,0.23750000000000004,141488.47856140137,3050,0,0.23750000000000004,135620.60733032227,3050,0,0.23750000000000004,135700.57289123535,3050,0,0.23750000000000004,94538.85250854492,16133.333333333334,0,0.3999999999999999,96693.08250427246,16133.333333333334,0,0.3999999999999999,8077608.453338623,3547,5378,400,3269,400,2411,400,400,400,400,400,400,2926,400,400,400,4878,400,400,400,400,3142,400,400,400,2514,2458,400,400,400,5058,5045,52.6315803527832,0,52.38095474243164,45,0,57.142860412597656,47.619049072265625,35,45,47.36842346191406,50,47.619049072265625,0,45,0,45,0,45,50,0,0,47.619049072265625,0,0,0,0,0,47.619049072265625,0,45,5,0,20475,15889,85894,65,52,20475,13174,84121,68,54,66718990336,8589930496,22968696832,524288
199,1790686140493,444271.709564209,3050,0,0.22499999999999987,91711.81639099121,48800,2,0.925,93241.6123046875,48800,2,0.925,95900.79434204102,48800,2,0.925,98855.52113342285,48800,2,0.925,90468.77980041504,48800,2,0.925,88336.73588562012,48800,2,0.925,140713.41954040527,3050,2,0.22499999999999987,145711.4090270996,3050,2,0.22499999999999987,146026.26600646973,3050,2,0.23124999999999996,357574.80503845215,3050,0,0.23124999999999996,141488.72427368164,3050,0,0.23124999999999996,135620.93510437012,3050,0,0.23124999999999996,135700.87547302246,3050,2,0.23124999999999996,94539.21389770508,48800,2,0.925,96693.24978637695,48800,2,0.925,8077627.97984314,3547,5378,400,3269,400,2411,400,400,400,400,400,400,2926,400,400,400,4878,400,400,400,400,3142,400,400,400,2514,2458,400,400,400,5058,5045,35,0,57.894737243652344,50,0,47.36842346191406,47.36842346191406,45,47.619049072265625,47.619049072265625,45,47.36842346191406,0,50,0,50,0,47.619049072265625,45,0,0,47.36842346191406,0,4.761904716491699,0,0,15.000000953674316,47.36842346191406,0,50,15.000000953674316,0,20475,15889,84863,64,41,20475,13174,84725,68,54,66718990336,8589930496,22968696832,524288
199,1790686140693,444272.7131347656,3050,0,0.2437499999999999,91712.0832824707,48800,2,0.93125,93242.06134033203,48800,2,0.93125,95901.00071716309,48800,2,0.93125,98855.78038024902,48800,2,0.93125,90469.21632385254,48800,2,0.93125,88337.08297729492,48800,2,0.93125,140713.73202514648,3050,2,0.2437499999999999,145711.70568847656,3050,2,0.2437499999999999,146026.5545501709,3050,2,0.2437499999999999,357575.1774597168,3050,0,0.2437499999999999,141489.0059814453,3050,0,0.2437499999999999,135621.26388549805,3050,0,0.2437499999999999,135701.18913269043,3050,2,0.2437499999999999,94539.56672668457,48800,2,0.93125,96693.46064758301,48800,2,0.93125,8077648.173538208,3547,5378,400,3269,400,2411,400,400,400,400,400,400,2926,400,400,400,4878,400,400,400,400,3142,400,400,400,2514,2458,400,400,400,5058,5045,35,0,38.095237731933594,65,0,55,52.38095474243164,25,52.6315803527832,52.6315803527832,55,52.38095474243164,0,50,0,30.000001907348633,4.761904716491699,55,55,20,0,52.38095474243164,0,0,0,0,40,52.38095474243164,15.000000953674316,45,10,4.761904716491699,20475,15889,85610,65,38,20475,13174,83801,67,47,66718990336,8589930496,22963507200,524288
199,1790686140893,444273.73249816895,3050,2,0.29374999999999996,91712.35429382324,16133.333333333334,2,0.3812500000000001,93242.3440246582,16133.333333333334,2,0.3812500000000001,95901.18254089355,16133.333333333334,2,0.3812500000000001,98856.02554321289,16133.333333333334,2,0.3812500000000001,90469.36683654785,16133.333333333334,2,0.3812500000000001,88337.50135803223,16133.333333333334,2,0.3812500000000001,140714.02375793457,3050,2,0.29374999999999996,145712.00024414063,3050,2,0.29374999999999996,146026.8464050293,3050,2,0.29374999999999996,357575.56144714355,3050,0,0.29374999999999996,141489.3378753662,3050,0,0.29374999999999996,135621.63864135742,3050,0,0.29374999999999996,135701.5243988037,3050,2,0.29374999999999996,94539.74876403809,16133.333333333334,2,0.3812500000000001,96694.10887145996,16133.333333333334,0,0.3812500000000001,8077668.199768066,3547,5378,400,3269,400,2411,400,400,400,400,400,400,2926,400,400,400,4878,400,400,400,400,3142,400,400,400,2514,2458,400,400,400,5058,5045,40,0,26.3157901763916,55,0,50,42.105262756347656,35,55,52.38095474243164,50,52.6315803527832,0,55,9.523809432983398,0,0,52.6315803527832,55,30.000001907348633,0,52.6315803527832,0,0,0,0,20,55,52.6315803527832,50,0,30.000001907348633,20475,15889,86521,66,52,20475,13174,83214,67,45,66718990336,8589930496,22950006784,524288
199,1790686141093,444274.40101623535,3050,0,0.3062499999999999,91712.64923095703,16133.333333333334,2,0.40625,93242.58125305176,16133.333333333334,2,0.40625,95901.35752868652,16133.333333333334,2,0.40625,98856.26196289063,16133.333333333334,2,0.40625,90469.54002380371,16133.333333333334,2,0.40625,88337.54078674316,16133.333333333334,2,0.40625,140714.56700134277,3050,2,0.3125,145712.3034362793,3050,2,0.3125,146027.13902282715,3050,2,0.3125,357576.7440185547,3050,0,0.3125,141489.63108825684,3050,0,0.3125,135622.34690856934,3050,0,0.3125,135701.84880065918,3050,2,0.3125,94539.92794799805,16133.333333333334,2,0.40625,96694.3657989502,16133.333333333334,0,0.40625,8077688.435882568,3547,5378,400,3269,400,2411,400,400,400,400,400,400,2926,400,400,400,4878,400,400,400,400,3142,400,400,400,2514,2458,400,400,400,5058,5045,15.000000953674316,42.85714340209961,55,52.6315803527832,0,55,55,0,52.38095474243164,55,55,55,0,52.38095474243164,0,0,0,55,50,0,0,52.38095474243164,0,0,0,0,50,52.6315803527832,47.619049072265625,50,0,5.263157844543457,20475,15889,86105,66,48,20475,13174,84061,68,52,66718990336,8589930496,22948356096,524288
199,1790686141293,444275.55696105957,3050,0,0.21875,91713.03134155273,16133.333333333334,0,0.38749999999999996,93242.82611083984,16133.333333333334,0,0.38749999999999996,95901.53779602051,16133.333333333334,0,0.38749999999999996,98856.50518798828,16133.333333333334,0,0.38749999999999996,90469.7188873291,16133.333333333334,0,0.38749999999999996,88337.82786560059,16133.333333333334,0,0.38749999999999996,140714.84022521973,3050,0,0.21875,145712.57890319824,3050,0,0.21875,146027.4076538086,3050,0,0.21875,357577.10723876953,3050,0,0.21875,141489.89656066895,3050,0,0.21875,135622.70231628418,3050,0,0.21875,135702.17764282227,3050,0,0.21875,94540.13012695313,16133.333333333334,0,0.38749999999999996,96694.87870788574,16133.333333333334,0,0.38749999999999996,8077708.268966675,3547,5378,400,3269,400,2411,400,400,400,400,400,400,2926,400,400,400,4878,400,400,400,400,3142,400,400,400,2514,2458,400,400,400,5058,5045,15.000000953674316,42.85714340209961,55,52.6315803527832,0,55,55,0,52.38095474243164,55,55,55,0,52.38095474243164,0,0,0,55,50,0,0,52.38095474243164,0,0,0,0,50,52.6315803527832,47.619049072265625,50,0,5.263157844543457,20475,15889,84993,64,42,20475,13174,84716,69,55,66718990336,8589930496,22948356096,524288
199,1790686141493,444276.4853210449,3050,0,0.22499999999999987,91713.41302490234,16133.333333333334,0,0.3812500000000001,93243.05043029785,16133.333333333334,0,0.3812500000000001,95901.70429992676,16133.333333333334,0,0.3812500000000001,98856.72964477539,16133.333333333334,0,0.3812500000000001,90469.8850402832,16133.333333333334,0,0.3812500000000001,88338.32806396484,16133.333333333334,0,0.3812500000000001,140715.14054870605,3050,0,0.22499999999999987,145712.83168029785,3050,0,0.22499999999999987,146027.6648864746,3050,0,0.22499999999999987,357577.45680236816,3050,0,0.22499999999999987,141490.14241027832,3050,0,0.22499999999999987,135623.02673339844,3050,0,0.22499999999999987,135702.48002624512,3050,0,0.22499999999999987,94540.42858886719,16133.333333333334,0,0.3812500000000001,96695.26043701172,16133.333333333334,0,0.3812500000000001,8077727.692932129,3547,5378,400,3269,400,2411,400,400,400,400,400,400,2926,400,400,400,4878,400,400,400,400,3142,400,400,400,2514,2458,400,400,400,5058,5045,40,7.317072868347168,60.000003814697266,51.219512939453125,0,50,50,26.829269409179688,50,50,50,50,0,51.28205490112305,0,0,0,50,50,0,0,51.28205490112305,0,0,0,0,17.073171615600586,50,50,50,5,19.51219367980957,20475,15889,85493,65,39,20475,13174,83970,68,49,66718990336,8589930496,22948352000,524288
199,1790686141693,444277.56913757324,3050,0,0.22499999999999987,91713.8472290039,16133.333333333334,0,0.3812500000000001,93243.27729797363,16133.333333333334,0,0.3812500000000001,95901.9217376709,16133.333333333334,0,0.3812500000000001,98856.95799255371,16133.333333333334,0,0.3812500000000001,90470.05964660645,16133.333333333334,0,0.3812500000000001,88338.87278747559,16133.333333333334,0,0.3812500000000001,140715.3946838379,3050,0,0.22499999999999987,145713.08213806152,3050,0,0.22499999999999987,146027.93994140625,3050,0,0.22499999999999987,357577.7819824219,3050,0,0.22499999999999987,141490.38636779785,3050,0,0.22499999999999987,135623.3524017334,3050,0,0.22499999999999987,135702.7850189209,3050,0,0.22499999999999987,94540.61520385742,16133.333333333334,0,0.3812500000000001,96695.56173706055,16133.333333333334,0,0.3812500000000001,8077747.4650268555,3547,5378,400,3269,400,2411,400,400,400,400,400,400,2926,400,400,400,4878,400,400,400,400,3142,400,400,400,2514,2458,400,400,400,5058,5045,42.85714340209961,0,60.000003814697266,45,9.523809432983398,47.619049072265625,45,35,47.36842346191406,47.36842346191406,47.619049072265625,45,0,15.000000953674316,0,0,0,47.619049072265625,50,0,0,45,0,0,0,0,40,47.619049072265625,47.36842346191406,45,0,5,20475,15889,86483,67,48,20475,13174,83293,66,45,66718990336,8589930496,22957047808,524288
199,1790686141893,444278.70959472656,3050,0,0.23124999999999996,91714.14540100098,16133.333333333334,0,0.3999999999999999,93243.49615478516,16133.333333333334,0,0.3999999999999999,95902.15924072266,16133.333333333334,0,0.3999999999999999,98857.36674499512,16133.333333333334,0,0.3999999999999999,90470.22592163086,16133.333333333334,0,0.3999999999999999,88339.39653015137,16133.333333333334,0,0.3999999999999999,140715.71908569336,3050,0,0.23124999999999996,145713.34371948242,3050,0,0.23124999999999996,146028.26664733887,3050,0,0.23124999999999996,357578.0299682617,3050,0,0.23124999999999996,141490.63911437988,3050,0,0.23124999999999996,135623.7098388672,3050,0,0.23124999999999996,135703.0876159668,3050,0,0.23124999999999996,94540.80996704102,16133.333333333334,0,0.3999999999999999,96695.7248840332,16133.333333333334,0,0.3999999999999999,8077767.240829468,3547,5378,400,3269,400,2411,400,400,400,400,400,400,2926,400,400,400,4878,400,400,400,400,3142,400,400,400,2514,2458,400,400,400,5058,5045,35,0,52.38095474243164,45,40,57.894737243652344,50,35,60.000003814697266,52.38095474243164,47.36842346191406,50,0,0,0,10,0,10.526315689086914,45,0,0,14.285715103149414,0,10,0,0,47.36842346191406,47.36842346191406,45,50,36.842105865478516,0,20475,15889,86256,66,48,20475,13174,83995,67,50,66718990336,8589930496,22961131520,524288
199,1790686142093,444280.9176635742,3050,0,0.23750000000000004,91714.35569763184,16133.333333333334,0,0.40625,93243.70268249512,16133.333333333334,0,0.40625,95902.3120727539,16133.333333333334,0,0.40625,98857.57388305664,16133.333333333334,0,0.40625,90470.38192749023,16133.333333333334,0,0.40625,88339.60317993164,16133.333333333334,0,0.40625,140715.99018859863,3050,0,0.23750000000000004,145713.6097869873,3050,0,0.23750000000000004,146028.5217590332,3050,0,0.23750000000000004,357578.3022918701,3050,0,0.23750000000000004,141490.89030456543,3050,0,0.23750000000000004,135624.04496765137,3050,0,0.23750000000000004,135703.39866638184,3050,0,0.23750000000000004,94540.96183776855,16133.333333333334,0,0.40625,96695.8766784668,16133.333333333334,0,0.40625,8077787.115188599,3547,5378,400,3269,400,2411,400,400,400,400,400,400,2926,400,400,400,4878,400,400,400,400,3142,400,400,400,2514,2458,400,400,400,5058,5045,10.526315689086914,0,47.36842346191406,50,47.36842346191406,50,45,0,100,50,45,45,0,0,0,5,0,0,45,0,0,0,0,0,0,47.36842346191406,45,45,40,45,47.619049072265625,0,20475,15889,85235,64,47,20475,13174,84750,69,56,66718990336,8589930496,22951424000,524288
199,1790686142293,444283.142578125,3050,0,0.22499999999999987,91714.58210754395,48800,2,0.925,93243.92556762695,48800,2,0.925,95902.47610473633,48800,2,0.925,98857.79661560059,48800,2,0.925,90470.54902648926,48800,2,0.925,88339.82595825195,48800,2,0.925,140716.26132202148,3050,2,0.22499999999999987,145713.89128112793,3050,2,0.22499999999999987,146028.7844390869,3050,2,0.22499999999999987,357578.57232666016,3050,2,0.22499999999999987,141491.21430969238,3050,0,0.22499999999999987,135624.4003753662,3050,0,0.22499999999999987,135703.7275543213,3050,2,0.22499999999999987,94541.1251373291,48800,2,0.925,96696.04127502441,48800,2,0.925,8077807.439865112,3547,5378,400,3269,400,2411,400,400,400,400,400,400,2926,400,400,400,4878,400,400,400,400,3142,400,400,400,2514,2458,400,400,400,5058,5045,0,0,50,50,50,50,50,0,100,50,50,50,0,0,15.789472579956055,0,0,0,50,0,0,0,0,0,0,50,50,50,50,50,50,0,20475,15889,85308,65,40,20475,13174,84444,68,56,66718990336,8589930496,22968709120,524288
199,1790686142493,444285.36949157715,3050,0,0.22499999999999987,91714.81922912598,48800,2,0.925,93244.15762329102,48800,2,0.925,95902.6473236084,48800,2,0.925,98858.02906799316,48800,2,0.925,90470.72364807129,48800,2,0.925,88340.05958557129,48800,2,0.925,140716.54496765137,3050,2,0.22499999999999987,145714.18348693848,3050,2,0.22499999999999987,146029.1307067871,3050,0,0.22499999999999987,357578.85552978516,3050,2,0.22499999999999987,141491.49948120117,3050,2,0.22499999999999987,135624.7823791504,3050,0,0.22499999999999987,135704.07192993164,3050,2,0.22499999999999987,94541.29591369629,48800,2,0.925,96696.21287536621,48800,2,0.925,8077827.860839844,3547,5378,400,3269,400,2411,400,400,400,400,400,400,2926,400,400,400,4878,400,400,400,400,3142,400,400,400,2514,2458,400,400,400,5058,5045,0,0,52.38095474243164,50,52.38095474243164,50,52.38095474243164,0,100,50,55,55,0,0,0,0,0,0,55,0,0,0,0,15.000000953674316,0,52.38095474243164,55,55,55,52.6315803527832,52.6315803527832,0,20475,15889,86398,66,43,20475,13174,83693,66,44,66718990336,8589930496,22968709120,524288
199,1790686142694,444287.59356689453,3050,0,0.21875,91715.07104492188,48800,2,0.93125,93244.4010925293,48800,2,0.925,95902.84103393555,48800,2,0.925,98858.27488708496,48800,2,0.925,90470.92381286621,48800,2,0.925,88340.30244445801,48800,2,0.925,140716.85041809082,3050,0,0.21875,145714.49403381348,3050,2,0.21875,146029.5364074707,3050,2,0.21875,357579.2036743164,3050,2,0.21875,141491.8583831787,3050,2,0.21875,135625.22566223145,3050,2,0.21875,135704.441696167,3050,2,0.21875,94541.47833251953,48800,2,0.93125,96696.39709472656,48800,2,0.93125,8077848.7950286865,3547,5378,400,3269,400,2411,400,400,400,400,400,400,2926,400,400,400,4878,400,400,400,400,3142,400,400,400,2514,2458,400,400,400,5058,5045,0,0,52.6315803527832,55,52.6315803527832,55,52.6315803527832,0,100,55,50,50,0,0,5,0,9.090909004211426,0,55,0,0,0,0,0,4.761904716491699,55,55,52.38095474243164,52.38095474243164,52.38095474243164,52.38095474243164,4.761904716491699,20475,15889,86447,67,48,20475,13174,83894,67,44,66718990336,8589930496,22948798464,524288
199,1790686142894,444289.8144836426,3050,0,0.21875,91715.32138061523,48800,2,0.40625,93244.63862609863,48800,2,0.40625,95903.03309631348,48800,2,0.40625,98858.51261901855,48800,2,0.40625,90471.05799865723,48800,2,0.40625,88340.47836303711,48800,2,0.40625,140717.13357543945,3050,2,0.21875,145714.59231567383,3050,2,0.21875,146030.01216125488,3050,2,0.21875,357579.5926361084,3050,2,0.21875,141492.22346496582,3050,2,0.21875,135625.58164978027,3050,2,0.21875,135704.79010009766,3050,2,0.21875,94541.64839172363,48800,2,0.40625,96696.57263183594,48800,2,0.40625,8077869.079788208,3547,5378,400,3269,400,2411,400,400,400,400,400,400,2926,400,400,400,4878,400,400,400,400,3142,400,400,400,2514,2458,400,400,400,5058,5045,4.761904716491699,0,52.38095474243164,52.6315803527832,55,50,40,0,100,50,10,55,10,10,0,10.526315689086914,52.6315803527832,0,50,10.526315689086914,0,0,0,42.105262756347656,0,35,45,52.6315803527832,50,5,50,0,20475,15889,86010,66,48,20475,13174,84746,68,52,66718990336,8589930496,22962302976,524288
199,1790686143094,444292.03997802734,3050,0,0.22499999999999987,91715.57118225098,48800,2,0.93125,93244.8850402832,48800,2,0.93125,95903.2152709961,48800,2,0.93125,98858.78485107422,48800,2,0.93125,90471.23066711426,48800,2,0.93125,88340.66923522949,48800,2,0.93125,140717.41358947754,3050,2,0.22499999999999987,145714.87698364258,3050,2,0.22499999999999987,146030.3856048584,3050,2,0.22499999999999987,357579.95037841797,3050,2,0.22499999999999987,141492.58723449707,3050,2,0.22499999999999987,135625.94479370117,3050,2,0.22499999999999987,135705.13024902344,3050,2,0.22499999999999987,94541.82112121582,48800,2,0.93125,96696.77772521973,48800,2,0.93125,8077889.82371521,3547,5378,400,3269,400,2411,400,400,400,400,400,400,2926,400,400,400,4878,400,400,400,400,3142,400,400,400,2514,2458,400,400,400,5058,5045,0,0,5.263157844543457,52.38095474243164,52.6315803527832,61.904762268066406,45,42.85714340209961,100,55,55,50,0,55,0,52.38095474243164,52.38095474243164,0,55,52.38095474243164,0,0,0,0,4.761904716491699,0,10,52.38095474243164,10.526315689086914,0,55,5.263157844543457,20475,15889,85767,64,47,20475,13174,84692,69,55,66718990336,8589930496,22948065280,524288
199,1790686143294,444294.26528930664,3050,0,0.23124999999999996,91715.78996276855,16133.333333333334,0,0.3999999999999999,93245.10290527344,16133.333333333334,0,0.3999999999999999,95903.37358093262,16133.333333333334,0,0.3999999999999999,98859.00315856934,16133.333333333334,0,0.3999999999999999,90471.38943481445,16133.333333333334,0,0.3999999999999999,88340.88450622559,16133.333333333334,0,0.3999999999999999,140717.68060302734,3050,0,0.23124999999999996,145715.14930725098,3050,0,0.23124999999999996,146030.73133850098,3050,0,0.23124999999999996,357580.32347106934,3050,0,0.23124999999999996,141492.9289855957,3050,0,0.23124999999999996,135626.2685546875,3050,0,0.23124999999999996,135705.45222473145,3050,0,0.23124999999999996,94541.97955322266,16133.333333333334,0,0.3999999999999999,96696.9367980957,16133.333333333334,0,0.3999999999999999,8077909.824539185,3547,5378,400,3269,400,2411,400,400,400,400,400,400,2926,400,400,400,4878,400,400,400,400,3142,400,400,400,2514,2458,400,400,400,5058,5045,0,0,5.263157844543457,52.38095474243164,52.6315803527832,61.904762268066406,45,42.85714340209961,100,55,55,50,0,55,0,52.38095474243164,52.38095474243164,0,55,52.38095474243164,0,0,0,0,4.761904716491699,0,10,52.38095474243164,10.526315689086914,0,55,5.263157844543457,20475,15889,86030,65,46,20475,13174,84151,68,51,66718990336,8589930496,22948065280,524288
199,1790686143494,444296.49224853516,3050,0,0.23124999999999996,91716.0014038086,16133.333333333334,0,0.3999999999999999,93245.31521606445,16133.333333333334,0,0.3999999999999999,95903.52767944336,16133.333333333334,0,0.3999999999999999,98859.21333312988,16133.333333333334,0,0.3999999999999999,90471.54731750488,16133.333333333334,0,0.3999999999999999,88341.09260559082,16133.333333333334,0,0.3999999999999999,140717.93757629395,3050,0,0.23124999999999996,145715.4149169922,3050,0,0.23124999999999996,146031.07286071777,3050,0,0.23124999999999996,357580.6632385254,3050,0,0.23124999999999996,141493.2592010498,3050,0,0.23124999999999996,135626.5810699463,3050,0,0.23124999999999996,135705.76168823242,3050,0,0.23124999999999996,94542.13307189941,16133.333333333334,0,0.3999999999999999,96697.09043884277,16133.333333333334,0,0.3999999999999999,8077929.876190186,3547,5378,400,3269,400,2411,400,400,400,400,400,400,2926,400,400,400,4878,400,400,400,400,3142,400,400,400,2514,2458,400,400,400,5058,5045,0,0,0,47.5,48.780487060546875,48.71794891357422,47.5,47.5,100,47.5,47.5,50,0,47.5,0,48.71794891357422,48.71794891357422,0,47.5,47.5,0,0,0,0,2.5641026496887207,0,15.000000953674316,48.71794891357422,0,0,47.5,0,20475,15889,86476,66,48,20475,13174,84017,66,46,66718990336,8589930496,22947397632,524288
199,1790686143694,444298.7331085205,3050,0,0.23124999999999996,91716.21493530273,16133.333333333334,0,0.3999999999999999,93245.53060913086,16133.333333333334,0,0.3999999999999999,95903.68647766113,16133.333333333334,0,0.3999999999999999,98859.42587280273,16133.333333333334,0,0.3999999999999999,90471.70443725586,16133.333333333334,0,0.3999999999999999,88341.30252075195,16133.333333333334,0,0.3999999999999999,140718.21493530273,3050,0,0.23124999999999996,145715.68991088867,3050,0,0.23124999999999996,146031.41885375977,3050,0,0.23124999999999996,357580.9842529297,3050,0,0.23124999999999996,141493.59414672852,3050,0,0.23124999999999996,135626.8986968994,3050,0,0.23124999999999996,135706.0763244629,3050,0,0.23124999999999996,94542.28810119629,16133.333333333334,0,0.3999999999999999,96697.24754333496,16133.333333333334,0,0.3999999999999999,8077950.027038574,3547,5378,400,3269,400,2411,400,400,400,400,400,400,2926,400,400,400,4878,400,400,400,400,3142,400,400,400,2514,2458,400,400,400,5058,5045,0,4.761904716491699,0,47.36842346191406,45,47.619049072265625,45,50,100,50,50,45,0,50,0,47.619049072265625,45,0,45,50,0,0,0,4.761904716491699,0,0,5.263157844543457,45,0,0,50,0,20475,15889,86468,66,48,20475,13174,84128,67,46,66718990336,8589930496,22935425024,524288
199,1790686143894,444300.9594116211,3050,0,0.23124999999999996,91716.4261932373,16133.333333333334,0,0.3999999999999999,93245.74040222168,16133.333333333334,0,0.3999999999999999,95903.83963012695,16133.333333333334,0,0.3999999999999999,98859.63612365723,16133.333333333334,0,0.3999999999999999,90471.85842895508,16133.333333333334,0,0.3999999999999999,88341.51164245605,16133.333333333334,0,0.3999999999999999,140718.47616577148,3050,0,0.23124999999999996,145715.95942687988,3050,0,0.23124999999999996,146031.76602172852,3050,0,0.23124999999999996,357581.2981109619,3050,0,0.23124999999999996,141493.92768859863,3050,0,0.23124999999999996,135627.21141052246,3050,0,0.23124999999999996,135706.38612365723,3050,0,0.23124999999999996,94542.4409790039,16133.333333333334,0,0.3999999999999999,96697.40173339844,16133.333333333334,0,0.3999999999999999,8077970.152999878,3547,5378,400,3269,400,2411,400,400,400,400,400,400,2926,400,400,400,4878,400,400,400,400,3142,400,400,400,2514,2458,400,400,400,5058,5045,0,4.761904716491699,0,47.619049072265625,47.36842346191406,45,50,45,100,45,45,45,0,45,0,47.36842346191406,47.619049072265625,0,50,45,0,0,0,5.263157844543457,0,0,14.285715103149414,47.619049072265625,0,0,45,0,20475,15889,85786,65,46,20475,13174,84689,69,55,66718990336,8589930496,22932611072,524288
199,1790686144094,444303.19429016113,3050,0,0.23750000000000004,91716.64256286621,16133.333333333334,0,0.60625,93245.96824645996,16133.333333333334,0,0.60625,95904.00366210938,16133.333333333334,0,0.60625,98859.84945678711,16133.333333333334,0,0.60625,90472.01332092285,16133.333333333334,0,0.60625,88341.72142028809,16133.333333333334,0,0.40625,140718.76579284668,3050,0,0.23750000000000004,145716.23472595215,3050,0,0.23750000000000004,146032.11865234375,3050,0,0.23750000000000004,357581.6894836426,3050,0,0.23750000000000004,141494.22621154785,3050,0,0.23750000000000004,135627.56916809082,3050,0,0.23750000000000004,135706.6302947998,3050,0,0.23750000000000004,94542.59992980957,16133.333333333334,0,0.60625,96697.56755065918,16133.333333333334,0,0.60625,8077990.447052002,3547,5378,400,3269,400,2411,400,400,400,400,400,400,2926,400,400,400,4878,400,400,400,400,3142,400,400,400,2514,2458,400,400,400,5058,5045,0,0,4.761904716491699,47.36842346191406,47.619049072265625,47.36842346191406,45,47.36842346191406,100,47.36842346191406,47.36842346191406,50,0,47.36842346191406,0,45,26.3157901763916,0,45,47.36842346191406,0,0,0,0,0,0,26.3157901763916,42.105262756347656,19.047618865966797,10,45,0,20475,15889,85777,65,47,20475,13174,84708,68,56,66718990336,8589930496,22917914624,524288
199,1790686144294,444305.4369659424,3050,0,0.22499999999999987,91716.87509155273,48800,2,0.925,93246.17295837402,48800,2,0.925,95904.17253112793,48800,2,0.925,98860.07833862305,48800,2,0.925,90472.18106079102,48800,2,0.925,88341.9497833252,48800,2,0.925,140719.04383850098,3050,2,0.22499999999999987,145716.5217437744,3050,2,0.22499999999999987,146032.48529052734,3050,2,0.22499999999999987,357582.08894348145,3050,0,0.22499999999999987,141494.5888824463,3050,0,0.22499999999999987,135627.9129486084,3050,0,0.22499999999999987,135706.93016052246,3050,2,0.22499999999999987,94542.76466369629,48800,2,0.925,96697.73489379883,48800,2,0.925,8078010.760528564,3547,5378,400,3269,400,2411,400,400,400,400,400,400,2926,400,400,400,4878,400,400,400,400,3142,400,400,400,2514,2458,400,400,400,5058,5045,0,0,0,55,52.6315803527832,52.38095474243164,55,52.38095474243164,100,52.38095474243164,52.38095474243164,50,0,52.38095474243164,0,0,0,0,55,52.38095474243164,0,0,0,0,0,0,28.571430206298828,50,52.6315803527832,45,52.6315803527832,0,20475,15889,86261,65,47,20475,13174,84050,68,50,66718990336,8589930496,22926725120,524288
199,1790686144494,444307.66540527344,3050,0,0.21875,91717.11047363281,48800,2,0.925,93246.37992858887,48800,2,0.925,95904.34297180176,48800,2,0.925,98860.31192016602,48800,2,0.925,90472.35105895996,48800,2,0.925,88342.18273925781,48800,2,0.925,140719.32917785645,3050,2,0.21875,145716.81312561035,3050,2,0.21875,146032.85382080078,3050,2,0.21875,357582.4280395508,3050,0,0.21875,141494.95359802246,3050,0,0.21875,135628.25770568848,3050,0,0.21875,135707.2721862793,3050,2,0.21875,94542.9344329834,48800,2,0.925,96697.90483093262,48800,2,0.925,8078031.15625,3547,5378,400,3269,400,2411,400,400,400,400,400,400,2926,400,400,400,4878,400,400,400,400,3142,400,400,400,2514,2458,400,400,400,5058,5045,0,0,0,50,52.38095474243164,52.6315803527832,50,52.6315803527832,100,52.6315803527832,50,55,0,52.6315803527832,0,0,0,0,50,52.6315803527832,0,0,0,0,0,0,10.526315689086914,55,52.38095474243164,55,52.38095474243164,0,20475,15889,86501,67,48,20475,13174,84139,67,44,66718990336,8589930496,22926725120,524288
199,1790686144694,444309.87954711914,3050,0,0.21875,91717.3604888916,16133.333333333334,2,0.59375,93246.58917236328,16133.333333333334,2,0.59375,95904.52503967285,16133.333333333334,2,0.59375,98860.60348510742,16133.333333333334,2,0.59375,90472.53561401367,16133.333333333334,2,0.59375,88342.49147033691,16133.333333333334,0,0.59375,140719.6714630127,3050,2,0.21875,145717.12315368652,3050,2,0.21875,146033.25885009766,3050,2,0.21875,357582.79022216797,3050,0,0.21875,141495.33638000488,3050,0,0.21875,135628.6236114502,3050,2,0.21875,135707.63417053223,3050,2,0.21875,94543.11807250977,16133.333333333334,2,0.59375,96698.08810424805,16133.333333333334,2,0.59375,8078052.01864624,3547,5378,400,3269,400,2411,400,400,400,400,400,400,2926,400,400,400,4878,400,400,400,400,3142,400,400,400,2514,2458,400,400,400,5058,5045,0,0,0,50,52.38095474243164,52.6315803527832,50,52.6315803527832,100,52.6315803527832,50,55,0,52.6315803527832,0,0,0,0,50,52.6315803527832,0,0,0,0,0,0,10.526315689086914,55,52.38095474243164,55,52.38095474243164,0,20475,15889,86484,66,48,20475,13174,84482,67,45,66718990336,8589930496,22931628032,524288
199,1790686144894,444312.11686706543,3050,0,0.21875,91717.5961151123,48800,2,0.925,93246.79545593262,48800,2,0.925,95904.69451904297,48800,2,0.925,98860.77290344238,48800,2,0.925,90472.70498657227,48800,2,0.925,88342.72174072266,48800,2,0.925,140719.95133972168,3050,2,0.21875,145717.4086303711,3050,2,0.21875,146033.60209655762,3050,2,0.21875,357583.1555786133,3050,0,0.21875,141495.69914245605,3050,0,0.21875,135628.9674987793,3050,0,0.21875,135707.97203063965,3050,2,0.21875,94543.29220581055,48800,2,0.925,96698.26104736328,48800,2,0.925,8078072.508529663,3547,5378,400,3269,400,2411,400,400,400,400,400,400,2926,400,400,400,4878,400,400,400,400,3142,400,400,400,2514,2458,400,400,400,5058,5045,0,10,12.5,52.499996185302734,52.499996185302734,53.658538818359375,52.499996185302734,52.499996185302734,100,43.90243911743164,55,52.499996185302734,0,39.02438735961914,10,0,0,0,52.499996185302734,40.476192474365234,0,0,0,2.4390242099761963,0,0,22.5,42.5,52.499996185302734,52.499996185302734,52.499996185302734,0,20475,15889,85814,65,46,20475,13174,84822,70,56,66718990336,8589930496,22925463552,524288
199,1790686145094,444314.0097808838,3050,0,0.22499999999999987,91717.8363647461,16133.333333333334,0,0.3812500000000001,93247.02001953125,16133.333333333334,0,0.3812500000000001,95904.87797546387,16133.333333333334,0,0.3812500000000001,98861.06057739258,16133.333333333334,0,0.38749999999999996,90472.8896484375,16133.333333333334,0,0.38749999999999996,88343.12063598633,16133.333333333334,0,0.38749999999999996,140720.24546813965,3050,0,0.22499999999999987,145717.69999694824,3050,0,0.22499999999999987,146033.9626159668,3050,0,0.22499999999999987,357583.53562927246,3050,0,0.22499999999999987,141496.0609588623,3050,0,0.22499999999999987,135629.30859375,3050,0,0.22499999999999987,135708.32124328613,3050,0,0.22499999999999987,94543.47038269043,16133.333333333334,0,0.3812500000000001,96698.4391784668,16133.333333333334,0,0.3812500000000001,8078093.267608643,3547,5378,400,3269,400,2411,400,400,400,400,400,400,2926,400,400,400,4878,400,400,400,400,3142,400,400,400,2514,2458,400,400,400,5058,5045,0,10,12.5,52.499996185302734,52.499996185302734,53.658538818359375,52.499996185302734,52.499996185302734,100,43.90243911743164,55,52.499996185302734,0,39.02438735961914,10,0,0,0,52.499996185302734,40.476192474365234,0,0,0,2.4390242099761963,0,0,22.5,42.5,52.499996185302734,52.499996185302734,52.499996185302734,0,20475,15889,85773,65,47,20475,13174,84810,69,55,66718990336,8589930496,22945923072,524288
199,1790686145294,444314.9978027344,3050,0,0.22499999999999987,91718.0571899414,16133.333333333334,0,0.3812500000000001,93247.2195892334,16133.333333333334,0,0.3812500000000001,95905.13740539551,16133.333333333334,0,0.3812500000000001,98861.48011779785,16133.333333333334,0,0.3812500000000001,90473.05186462402,16133.333333333334,0,0.3812500000000001,88343.66581726074,16133.333333333334,0,0.3812500000000001,140720.5032196045,3050,0,0.22499999999999987,145717.95085144043,3050,0,0.22499999999999987,146034.26795959473,3050,0,0.22499999999999987,357583.87969970703,3050,0,0.22499999999999987,141496.3786468506,3050,0,0.22499999999999987,135629.6092224121,3050,0,0.22499999999999987,135708.62004089355,3050,0,0.22499999999999987,94543.63609313965,16133.333333333334,0,0.3812500000000001,96698.68356323242,16133.333333333334,0,0.3812500000000001,8078112.7215271,3547,5378,400,3269,400,2411,400,400,400,400,400,400,2926,400,400,400,4878,400,400,400,400,3142,400,400,400,2514,2458,400,400,400,5058,5045,57.5,50,50,50,52.499996185302734,65,50,41.46341323852539,40,0,48.780487060546875,50,0,7.692307949066162,50,0,0,0,50,0,2.4390242099761963,0,0,0,0,0,56.41025924682617,0,50,50,50,2.5,20475,15889,86491,65,40,20475,13174,84002,67,46,66718990336,8589930496,22962667520,524288
199,1790686145494,444316.0295410156,3050,0,0.23124999999999996,91718.27853393555,16133.333333333334,0,0.38749999999999996,93247.41632080078,16133.333333333334,0,0.38749999999999996,95905.39364624023,16133.333333333334,0,0.38749999999999996,98861.70002746582,16133.333333333334,0,0.38749999999999996,90473.21549987793,16133.333333333334,0,0.38749999999999996,88344.21543884277,16133.333333333334,0,0.38749999999999996,140720.74781799316,3050,0,0.23124999999999996,145718.2060699463,3050,0,0.23124999999999996,146034.57080078125,3050,0,0.23124999999999996,357584.1778564453,3050,0,0.23124999999999996,141496.70054626465,3050,0,0.23124999999999996,135629.90985107422,3050,0,0.23124999999999996,135708.91690063477,3050,0,0.23124999999999996,94543.80308532715,16133.333333333334,0,0.38749999999999996,96699.06837463379,16133.333333333334,0,0.38749999999999996,8078132.152175903,3547,5378,400,3269,400,2411,400,400,400,400,400,400,2926,400,400,400,4878,400,400,400,400,3142,400,400,400,2514,2458,400,400,400,5058,5045,40,47.36842346191406,45,50,55,50,50,35,45,0,47.36842346191406,45,0,9.523809432983398,47.619049072265625,0,0,0,50,0,0,0,0,0,0,0,47.619049072265625,0,47.36842346191406,45,47.36842346191406,15.000000953674316,20475,15889,86504,67,48,20475,13174,83885,67,43,66718990336,8589930496,22962667520,524288
199,1790686145694,444317.0224761963,3050,0,0.23124999999999996,91718.50190734863,16133.333333333334,0,0.3999999999999999,93247.75369262695,16133.333333333334,0,0.3999999999999999,95905.56483459473,16133.333333333334,0,0.3999999999999999,98862.11553955078,16133.333333333334,0,0.3999999999999999,90473.37873840332,16133.333333333334,0,0.3999999999999999,88344.76496887207,16133.333333333334,0,0.3999999999999999,140721.00129699707,3050,0,0.23124999999999996,145718.46717834473,3050,0,0.23124999999999996,146034.87060546875,3050,0,0.23124999999999996,357584.47367858887,3050,0,0.23124999999999996,141497.02758789063,3050,0,0.23124999999999996,135630.20960998535,3050,0,0.23124999999999996,135709.2140045166,3050,0,0.23124999999999996,94544.13703918457,16133.333333333334,0,0.3999999999999999,96699.2374420166,16133.333333333334,0,0.3999999999999999,8078151.76499939,3547,5378,400,3269,400,2411,400,400,400,400,400,400,2926,400,400,400,4878,400,400,400,400,3142,400,400,400,2514,2458,400,400,400,5058,5045,40,45,47.36842346191406,55,45,57.894737243652344,45,35,45,0,45,47.619049072265625,0,10,45,0,0,15.000000953674316,45,0,4.761904716491699,0,0,0,0,0,45,0,47.619049072265625,47.36842346191406,47.619049072265625,0,20475,15889,85890,66,46,20475,13174,84679,68,53,66718990336,8589930496,22961197056,524288
199,1790686145894,444317.9954986572,3050,0,0.23124999999999996,91718.7202911377,16133.333333333334,0,0.40625,93247.94709777832,16133.333333333334,0,0.40625,95905.79904174805,16133.333333333334,0,0.40625,98862.33071899414,16133.333333333334,0,0.40625,90473.53776550293,16133.333333333334,0,0.40625,88345.17417907715,16133.333333333334,0,0.40625,140721.4016265869,3050,0,0.23124999999999996,145718.74409484863,3050,0,0.23124999999999996,146035.21319580078,3050,0,0.23124999999999996,357584.7961730957,3050,0,0.23124999999999996,141497.41523742676,3050,0,0.23124999999999996,135630.99542236328,3050,0,0.23124999999999996,135709.53770446777,3050,0,0.23124999999999996,94544.29887390137,16133.333333333334,0,0.40625,96699.48913574219,16133.333333333334,0,0.40625,8078171.8876953125,3547,5378,400,3269,400,2411,400,400,400,400,400,400,2926,400,400,400,4878,400,400,400,400,3142,400,400,400,2514,2458,400,400,400,5058,5045,35,52.38095474243164,47.619049072265625,45,55,47.619049072265625,30.000001907348633,42.105262756347656,50,0,50,47.36842346191406,0,10.526315689086914,47.36842346191406,0,0,0,47.619049072265625,0,0,0,0,5,20,0,47.36842346191406,4.761904716491699,45,47.619049072265625,47.36842346191406,5.263157844543457,20475,15889,85244,65,47,20475,13174,84800,69,56,66718990336,8589930496,22952652800,524288
199,1790686146094,444319.108001709,3050,0,0.23124999999999996,91718.95654296875,48800,2,0.925,93248.15377807617,48800,2,0.925,95905.97009277344,48800,2,0.925,98862.56266784668,48800,2,0.925,90473.71109008789,48800,2,0.925,88345.4095916748,48800,2,0.925,140721.99601745605,3050,0,0.23124999999999996,145719.08152770996,3050,2,0.23124999999999996,146035.62089538574,3050,2,0.23124999999999996,357585.2257080078,3050,0,0.23124999999999996,141497.9153137207,3050,0,0.23124999999999996,135632.32164001465,3050,0,0.23124999999999996,135709.92036437988,3050,2,0.23124999999999996,94544.47840881348,48800,2,0.925,96699.6618347168,48800,2,0.925,8078193.54850769,3547,5378,400,3269,400,2411,400,400,400,400,400,400,2926,400,400,400,4878,400,400,400,400,3142,400,400,400,2514,2458,400,400,400,5058,5045,38.095237731933594,63.15789031982422,50,50,50,50,0,52.38095474243164,50,0,50,50,0,19.047618865966797,52.38095474243164,0,0,0,52.6315803527832,0,0,0,0,0,50,9.090909004211426,57.142860412597656,15.000000953674316,52.6315803527832,50,52.38095474243164,0,20475,15889,85801,65,47,20475,13174,84070,68,49,66718990336,8589930496,22961741824,524288
199,1790686146294,444319.6188964844,3050,2,0.20625000000000004,91719.1948852539,48800,2,0.925,93248.36306762695,48800,2,0.925,95906.14236450195,48800,2,0.925,98862.79750061035,48800,2,0.925,90473.88610839844,48800,2,0.925,88345.64501953125,48800,2,0.925,140722.3867034912,3050,2,0.20625000000000004,145719.40257263184,3050,2,0.20625000000000004,146036.00372314453,3050,2,0.20625000000000004,357586.89224243164,3050,0,0.20625000000000004,141498.35758972168,3050,0,0.20625000000000004,135633.03257751465,3050,0,0.20625000000000004,135710.2870941162,3050,2,0.20625000000000004,94544.69686889648,48800,2,0.925,96699.83638000488,48800,2,0.925,8078214.556793213,3547,5378,400,3269,400,2411,400,400,400,400,400,400,2926,400,400,400,4878,400,400,400,400,3142,400,400,400,2514,2458,400,400,400,5058,5045,10.526315689086914,57.142860412597656,55,55,52.6315803527832,55,0,50,55,0,50,55,4.761904716491699,15.000000953674316,52.6315803527832,5,0,0,50,0,0,0,4.761904716491699,4.761904716491699,55,0,70,25,42.85714340209961,55,50,0,20475,15889,86529,67,49,20475,13174,83691,67,44,66718990336,8589930496,22946590720,524288
199,1790686146494,444320.34033203125,1650,0,0.28125,91719.43780517578,48800,2,0.625,93248.58290100098,48800,2,0.625,95906.50578308105,48800,2,0.625,98863.56460571289,48800,2,0.625,90474.03439331055,48800,2,0.625,88345.93974304199,48800,2,0.625,140722.66557312012,1650,2,0.28125,145719.67945861816,2150,2,0.29374999999999996,146036.34552001953,2150,2,0.29374999999999996,357587.28436279297,2150,0,0.29374999999999996,141498.72233581543,2150,2,0.29374999999999996,135633.4043121338,2150,0,0.29374999999999996,135710.61825561523,2150,2,0.29374999999999996,94544.89822387695,48800,2,0.625,96700.08512878418,48800,2,0.625,8078234.223968506,3547,5378,400,3269,400,2411,400,400,400,400,400,400,2926,400,400,400,4878,400,400,400,400,3142,400,400,400,2514,2458,400,400,400,5058,5045,23.809524536132813,47.36842346191406,50,52.6315803527832,66.66667175292969,70,5,26.3157901763916,50,15.000000953674316,55,50,0,10,52.38095474243164,23.809524536132813,0,0,55,0,0,0,0,0,40,0,45,10,50,50,45,5,20475,15889,86511,66,47,20475,13174,84139,67,46,66718990336,8589930496,22946590720,524288
199,1790686146695,444321.4162750244,3050,2,0.4937499999999999,91719.66352844238,16133.333333333334,2,0.39375000000000004,93248.80143737793,16133.333333333334,2,0.39375000000000004,95906.80862426758,16133.333333333334,0,0.39375000000000004,98864.1528930664,16133.333333333334,2,0.39375000000000004,90474.13090515137,16133.333333333334,2,0.39375000000000004,88345.99447631836,16133.333333333334,2,0.39375000000000004,140723.06915283203,3050,2,0.4937499999999999,145720.0316772461,3050,2,0.4937499999999999,146036.7123260498,3050,2,0.4937499999999999,357587.70777893066,3050,2,0.4937499999999999,141499.06091308594,3050,2,0.4937499999999999,135633.8681793213,3050,2,0.4937499999999999,135710.99240112305,3050,2,0.4937499999999999,94545.35649108887,16133.333333333334,2,0.39375000000000004,96700.26770019531,16133.333333333334,2,0.39375000000000004,8078254.281188965,3547,5378,400,3269,400,2411,400,400,400,400,400,400,2926,400,400,400,4878,400,400,400,400,3142,400,400,400,2514,2458,400,400,400,5058,5045,42.105262756347656,30.000001907348633,30.000001907348633,52.38095474243164,57.142860412597656,75,25,4.761904716491699,55,55,25,55,23.809524536132813,10,52.6315803527832,50,0,0,50,0,0,0,0,0,0,0,55,0,52.6315803527832,55,52.6315803527832,0,20475,15889,85473,64,45,20475,13174,84728,70,56,66718990336,8589930496,22930976768,524288
199,1790686146895,444322.5670928955,3050,0,0.23124999999999996,91719.89970397949,16133.333333333334,0,0.3999999999999999,93249.01579284668,16133.333333333334,0,0.3999999999999999,95907.03511047363,16133.333333333334,0,0.3999999999999999,98864.40684509277,16133.333333333334,0,0.3999999999999999,90474.36340332031,16133.333333333334,0,0.3999999999999999,88346.19761657715,16133.333333333334,2,0.3999999999999999,140723.33784484863,3050,0,0.23124999999999996,145720.38223266602,3050,0,0.23124999999999996,146037.04319763184,3050,0,0.23124999999999996,357588.0579071045,3050,0,0.23124999999999996,141499.31903076172,3050,0,0.23124999999999996,135634.22578430176,3050,0,0.23124999999999996,135711.2514038086,3050,0,0.23124999999999996,94545.76272583008,16133.333333333334,0,0.3999999999999999,96700.61700439453,16133.333333333334,0,0.3999999999999999,8078273.808303833,3547,5378,400,3269,400,2411,400,400,400,400,400,400,2926,400,400,400,4878,400,400,400,400,3142,400,400,400,2514,2458,400,400,400,5058,5045,42.105262756347656,30.000001907348633,30.000001907348633,52.38095474243164,57.142860412597656,75,25,4.761904716491699,55,55,25,55,23.809524536132813,10,52.6315803527832,50,0,0,50,0,0,0,0,0,0,0,55,0,52.6315803527832,55,52.6315803527832,0,20475,15889,85622,65,47,20475,13174,84330,69,54,66718990336,8589930496,22925578240,524288
199,1790686147095,444323.6371459961,3050,0,0.21875,91720.11340332031,16133.333333333334,0,0.3999999999999999,93249.20666503906,16133.333333333334,0,0.3999999999999999,95907.24378967285,16133.333333333334,0,0.3999999999999999,98864.59614562988,16133.333333333334,0,0.3999999999999999,90474.52133178711,16133.333333333334,0,0.3999999999999999,88346.47717285156,16133.333333333334,0,0.3999999999999999,140723.60913085938,3050,0,0.21875,145721.00395202637,3050,0,0.21875,146037.36560058594,3050,0,0.21875,357588.94499206543,3050,0,0.21875,141499.57820129395,3050,0,0.21875,135634.5574798584,3050,0,0.21875,135711.52058410645,3050,0,0.21875,94545.96513366699,16133.333333333334,0,0.3999999999999999,96700.80911254883,16133.333333333334,0,0.3999999999999999,8078293.801223755,3547,5378,400,3269,400,2411,400,400,400,400,400,400,2926,400,400,400,4878,400,400,400,400,3142,400,400,400,2514,2458,400,400,400,5058,5045,45,0,50,50,50,50,7.500000476837158,20,48.780487060546875,50,7.500000476837158,50,50,7.500000476837158,50,50,0,2.4390242099761963,50,0,0,0,0,0,43.90243911743164,0,61.5384635925293,2.5,4.878048419952393,48.71794891357422,51.219512939453125,7.317072868347168,20475,15889,86561,66,47,20475,13174,83586,67,45,66718990336,8589930496,22910668800,524288
199,1790686147295,444323.98237609863,3050,0,0.2124999999999999,91720.32727050781,16133.333333333334,0,0.3999999999999999,93249.40274047852,16133.333333333334,0,0.3999999999999999,95907.44351196289,16133.333333333334,0,0.3999999999999999,98864.78456115723,16133.333333333334,0,0.3999999999999999,90474.67819213867,16133.333333333334,0,0.3999999999999999,88346.7094116211,16133.333333333334,0,0.3999999999999999,140723.89739990234,3050,0,0.2124999999999999,145721.35552978516,3050,0,0.2124999999999999,146037.71174621582,3050,0,0.2124999999999999,357591.23751831055,3050,0,0.2124999999999999,141499.83709716797,3050,0,0.2124999999999999,135634.90307617188,3050,0,0.2124999999999999,135711.77778625488,3050,0,0.2124999999999999,94546.20042419434,16133.333333333334,0,0.3999999999999999,96700.97343444824,16133.333333333334,0,0.3999999999999999,8078314.443832397,3547,5378,400,3269,400,2411,400,400,400,400,400,400,2926,400,400,400,4878,400,400,400,400,3142,400,400,400,2514,2458,400,400,400,5058,5045,10.526315689086914,5,45,45,45,50,0,47.36842346191406,47.36842346191406,45,0,45,45,10,45,45,0,0,50,0,0,0,0,5,47.36842346191406,0,100,0,0,47.619049072265625,52.6315803527832,0,20475,15889,86563,67,48,20475,13174,83680,67,46,66718990336,8589930496,22906986496,524288
199,1790686147495,444325.31759643555,3050,0,0.11874999999999991,91720.52990722656,16133.333333333334,0,0.3999999999999999,93249.59017944336,16133.333333333334,0,0.3999999999999999,95907.64126586914,16133.333333333334,0,0.3999999999999999,98864.97247314453,16133.333333333334,0,0.3999999999999999,90474.83282470703,16133.333333333334,0,0.3999999999999999,88346.91938781738,16133.333333333334,0,0.3999999999999999,140724.1647796631,3050,0,0.11874999999999991,145721.96221923828,3050,0,0.11874999999999991,146038.1541748047,3050,0,0.11874999999999991,357591.83433532715,3050,0,0.11874999999999991,141500.1018218994,3050,0,0.11874999999999991,135635.42013549805,3050,0,0.11874999999999991,135712.04345703125,3050,0,0.11874999999999991,94546.41075134277,16133.333333333334,0,0.3999999999999999,96701.12683105469,16133.333333333334,0,0.3999999999999999,8078334.623931885,3547,5378,400,3269,400,2411,400,400,400,400,400,400,2926,400,400,400,4878,400,400,400,400,3142,400,400,400,2514,2458,400,400,400,5058,5045,52.38095474243164,0,47.36842346191406,50,47.36842346191406,45,0,47.619049072265625,45,47.36842346191406,0,50,60.000003814697266,10,47.619049072265625,15.000000953674316,0,0,45,0,0,0,0,5,47.619049072265625,0,47.619049072265625,0,20,47.36842346191406,47.619049072265625,0,20475,15889,85872,66,46,20475,13174,84637,69,55,66718990336,8589930496,22906986496,524288
199,1790686147695,444326.0765991211,3050,0,0.21875,91720.69239807129,16133.333333333334,0,0.40625,93249.77851867676,16133.333333333334,0,0.40625,95907.8423461914,16133.333333333334,0,0.40625,98865.16410827637,16133.333333333334,0,0.40625,90474.98951721191,16133.333333333334,0,0.40625,88347.15107727051,16133.333333333334,0,0.40625,140724.45892333984,3050,0,0.21875,145722.47198486328,3050,0,0.21875,146038.52374267578,3050,0,0.21875,357592.88986206055,3050,0,0.21875,141500.39804077148,3050,0,0.21875,135636.64413452148,3050,0,0.21875,135712.33303833008,3050,0,0.21875,94546.62590026855,16133.333333333334,0,0.40625,96701.28324890137,16133.333333333334,0,0.40625,8078355.882247925,3547,5378,400,3269,400,2411,400,400,400,400,400,400,2926,400,400,400,4878,400,400,400,400,3142,400,400,400,2514,2458,400,400,400,5058,5045,21.052631378173828,0,47.619049072265625,45,47.619049072265625,50,0,47.36842346191406,50,47.619049072265625,0,45,50,15.000000953674316,47.36842346191406,0,0,0,45,0,0,0,0,0,47.36842346191406,9.523809432983398,73.68421173095703,0,47.36842346191406,47.619049072265625,47.36842346191406,0,20475,15889,85427,65,47,20475,13174,84744,69,54,66718990336,8589930496,22906175488,524288
199,1790686147895,444326.3787689209,3050,2,0.2124999999999999,91720.86315917969,48800,2,0.93125,93249.94718933105,48800,2,0.93125,95908.05912780762,48800,2,0.93125,98865.37989807129,48800,2,0.925,90475.15855407715,48800,2,0.925,88347.38162231445,48800,2,0.925,140724.73956298828,3050,2,0.2124999999999999,145722.8576812744,3050,2,0.2124999999999999,146038.8685760498,3050,2,0.2124999999999999,357595.1635131836,3050,0,0.2124999999999999,141500.68197631836,3050,2,0.2124999999999999,135637.01837158203,3050,2,0.2124999999999999,135712.60800170898,3050,2,0.2124999999999999,94546.85679626465,48800,2,0.93125,96701.45272827148,48800,2,0.93125,8078376.531478882,3547,5378,400,3269,400,2411,400,400,400,400,400,400,2926,400,400,400,4878,400,400,400,400,3142,400,400,400,2514,2458,400,400,400,5058,5045,0,0,50,50,52.6315803527832,55,0,50,50,50,0,50,52.6315803527832,15.000000953674316,25,0,0,0,55,0,0,0,0,0,50,0,100,25,52.38095474243164,50,50,0,20475,15889,86093,65,47,20475,13174,84027,68,49,66718990336,8589930496,22900912128,524288
199,1790686148095,444327.6931915283,3050,0,0.22499999999999987,91721.03602600098,48800,2,0.925,93250.11891174316,48800,2,0.925,95908.28007507324,48800,2,0.925,98865.58979797363,48800,2,0.925,90475.33178710938,48800,2,0.925,88347.6107635498,48800,2,0.925,140725.0537261963,3050,2,0.22499999999999987,145723.4786529541,3050,2,0.22499999999999987,146039.3246459961,3050,2,0.22499999999999987,357595.58793640137,3050,0,0.22499999999999987,141501.01695251465,3050,2,0.22499999999999987,135638.0571899414,3050,0,0.22499999999999987,135712.91564941406,3050,0,0.22499999999999987,94547.08673095703,48800,2,0.925,96701.62370300293,48800,2,0.925,8078397.654342651,3547,5378,400,3269,400,2411,400,400,400,400,400,400,2926,400,400,400,4878,400,400,400,400,3142,400,400,400,2514,2458,400,400,400,5058,5045,50,0,52.6315803527832,55,50,52.6315803527832,0,52.38095474243164,52.6315803527832,55,0,55,60.000003814697266,0,0,0,0,0,50,0,0,0,0,0,52.38095474243164,0,47.619049072265625,55,50,52.6315803527832,52.38095474243164,0,20475,15889,86517,67,48,20475,13174,83972,67,46,66718990336,8589930496,22898245632,524288
199,1790686148295,444328.65521240234,3050,2,0.54375,91721.22297668457,16133.333333333334,2,0.38749999999999996,93250.32736206055,16133.333333333334,0,0.38749999999999996,95908.53359985352,16133.333333333334,2,0.38749999999999996,98866.00559997559,16133.333333333334,0,0.38749999999999996,90475.5209350586,16133.333333333334,2,0.38749999999999996,88348.26628112793,16133.333333333334,0,0.38749999999999996,140725.3406829834,3050,2,0.54375,145723.84797668457,3050,0,0.54375,146039.67404174805,3050,0,0.54375,357595.98722839355,3050,0,0.54375,141501.29055786133,3050,2,0.26249999999999996,135638.40061950684,3050,0,0.26249999999999996,135713.18421936035,3050,0,0.26249999999999996,94547.34378051758,16133.333333333334,0,0.38749999999999996,96702.00346374512,16133.333333333334,2,0.38749999999999996,8078417.891464233,3547,5378,400,3269,400,2411,400,400,400,400,400,400,2926,400,400,400,4878,400,400,400,400,3142,400,400,400,2514,2458,400,400,400,5058,5045,38.095237731933594,0,55,52.6315803527832,60.000003814697266,70,0,47.36842346191406,52.38095474243164,52.6315803527832,0,50,55,0,4.761904716491699,0,0,0,55,0,0,0,0,0,55,0,60.000003814697266,52.6315803527832,50,52.38095474243164,52.6315803527832,15.000000953674316,20475,15889,86375,66,48,20475,13174,84449,68,48,66718990336,8589930496,22900465664,524288
199,1790686148495,444329.37380981445,3050,2,0.2124999999999999,91721.39501953125,48800,2,0.925,93250.4990234375,48800,2,0.925,95908.70547485352,48800,2,0.925,98866.19213867188,48800,2,0.925,90475.68371582031,48800,2,0.925,88348.38781738281,48800,2,0.925,140725.68307495117,3050,2,0.2124999999999999,145724.30490112305,3050,0,0.2124999999999999,146040.36328125,3050,2,0.2124999999999999,357597.13652038574,3050,0,0.2124999999999999,141501.5853881836,3050,0,0.2124999999999999,135638.66566467285,3050,0,0.2124999999999999,135713.8285369873,3050,0,0.2124999999999999,94547.57928466797,48800,2,0.925,96702.17393493652,48800,2,0.925,8078438.595535278,3547,5378,400,3269,400,2411,400,400,400,400,400,400,2926,400,400,400,4878,400,400,400,400,3142,400,400,400,2514,2458,400,400,400,5058,5045,38.095237731933594,0,55,52.6315803527832,60.000003814697266,70,0,47.36842346191406,52.38095474243164,52.6315803527832,0,50,55,0,4.761904716491699,0,0,0,55,0,0,0,0,0,55,0,60.000003814697266,52.6315803527832,50,52.38095474243164,52.6315803527832,15.000000953674316,20475,15889,85580,65,45,20475,13174,84863,69,56,66718990336,8589930496,22901178368,524288
199,1790686148695,444329.7665863037,3050,0,0.21875,91721.60171508789,16133.333333333334,0,0.3999999999999999,93250.6782989502,16133.333333333334,0,0.3999999999999999,95908.88842773438,16133.333333333334,0,0.3999999999999999,98866.37161254883,16133.333333333334,0,0.3999999999999999,90475.86236572266,16133.333333333334,0,0.3999999999999999,88348.58647155762,16133.333333333334,0,0.3999999999999999,140725.97235107422,3050,0,0.21875,145724.67207336426,3050,0,0.21875,146040.73316955566,3050,0,0.21875,357599.3875732422,3050,0,0.21875,141501.8787536621,3050,0,0.21875,135638.96447753906,3050,0,0.21875,135714.11291503906,3050,0,0.21875,94547.81506347656,16133.333333333334,0,0.3999999999999999,96702.35069274902,16133.333333333334,0,0.3999999999999999,8078459.481414795,3547,5378,400,3269,400,2411,400,400,400,400,400,400,2926,400,400,400,4878,400,400,400,400,3142,400,400,400,2514,2458,400,400,400,5058,5045,20,15.000000953674316,52.38095474243164,52.38095474243164,55,55,10,30.000001907348633,55,52.38095474243164,0,55,55,0,0,26.3157901763916,0,42.85714340209961,50,0,0,0,0,14.285715103149414,45,0,75,55,30.000001907348633,50,14.285715103149414,0,20475,15889,85616,65,47,20475,13174,84589,69,56,66718990336,8589930496,22918230016,524288
199,1790686148895,444330.1424407959,3050,0,0.21875,91721.76065063477,16133.333333333334,0,0.3999999999999999,93250.83488464355,16133.333333333334,0,0.3999999999999999,95909.04801940918,16133.333333333334,0,0.3999999999999999,98866.52545166016,16133.333333333334,0,0.3999999999999999,90476.01789855957,16133.333333333334,0,0.3999999999999999,88348.74195861816,16133.333333333334,0,0.3999999999999999,140726.25036621094,3050,0,0.21875,145725.02336120605,3050,0,0.21875,146041.07751464844,3050,0,0.21875,357601.6719055176,3050,0,0.21875,141502.138671875,3050,0,0.21875,135639.23294067383,3050,0,0.21875,135714.3719482422,3050,0,0.21875,94548.02668762207,16133.333333333334,0,0.3999999999999999,96702.5064239502,16133.333333333334,0,0.3999999999999999,8078479.862121582,3547,5378,400,3269,400,2411,400,400,400,400,400,400,2926,400,400,400,4878,400,400,400,400,3142,400,400,400,2514,2458,400,400,400,5058,5045,15.384615898132324,0,50,50,50,50,0,50,50,50,5,50,43.90243911743164,0,0,0,0,50,50,0,0,0,0,0,50,0,100,50,50,48.71794891357422,0,0,20475,15889,86578,66,47,20475,13174,83882,67,45,66718990336,8589930496,22917775360,524288
199,1790686149095,444330.4371032715,3050,0,0.21875,91721.9196472168,16133.333333333334,0,0.3999999999999999,93250.99217224121,16133.333333333334,0,0.3999999999999999,95909.21008300781,16133.333333333334,0,0.3999999999999999,98866.68334960938,16133.333333333334,0,0.3999999999999999,90476.17610168457,16133.333333333334,0,0.3999999999999999,88348.8992767334,16133.333333333334,0,0.3999999999999999,140726.54704284668,3050,0,0.21875,145725.4179840088,3050,0,0.21875,146041.4189605713,3050,0,0.21875,357603.9479522705,3050,0,0.21875,141502.3959197998,3050,0,0.21875,135639.50135803223,3050,0,0.21875,135714.63664245605,3050,0,0.21875,94548.23918151855,16133.333333333334,0,0.3999999999999999,96702.66339111328,16133.333333333334,0,0.3999999999999999,8078500.280105591,3547,5378,400,3269,400,2411,400,400,400,400,400,400,2926,400,400,400,4878,400,400,400,400,3142,400,400,400,2514,2458,400,400,400,5058,5045,0,5,47.36842346191406,47.36842346191406,45,45,0,47.619049072265625,45,45,47.36842346191406,45,5.263157844543457,0,0,0,0,47.36842346191406,50,0,0,0,0,0,47.36842346191406,0,100,45,45,47.619049072265625,0,0,20475,15889,86608,67,48,20475,13174,83901,67,44,66718990336,8589930496,22920577024,524288
199,1790686149295,444331.0025482178,3050,0,0.23124999999999996,91722.10520935059,16133.333333333334,0,0.38749999999999996,93251.2912902832,16133.333333333334,0,0.38749999999999996,95909.37364196777,16133.333333333334,0,0.38749999999999996,98866.92663574219,16133.333333333334,0,0.38749999999999996,90476.34552001953,16133.333333333334,0,0.38749999999999996,88349.31167602539,16133.333333333334,0,0.38749999999999996,140726.816696167,3050,0,0.23124999999999996,145725.76805114746,3050,0,0.23124999999999996,146041.75317382813,3050,0,0.23124999999999996,357605.14573669434,3050,0,0.23124999999999996,141502.6713256836,3050,0,0.23124999999999996,135639.7568511963,3050,0,0.23124999999999996,135714.8815765381,3050,0,0.23124999999999996,94548.45739746094,16133.333333333334,0,0.38749999999999996,96702.95440673828,16133.333333333334,0,0.38749999999999996,8078520.338088989,3547,5378,400,3269,400,2411,400,400,400,400,400,400,2926,400,400,400,4878,400,400,400,400,3142,400,400,400,2514,2458,400,400,400,5058,5045,15.000000953674316,0,45,55,47.36842346191406,70,0,36.842105865478516,47.36842346191406,47.36842346191406,47.619049072265625,50,5,38.095237731933594,0,0,0,45,45,5,0,0,0,0,45,0,45,52.38095474243164,45,47.36842346191406,0,9.523809432983398,20475,15889,86122,66,48,20475,13174,84717,69,53,66718990336,8589930496,22930677760,524288
199,1790686149495,444332.01683044434,3050,0,0.25,91722.2700958252,16133.333333333334,0,0.40625,93251.45663452148,16133.333333333334,0,0.40625,95909.54014587402,16133.333333333334,0,0.40625,98867.43022155762,16133.333333333334,0,0.40625,90476.51165771484,16133.333333333334,0,0.40625,88349.92082214355,16133.333333333334,2,0.40625,140727.13816833496,3050,0,0.25,145726.07098388672,3050,0,0.25,146042.0714111328,3050,0,0.25,357605.46113586426,3050,0,0.25,141502.9065093994,3050,0,0.25,135639.9942932129,3050,0,0.25,135715.11599731445,3050,0,0.25,94548.67864990234,16133.333333333334,0,0.40625,96703.12016296387,16133.333333333334,0,0.40625,8078539.700561523,3547,5378,400,3269,400,2411,400,400,400,400,400,400,2926,400,400,400,4878,400,400,400,400,3142,400,400,400,2514,2458,400,400,400,5058,5045,52.38095474243164,0,47.619049072265625,47.619049072265625,47.619049072265625,68.42105102539063,0,38.095237731933594,47.619049072265625,47.619049072265625,45,45,0,45,0,0,0,50,47.36842346191406,0,0,0,0,0,47.619049072265625,0,0,45,50,47.619049072265625,0,0,20475,15889,85599,65,46,20475,13174,84723,69,56,66718990336,8589930496,22927548416,524288
199,1790686149695,444332.9342803955,3050,0,0.23750000000000004,91722.48405456543,16133.333333333334,2,0.93125,93251.78633117676,16133.333333333334,0,0.93125,95909.72842407227,16133.333333333334,2,0.93125,98867.77807617188,16133.333333333334,2,0.93125,90476.69833374023,16133.333333333334,2,0.93125,88350.56001281738,16133.333333333334,2,0.93125,140727.53805541992,3050,0,0.23750000000000004,145726.40203857422,3050,2,0.23750000000000004,146042.4242401123,3050,2,0.23750000000000004,357605.8383331299,3050,0,0.23750000000000004,141503.16844177246,3050,2,0.23750000000000004,135640.25254821777,3050,0,0.23750000000000004,135715.38104248047,3050,0,0.23750000000000004,94548.9223022461,16133.333333333334,2,0.93125,96703.30633544922,16133.333333333334,2,0.93125,8078559.5732421875,3547,5378,400,3269,400,2411,400,400,400,400,400,400,2926,400,400,400,4878,400,400,400,400,3142,400,400,400,2514,2458,400,400,400,5058,5045,35,15.000000953674316,52.6315803527832,23.809524536132813,50,61.904762268066406,0,42.105262756347656,50,50,52.6315803527832,50,0,50,0,0,0,50,50,0,42.85714340209961,4.761904716491699,0,4.761904716491699,52.6315803527832,0,0,50,50,50,0,0,20475,15889,86104,65,46,20475,13174,83854,68,49,66718990336,8589930496,22937280512,524288
199,1790686149896,444333.8558959961,2750,0,0.31874999999999987,91722.75288391113,48800,2,0.63125,93251.97093200684,48800,2,0.63125,95909.91375732422,48800,2,0.63125,98868.12239074707,48800,2,0.63125,90476.88648986816,48800,2,0.63125,88351.20137023926,48800,2,0.63125,140727.90075683594,2750,2,0.31874999999999987,145726.74446105957,2750,2,0.31874999999999987,146042.7495880127,2750,0,0.31874999999999987,357606.19508361816,2750,2,0.31874999999999987,141503.43377685547,2750,2,0.31874999999999987,135640.51831054688,2750,0,0.31874999999999987,135715.64518737793,2750,2,0.31874999999999987,94549.26789855957,48800,2,0.63125,96703.49098205566,48800,2,0.63125,8078579.3528289795,3547,5378,400,3269,400,2411,400,400,400,400,400,400,2926,400,400,400,4878,400,400,400,400,3142,400,400,400,2514,2458,400,400,400,5058,5045,47.36842346191406,4.761904716491699,60.000003814697266,0,55,65,0,42.85714340209961,40,55,52.38095474243164,55,0,55,15.000000953674316,0,0,50,52.38095474243164,0,52.6315803527832,0,0,10.526315689086914,52.38095474243164,0,0,40,52.6315803527832,52.6315803527832,5,0,20475,15889,86623,67,48,20475,13174,83534,67,43,66718990336,8589930496,22944137216,524288
199,1790686150096,444336.04330444336,3050,0,0.21875,91722.9259185791,48800,2,0.925,93252.1424407959,48800,2,0.925,95910.08682250977,48800,2,0.925,98868.2935180664,48800,2,0.925,90477.06175231934,48800,2,0.925,88351.4122467041,48800,2,0.925,140728.28691101074,3050,2,0.21875,145727.0968170166,3050,2,0.21875,146043.02896118164,3050,2,0.21875,357606.56463623047,3050,0,0.21875,141503.70623779297,3050,2,0.21875,135640.7946472168,3050,0,0.21875,135715.91583251953,3050,2,0.21875,94549.50456237793,48800,2,0.925,96703.66609191895,48800,2,0.925,8078599.616699219,3547,5378,400,3269,400,2411,400,400,400,400,400,400,2926,400,400,400,4878,400,400,400,400,3142,400,400,400,2514,2458,400,400,400,5058,5045,100,5.263157844543457,50,0,50,52.6315803527832,0,47.36842346191406,0,52.6315803527832,52.6315803527832,50,0,50,52.6315803527832,0,0,55,55,0,52.38095474243164,0,0,0,52.6315803527832,0,9.523809432983398,0,52.38095474243164,52.38095474243164,0,0,20475,15889,86301,66,48,20475,13174,84163,68,50,66718990336,8589930496,22948761600,524288
199,1790686150296,444338.26205444336,3050,0,0.21875,91723.09953308105,16133.333333333334,2,0.63125,93252.31370544434,16133.333333333334,2,0.63125,95910.26055908203,16133.333333333334,2,0.63125,98868.46798706055,16133.333333333334,2,0.63125,90477.23878479004,16133.333333333334,0,0.63125,88351.64614868164,16133.333333333334,0,0.63125,140728.65937805176,3050,2,0.21875,145727.45263671875,3050,2,0.21875,146043.3034362793,3050,2,0.21875,357606.94442749023,3050,0,0.21875,141503.9774169922,3050,2,0.21875,135641.09552001953,3050,0,0.21875,135716.18608093262,3050,2,0.21875,94549.7406616211,16133.333333333334,0,0.63125,96703.84385681152,16133.333333333334,0,0.63125,8078620.172119141,3547,5378,400,3269,400,2411,400,400,400,400,400,400,2926,400,400,400,4878,400,400,400,400,3142,400,400,400,2514,2458,400,400,400,5058,5045,33.333335876464844,0,55,0,55,52.38095474243164,0,50,70,52.38095474243164,52.38095474243164,55,0,55,52.38095474243164,4.761904716491699,0,52.6315803527832,50,0,52.6315803527832,0,0,0,52.38095474243164,0,10.526315689086914,0,52.6315803527832,52.6315803527832,0,0,20475,15889,85336,65,47,20475,13174,84770,69,56,66718990336,8589930496,22966300672,524288
199,1790686150496,444340.48628234863,3050,0,0.23124999999999996,91723.27235412598,16133.333333333334,0,0.3999999999999999,93252.48420715332,16133.333333333334,0,0.3999999999999999,95910.51319885254,16133.333333333334,0,0.3999999999999999,98868.64247131348,16133.333333333334,0,0.3999999999999999,90477.41664123535,16133.333333333334,0,0.3999999999999999,88351.88800048828,16133.333333333334,0,0.3999999999999999,140729.013961792,3050,0,0.23124999999999996,145727.79933166504,3050,0,0.23124999999999996,146043.5740966797,3050,0,0.23124999999999996,357607.32218933105,3050,0,0.23124999999999996,141504.24418640137,3050,0,0.23124999999999996,135641.38137817383,3050,0,0.23124999999999996,135716.4518737793,3050,0,0.23124999999999996,94550.01733398438,16133.333333333334,0,0.3999999999999999,96704.02738952637,16133.333333333334,0,0.3999999999999999,8078640.888336182,3547,5378,400,3269,400,2411,400,400,400,400,400,400,2926,400,400,400,4878,400,400,400,400,3142,400,400,400,2514,2458,400,400,400,5058,5045,33.333335876464844,0,55,0,55,52.38095474243164,0,50,70,52.38095474243164,52.38095474243164,55,0,55,52.38095474243164,4.761904716491699,0,52.6315803527832,50,0,52.6315803527832,0,0,0,52.38095474243164,0,10.526315689086914,0,52.6315803527832,52.6315803527832,0,0,20475,15889,85602,65,47,20475,13174,84407,68,53,66718990336,8589930496,22958288896,524288
199,1790686150696,444342.72145080566,3050,0,0.23124999999999996,91723.43395996094,16133.333333333334,0,0.3999999999999999,93252.64738464355,16133.333333333334,0,0.3999999999999999,95910.72958374023,16133.333333333334,0,0.3999999999999999,98868.82791137695,16133.333333333334,0,0.3999999999999999,90477.58131408691,16133.333333333334,0,0.3999999999999999,88352.10418701172,16133.333333333334,0,0.3999999999999999,140729.32479858398,3050,0,0.23124999999999996,145728.11198425293,3050,0,0.23124999999999996,146043.84356689453,3050,0,0.23124999999999996,357607.72175598145,3050,0,0.23124999999999996,141504.51097106934,3050,0,0.23124999999999996,135641.63900756836,3050,0,0.23124999999999996,135716.70561218262,3050,0,0.23124999999999996,94550.23291015625,16133.333333333334,0,0.3999999999999999,96704.19403076172,16133.333333333334,0,0.3999999999999999,8078661.311355591,3547,5378,400,3269,400,2411,400,400,400,400,400,400,2926,400,400,400,4878,400,400,400,400,3142,400,400,400,2514,2458,400,400,400,5058,5045,2.5,0,50,0,51.28205490112305,48.71794891357422,0,50,100,48.71794891357422,50,48.71794891357422,0,48.71794891357422,48.71794891357422,0,0,55,50,0,50,0,0,0,48.71794891357422,0,14.634145736694336,0,50,50,0,0,20475,15889,86612,66,47,20475,13174,83841,67,46,66718990336,8589930496,22947758080,524288
199,1790686150896,444344.9559326172,3050,0,0.22499999999999987,91723.58901977539,16133.333333333334,0,0.3999999999999999,93252.80201721191,16133.333333333334,0,0.3999999999999999,95910.94004821777,16133.333333333334,0,0.3999999999999999,98868.98222351074,16133.333333333334,0,0.3999999999999999,90477.73908996582,16133.333333333334,0,0.3999999999999999,88352.3140411377,16133.333333333334,0,0.3999999999999999,140729.57641601563,3050,0,0.22499999999999987,145728.3768310547,3050,0,0.22499999999999987,146044.09678649902,3050,0,0.22499999999999987,357608.0820007324,3050,0,0.22499999999999987,141504.7618408203,3050,0,0.22499999999999987,135641.8885498047,3050,0,0.22499999999999987,135716.9563293457,3050,0,0.22499999999999987,94550.44288635254,16133.333333333334,0,0.3999999999999999,96704.35411071777,16133.333333333334,0,0.3999999999999999,8078681.467910767,3547,5378,400,3269,400,2411,400,400,400,400,400,400,2926,400,400,400,4878,400,400,400,400,3142,400,400,400,2514,2458,400,400,400,5058,5045,0,25,45,0,47.619049072265625,50,0,50,100,25,47.36842346191406,47.619049072265625,0,25,47.619049072265625,0,0,47.619049072265625,47.36842346191406,0,45,0,0,0,50,0,31.57894515991211,0,47.619049072265625,47.619049072265625,0,0,20475,15889,86606,67,48,20475,13174,84101,67,46,66718990336,8589930496,22944268288,524288
199,1790686151096,444347.2101135254,3050,0,0.22499999999999987,91723.7435760498,16133.333333333334,0,0.3999999999999999,93252.95553588867,16133.333333333334,0,0.3999999999999999,95911.14958190918,16133.333333333334,0,0.3999999999999999,98869.13642883301,16133.333333333334,0,0.3999999999999999,90477.89624023438,16133.333333333334,0,0.3999999999999999,88352.52542114258,16133.333333333334,0,0.3999999999999999,140729.83145141602,3050,0,0.22499999999999987,145728.6447906494,3050,0,0.22499999999999987,146044.35328674316,3050,0,0.22499999999999987,357608.3557434082,3050,0,0.22499999999999987,141505.01147460938,3050,0,0.22499999999999987,135642.1393585205,3050,0,0.22499999999999987,135717.20820617676,3050,0,0.22499999999999987,94550.65412902832,16133.333333333334,0,0.3999999999999999,96704.51152038574,16133.333333333334,0,0.3999999999999999,8078701.492462158,3547,5378,400,3269,400,2411,400,400,400,400,400,400,2926,400,400,400,4878,400,400,400,400,3142,400,400,400,2514,2458,400,400,400,5058,5045,5.263157844543457,45,50,0,47.36842346191406,45,0,45,100,0,47.619049072265625,47.36842346191406,0,0,47.36842346191406,0,0,45,47.619049072265625,0,50,0,0,0,45,0,50,0,45,47.36842346191406,0,0,20475,15889,86084,66,48,20475,13174,84899,69,54,66718990336,8589930496,22929096704,524288
199,1790686151296,444349.4172363281,3050,0,0.23124999999999996,91723.90205383301,16133.333333333334,0,0.40625,93253.10809326172,16133.333333333334,0,0.40625,95911.3568725586,16133.333333333334,0,0.40625,98869.28828430176,16133.333333333334,0,0.40625,90478.05194091797,16133.333333333334,0,0.40625,88352.70942687988,16133.333333333334,0,0.40625,140730.08850097656,3050,0,0.23124999999999996,145728.90655517578,3050,0,0.23124999999999996,146044.5966949463,3050,0,0.23124999999999996,357608.60263061523,3050,0,0.23124999999999996,141505.3006439209,3050,0,0.23124999999999996,135642.3840637207,3050,0,0.23124999999999996,135717.4510498047,3050,0,0.23124999999999996,94550.86447143555,16133.333333333334,0,0.40625,96704.66993713379,16133.333333333334,0,0.40625,8078721.478347778,3547,5378,400,3269,400,2411,400,400,400,400,400,400,2926,400,400,400,4878,400,400,400,400,3142,400,400,400,2514,2458,400,400,400,5058,5045,5,45,47.619049072265625,0,45,47.619049072265625,0,40,100,0,45,47.619049072265625,0,0,47.619049072265625,0,0,47.36842346191406,45,0,45,0,0,0,47.619049072265625,0,45,10.526315689086914,45,45,0,0,20475,15889,85510,65,45,20475,13174,84956,68,55,66718990336,8589930496,22929096704,524288
199,1790686151496,444351.66914367676,3050,0,0.21875,91724.07511901855,48800,2,0.93125,93253.3102722168,48800,2,0.93125,95911.58894348145,48800,2,0.93125,98869.47326660156,48800,2,0.93125,90478.23504638672,48800,2,0.93125,88352.95405578613,48800,2,0.93125,140730.35931396484,3050,2,0.21875,145729.2586669922,3050,2,0.21875,146044.91900634766,3050,2,0.21875,357608.8794555664,3050,2,0.21875,141505.57104492188,3050,2,0.21875,135642.65795898438,3050,0,0.21875,135717.72247314453,3050,0,0.21875,94551.09086608887,48800,2,0.93125,96704.87258911133,48800,2,0.93125,8078742.3137664795,3547,5378,400,3269,400,2411,400,400,400,400,400,400,2926,400,400,400,4878,400,400,400,400,3142,400,400,400,2514,2458,400,400,400,5058,5045,0,55,50,0,57.142860412597656,55,0,52.38095474243164,100,0,50,50,20,0,50,0,0,52.38095474243164,52.6315803527832,0,50,0,0,10,52.6315803527832,0,50,0,52.6315803527832,52.38095474243164,0,5,20475,15889,86195,66,47,20475,13174,84032,67,48,66718990336,8589930496,22920605696,524288
199,1790686151696,444353.90812683105,3050,0,0.21875,91724.25305175781,16133.333333333334,2,0.6375,93253.55372619629,16133.333333333334,2,0.6375,95911.7709350586,16133.333333333334,2,0.6375,98869.64669799805,16133.333333333334,2,0.6375,90478.41375732422,16133.333333333334,2,0.6375,88353.19535827637,16133.333333333334,0,0.6375,140730.648147583,3050,0,0.21875,145729.69023132324,3050,2,0.21875,146045.206741333,3050,2,0.21875,357609.1681213379,3050,0,0.21875,141505.85455322266,3050,2,0.21875,135642.9411315918,3050,2,0.21875,135718.0029144287,3050,0,0.21875,94551.30000305176,16133.333333333334,0,0.6375,96705.07206726074,16133.333333333334,2,0.6375,8078762.968109131,3547,5378,400,3269,400,2411,400,400,400,400,400,400,2926,400,400,400,4878,400,400,400,400,3142,400,400,400,2514,2458,400,400,400,5058,5045,100,50,55,0,50,50,0,52.6315803527832,0,0,55,52.6315803527832,10,0,52.6315803527832,0,0,50,52.38095474243164,0,55,4.761904716491699,0,0,50,0,55,0,52.38095474243164,52.6315803527832,0,5,20475,15889,86578,67,48,20475,13174,83995,67,44,66718990336,8589930496,22924115968,524288
199,1790686151896,444356.13078308105,3050,0,0.21875,91724.42533874512,16133.333333333334,2,0.5625,93253.78860473633,16133.333333333334,0,0.5625,95911.94653320313,16133.333333333334,0,0.5625,98869.81748962402,16133.333333333334,0,0.5625,90478.58850097656,16133.333333333334,0,0.5625,88353.43182373047,16133.333333333334,2,0.5625,140730.93600463867,3050,2,0.21875,145730.07037353516,3050,2,0.21875,146045.48387145996,3050,2,0.21875,357609.4951324463,3050,2,0.21875,141506.14505004883,3050,0,0.21875,135643.21725463867,3050,2,0.21875,135718.27919006348,3050,0,0.21875,94551.50430297852,16133.333333333334,2,0.5625,96705.24481201172,16133.333333333334,0,0.5625,8078783.426361084,3547,5378,400,3269,400,2411,400,400,400,400,400,400,2926,400,400,400,4878,400,400,400,400,3142,400,400,400,2514,2458,400,400,400,5058,5045,100,50,55,0,50,50,0,52.6315803527832,0,0,55,52.6315803527832,10,0,52.6315803527832,0,0,50,52.38095474243164,0,55,4.761904716491699,0,0,50,0,55,0,52.38095474243164,52.6315803527832,0,5,20475,15889,86404,66,48,20475,13174,84553,68,48,66718990336,8589930496,22920998912,524288
199,1790686152096,444358.3699951172,3050,0,0.21875,91724.59680175781,16133.333333333334,0,0.6125,93254.02244567871,16133.333333333334,0,0.6125,95912.11987304688,16133.333333333334,2,0.6125,98869.98818969727,16133.333333333334,2,0.6125,90478.76358032227,16133.333333333334,0,0.6125,88353.66339111328,16133.333333333334,2,0.6125,140731.22221374512,3050,0,0.21875,145730.48541259766,3050,2,0.21875,146045.75955200195,3050,2,0.21875,357609.86421203613,3050,0,0.21875,141506.45782470703,3050,2,0.21875,135643.45838928223,3050,0,0.21875,135718.55627441406,3050,0,0.21875,94551.70690917969,16133.333333333334,0,0.6125,96705.41691589355,16133.333333333334,0,0.6125,8078803.879684448,3547,5378,400,3269,400,2411,400,400,400,400,400,400,2926,400,400,400,4878,400,400,400,400,3142,400,400,400,2514,2458,400,400,400,5058,5045,100,0,55,0,50,50,0,52.6315803527832,0,55,52.38095474243164,55,5,0,52.6315803527832,0,0,50,52.38095474243164,0,52.6315803527832,0,0,0,50,0,60.000003814697266,9.523809432983398,45,52.6315803527832,0,0,20475,15889,85528,65,46,20475,13174,85050,69,56,66718990336,8589930496,22909243392,524288
199,1790686152296,444360.59020996094,3050,0,0.22499999999999987,91724.77099609375,48800,2,0.55625,93254.25717163086,48800,2,0.55625,95912.2971496582,48800,2,0.55625,98870.15994262695,48800,2,0.55625,90478.94013977051,48800,2,0.55625,88353.90065002441,48800,2,0.55625,140731.52143859863,3050,2,0.22499999999999987,145730.86016845703,3050,2,0.22499999999999987,146046.033203125,3050,2,0.22499999999999987,357610.23725891113,3050,0,0.22499999999999987,141506.78762817383,3050,2,0.22499999999999987,135643.73323059082,3050,0,0.22499999999999987,135718.83195495605,3050,0,0.22499999999999987,94551.91094970703,48800,2,0.55625,96705.5982208252,48800,2,0.55625,8078824.526855469,3547,5378,400,3269,400,2411,400,400,400,400,400,400,2926,400,400,400,4878,400,400,400,400,3142,400,400,400,2514,2458,400,400,400,5058,5045,100,0,50,0,55,55,0,52.38095474243164,0,50,52.6315803527832,50,0,0,52.38095474243164,0,0,55,52.6315803527832,0,52.38095474243164,0,0,0,55,0,63.15789031982422,0,52.6315803527832,52.38095474243164,0,4.761904716491699,20475,15889,85744,65,48,20475,13174,84818,68,55,66718990336,8589930496,22909243392,524288
199,1790686152496,444362.808883667,3050,0,0.23124999999999996,91724.94467163086,16133.333333333334,0,0.3999999999999999,93254.5079498291,16133.333333333334,0,0.3999999999999999,95912.4741821289,16133.333333333334,0,0.3999999999999999,98870.32090759277,16133.333333333334,0,0.3999999999999999,90479.11009216309,16133.333333333334,0,0.3999999999999999,88354.13479614258,16133.333333333334,0,0.3999999999999999,140731.8144683838,3050,0,0.23124999999999996,145731.21125793457,3050,0,0.23124999999999996,146046.29374694824,3050,0,0.23124999999999996,357610.6042327881,3050,0,0.23124999999999996,141507.10208129883,3050,0,0.23124999999999996,135643.98783874512,3050,0,0.23124999999999996,135719.0886077881,3050,0,0.23124999999999996,94552.14642333984,16133.333333333334,0,0.3999999999999999,96705.77354431152,16133.333333333334,0,0.3999999999999999,8078845.128860474,3547,5378,400,3269,400,2411,400,400,400,400,400,400,2926,400,400,400,4878,400,400,400,400,3142,400,400,400,2514,2458,400,400,400,5058,5045,100,0,50,0,55,55,0,52.38095474243164,0,50,52.6315803527832,50,0,0,52.38095474243164,0,0,55,52.6315803527832,0,52.38095474243164,0,0,0,55,0,63.15789031982422,0,52.6315803527832,52.38095474243164,0,4.761904716491699,20475,15889,86643,66,46,20475,13174,84404,67,46,66718990336,8589930496,22910787584,524288
199,1790686152696,444365.0329284668,3050,0,0.23124999999999996,91725.1199798584,16133.333333333334,0,0.3999999999999999,93254.70930480957,16133.333333333334,0,0.3999999999999999,95912.64122009277,16133.333333333334,0,0.3999999999999999,98870.48484802246,16133.333333333334,0,0.3999999999999999,90479.29736328125,16133.333333333334,0,0.3999999999999999,88354.33026123047,16133.333333333334,0,0.3999999999999999,140732.12060546875,3050,0,0.23124999999999996,145731.54653930664,3050,0,0.23124999999999996,146046.5644683838,3050,0,0.23124999999999996,357610.95726013184,3050,0,0.23124999999999996,141507.42741394043,3050,0,0.23124999999999996,135644.25144958496,3050,0,0.23124999999999996,135719.35374450684,3050,0,0.23124999999999996,94552.36669921875,16133.333333333334,0,0.3999999999999999,96705.93870544434,16133.333333333334,0,0.3999999999999999,8078865.522796631,3547,5378,400,3269,400,2411,400,400,400,400,400,400,2926,400,400,400,4878,400,400,400,400,3142,400,400,400,2514,2458,400,400,400,5058,5045,100,2.5,47.5,5.128205299377441,47.5,47.5,4.878048419952393,47.5,0,48.71794891357422,47.5,47.5,0,7.317072868347168,48.71794891357422,0,2.4390242099761963,47.5,48.780487060546875,0,47.5,0,0,0,47.5,0,56.09756088256836,0,48.780487060546875,47.5,5,0,20475,15889,86626,67,47,20475,13174,84470,67,44,66718990336,8589930496,22920306688,524288
199,1790686152896,444367.26721191406,3050,0,0.23124999999999996,91725.3196105957,16133.333333333334,0,0.3999999999999999,93254.86335754395,16133.333333333334,0,0.3999999999999999,95912.79803466797,16133.333333333334,0,0.3999999999999999,98870.64028930664,16133.333333333334,0,0.3999999999999999,90479.50723266602,16133.333333333334,0,0.3999999999999999,88354.48684692383,16133.333333333334,0,0.3999999999999999,140732.3985748291,3050,0,0.23124999999999996,145731.81283569336,3050,0,0.23124999999999996,146046.818359375,3050,0,0.23124999999999996,357611.28063964844,3050,0,0.23124999999999996,141507.75802612305,3050,0,0.23124999999999996,135644.5029144287,3050,0,0.23124999999999996,135719.60913085938,3050,0,0.23124999999999996,94552.5795288086,16133.333333333334,0,0.3999999999999999,96706.0973815918,16133.333333333334,0,0.3999999999999999,8078885.663406372,3547,5378,400,3269,400,2411,400,400,400,400,400,400,2926,400,400,400,4878,400,400,400,400,3142,400,400,400,2514,2458,400,400,400,5058,5045,100,0,50,0,47.36842346191406,50,0,47.36842346191406,0,47.619049072265625,47.619049072265625,50,0,10,47.619049072265625,0,0,10,45,0,47.36842346191406,0,0,0,47.619049072265625,0,47.36842346191406,0,45,47.36842346191406,38.095237731933594,0,20475,15889,86301,66,48,20475,13174,85033,68,51,66718990336,8589930496,22915751936,524288
199,1790686153096,444369.48947143555,3050,0,0.23124999999999996,91725.5260925293,16133.333333333334,0,0.3999999999999999,93255.01712036133,16133.333333333334,0,0.3999999999999999,95912.95523071289,16133.333333333334,0,0.3999999999999999,98870.79441833496,16133.333333333334,0,0.3999999999999999,90479.71864318848,16133.333333333334,0,0.3999999999999999,88354.64208984375,16133.333333333334,0,0.3999999999999999,140732.67112731934,3050,0,0.23124999999999996,145732.07583618164,3050,0,0.23124999999999996,146047.07875061035,3050,0,0.23124999999999996,357611.55473327637,3050,0,0.23124999999999996,141508.13203430176,3050,0,0.23124999999999996,135644.75692749023,3050,0,0.23124999999999996,135719.86628723145,3050,0,0.23124999999999996,94552.79107666016,16133.333333333334,0,0.3999999999999999,96706.2555847168,16133.333333333334,0,0.3999999999999999,8078905.812545776,3547,5378,400,3269,400,2411,400,400,400,400,400,400,2926,400,400,400,4878,400,400,400,400,3142,400,400,400,2514,2458,400,400,400,5058,5045,100,0,45,0,47.619049072265625,45,0,47.619049072265625,0,45,47.36842346191406,45,0,0,45,0,0,0,50,0,47.619049072265625,0,0,0,47.36842346191406,0,52.38095474243164,10,47.36842346191406,47.619049072265625,47.36842346191406,0,20475,15889,85995,65,48,20475,13174,85003,69,55,66718990336,8589930496,22894772224,524288
199,1790686153297,444371.6982269287,3050,0,0.23124999999999996,91725.73915100098,16133.333333333334,0,0.55,93255.17413330078,16133.333333333334,0,0.55,95913.11352539063,16133.333333333334,0,0.55,98870.95045471191,16133.333333333334,0,0.55,90479.93051147461,16133.333333333334,0,0.55,88354.79780578613,16133.333333333334,0,0.55,140732.9330291748,3050,0,0.23124999999999996,145732.34286499023,3050,0,0.23124999999999996,146047.33576965332,3050,0,0.23124999999999996,357611.873046875,3050,0,0.23124999999999996,141508.46426391602,3050,0,0.23124999999999996,135645.00840759277,3050,0,0.23124999999999996,135720.12210083008,3050,0,0.23124999999999996,94553.00503540039,16133.333333333334,0,0.55,96706.41481018066,16133.333333333334,0,0.55,8078925.964569092,3547,5378,400,3269,400,2411,400,400,400,400,400,400,2926,400,400,400,4878,400,400,400,400,3142,400,400,400,2514,2458,400,400,400,5058,5045,100,0,50,0,47.36842346191406,50,0,47.36842346191406,0,50,47.619049072265625,50,0,15.000000953674316,50,0,0,0,45,0,47.36842346191406,0,0,0,47.619049072265625,0,45,0,47.619049072265625,47.36842346191406,47.619049072265625,0,20475,15889,86094,65,46,20475,13174,84629,68,54,66718990336,8589930496,22895026176,524288
199,1790686153496,444373.921875,3050,0,0.22499999999999987,91725.97724914551,16133.333333333334,2,0.4125000000000001,93255.38513183594,16133.333333333334,2,0.4125000000000001,95913.30155944824,16133.333333333334,2,0.4125000000000001,98871.14251708984,16133.333333333334,2,0.4125000000000001,90480.16995239258,16133.333333333334,2,0.4125000000000001,88354.97177124023,16133.333333333334,2,0.4125000000000001,140733.2710571289,3050,2,0.22499999999999987,145732.64292907715,3050,2,0.22499999999999987,146047.6245880127,3050,2,0.22499999999999987,357612.2357940674,3050,0,0.22499999999999987,141508.8259124756,3050,2,0.22499999999999987,135645.2827758789,3050,0,0.22499999999999987,135720.4095916748,3050,0,0.22499999999999987,94553.24325561523,16133.333333333334,2,0.4125000000000001,96706.59507751465,16133.333333333334,0,0.4125000000000001,8078946.701461792,3547,5378,400,3269,400,2411,400,400,400,400,400,400,2926,400,400,400,4878,400,400,400,400,3142,400,400,400,2514,2458,400,400,400,5058,5045,100,0,50,0,47.36842346191406,50,0,47.36842346191406,0,50,47.619049072265625,50,0,15.000000953674316,50,0,0,0,45,0,47.36842346191406,0,0,0,47.619049072265625,0,45,0,47.619049072265625,47.36842346191406,47.619049072265625,0,20475,15889,86621,66,46,20475,13174,84382,67,46,66718990336,8589930496,22910251008,524288
199,1790686153697,444374.4630126953,3050,2,0.2124999999999999,91726.23570251465,16133.333333333334,2,0.60625,93255.61526489258,16133.333333333334,2,0.60625,95913.48873901367,16133.333333333334,2,0.60625,98871.34930419922,16133.333333333334,2,0.60625,90480.35484313965,16133.333333333334,2,0.60625,88355.15185546875,16133.333333333334,2,0.60625,140733.57768249512,3050,2,0.2124999999999999,145732.9832458496,3050,2,0.2124999999999999,146048.02601623535,3050,2,0.2124999999999999,357614.0132904053,3050,0,0.2124999999999999,141509.22801208496,3050,2,0.2124999999999999,135645.9669189453,3050,0,0.2124999999999999,135720.72090148926,3050,0,0.2124999999999999,94553.48947143555,16133.333333333334,2,0.60625,96706.78053283691,16133.333333333334,0,0.60625,8078968.047592163,3547,5378,400,3269,400,2411,400,400,400,400,400,400,2926,400,400,400,4878,400,400,400,400,3142,400,400,400,2514,2458,400,400,400,5058,5045,55,2.5641026496887207,36.585365295410156,0,52.499996185302734,55,15.384615898132324,52.499996185302734,27.5,52.499996185302734,52.499996185302734,52.499996185302734,2.5,15.000000953674316,52.499996185302734,0,0,0,52.499996185302734,24.390243530273438,52.499996185302734,0,0,2.4390242099761963,30.000001907348633,0,74.35897827148438,0,52.499996185302734,52.499996185302734,52.499996185302734,0,20475,15889,86590,67,47,20475,13174,84319,67,44,66718990336,8589930496,22906167296,524288
199,1790686153897,444375.03492736816,3050,2,0.55,91726.48603820801,16133.333333333334,2,0.38749999999999996,93255.80558776855,16133.333333333334,2,0.38749999999999996,95913.68162536621,16133.333333333334,2,0.38749999999999996,98871.93185424805,16133.333333333334,0,0.38749999999999996,90480.6076965332,16133.333333333334,0,0.38749999999999996,88355.77336120605,16133.333333333334,2,0.38749999999999996,140733.8544921875,3050,2,0.55,145733.27500915527,3050,2,0.55,146048.55764770508,3050,2,0.55,357614.42990112305,3050,0,0.55,141509.51608276367,3050,0,0.55,135646.4331817627,3050,0,0.55,135721.0138244629,3050,0,0.55,94553.74067687988,16133.333333333334,2,0.38749999999999996,96706.97261047363,16133.333333333334,2,0.38749999999999996,8078988.140762329,3547,5378,400,3269,400,2411,400,400,400,400,400,400,2926,400,400,400,4878,400,400,400,400,3142,400,400,400,2514,2458,400,400,400,5058,5045,15.000000953674316,0,0,0,52.38095474243164,80,52.38095474243164,47.619049072265625,50,52.6315803527832,52.6315803527832,50,0,10,52.6315803527832,19.047618865966797,0,0,55,52.6315803527832,52.38095474243164,0,0,10.526315689086914,0,0,45,0,40,52.38095474243164,50,0,20475,15889,85940,66,46,20475,13174,84907,69,54,66718990336,8589930496,22899593216,524288
199,1790686154097,444375.7680969238,3050,0,0.3062499999999999,91726.73248291016,16133.333333333334,2,0.39375000000000004,93256.00477600098,16133.333333333334,2,0.39375000000000004,95913.87069702148,16133.333333333334,2,0.39375000000000004,98872.85369873047,16133.333333333334,0,0.39375000000000004,90480.85235595703,16133.333333333334,2,0.39375000000000004,88355.8949584961,16133.333333333334,2,0.39375000000000004,140734.1302947998,3050,2,0.3062499999999999,145733.5450592041,3050,2,0.3062499999999999,146048.82563781738,3050,2,0.3062499999999999,357614.7912750244,3050,2,0.3062499999999999,141509.80653381348,3050,2,0.3062499999999999,135646.76655578613,3050,2,0.3062499999999999,135721.2836151123,3050,2,0.3062499999999999,94554.26484680176,16133.333333333334,2,0.39375000000000004,96707.15977478027,16133.333333333334,2,0.39375000000000004,8079007.456558228,3547,5378,400,3269,400,2411,400,400,400,400,400,400,2926,400,400,400,4878,400,400,400,400,3142,400,400,400,2514,2458,400,400,400,5058,5045,15.000000953674316,0,0,0,52.38095474243164,80,52.38095474243164,47.619049072265625,50,52.6315803527832,52.6315803527832,50,0,10,52.6315803527832,19.047618865966797,0,0,55,52.6315803527832,52.38095474243164,0,0,10.526315689086914,0,0,45,0,40,52.38095474243164,50,0,20475,15889,85683,65,46,20475,13174,84941,69,55,66718990336,8589930496,22903660544,524288
199,1790686154297,444377.6069030762,3050,0,0.23124999999999996,91726.95790100098,16133.333333333334,0,0.3999999999999999,93256.17353820801,16133.333333333334,0,0.3999999999999999,95914.04002380371,16133.333333333334,0,0.3999999999999999,98873.24555969238,16133.333333333334,0,0.3999999999999999,90481.08140563965,16133.333333333334,0,0.3999999999999999,88356.06256103516,16133.333333333334,0,0.3999999999999999,140734.44467163086,3050,0,0.23124999999999996,145733.84698486328,3050,0,0.23124999999999996,146049.08303833008,3050,0,0.23124999999999996,357615.13246154785,3050,0,0.23124999999999996,141510.06182861328,3050,0,0.23124999999999996,135647.0964050293,3050,0,0.23124999999999996,135721.54286193848,3050,0,0.23124999999999996,94554.46220397949,16133.333333333334,0,0.3999999999999999,96707.33305358887,16133.333333333334,0,0.3999999999999999,8079027.438690186,3547,5378,400,3269,400,2411,400,400,400,400,400,400,2926,400,400,400,4878,400,400,400,400,3142,400,400,400,2514,2458,400,400,400,5058,5045,20,4.878048419952393,0,7.500000476837158,10.256410598754883,72.5,51.28205490112305,42.5,67.5,51.219512939453125,51.219512939453125,52.499996185302734,0,0,51.219512939453125,0,0,5,52.499996185302734,52.499996185302734,52.499996185302734,42.5,0,0,2.5641026496887207,2.4390242099761963,52.499996185302734,9.756096839904785,52.499996185302734,52.499996185302734,45,0,20475,15889,86204,66,47,20475,13174,84117,67,47,66718990336,8589930496,22921195520,524288
199,1790686154497,444379.82931518555,3050,0,0.23124999999999996,91727.16720581055,16133.333333333334,0,0.3999999999999999,93256.32693481445,16133.333333333334,0,0.3999999999999999,95914.19743347168,16133.333333333334,0,0.3999999999999999,98873.39910888672,16133.333333333334,0,0.3999999999999999,90481.29321289063,16133.333333333334,0,0.3999999999999999,88356.21855163574,16133.333333333334,0,0.3999999999999999,140734.7255706787,3050,0,0.23124999999999996,145734.1072692871,3050,0,0.23124999999999996,146049.33686828613,3050,0,0.23124999999999996,357615.54931640625,3050,0,0.23124999999999996,141510.31382751465,3050,0,0.23124999999999996,135647.38375854492,3050,0,0.23124999999999996,135721.79484558105,3050,0,0.23124999999999996,94554.67161560059,16133.333333333334,0,0.3999999999999999,96707.49327087402,16133.333333333334,0,0.3999999999999999,8079047.640792847,3547,5378,400,3269,400,2411,400,400,400,400,400,400,2926,400,400,400,4878,400,400,400,400,3142,400,400,400,2514,2458,400,400,400,5058,5045,0,0,0,0,0,45,47.619049072265625,47.36842346191406,100,50,50,47.619049072265625,0,0,50,0,0,0,45,47.619049072265625,45,45,0,0,0,0,61.904762268066406,0,47.619049072265625,47.36842346191406,47.36842346191406,0,20475,15889,86603,67,48,20475,13174,84027,67,46,66718990336,8589930496,22889545728,524288
199,1790686154697,444382.0551452637,3050,0,0.23124999999999996,91727.38285827637,16133.333333333334,0,0.3999999999999999,93256.49783325195,16133.333333333334,0,0.3999999999999999,95914.37097167969,16133.333333333334,0,0.3999999999999999,98873.64793395996,16133.333333333334,0,0.3999999999999999,90481.48942565918,16133.333333333334,0,0.3999999999999999,88356.39770507813,16133.333333333334,0,0.3999999999999999,140734.9755706787,3050,0,0.23124999999999996,145734.36909484863,3050,0,0.23124999999999996,146049.59651184082,3050,0,0.23124999999999996,357615.8921203613,3050,0,0.23124999999999996,141510.6322631836,3050,0,0.23124999999999996,135647.63984680176,3050,0,0.23124999999999996,135722.05200195313,3050,0,0.23124999999999996,94554.88882446289,16133.333333333334,0,0.3999999999999999,96707.6883392334,16133.333333333334,0,0.3999999999999999,8079068.181274414,3547,5378,400,3269,400,2411,400,400,400,400,400,400,2926,400,400,400,4878,400,400,400,400,3142,400,400,400,2514,2458,400,400,400,5058,5045,0,0,0,0,9.090909004211426,35,42.105262756347656,47.619049072265625,100,45,45,47.36842346191406,0,0,45,0,0,0,45,47.36842346191406,47.36842346191406,50,40,0,0,0,45,5,47.36842346191406,47.619049072265625,47.619049072265625,0,20475,15889,86504,67,48,20475,13174,84517,68,47,66718990336,8589930496,22908510208,524288
199,1790686154897,444382.5535888672,3050,0,0.2124999999999999,91727.59466552734,16133.333333333334,0,0.3999999999999999,93256.65399169922,16133.333333333334,0,0.3999999999999999,95914.53251647949,16133.333333333334,0,0.3999999999999999,98873.80256652832,16133.333333333334,0,0.3999999999999999,90481.6994934082,16133.333333333334,0,0.3999999999999999,88356.55204772949,16133.333333333334,0,0.3999999999999999,140735.23376464844,3050,0,0.2124999999999999,145734.63873291016,3050,0,0.2124999999999999,146049.85412597656,3050,0,0.2124999999999999,357617.953414917,3050,0,0.2124999999999999,141510.98654174805,3050,0,0.2124999999999999,135647.9391784668,3050,0,0.2124999999999999,135722.31135559082,3050,0,0.2124999999999999,94555.09858703613,16133.333333333334,0,0.3999999999999999,96707.84828186035,16133.333333333334,0,0.3999999999999999,8079088.440216064,3547,5378,400,3269,400,2411,400,400,400,400,400,400,2926,400,400,400,4878,400,400,400,400,3142,400,400,400,2514,2458,400,400,400,5058,5045,0,0,0,0,0,0,45,45,45,50,50,45,0,0,50,0,0,0,50,45,47.619049072265625,45,47.619049072265625,0,0,0,100,20,40,45,47.36842346191406,0,20475,15889,85628,65,46,20475,13174,85059,70,56,66718990336,8589930496,22905843712,524288
199,1790686155097,444382.83517456055,3050,0,0.22499999999999987,91727.80528259277,16133.333333333334,0,0.40625,93256.80766296387,16133.333333333334,0,0.40625,95914.69174194336,16133.333333333334,0,0.40625,98873.95678710938,16133.333333333334,0,0.40625,90481.90878295898,16133.333333333334,0,0.40625,88356.70538330078,16133.333333333334,0,0.40625,140735.49868774414,3050,0,0.22499999999999987,145734.91555786133,3050,0,0.22499999999999987,146050.1209411621,3050,0,0.22499999999999987,357620.29319763184,3050,0,0.22499999999999987,141511.3073577881,3050,0,0.22499999999999987,135648.29013061523,3050,0,0.22499999999999987,135722.57794189453,3050,0,0.22499999999999987,94555.3081817627,16133.333333333334,0,0.40625,96708.00512695313,16133.333333333334,0,0.40625,8079108.821044922,3547,5378,400,3269,400,2411,400,400,400,400,400,400,2926,400,400,400,4878,400,400,400,400,3142,400,400,400,2514,2458,400,400,400,5058,5045,0,0,0,0,0,0,47.619049072265625,47.36842346191406,50,45,45,50,0,0,45,0,0,0,45,47.619049072265625,47.36842346191406,47.36842346191406,47.36842346191406,0,0,0,100,15.000000953674316,45,50,47.619049072265625,0,20475,15889,85725,65,47,20475,13174,84855,68,55,66718990336,8589930496,22905073664,524288
199,1790686155297,444383.1365509033,3050,2,0.20625000000000004,91728.03489685059,48800,2,0.925,93256.97776794434,48800,2,0.925,95914.8659362793,48800,2,0.925,98874.12406921387,48800,2,0.925,90482.13888549805,48800,2,0.925,88356.87203979492,48800,2,0.925,140735.77963256836,3050,2,0.20625000000000004,145735.21012878418,3050,2,0.20625000000000004,146050.40591430664,3050,2,0.20625000000000004,357622.6495513916,3050,0,0.20625000000000004,141511.65213012695,3050,2,0.20625000000000004,135648.66748046875,3050,2,0.20625000000000004,135722.86325073242,3050,2,0.20625000000000004,94555.53938293457,48800,2,0.925,96708.17530822754,48800,2,0.925,8079129.6499938965,3547,5378,400,3269,400,2411,400,400,400,400,400,400,2926,400,400,400,4878,400,400,400,400,3142,400,400,400,2514,2458,400,400,400,5058,5045,0,0,0,0,0,0,52.6315803527832,52.38095474243164,50,50,50,50,0,0,50,0,0,0,52.6315803527832,52.6315803527832,50,52.38095474243164,50,0,0,0,100,15.000000953674316,50,50,50,0,20475,15889,86621,66,47,20475,13174,84276,67,46,66718990336,8589930496,22904598528,524288
199,1790686155497,444383.4401702881,3050,0,0.20625000000000004,91728.2696685791,48800,2,0.925,93257.15335083008,48800,2,0.925,95915.04466247559,48800,2,0.925,98874.29559326172,48800,2,0.925,90482.37489318848,48800,2,0.925,88357.04515075684,48800,2,0.925,140736.0691986084,3050,2,0.20625000000000004,145735.56369018555,3050,2,0.20625000000000004,146050.6943511963,3050,2,0.20625000000000004,357624.9955596924,3050,0,0.20625000000000004,141511.94050598145,3050,2,0.20625000000000004,135649.05340576172,3050,2,0.20625000000000004,135723.15562438965,3050,0,0.20625000000000004,94555.77651977539,48800,2,0.925,96708.35134887695,48800,2,0.925,8079150.459762573,3547,5378,400,3269,400,2411,400,400,400,400,400,400,2926,400,400,400,4878,400,400,400,400,3142,400,400,400,2514,2458,400,400,400,5058,5045,0,0,0,0,0,0,50,52.6315803527832,50,55,55,52.38095474243164,15.000000953674316,0,55,0,0,0,52.38095474243164,52.38095474243164,52.38095474243164,50,52.38095474243164,0,0,0,100,0,55,52.6315803527832,52.6315803527832,0,20475,15889,86635,67,48,20475,13174,84292,67,46,66718990336,8589930496,22920855552,524288
199,1790686155697,444383.9032897949,3050,2,0.19999999999999996,91728.52062988281,16133.333333333334,2,0.40625,93257.33874511719,16133.333333333334,2,0.40625,95915.23207092285,16133.333333333334,2,0.40625,98874.47438049316,16133.333333333334,2,0.40625,90482.6190032959,16133.333333333334,2,0.40625,88357.22567749023,16133.333333333334,2,0.40625,140736.392288208,3050,2,0.19999999999999996,145735.9213104248,3050,2,0.19999999999999996,146051.0659790039,3050,2,0.19999999999999996,357627.337020874,3050,0,0.19999999999999996,141512.23558044434,3050,2,0.19999999999999996,135649.45277404785,3050,2,0.19999999999999996,135723.45140075684,3050,2,0.19999999999999996,94556.02226257324,16133.333333333334,0,0.40625,96708.53211975098,16133.333333333334,0,0.40625,8079171.898361206,3547,5378,400,3269,400,2411,400,400,400,400,400,400,2926,400,400,400,4878,400,400,400,400,3142,400,400,400,2514,2458,400,400,400,5058,5045,25,4.761904716491699,0,0,0,0,55,52.38095474243164,55,50,52.6315803527832,52.6315803527832,5,0,55,4.761904716491699,4.761904716491699,0,55,52.6315803527832,55,55,52.6315803527832,14.285715103149414,0,0,100,4.761904716491699,50,52.38095474243164,52.38095474243164,0,20475,15889,86250,66,48,20475,13174,85019,69,53,66718990336,8589930496,22923759616,524288
199,1790686155897,444384.2213745117,3050,2,0.19999999999999996,91728.76313781738,48800,2,0.925,93257.51690673828,48800,2,0.925,95915.41778564453,48800,2,0.925,98874.65339660645,48800,2,0.925,90482.8388671875,48800,2,0.925,88357.40106201172,48800,2,0.925,140736.6923828125,3050,2,0.19999999999999996,145736.23983764648,3050,2,0.19999999999999996,146051.4416809082,3050,2,0.19999999999999996,357629.67739868164,3050,0,0.19999999999999996,141512.53718566895,3050,2,0.19999999999999996,135649.85652160645,3050,0,0.19999999999999996,135723.75395202637,3050,0,0.19999999999999996,94556.26669311523,48800,2,0.925,96708.7130279541,48800,2,0.925,8079192.930038452,3547,5378,400,3269,400,2411,400,400,400,400,400,400,2926,400,400,400,4878,400,400,400,400,3142,400,400,400,2514,2458,400,400,400,5058,5045,0,0,0,0,0,0,52.38095474243164,52.6315803527832,52.6315803527832,55,52.38095474243164,55,0,0,28.571430206298828,0,0,0,50,52.38095474243164,52.6315803527832,52.6315803527832,52.38095474243164,10.526315689086914,0,0,100,26.3157901763916,55,52.6315803527832,55,0,20475,15889,85828,65,47,20475,13174,84960,70,56,66718990336,8589930496,22919589888,524288
199,1790686156097,444385.0962524414,3050,0,0.21875,91729.00909423828,16133.333333333334,0,0.38749999999999996,93257.6915435791,16133.333333333334,0,0.38749999999999996,95915.60026550293,16133.333333333334,0,0.38749999999999996,98874.84367370605,16133.333333333334,0,0.38749999999999996,90483.07890319824,16133.333333333334,0,0.38749999999999996,88357.6745300293,16133.333333333334,0,0.38749999999999996,140737.00450134277,3050,0,0.21875,145736.53910827637,3050,0,0.21875,146051.77027893066,3050,0,0.21875,357631.21240234375,3050,0,0.21875,141512.82319641113,3050,0,0.21875,135650.25187683105,3050,0,0.21875,135724.04373168945,3050,0,0.21875,94556.5463256836,16133.333333333334,0,0.38749999999999996,96709.03894042969,16133.333333333334,0,0.38749999999999996,8079214.037124634,3547,5378,400,3269,400,2411,400,400,400,400,400,400,2926,400,400,400,4878,400,400,400,400,3142,400,400,400,2514,2458,400,400,400,5058,5045,0,0,0,0,0,0,52.38095474243164,52.6315803527832,52.6315803527832,55,52.38095474243164,55,0,0,28.571430206298828,0,0,0,50,52.38095474243164,52.6315803527832,52.6315803527832,52.38095474243164,10.526315689086914,0,0,100,26.3157901763916,55,52.6315803527832,55,0,20475,15889,86138,65,46,20475,13174,84397,68,53,66718990336,8589930496,22912671744,524288
199,1790686156297,444386.00665283203,3050,0,0.22499999999999987,91729.2381439209,16133.333333333334,0,0.3812500000000001,93257.85833740234,16133.333333333334,0,0.3812500000000001,95915.7700958252,16133.333333333334,0,0.3812500000000001,98875.25733947754,16133.333333333334,0,0.3812500000000001,90483.27528381348,16133.333333333334,0,0.3812500000000001,88358.06550598145,16133.333333333334,0,0.3812500000000001,140737.26545715332,3050,0,0.22499999999999987,145736.79196166992,3050,0,0.22499999999999987,146052.01124572754,3050,0,0.22499999999999987,357631.5307922363,3050,0,0.22499999999999987,141513.06172180176,3050,0,0.22499999999999987,135650.57025146484,3050,0,0.22499999999999987,135724.2855834961,3050,0,0.22499999999999987,94556.91871643066,16133.333333333334,0,0.3812500000000001,96709.39762878418,16133.333333333334,0,0.3812500000000001,8079233.392807007,3547,5378,400,3269,400,2411,400,400,400,400,400,400,2926,400,400,400,4878,400,400,400,400,3142,400,400,400,2514,2458,400,400,400,5058,5045,47.5,0,0,0,0,10,50,40,50,50,50,50,2.4390242099761963,0,0,0,0,2.5,50,50,50,48.780487060546875,51.28205490112305,0,2.5,0,60.000003814697266,50,50,50,53.84615707397461,17.5,20475,15889,86714,67,47,20475,13174,83991,67,43,66718990336,8589930496,22928875520,524288
199,1790686156497,444387.02868652344,3050,0,0.22499999999999987,91729.46026611328,16133.333333333334,0,0.38749999999999996,93258.02416992188,16133.333333333334,0,0.38749999999999996,95915.9405670166,16133.333333333334,0,0.38749999999999996,98875.43055725098,16133.333333333334,0,0.38749999999999996,90483.47354125977,16133.333333333334,0,0.38749999999999996,88358.58897399902,16133.333333333334,0,0.38749999999999996,140737.51501464844,3050,0,0.22499999999999987,145737.04161071777,3050,0,0.22499999999999987,146052.25437927246,3050,0,0.22499999999999987,357631.85374450684,3050,0,0.22499999999999987,141513.3007659912,3050,0,0.22499999999999987,135650.88864135742,3050,0,0.22499999999999987,135724.52951049805,3050,0,0.22499999999999987,94557.21821594238,16133.333333333334,0,0.38749999999999996,96709.8462524414,16133.333333333334,0,0.38749999999999996,8079252.709152222,3547,5378,400,3269,400,2411,400,400,400,400,400,400,2926,400,400,400,4878,400,400,400,400,3142,400,400,400,2514,2458,400,400,400,5058,5045,50,0,0,0,0,0,45,33.333335876464844,47.619049072265625,45,45,45,0,0,0,0,0,0,45,47.36842346191406,45,47.36842346191406,45,0,0,0,47.36842346191406,45,45,47.619049072265625,52.38095474243164,19.047618865966797,20475,15889,86572,67,48,20475,13174,84363,68,47,66718990336,8589930496,22928875520,524288
199,1790686156697,444387.90116882324,3050,0,0.23750000000000004,91729.68643188477,16133.333333333334,0,0.3999999999999999,93258.19116210938,16133.333333333334,0,0.3999999999999999,95916.14418029785,16133.333333333334,0,0.3999999999999999,98875.83792114258,16133.333333333334,0,0.3999999999999999,90483.67778015137,16133.333333333334,0,0.3999999999999999,88359.12841796875,16133.333333333334,0,0.3999999999999999,140737.8845062256,3050,0,0.23750000000000004,145737.34872436523,3050,0,0.23750000000000004,146052.51364135742,3050,0,0.23750000000000004,357632.1774749756,3050,0,0.23750000000000004,141513.54118347168,3050,0,0.23750000000000004,135651.21046447754,3050,0,0.23750000000000004,135724.7785949707,3050,0,0.23750000000000004,94557.58345031738,16133.333333333334,0,0.3999999999999999,96710.07286071777,16133.333333333334,0,0.3999999999999999,8079272.416061401,3547,5378,400,3269,400,2411,400,400,400,400,400,400,2926,400,400,400,4878,400,400,400,400,3142,400,400,400,2514,2458,400,400,400,5058,5045,50,5,0,0,0,15.789472579956055,47.36842346191406,35,45,47.619049072265625,50,47.36842346191406,5.263157844543457,0,0,0,0,0,50,45,47.619049072265625,47.619049072265625,47.619049072265625,0,0,4.761904716491699,47.619049072265625,45,45,45,55,5,20475,15889,85448,65,46,20475,13174,85027,70,55,66718990336,8589930496,22911111168,524288
199,1790686156897,444389.488861084,3050,0,0.23124999999999996,91729.90898132324,48800,2,0.625,93258.3941192627,48800,2,0.625,95916.31916809082,48800,2,0.625,98876.00520324707,48800,2,0.625,90483.88569641113,48800,2,0.625,88359.57261657715,48800,2,0.625,140738.19451904297,3050,0,0.23124999999999996,145737.6786956787,3050,2,0.23124999999999996,146052.7666168213,3050,2,0.23124999999999996,357632.50566101074,3050,2,0.23124999999999996,141513.7907562256,3050,2,0.23124999999999996,135651.5376586914,3050,2,0.23124999999999996,135725.02922058105,3050,2,0.23124999999999996,94557.8807220459,48800,2,0.625,96710.2430267334,48800,2,0.625,8079292.390884399,3547,5378,400,3269,400,2411,400,400,400,400,400,400,2926,400,400,400,4878,400,400,400,400,3142,400,400,400,2514,2458,400,400,400,5058,5045,84.21052551269531,15.000000953674316,0,4.761904716491699,0,0,47.619049072265625,26.3157901763916,30.000001907348633,47.36842346191406,45,47.619049072265625,0,0,0,0,0,0,45,47.619049072265625,47.36842346191406,45,47.36842346191406,0,0,0,45,50,50,47.36842346191406,55,0,20475,15889,85574,65,46,20475,13174,84488,68,53,66718990336,8589930496,22928596992,524288
199,1790686157098,444391.70782470703,3050,0,0.22499999999999987,91730.14505004883,16133.333333333334,0,0.3999999999999999,93258.56579589844,16133.333333333334,0,0.3999999999999999,95916.49876403809,16133.333333333334,0,0.3999999999999999,98876.18106079102,16133.333333333334,2,0.3999999999999999,90484.09764099121,16133.333333333334,0,0.3999999999999999,88359.7571105957,16133.333333333334,0,0.3999999999999999,140738.50700378418,3050,0,0.22499999999999987,145738.03858947754,3050,2,0.22499999999999987,146053.04985046387,3050,0,0.22499999999999987,357632.87951660156,3050,0,0.22499999999999987,141514.06843566895,3050,0,0.22499999999999987,135651.94093322754,3050,2,0.22499999999999987,135725.3144378662,3050,0,0.22499999999999987,94558.11837768555,16133.333333333334,0,0.3999999999999999,96710.41610717773,16133.333333333334,2,0.3999999999999999,8079312.897384644,3547,5378,400,3269,400,2411,400,400,400,400,400,400,2926,400,400,400,4878,400,400,400,400,3142,400,400,400,2514,2458,400,400,400,5058,5045,100,5,0,0,0,0,52.6315803527832,42.85714340209961,0,52.38095474243164,55,52.6315803527832,0,0,50,55,0,0,55,52.6315803527832,52.38095474243164,55,52.38095474243164,0,0,0,55,0,20,52.38095474243164,50,0,20475,15889,86546,67,47,20475,13174,83563,67,44,66718990336,8589930496,22913810432,524288
199,1790686157298,444393.9228668213,3050,0,0.21875,91730.38369750977,16133.333333333334,2,0.925,93258.77510070801,16133.333333333334,0,0.925,95916.67782592773,16133.333333333334,2,0.925,98876.35945129395,16133.333333333334,2,0.925,90484.3092956543,16133.333333333334,2,0.925,88359.93183898926,16133.333333333334,2,0.925,140738.79112243652,3050,0,0.21875,145738.39630126953,3050,2,0.21875,146053.33074951172,3050,2,0.21875,357633.25382995605,3050,2,0.21875,141514.34790039063,3050,0,0.21875,135652.30546569824,3050,2,0.21875,135725.59770202637,3050,0,0.21875,94558.35667419434,16133.333333333334,2,0.925,96710.59059143066,16133.333333333334,2,0.925,8079333.4432525635,3547,5378,400,3269,400,2411,400,400,400,400,400,400,2926,400,400,400,4878,400,400,400,400,3142,400,400,400,2514,2458,400,400,400,5058,5045,100,0,0,10.526315689086914,0,0,52.38095474243164,52.6315803527832,0,52.6315803527832,50,52.38095474243164,0,45,52.6315803527832,50,0,0,50,52.38095474243164,52.6315803527832,52.6315803527832,52.6315803527832,0,0,0,10,0,0,55,55,0,20475,15889,86750,67,48,20475,13174,83983,68,44,66718990336,8589930496,22915309568,524288
199,1790686157498,444396.13568115234,3050,0,0.21875,91730.61993408203,16133.333333333334,2,0.925,93258.94621276855,16133.333333333334,2,0.925,95916.85499572754,16133.333333333334,2,0.925,98876.53373718262,16133.333333333334,2,0.925,90484.51820373535,16133.333333333334,2,0.925,88360.10227966309,16133.333333333334,2,0.925,140739.07850646973,3050,0,0.21875,145738.75230407715,3050,0,0.21875,146053.61297607422,3050,2,0.21875,357633.6269836426,3050,2,0.21875,141514.62269592285,3050,0,0.21875,135652.67121887207,3050,2,0.21875,135725.87855529785,3050,0,0.21875,94558.56741333008,16133.333333333334,0,0.925,96710.7642364502,16133.333333333334,0,0.925,8079353.88861084,3547,5378,400,3269,400,2411,400,400,400,400,400,400,2926,400,400,400,4878,400,400,400,400,3142,400,400,400,2514,2458,400,400,400,5058,5045,100,0,0,0,0,0,52.6315803527832,52.38095474243164,0,52.38095474243164,55,52.6315803527832,0,50,52.38095474243164,55,0,52.6315803527832,55,52.6315803527832,52.38095474243164,52.38095474243164,52.38095474243164,0,0,0,0,0,0,50,10,0,20475,15889,85916,66,45,20475,13174,85050,70,56,66718990336,8589930496,22931566592,524288
199,1790686157698,444398.34576416016,3050,0,0.21875,91730.85621643066,16133.333333333334,0,0.93125,93259.11804199219,16133.333333333334,2,0.93125,95917.03204345703,16133.333333333334,2,0.93125,98876.70927429199,16133.333333333334,2,0.93125,90484.72846984863,16133.333333333334,2,0.93125,88360.29132080078,16133.333333333334,2,0.93125,140739.36515808105,3050,0,0.21875,145739.1109008789,3050,0,0.21875,146053.89656066895,3050,2,0.21875,357633.99768066406,3050,2,0.21875,141514.8996734619,3050,2,0.21875,135653.03535461426,3050,2,0.21875,135726.1583404541,3050,0,0.21875,94558.74055480957,16133.333333333334,2,0.93125,96711.00120544434,16133.333333333334,0,0.93125,8079374.455230713,3547,5378,400,3269,400,2411,400,400,400,400,400,400,2926,400,400,400,4878,400,400,400,400,3142,400,400,400,2514,2458,400,400,400,5058,5045,100,0,0,0,0,0,52.38095474243164,52.6315803527832,0,52.6315803527832,50,52.38095474243164,0,55,55,52.6315803527832,0,52.38095474243164,50,55,52.6315803527832,52.6315803527832,52.6315803527832,0,0,4.761904716491699,0,0,0,55,0,14.285715103149414,20475,15889,85692,65,47,20475,13174,85072,69,56,66718990336,8589930496,22966403072,524288
199,1790686157898,444400.5602416992,3050,0,0.23124999999999996,91731.08366394043,16133.333333333334,0,0.3999999999999999,93259.29942321777,16133.333333333334,0,0.3999999999999999,95917.2151184082,16133.333333333334,0,0.3999999999999999,98876.8923034668,16133.333333333334,0,0.3999999999999999,90484.94493103027,16133.333333333334,0,0.3999999999999999,88360.48036193848,16133.333333333334,0,0.3999999999999999,140739.65731811523,3050,0,0.23124999999999996,145739.41304016113,3050,0,0.23124999999999996,146054.2275238037,3050,0,0.23124999999999996,357634.3720855713,3050,0,0.23124999999999996,141515.18350219727,3050,0,0.23124999999999996,135653.4071044922,3050,0,0.23124999999999996,135726.44464111328,3050,0,0.23124999999999996,94558.92921447754,16133.333333333334,0,0.3999999999999999,96711.24565124512,16133.333333333334,0,0.3999999999999999,8079395.081756592,3547,5378,400,3269,400,2411,400,400,400,400,400,400,2926,400,400,400,4878,400,400,400,400,3142,400,400,400,2514,2458,400,400,400,5058,5045,100,0,0,0,0,0,52.38095474243164,52.6315803527832,0,52.6315803527832,50,52.38095474243164,0,55,55,52.6315803527832,0,52.38095474243164,50,55,52.6315803527832,52.6315803527832,52.6315803527832,0,0,4.761904716491699,0,0,0,55,0,14.285715103149414,20475,15889,86466,66,47,20475,13174,84139,67,47,66718990336,8589930496,22938533888,524288
199,1790686158098,444402.7967376709,3050,0,0.23124999999999996,91731.24006652832,16133.333333333334,0,0.3999999999999999,93259.45903015137,16133.333333333334,0,0.3999999999999999,95917.37170410156,16133.333333333334,0,0.3999999999999999,98877.05142211914,16133.333333333334,0,0.3999999999999999,90485.13633728027,16133.333333333334,0,0.3999999999999999,88360.63948059082,16133.333333333334,0,0.3999999999999999,140739.91836547852,3050,0,0.23124999999999996,145739.67713928223,3050,0,0.23124999999999996,146054.48056030273,3050,0,0.23124999999999996,357634.7064971924,3050,0,0.23124999999999996,141515.43621826172,3050,0,0.23124999999999996,135653.73527526855,3050,0,0.23124999999999996,135726.69816589355,3050,0,0.23124999999999996,94559.08534240723,16133.333333333334,0,0.3999999999999999,96711.47552490234,16133.333333333334,0,0.3999999999999999,8079415.357131958,3547,5378,400,3269,400,2411,400,400,400,400,400,400,2926,400,400,400,4878,400,400,400,400,3142,400,400,400,2514,2458,400,400,400,5058,5045,51.219512939453125,0,5.128205299377441,2.4390242099761963,0,4.761904716491699,48.71794891357422,50,50,48.780487060546875,50,48.71794891357422,0,47.5,48.71794891357422,48.780487060546875,0,50,50,48.780487060546875,48.780487060546875,48.780487060546875,48.780487060546875,2.5,0,0,0,0,0,48.71794891357422,0,17.5,20475,15889,86791,67,48,20475,13174,84219,67,46,66718990336,8589930496,22936981504,524288
199,1790686158298,444405.032623291,3050,0,0.23124999999999996,91731.39643859863,16133.333333333334,0,0.3999999999999999,93259.61697387695,16133.333333333334,0,0.3999999999999999,95917.52784729004,16133.333333333334,0,0.3999999999999999,98877.2109375,16133.333333333334,0,0.3999999999999999,90485.32720947266,16133.333333333334,0,0.3999999999999999,88360.7984161377,16133.333333333334,0,0.3999999999999999,140740.17152404785,3050,0,0.23124999999999996,145739.94116210938,3050,0,0.23124999999999996,146054.73956298828,3050,0,0.23124999999999996,357635.0409088135,3050,0,0.23124999999999996,141515.69258117676,3050,0,0.23124999999999996,135654.0653076172,3050,0,0.23124999999999996,135726.9541015625,3050,0,0.23124999999999996,94559.24110412598,16133.333333333334,0,0.3999999999999999,96711.67095947266,16133.333333333334,0,0.3999999999999999,8079435.385818481,3547,5378,400,3269,400,2411,400,400,400,400,400,400,2926,400,400,400,4878,400,400,400,400,3142,400,400,400,2514,2458,400,400,400,5058,5045,0,0,0,0,0,0,50,45,100,47.36842346191406,45,47.619049072265625,0,50,47.619049072265625,50,0,45,47.619049072265625,47.36842346191406,47.36842346191406,50,47.36842346191406,0,0,0,0,4.761904716491699,0,47.619049072265625,0,5,20475,15889,86594,67,48,20475,13174,84813,68,50,66718990336,8589930496,22936977408,524288
199,1790686158498,444407.2636871338,3050,0,0.22499999999999987,91731.5516204834,16133.333333333334,0,0.3999999999999999,93259.77313232422,16133.333333333334,0,0.3999999999999999,95917.68312072754,16133.333333333334,0,0.3999999999999999,98877.3687286377,16133.333333333334,0,0.3999999999999999,90485.51679992676,16133.333333333334,0,0.3999999999999999,88360.95629882813,16133.333333333334,0,0.3999999999999999,140740.42393493652,3050,0,0.22499999999999987,145740.20138549805,3050,0,0.22499999999999987,146054.99555969238,3050,0,0.22499999999999987,357635.37365722656,3050,0,0.22499999999999987,141515.94219970703,3050,0,0.22499999999999987,135654.39447021484,3050,0,0.22499999999999987,135727.20684814453,3050,0,0.22499999999999987,94559.3957824707,16133.333333333334,0,0.3999999999999999,96711.8607635498,16133.333333333334,0,0.3999999999999999,8079455.397109985,3547,5378,400,3269,400,2411,400,400,400,400,400,400,2926,400,400,400,4878,400,400,400,400,3142,400,400,400,2514,2458,400,400,400,5058,5045,0,0,0,0,0,0,45,50,100,47.619049072265625,50,47.36842346191406,0,45,45,45,0,50,47.36842346191406,47.619049072265625,47.619049072265625,45,47.619049072265625,0,0,0,0,0,0,47.36842346191406,0,10,20475,15889,85942,65,47,20475,13174,85081,70,55,66718990336,8589930496,22936977408,524288
199,1790686158698,444409.49990844727,3050,0,0.23124999999999996,91731.70750427246,16133.333333333334,0,0.40625,93259.9302368164,16133.333333333334,0,0.40625,95917.83847045898,16133.333333333334,0,0.40625,98877.52856445313,16133.333333333334,0,0.40625,90485.70683288574,16133.333333333334,0,0.40625,88361.11251831055,16133.333333333334,0,0.40625,140740.67626953125,3050,0,0.23124999999999996,145740.46575927734,3050,0,0.23124999999999996,146055.2531890869,3050,0,0.23124999999999996,357635.70919799805,3050,0,0.23124999999999996,141516.1925201416,3050,0,0.23124999999999996,135654.72344970703,3050,0,0.23124999999999996,135727.4609527588,3050,0,0.23124999999999996,94559.55033874512,16133.333333333334,0,0.40625,96712.07528686523,16133.333333333334,0,0.40625,8079475.587966919,3547,5378,400,3269,400,2411,400,400,400,400,400,400,2926,400,400,400,4878,400,400,400,400,3142,400,400,400,2514,2458,400,400,400,5058,5045,0,0,0,0,0,0,47.619049072265625,45,100,47.36842346191406,45,47.619049072265625,0,50,50,50,0,45,45,45,47.36842346191406,47.36842346191406,47.36842346191406,0,4.761904716491699,0,0,0,0,47.619049072265625,0,19.047618865966797,20475,15889,86069,65,45,20475,13174,84753,69,54,66718990336,8589930496,22936977408,524288
199,1790686158898,444411.5913543701,3050,0,0.22499999999999987,91731.88218688965,48800,2,0.925,93260.11103820801,48800,2,0.925,95918.01612854004,48800,2,0.925,98877.71005249023,48800,2,0.925,90485.91738891602,48800,2,0.925,88361.28428649902,48800,2,0.925,140741.05877685547,3050,2,0.22499999999999987,145740.88693237305,3050,2,0.22499999999999987,146055.5574951172,3050,2,0.22499999999999987,357636.09535217285,3050,2,0.22499999999999987,141516.4881591797,3050,2,0.22499999999999987,135655.0629119873,3050,2,0.22499999999999987,135727.74072265625,3050,2,0.22499999999999987,94559.75300598145,48800,2,0.925,96712.28950500488,48800,2,0.925,8079496.55480957,3547,5378,400,3269,400,2411,400,400,400,400,400,400,2926,400,400,400,4878,400,400,400,400,3142,400,400,400,2514,2458,400,400,400,5058,5045,15.789472579956055,19.047618865966797,0,0,4.761904716491699,0,50,50,80,50,25,50,33.333335876464844,50,50,20,0,50,52.38095474243164,52.6315803527832,52.38095474243164,52.38095474243164,52.38095474243164,0,0,0,0,10.526315689086914,23.809524536132813,50,5,15.789472579956055,20475,15889,86839,66,47,20475,13174,84192,67,44,66718990336,8589930496,22936248320,524288
199,1790686159098,444413.0086517334,3050,0,0.22499999999999987,91732.05508422852,48800,2,0.925,93260.28271484375,48800,2,0.925,95918.18927001953,48800,2,0.925,98877.92086791992,48800,2,0.925,90486.12721252441,48800,2,0.925,88361.45997619629,48800,2,0.925,140741.37734985352,3050,2,0.22499999999999987,145741.3503265381,3050,0,0.22499999999999987,146055.93742370605,3050,2,0.22499999999999987,357636.5125579834,3050,2,0.22499999999999987,141516.7971343994,3050,2,0.22499999999999987,135656.0934906006,3050,2,0.22499999999999987,135728.0569000244,3050,2,0.22499999999999987,94559.92512512207,48800,2,0.925,96712.46165466309,48800,2,0.925,8079517.564697266,3547,5378,400,3269,400,2411,400,400,400,400,400,400,2926,400,400,400,4878,400,400,400,400,3142,400,400,400,2514,2458,400,400,400,5058,5045,50,0,0,0,0,5.263157844543457,52.6315803527832,55,50,55,0,55,60.000003814697266,50,52.6315803527832,0,0,55,52.6315803527832,52.38095474243164,50,50,52.6315803527832,5,0,0,0,0,45,52.6315803527832,0,0,20475,15889,86809,67,48,20475,13174,84255,68,44,66718990336,8589930496,22945087488,524288
199,1790686159298,444414.01150512695,48800,2,0.2749999999999999,91732.24047851563,16133.333333333334,0,0.39375000000000004,93260.46662902832,16133.333333333334,0,0.39375000000000004,95918.37495422363,16133.333333333334,2,0.39375000000000004,98878.22923278809,16133.333333333334,0,0.39375000000000004,90486.37710571289,16133.333333333334,2,0.39375000000000004,88362.08369445801,16133.333333333334,2,0.39375000000000004,140741.6559906006,48800,2,0.2749999999999999,145741.6810913086,48800,2,0.2749999999999999,146056.21771240234,48800,2,0.2749999999999999,357636.880279541,48800,2,0.2749999999999999,141517.06944274902,48800,2,0.2749999999999999,135656.44319152832,48800,2,0.2749999999999999,135728.3335571289,48800,2,0.2749999999999999,94560.29148864746,16133.333333333334,0,0.39375000000000004,96712.70700073242,16133.333333333334,2,0.39375000000000004,8079537.561462402,3547,5378,400,3269,400,2411,400,400,400,400,400,400,2926,400,400,400,4878,400,400,400,400,3142,400,400,400,2514,2458,400,400,400,5058,5045,35,0,0,0,0,5.263157844543457,55,45,55,52.38095474243164,0,52.6315803527832,57.894737243652344,55,52.38095474243164,0,0,52.6315803527832,55,55,55,55,52.38095474243164,0,0,0,0,0,47.36842346191406,52.38095474243164,10,5,20475,15889,86023,66,45,20475,13174,85086,69,55,66718990336,8589930496,22934982656,524288
199,1790686159498,444415.1382293701,3050,0,0.41874999999999996,91732.42170715332,16133.333333333334,2,0.38749999999999996,93260.64682006836,16133.333333333334,2,0.38749999999999996,95918.55683898926,16133.333333333334,2,0.38749999999999996,98878.5679321289,16133.333333333334,0,0.38749999999999996,90486.5991973877,16133.333333333334,2,0.38749999999999996,88362.71350097656,16133.333333333334,2,0.38749999999999996,140741.94415283203,3050,2,0.41874999999999996,145741.9564666748,3050,2,0.41874999999999996,146056.49356079102,3050,2,0.41874999999999996,357637.2273712158,3050,2,0.41874999999999996,141517.33242797852,3050,2,0.41874999999999996,135656.78829956055,3050,2,0.41874999999999996,135728.60289001465,3050,2,0.41874999999999996,94560.4720916748,16133.333333333334,2,0.39375000000000004,96713.00157165527,16133.333333333334,2,0.39375000000000004,8079557.416641235,3547,5378,400,3269,400,2411,400,400,400,400,400,400,2926,400,400,400,4878,400,400,400,400,3142,400,400,400,2514,2458,400,400,400,5058,5045,40,0,0,0,0,14.285715103149414,55,40,50,52.6315803527832,0,52.38095474243164,52.38095474243164,55,55,0,0,52.38095474243164,52.38095474243164,52.6315803527832,52.6315803527832,55,52.6315803527832,0,0,0,10.526315689086914,0,57.142860412597656,55,0,5,20475,15889,85601,65,46,20475,13174,85080,69,55,66718990336,8589930496,22943473664,524288
199,1790686159698,444416.2589111328,3050,0,0.22499999999999987,91732.59420776367,16133.333333333334,0,0.3812500000000001,93260.81797790527,16133.333333333334,0,0.3812500000000001,95918.72900390625,16133.333333333334,0,0.3812500000000001,98878.87147521973,16133.333333333334,0,0.3812500000000001,90486.80735778809,16133.333333333334,0,0.3812500000000001,88363.30335998535,16133.333333333334,0,0.3812500000000001,140742.20182800293,3050,0,0.22499999999999987,145742.21881103516,3050,0,0.22499999999999987,146056.76531982422,3050,0,0.22499999999999987,357637.57525634766,3050,0,0.22499999999999987,141517.58375549316,3050,0,0.22499999999999987,135657.10148620605,3050,0,0.22499999999999987,135728.85789489746,3050,0,0.22499999999999987,94560.76878356934,16133.333333333334,0,0.3812500000000001,96713.22512817383,16133.333333333334,0,0.3812500000000001,8079576.888046265,3547,5378,400,3269,400,2411,400,400,400,400,400,400,2926,400,400,400,4878,400,400,400,400,3142,400,400,400,2514,2458,400,400,400,5058,5045,40,0,0,0,0,14.285715103149414,55,40,50,52.6315803527832,0,52.38095474243164,52.38095474243164,55,55,0,0,52.38095474243164,52.38095474243164,52.6315803527832,52.6315803527832,55,52.6315803527832,0,0,0,10.526315689086914,0,57.142860412597656,55,0,5,20475,15889,86400,66,47,20475,13174,83931,67,45,66718990336,8589930496,22944198656,524288
199,1790686159898,444416.909576416,3050,0,0.23124999999999996,91732.80166625977,16133.333333333334,0,0.3999999999999999,93260.99114990234,16133.333333333334,0,0.3999999999999999,95919.02774047852,16133.333333333334,0,0.3999999999999999,98879.36029052734,16133.333333333334,0,0.3999999999999999,90487.09295654297,16133.333333333334,0,0.3999999999999999,88363.7229309082,16133.333333333334,0,0.3999999999999999,140742.47465515137,3050,0,0.23124999999999996,145742.55195617676,3050,0,0.23124999999999996,146057.05535888672,3050,0,0.23124999999999996,357637.92071533203,3050,0,0.23124999999999996,141517.85037231445,3050,0,0.23124999999999996,135657.5326385498,3050,0,0.23124999999999996,135729.11904907227,3050,0,0.23124999999999996,94560.95852661133,16133.333333333334,0,0.3999999999999999,96713.7158203125,16133.333333333334,0,0.3999999999999999,8079596.849487305,3547,5378,400,3269,400,2411,400,400,400,400,400,400,2926,400,400,400,4878,400,400,400,400,3142,400,400,400,2514,2458,400,400,400,5058,5045,32.5,0,4.878048419952393,0,2.5641026496887207,20,50,32.5,53.658538818359375,48.780487060546875,0,48.71794891357422,48.71794891357422,43.90243911743164,47.5,2.5,0,50,48.71794891357422,48.780487060546875,48.780487060546875,47.5,48.780487060546875,2.5,0,0,17.5,0,50,48.71794891357422,5,12.820513725280762,20475,15889,86832,67,47,20475,13174,83715,68,45,66718990336,8589930496,22917771264,524288
199,1790686160098,444417.7565612793,3050,0,0.23124999999999996,91732.98727416992,16133.333333333334,0,0.38749999999999996,93261.17584228516,16133.333333333334,0,0.38749999999999996,95919.22254943848,16133.333333333334,0,0.38749999999999996,98879.8992767334,16133.333333333334,0,0.38749999999999996,90487.4527130127,16133.333333333334,0,0.38749999999999996,88364.16053771973,16133.333333333334,0,0.38749999999999996,140742.72135925293,3050,0,0.23124999999999996,145742.85794067383,3050,0,0.23124999999999996,146057.3071899414,3050,0,0.23124999999999996,357638.2204589844,3050,0,0.23124999999999996,141518.10888671875,3050,0,0.23124999999999996,135657.8657989502,3050,0,0.23124999999999996,135729.3713531494,3050,0,0.23124999999999996,94561.14358520508,16133.333333333334,0,0.38749999999999996,96713.95918273926,16133.333333333334,0,0.38749999999999996,8079616.3693237305,3547,5378,400,3269,400,2411,400,400,400,400,400,400,2926,400,400,400,4878,400,400,400,400,3142,400,400,400,2514,2458,400,400,400,5058,5045,30.000001907348633,0,5,5,5,25,55,28.571430206298828,45,47.36842346191406,0,47.619049072265625,47.619049072265625,47.36842346191406,50,5,4.761904716491699,45,45,45,47.36842346191406,45,47.36842346191406,0,0,5,10,5,50,47.619049072265625,5,5,20475,15889,86056,66,46,20475,13174,84676,70,54,66718990336,8589930496,22918684672,524288
199,1790686160298,444418.80058288574,3050,0,0.2437499999999999,91733.15406799316,16133.333333333334,0,0.3999999999999999,93261.34443664551,16133.333333333334,0,0.3999999999999999,95919.41261291504,16133.333333333334,0,0.3999999999999999,98880.22171020508,16133.333333333334,0,0.3999999999999999,90487.74215698242,16133.333333333334,0,0.3999999999999999,88364.7360534668,16133.333333333334,2,0.3999999999999999,140742.9637298584,3050,0,0.2437499999999999,145743.16261291504,3050,0,0.2437499999999999,146057.5587158203,3050,0,0.2437499999999999,357638.51417541504,3050,0,0.2437499999999999,141518.34812927246,3050,0,0.2437499999999999,135658.18449401855,3050,0,0.2437499999999999,135729.6131591797,3050,0,0.2437499999999999,94561.39181518555,16133.333333333334,0,0.3999999999999999,96714.16261291504,16133.333333333334,0,0.3999999999999999,8079635.834732056,3547,5378,400,3269,400,2411,400,400,400,400,400,400,2926,400,400,400,4878,400,400,400,400,3142,400,400,400,2514,2458,400,400,400,5058,5045,40,0,0,0,4.761904716491699,10,52.38095474243164,36.842105865478516,50,47.619049072265625,0,45,45,45,45,0,0,45,47.619049072265625,47.36842346191406,47.619049072265625,50,47.619049072265625,0,0,0,10,0,45,45,5,9.523809432983398,20475,15889,85111,65,47,20475,13174,85128,69,56,66718990336,8589930496,22918926336,524288
199,1790686160498,444419.795501709,3050,0,0.23750000000000004,91733.37409973145,48800,2,0.925,93261.52047729492,48800,2,0.925,95919.58796691895,48800,2,0.925,98880.39553833008,48800,2,0.925,90488.11213684082,48800,2,0.925,88365.37573242188,48800,2,0.925,140743.22132873535,3050,0,0.23750000000000004,145743.48654174805,3050,2,0.23750000000000004,146057.82054138184,3050,2,0.23750000000000004,357638.8308105469,3050,0,0.23750000000000004,141518.59982299805,3050,2,0.23750000000000004,135658.52305603027,3050,0,0.23750000000000004,135729.87670898438,3050,0,0.23750000000000004,94561.71508789063,48800,2,0.925,96714.45825195313,48800,2,0.925,8079655.633483887,3547,5378,400,3269,400,2411,400,400,400,400,400,400,2926,400,400,400,4878,400,400,400,400,3142,400,400,400,2514,2458,400,400,400,5058,5045,30.000001907348633,0,5,0,0,0,60.000003814697266,40,50,50,0,50,50,50,50,0,5.263157844543457,50,50,50,50,50,50,0,0,0,15.000000953674316,0,50,50,10,10.526315689086914,20475,15889,86122,66,47,20475,13174,83967,67,45,66718990336,8589930496,22913720320,524288
199,1790686160699,444420.8039550781,3050,0,0.25624999999999987,91733.56335449219,48800,2,0.925,93261.70832824707,48800,2,0.925,95919.7799987793,48800,2,0.925,98880.58004760742,16133.333333333334,2,0.925,90488.46139526367,16133.333333333334,2,0.925,88366.01609802246,16133.333333333334,2,0.925,140743.50170898438,3050,2,0.25624999999999987,145743.83096313477,3050,2,0.25624999999999987,146058.10202026367,3050,2,0.25624999999999987,357639.16342163086,3050,2,0.25624999999999987,141518.87432861328,3050,2,0.25624999999999987,135658.88758850098,3050,2,0.25624999999999987,135730.1619567871,3050,2,0.25624999999999987,94562.11029052734,48800,2,0.925,96714.68608093262,48800,2,0.925,8079675.618255615,3547,5378,400,3269,400,2411,400,400,400,400,400,400,2926,400,400,400,4878,400,400,400,400,3142,400,400,400,2514,2458,400,400,400,5058,5045,36.842105865478516,0,0,0,0,0,63.15789031982422,42.85714340209961,50,52.6315803527832,0,55,55,55,55,0,0,55,52.6315803527832,52.38095474243164,50,50,52.6315803527832,0,0,0,15.000000953674316,0,55,52.6315803527832,15.000000953674316,5,20475,15889,86884,67,48,20475,13174,83501,68,45,66718990336,8589930496,22913720320,524288
199,1790686160899,444422.46173095703,3050,0,0.26875000000000004,91733.76495361328,16133.333333333334,2,0.3999999999999999,93261.95330810547,16133.333333333334,0,0.3999999999999999,95919.96586608887,16133.333333333334,2,0.3999999999999999,98880.76765441895,16133.333333333334,2,0.3999999999999999,90488.75004577637,16133.333333333334,2,0.3999999999999999,88366.48419189453,16133.333333333334,2,0.3999999999999999,140743.79327392578,3050,0,0.26875000000000004,145744.1972808838,3050,2,0.26875000000000004,146058.392578125,3050,2,0.26875000000000004,357639.54373168945,3050,0,0.26875000000000004,141519.1527709961,3050,2,0.26875000000000004,135659.25915527344,3050,0,0.26875000000000004,135730.4474182129,3050,0,0.26875000000000004,94562.3024597168,16133.333333333334,2,0.3999999999999999,96714.88012695313,16133.333333333334,2,0.3999999999999999,8079695.987854004,3547,5378,400,3269,400,2411,400,400,400,400,400,400,2926,400,400,400,4878,400,400,400,400,3142,400,400,400,2514,2458,400,400,400,5058,5045,66.66667175292969,0,0,10,4.761904716491699,0,57.142860412597656,30.000001907348633,55,52.38095474243164,4.761904716491699,52.6315803527832,52.6315803527832,25,25,0,0,55,55,55,55,55,52.38095474243164,0,4.761904716491699,4.761904716491699,35,31.81818199157715,50,52.38095474243164,0,0,20475,15889,86116,66,45,20475,13174,84586,70,55,66718990336,8589930496,22913810432,524288
199,1790686161099,444423.653213501,3050,2,0.28749999999999987,91733.94914245605,16133.333333333334,2,0.3812500000000001,93262.15794372559,16133.333333333334,2,0.3812500000000001,95920.24569702148,16133.333333333334,2,0.3812500000000001,98880.95071411133,16133.333333333334,2,0.3812500000000001,90489.29704284668,16133.333333333334,2,0.3812500000000001,88366.97566223145,16133.333333333334,0,0.3812500000000001,140744.0856781006,3050,0,0.28749999999999987,145744.56356811523,3050,2,0.28749999999999987,146058.68048095703,3050,2,0.28749999999999987,357639.95832824707,3050,0,0.28749999999999987,141519.42150878906,3050,2,0.28749999999999987,135659.6171875,3050,0,0.28749999999999987,135730.7411956787,3050,0,0.28749999999999987,94562.52075195313,16133.333333333334,2,0.3812500000000001,96715.06272888184,16133.333333333334,2,0.3812500000000001,8079716.30039978,3547,5378,400,3269,400,2411,400,400,400,400,400,400,2926,400,400,400,4878,400,400,400,400,3142,400,400,400,2514,2458,400,400,400,5058,5045,42.105262756347656,0,0,5,5.263157844543457,0,57.894737243652344,45,55,55,52.38095474243164,52.38095474243164,9.523809432983398,0,0,0,0,50,52.38095474243164,50,55,55,55,0,0,0,60.000003814697266,52.6315803527832,55,55,5,0,20475,15889,85119,65,46,20475,13174,85145,69,55,66718990336,8589930496,22898712576,524288
199,1790686161299,444424.05630493164,3050,0,0.21875,91734.12672424316,16133.333333333334,0,0.3999999999999999,93262.33296203613,16133.333333333334,0,0.3999999999999999,95920.41679382324,16133.333333333334,0,0.3999999999999999,98881.14749145508,16133.333333333334,0,0.3999999999999999,90489.50639343262,16133.333333333334,0,0.3999999999999999,88367.09887695313,16133.333333333334,0,0.3999999999999999,140744.4162902832,3050,0,0.21875,145744.96891784668,3050,0,0.21875,146058.97331237793,3050,0,0.21875,357642.21549987793,3050,0,0.21875,141519.67558288574,3050,0,0.21875,135659.98483276367,3050,0,0.21875,135731.01667785645,3050,0,0.21875,94562.69541931152,16133.333333333334,0,0.3999999999999999,96715.26211547852,16133.333333333334,0,0.3999999999999999,8079736.823486328,3547,5378,400,3269,400,2411,400,400,400,400,400,400,2926,400,400,400,4878,400,400,400,400,3142,400,400,400,2514,2458,400,400,400,5058,5045,42.105262756347656,0,0,5,5.263157844543457,0,57.894737243652344,45,55,55,52.38095474243164,52.38095474243164,9.523809432983398,0,0,0,0,50,52.38095474243164,50,55,55,55,0,0,0,60.000003814697266,52.6315803527832,55,55,5,0,20475,15889,86146,66,47,20475,13174,84043,67,46,66718990336,8589930496,22892167168,524288
199,1790686161499,444424.4595031738,3050,0,0.21875,91734.44613647461,16133.333333333334,0,0.3999999999999999,93262.56182861328,16133.333333333334,0,0.3999999999999999,95920.60350036621,16133.333333333334,0,0.3999999999999999,98881.40711975098,16133.333333333334,0,0.3999999999999999,90489.7400970459,16133.333333333334,0,0.3999999999999999,88367.28633117676,16133.333333333334,0,0.3999999999999999,140744.70498657227,3050,0,0.21875,145745.3027191162,3050,0,0.21875,146059.30194091797,3050,0,0.21875,357644.4885406494,3050,0,0.21875,141520.04359436035,3050,0,0.21875,135660.36581420898,3050,0,0.21875,135731.34977722168,3050,0,0.21875,94562.93762207031,16133.333333333334,0,0.3999999999999999,96715.50537109375,16133.333333333334,0,0.3999999999999999,8079758.332321167,3547,5378,400,3269,400,2411,400,400,400,400,400,400,2926,400,400,400,4878,400,400,400,400,3142,400,400,400,2514,2458,400,400,400,5058,5045,25,2.5,9.756096839904785,2.5,0,0,48.780487060546875,37.5,40,48.71794891357422,50,50,12.5,2.5,22.5,0,5,51.219512939453125,51.28205490112305,50,47.5,47.5,48.71794891357422,2.4390242099761963,0,0,100,26.829269409179688,50,48.71794891357422,2.5,7.317072868347168,20475,15889,86887,67,48,20475,13174,83698,68,46,66718990336,8589930496,22918098944,524288
199,1790686161699,444424.7863922119,3050,0,0.2124999999999999,91734.63902282715,16133.333333333334,0,0.3999999999999999,93262.71487426758,16133.333333333334,0,0.3999999999999999,95920.76008605957,16133.333333333334,0,0.3999999999999999,98881.6138305664,16133.333333333334,0,0.3999999999999999,90489.93565368652,16133.333333333334,0,0.3999999999999999,88367.43898010254,16133.333333333334,0,0.3999999999999999,140744.99835205078,3050,0,0.2124999999999999,145745.63417053223,3050,0,0.2124999999999999,146059.568649292,3050,0,0.2124999999999999,357646.68461608887,3050,0,0.2124999999999999,141520.2996673584,3050,0,0.2124999999999999,135660.76364135742,3050,0,0.2124999999999999,135731.61654663086,3050,0,0.2124999999999999,94563.09582519531,16133.333333333334,0,0.3999999999999999,96715.66017150879,16133.333333333334,0,0.3999999999999999,8079778.489517212,3547,5378,400,3269,400,2411,400,400,400,400,400,400,2926,400,400,400,4878,400,400,400,400,3142,400,400,400,2514,2458,400,400,400,5058,5045,9.523809432983398,0,0,0,0,0,47.36842346191406,45,47.36842346191406,47.619049072265625,45,45,0,0,45,0,0,45,45,47.36842346191406,50,50,47.619049072265625,0,0,0,95,0,45,47.619049072265625,0,0,20475,15889,86437,67,48,20475,13174,84696,69,53,66718990336,8589930496,22918098944,524288
199,1790686161899,444425.11363220215,3050,0,0.2124999999999999,91734.83403015137,16133.333333333334,0,0.3999999999999999,93262.86924743652,16133.333333333334,0,0.3999999999999999,95920.9174194336,16133.333333333334,0,0.3999999999999999,98881.82289123535,16133.333333333334,0,0.3999999999999999,90490.1343536377,16133.333333333334,0,0.3999999999999999,88367.59365844727,16133.333333333334,0,0.3999999999999999,140745.28169250488,3050,0,0.2124999999999999,145745.97174072266,3050,0,0.2124999999999999,146059.84190368652,3050,0,0.2124999999999999,357648.96488952637,3050,0,0.2124999999999999,141520.55743408203,3050,0,0.2124999999999999,135661.11610412598,3050,0,0.2124999999999999,135731.87869262695,3050,0,0.2124999999999999,94563.25257873535,16133.333333333334,0,0.3999999999999999,96715.81671142578,16133.333333333334,0,0.3999999999999999,8079798.626083374,3547,5378,400,3269,400,2411,400,400,400,400,400,400,2926,400,400,400,4878,400,400,400,400,3142,400,400,400,2514,2458,400,400,400,5058,5045,25,4.761904716491699,0,0,0,0,47.619049072265625,50,33.333335876464844,45,47.36842346191406,47.36842346191406,0,15.000000953674316,50,0,0,30.000001907348633,45,47.619049072265625,45,45,45,0,0,0,85,0,50,45,20,0,20475,15889,85628,65,47,20475,13174,85137,69,55,66718990336,8589930496,22916698112,524288
199,1790686162099,444425.5966796875,3050,0,0.22499999999999987,91735.03044128418,16133.333333333334,0,0.40625,93263.02258300781,16133.333333333334,0,0.40625,95921.07678222656,16133.333333333334,0,0.40625,98882.03326416016,16133.333333333334,0,0.40625,90490.33476257324,16133.333333333334,0,0.40625,88367.74905395508,16133.333333333334,0,0.40625,140745.68063354492,3050,0,0.22499999999999987,145746.3232269287,3050,0,0.22499999999999987,146060.2020263672,3050,0,0.22499999999999987,357651.3041381836,3050,0,0.22499999999999987,141520.82020568848,3050,0,0.22499999999999987,135661.47775268555,3050,0,0.22499999999999987,135732.14413452148,3050,0,0.22499999999999987,94563.40646362305,16133.333333333334,0,0.40625,96715.97424316406,16133.333333333334,0,0.40625,8079819.279098511,3547,5378,400,3269,400,2411,400,400,400,400,400,400,2926,400,400,400,4878,400,400,400,400,3142,400,400,400,2514,2458,400,400,400,5058,5045,40,9.523809432983398,0,0,0,0,47.36842346191406,45,47.36842346191406,47.36842346191406,47.619049072265625,47.619049072265625,0,100,15.000000953674316,4.761904716491699,4.761904716491699,0,50,45,50,50,50,0,0,0,0,30.000001907348633,45,50,47.36842346191406,0,20475,15889,86140,66,47,20475,13174,84505,68,52,66718990336,8589930496,22932955136,524288
199,1790686162299,444425.90548706055,3050,2,0.19999999999999996,91735.24333190918,48800,2,0.925,93263.19108581543,48800,2,0.925,95921.24583435059,48800,2,0.925,98882.2619934082,48800,2,0.925,90490.55038452148,48800,2,0.925,88367.91821289063,48800,2,0.925,140746.03298950195,3050,0,0.19999999999999996,145746.6908416748,3050,2,0.19999999999999996,146060.50479125977,3050,0,0.19999999999999996,357653.6566772461,3050,0,0.19999999999999996,141521.1022491455,3050,2,0.19999999999999996,135661.85990905762,3050,0,0.19999999999999996,135732.42958068848,3050,2,0.19999999999999996,94563.57450866699,48800,2,0.925,96716.1449584961,48800,2,0.925,8079840.028488159,3547,5378,400,3269,400,2411,400,400,400,400,400,400,2926,400,400,400,4878,400,400,400,400,3142,400,400,400,2514,2458,400,400,400,5058,5045,0,15.789472579956055,0,0,0,0,50,52.6315803527832,52.38095474243164,52.38095474243164,50,50,0,100,0,0,0,0,50,52.6315803527832,50,50,50,0,0,0,0,50,55,50,52.38095474243164,0,20475,15889,86902,67,47,20475,13174,84198,68,44,66718990336,8589930496,22932951040,524288
199,1790686162499,444426.33796691895,3050,0,0.20625000000000004,91735.46951293945,48800,2,0.925,93263.3734588623,48800,2,0.925,95921.42832946777,48800,2,0.925,98882.50517272949,48800,2,0.925,90490.87338256836,48800,2,0.925,88368.13247680664,48800,2,0.925,140746.33978271484,3050,2,0.20625000000000004,145747.07356262207,3050,2,0.20625000000000004,146060.84776306152,3050,0,0.20625000000000004,357656.0050201416,3050,0,0.20625000000000004,141521.39959716797,3050,2,0.20625000000000004,135662.2557220459,3050,2,0.20625000000000004,135732.72882080078,3050,2,0.20625000000000004,94563.75485229492,48800,2,0.925,96716.4193725586,48800,2,0.925,8079861.289901733,3547,5378,400,3269,400,2411,400,400,400,400,400,400,2926,400,400,400,4878,400,400,400,400,3142,400,400,400,2514,2458,400,400,400,5058,5045,10,0,0,0,0,0,55,52.38095474243164,50,52.6315803527832,55,55,4.761904716491699,100,0,0,0,0,55,52.38095474243164,52.6315803527832,55,52.6315803527832,5,0,0,0,55,50,52.6315803527832,52.6315803527832,0,20475,15889,86914,67,48,20475,13174,84524,68,45,66718990336,8589930496,22930415616,524288
199,1790686162699,444426.6986694336,3050,2,0.19999999999999996,91735.6849975586,16133.333333333334,0,0.925,93263.54322814941,16133.333333333334,2,0.925,95921.59901428223,16133.333333333334,2,0.925,98882.73602294922,16133.333333333334,0,0.925,90491.0913848877,16133.333333333334,0,0.925,88368.30290222168,48800,2,0.60625,140746.62860107422,3050,2,0.19999999999999996,145747.44610595703,3050,2,0.19999999999999996,146061.14294433594,3050,0,0.19999999999999996,357658.3545227051,3050,0,0.19999999999999996,141521.6852874756,3050,0,0.19999999999999996,135662.6452484131,3050,2,0.19999999999999996,135733.01997375488,3050,2,0.19999999999999996,94563.92457580566,16133.333333333334,0,0.925,96716.58920288086,16133.333333333334,2,0.925,8079882.084457397,3547,5378,400,3269,400,2411,400,400,400,400,400,400,2926,400,400,400,4878,400,400,400,400,3142,400,400,400,2514,2458,400,400,400,5058,5045,10,0,0,0,0,0,52.38095474243164,55,55,52.38095474243164,52.6315803527832,52.6315803527832,0,100,0,0,0,0,50,55,52.38095474243164,50,52.38095474243164,0,0,0,0,52.6315803527832,55,52.38095474243164,52.38095474243164,0,20475,15889,86005,66,45,20475,13174,85129,70,56,66718990336,8589930496,22930415616,524288
199,1790686162899,444427.11657714844,3050,2,0.19999999999999996,91735.9033203125,48800,2,0.925,93263.71371459961,48800,2,0.925,95921.77056884766,48800,2,0.925,98882.96903991699,48800,2,0.925,90491.31051635742,48800,2,0.925,88368.47735595703,48800,2,0.925,140746.92143249512,3050,2,0.19999999999999996,145747.81364440918,3050,2,0.19999999999999996,146061.4355316162,3050,0,0.19999999999999996,357660.7103424072,3050,0,0.19999999999999996,141521.96781921387,3050,2,0.19999999999999996,135663.03146362305,3050,2,0.19999999999999996,135733.3119506836,3050,2,0.19999999999999996,94564.09535217285,48800,2,0.925,96716.7594909668,48800,2,0.925,8079902.814331055,3547,5378,400,3269,400,2411,400,400,400,400,400,400,2926,400,400,400,4878,400,400,400,400,3142,400,400,400,2514,2458,400,400,400,5058,5045,36.842105865478516,0,0,0,0,0,52.6315803527832,50,25,52.6315803527832,52.38095474243164,52.38095474243164,0,100,0,0,0,0,55,50,55,55,55,0,0,0,0,52.38095474243164,50,55,52.6315803527832,0,20475,15889,85972,65,47,20475,13174,85121,69,56,66718990336,8589930496,22928375808,524288
199,1790686163099,444427.5688171387,3050,0,0.20625000000000004,91736.12013244629,16133.333333333334,0,0.3999999999999999,93263.89067077637,16133.333333333334,0,0.3999999999999999,95921.93928527832,16133.333333333334,0,0.3999999999999999,98883.18838500977,16133.333333333334,0,0.3999999999999999,90491.52653503418,16133.333333333334,0,0.3999999999999999,88368.6489868164,16133.333333333334,0,0.3999999999999999,140747.27934265137,3050,0,0.20625000000000004,145748.21939086914,3050,0,0.20625000000000004,146061.7709350586,3050,0,0.20625000000000004,357663.0682220459,3050,0,0.20625000000000004,141522.2615661621,3050,0,0.20625000000000004,135663.41276550293,3050,0,0.20625000000000004,135733.5969543457,3050,0,0.20625000000000004,94564.26387023926,16133.333333333334,0,0.3999999999999999,96716.92839050293,16133.333333333334,0,0.3999999999999999,8079923.753997803,3547,5378,400,3269,400,2411,400,400,400,400,400,400,2926,400,400,400,4878,400,400,400,400,3142,400,400,400,2514,2458,400,400,400,5058,5045,36.842105865478516,0,0,0,0,0,52.6315803527832,50,25,52.6315803527832,52.38095474243164,52.38095474243164,0,100,0,0,0,0,55,50,55,55,55,0,0,0,0,52.38095474243164,50,55,52.6315803527832,0,20475,15889,86742,66,47,20475,13174,84235,67,46,66718990336,8589930496,22924201984,524288
199,1790686163299,444427.93391418457,3050,0,0.2124999999999999,91736.3177947998,16133.333333333334,0,0.3999999999999999,93264.04852294922,16133.333333333334,0,0.3999999999999999,95922.09260559082,16133.333333333334,0,0.3999999999999999,98883.34133911133,16133.333333333334,0,0.3999999999999999,90491.72259521484,16133.333333333334,0,0.3999999999999999,88368.80555725098,16133.333333333334,0,0.3999999999999999,140747.570022583,3050,0,0.2124999999999999,145748.56010437012,3050,0,0.2124999999999999,146062.04998779297,3050,0,0.2124999999999999,357665.4246826172,3050,0,0.2124999999999999,141522.5216217041,3050,0,0.2124999999999999,135663.7658996582,3050,0,0.2124999999999999,135733.85803222656,3050,0,0.2124999999999999,94564.41694641113,16133.333333333334,0,0.3999999999999999,96717.08256530762,16133.333333333334,0,0.3999999999999999,8079944.187637329,3547,5378,400,3269,400,2411,400,400,400,400,400,400,2926,400,400,400,4878,400,400,400,400,3142,400,400,400,2514,2458,400,400,400,5058,5045,68.29268646240234,5,0,0,0,4.878048419952393,50,50,0,50,50,50,2.5,100,0,0,0,0,50,50,48.71794891357422,48.780487060546875,48.71794891357422,2.5,0,0,0,50,50,48.71794891357422,50,0,20475,15889,86902,67,47,20475,13174,84292,68,44,66718990336,8589930496,22915616768,524288
199,1790686163499,444428.250869751,3050,0,0.2124999999999999,91736.49842834473,16133.333333333334,0,0.3999999999999999,93264.22132873535,16133.333333333334,0,0.3999999999999999,95922.32113647461,16133.333333333334,0,0.3999999999999999,98883.52239990234,16133.333333333334,0,0.3999999999999999,90491.94239807129,16133.333333333334,0,0.3999999999999999,88368.97500610352,16133.333333333334,0,0.3999999999999999,140747.89443969727,3050,0,0.2124999999999999,145748.89688110352,3050,0,0.2124999999999999,146062.4383392334,3050,0,0.2124999999999999,357667.7789001465,3050,0,0.2124999999999999,141522.81492614746,3050,0,0.2124999999999999,135664.12922668457,3050,0,0.2124999999999999,135734.1300201416,3050,0,0.2124999999999999,94564.61784362793,16133.333333333334,0,0.3999999999999999,96717.26908874512,16133.333333333334,0,0.3999999999999999,8079965.222717285,3547,5378,400,3269,400,2411,400,400,400,400,400,400,2926,400,400,400,4878,400,400,400,400,3142,400,400,400,2514,2458,400,400,400,5058,5045,47.36842346191406,5,0,0,5,5,47.619049072265625,47.36842346191406,0,47.619049072265625,45,45,0,100,0,0,0,0,45,50,47.619049072265625,50,47.619049072265625,5,0,0,0,47.36842346191406,50,47.619049072265625,52.38095474243164,0,20475,15889,86672,67,48,20475,13174,84960,69,49,66718990336,8589930496,22931025920,524288
199,1790686163699,444428.5365142822,3050,0,0.2124999999999999,91736.66722106934,16133.333333333334,0,0.3999999999999999,93264.39492797852,16133.333333333334,0,0.3999999999999999,95922.48161315918,16133.333333333334,0,0.3999999999999999,98883.7381439209,16133.333333333334,0,0.3999999999999999,90492.1533203125,16133.333333333334,0,0.3999999999999999,88369.16404724121,16133.333333333334,0,0.3999999999999999,140748.21087646484,3050,0,0.2124999999999999,145749.23481750488,3050,0,0.2124999999999999,146062.79721069336,3050,0,0.2124999999999999,357670.13983154297,3050,0,0.2124999999999999,141523.1054840088,3050,0,0.2124999999999999,135664.4825744629,3050,0,0.2124999999999999,135734.39237976074,3050,0,0.2124999999999999,94564.78660583496,16133.333333333334,0,0.3999999999999999,96717.43214416504,16133.333333333334,0,0.3999999999999999,8079986.199966431,3547,5378,400,3269,400,2411,400,400,400,400,400,400,2926,400,400,400,4878,400,400,400,400,3142,400,400,400,2514,2458,400,400,400,5058,5045,45,9.523809432983398,0,0,0,15.000000953674316,45,50,0,47.36842346191406,50,50,0,95.23809814453125,0,0,0,0,50,45,47.36842346191406,47.619049072265625,47.36842346191406,0,0,0,0,50,45,47.36842346191406,47.36842346191406,4.761904716491699,20475,15889,86140,65,47,20475,13174,85173,70,56,66718990336,8589930496,22929559552,524288
199,1790686163899,444428.8155975342,3050,0,0.2124999999999999,91736.82322692871,16133.333333333334,0,0.40625,93264.5498046875,16133.333333333334,0,0.40625,95922.63975524902,16133.333333333334,0,0.40625,98883.89477539063,16133.333333333334,0,0.40625,90492.35398864746,16133.333333333334,0,0.40625,88369.31904602051,16133.333333333334,0,0.40625,140748.4777984619,3050,0,0.2124999999999999,145749.58459472656,3050,0,0.2124999999999999,146063.1535949707,3050,0,0.2124999999999999,357672.5116119385,3050,0,0.2124999999999999,141523.3698577881,3050,0,0.2124999999999999,135664.8887939453,3050,0,0.2124999999999999,135734.66038513184,3050,0,0.2124999999999999,94564.94178771973,16133.333333333334,0,0.40625,96717.58604431152,16133.333333333334,0,0.40625,8080006.631820679,3547,5378,400,3269,400,2411,400,400,400,400,400,400,2926,400,400,400,4878,400,400,400,400,3142,400,400,400,2514,2458,400,400,400,5058,5045,50,0,26.3157901763916,0,0,0,47.36842346191406,45,0,47.619049072265625,45,15.789472579956055,0,100,0,14.285715103149414,0,0,45,20,47.619049072265625,45,47.619049072265625,30.000001907348633,0,0,0,45,45,47.619049072265625,47.619049072265625,0,20475,15889,86288,66,47,20475,13174,84845,68,55,66718990336,8589930496,22944694272,524288
199,1790686164099,444429.10481262207,3050,2,0.20625000000000004,91736.98739624023,48800,2,0.925,93264.71203613281,48800,2,0.925,95922.80595397949,48800,2,0.925,98884.05540466309,48800,2,0.925,90492.5609588623,48800,2,0.925,88369.4807434082,48800,2,0.925,140748.76203918457,3050,0,0.20625000000000004,145749.95315551758,3050,0,0.20625000000000004,146063.5206298828,3050,2,0.20625000000000004,357674.8984222412,3050,0,0.20625000000000004,141523.64743041992,3050,2,0.20625000000000004,135665.31700134277,3050,0,0.20625000000000004,135734.93905639648,3050,0,0.20625000000000004,94565.10453796387,48800,2,0.925,96717.74800109863,48800,2,0.925,8080027.2417907715,3547,5378,400,3269,400,2411,400,400,400,400,400,400,2926,400,400,400,4878,400,400,400,400,3142,400,400,400,2514,2458,400,400,400,5058,5045,50,0,47.619049072265625,0,0,0,50,50,0,47.36842346191406,50,0,0,100,0,15.789472579956055,0,0,50,0,50,50,50,50,0,0,0,50,50,50,50,0,20475,15889,86995,67,47,20475,13174,84377,68,44,66718990336,8589930496,22942695424,524288
199,1790686164300,444429.4860534668,3050,2,0.2124999999999999,91737.16036987305,48800,2,0.925,93264.88407897949,48800,2,0.925,95922.9828338623,48800,2,0.925,98884.22694396973,16133.333333333334,2,0.925,90492.78161621094,16133.333333333334,2,0.925,88369.65090942383,16133.333333333334,2,0.925,140749.05270385742,3050,2,0.2124999999999999,145750.3281402588,3050,0,0.2124999999999999,146063.89518737793,3050,2,0.2124999999999999,357677.1662597656,3050,0,0.2124999999999999,141523.93197631836,3050,2,0.2124999999999999,135665.60787963867,3050,2,0.2124999999999999,135735.22314453125,3050,0,0.2124999999999999,94565.3116607666,48800,2,0.925,96717.91995239258,48800,2,0.925,8080047.794662476,3547,5378,400,3269,400,2411,400,400,400,400,400,400,2926,400,400,400,4878,400,400,400,400,3142,400,400,400,2514,2458,400,400,400,5058,5045,9.523809432983398,0,55,0,0,0,52.38095474243164,50,50,52.38095474243164,52.6315803527832,0,0,100,0,0,0,0,50,0,50,55,50,52.6315803527832,0,0,25,50,50,50,47.36842346191406,0,20475,15889,86930,67,48,20475,13174,84400,68,44,66718990336,8589930496,22934433792,524288
199,1790686164499,444429.9467468262,3050,0,0.20625000000000004,91737.35025024414,48800,2,0.58125,93265.07299804688,48800,2,0.58125,95923.20329284668,48800,2,0.58125,98884.41271972656,48800,2,0.58125,90493.01522827148,48800,2,0.58125,88369.83544921875,48800,2,0.58125,140749.37120056152,3050,2,0.20625000000000004,145750.7513885498,3050,2,0.20625000000000004,146064.29121398926,3050,0,0.20625000000000004,357679.4401550293,3050,0,0.20625000000000004,141524.24354553223,3050,2,0.20625000000000004,135665.9315032959,3050,2,0.20625000000000004,135735.55918884277,3050,2,0.20625000000000004,94565.52589416504,48800,2,0.58125,96718.11373901367,48800,2,0.58125,8080069.071853638,3547,5378,400,3269,400,2411,400,400,400,400,400,400,2926,400,400,400,4878,400,400,400,400,3142,400,400,400,2514,2458,400,400,400,5058,5045,9.523809432983398,0,55,0,0,0,52.38095474243164,50,50,52.38095474243164,52.6315803527832,0,0,100,0,0,0,0,50,0,50,55,50,52.6315803527832,0,0,25,50,50,50,47.36842346191406,0,20475,15889,86399,66,48,20475,13174,85045,70,52,66718990336,8589930496,22928953344,524288
199,1790686164700,444430.34994506836,3050,0,0.20625000000000004,91737.54721069336,48800,2,0.925,93265.30928039551,48800,2,0.925,95923.46519470215,48800,2,0.925,98884.63246154785,48800,2,0.925,90493.26164245605,48800,2,0.925,88370.02653503418,48800,2,0.925,140749.6884765625,3050,0,0.20625000000000004,145751.0963897705,3050,0,0.20625000000000004,146064.6999206543,3050,0,0.20625000000000004,357681.7297973633,3050,0,0.20625000000000004,141524.56088256836,3050,2,0.20625000000000004,135666.2551727295,3050,2,0.20625000000000004,135735.88912963867,3050,0,0.20625000000000004,94565.72360229492,48800,2,0.925,96718.31692504883,48800,2,0.925,8080090.466247559,3547,5378,400,3269,400,2411,400,400,400,400,400,400,2926,400,400,400,4878,400,400,400,400,3142,400,400,400,2514,2458,400,400,400,5058,5045,7.692307949066162,0,52.499996185302734,5,0,2.5641026496887207,52.499996185302734,52.499996185302734,52.499996185302734,52.499996185302734,52.499996185302734,2.4390242099761963,2.5,100,0,0,0,0,52.499996185302734,0,52.499996185302734,52.499996185302734,53.84615707397461,52.499996185302734,2.4390242099761963,0,0,53.84615707397461,53.84615707397461,53.84615707397461,52.499996185302734,2.5641026496887207,20475,15889,86089,65,47,20475,13174,84976,69,56,66718990336,8589930496,22944976896,524288
199,1790686164900,444430.7303009033,3050,0,0.21875,91737.72073364258,16133.333333333334,0,0.3999999999999999,93265.48512268066,16133.333333333334,0,0.3999999999999999,95923.63856506348,16133.333333333334,0,0.3999999999999999,98884.80583190918,16133.333333333334,0,0.3999999999999999,90493.43688964844,16133.333333333334,0,0.3999999999999999,88370.1993560791,16133.333333333334,0,0.3999999999999999,140749.98152160645,3050,0,0.21875,145751.3921661377,3050,0,0.21875,146065.07344055176,3050,0,0.21875,357683.9621582031,3050,0,0.21875,141524.83897399902,3050,0,0.21875,135666.54191589355,3050,0,0.21875,135736.17012023926,3050,0,0.21875,94565.89601135254,16133.333333333334,0,0.3999999999999999,96718.48854064941,16133.333333333334,0,0.3999999999999999,8080110.978485107,3547,5378,400,3269,400,2411,400,400,400,400,400,400,2926,400,400,400,4878,400,400,400,400,3142,400,400,400,2514,2458,400,400,400,5058,5045,7.692307949066162,0,52.499996185302734,5,0,2.5641026496887207,52.499996185302734,52.499996185302734,52.499996185302734,52.499996185302734,52.499996185302734,2.4390242099761963,2.5,100,0,0,0,0,52.499996185302734,0,52.499996185302734,52.499996185302734,53.84615707397461,52.499996185302734,2.4390242099761963,0,0,53.84615707397461,53.84615707397461,53.84615707397461,52.499996185302734,2.5641026496887207,20475,15889,86376,66,47,20475,13174,84033,67,48,66718990336,8589930496,22941483008,524288
199,1790686165100,444431.02366638184,3050,0,0.21875,91737.87664794922,16133.333333333334,0,0.3999999999999999,93265.64263916016,16133.333333333334,0,0.3999999999999999,95923.7947845459,16133.333333333334,0,0.3999999999999999,98884.96113586426,16133.333333333334,0,0.3999999999999999,90493.59434509277,16133.333333333334,0,0.3999999999999999,88370.35499572754,16133.333333333334,0,0.3999999999999999,140750.28395080566,3050,0,0.21875,145751.7461090088,3050,0,0.21875,146065.40962219238,3050,0,0.21875,357686.26594543457,3050,0,0.21875,141525.11102294922,3050,0,0.21875,135666.81623840332,3050,0,0.21875,135736.44299316406,3050,0,0.21875,94566.05206298828,16133.333333333334,0,0.3999999999999999,96718.6434173584,16133.333333333334,0,0.3999999999999999,8080131.192352295,3547,5378,400,3269,400,2411,400,400,400,400,400,400,2926,400,400,400,4878,400,400,400,400,3142,400,400,400,2514,2458,400,400,400,5058,5045,7.500000476837158,0,50,0,0,0,51.28205490112305,52.499996185302734,50,51.28205490112305,51.219512939453125,47.5,7.317072868347168,100,0,0,48.780487060546875,0,51.28205490112305,0,51.28205490112305,50,50,2.5,0,0,0,51.219512939453125,51.219512939453125,2.5,51.219512939453125,2.4390242099761963,20475,15889,86804,67,48,20475,13174,83943,68,44,66718990336,8589930496,22936518656,524288
199,1790686165300,444431.3319244385,3050,0,0.21875,91738.03396606445,16133.333333333334,0,0.3999999999999999,93265.80003356934,16133.333333333334,0,0.3999999999999999,95923.95039367676,16133.333333333334,0,0.3999999999999999,98885.11979675293,16133.333333333334,0,0.3999999999999999,90493.75178527832,16133.333333333334,0,0.3999999999999999,88370.50952148438,16133.333333333334,0,0.3999999999999999,140750.54289245605,3050,0,0.21875,145752.02210998535,3050,0,0.21875,146065.7823486328,3050,0,0.21875,357688.55419921875,3050,0,0.21875,141525.37042236328,3050,0,0.21875,135667.08351135254,3050,0,0.21875,135736.71002197266,3050,0,0.21875,94566.20756530762,16133.333333333334,0,0.3999999999999999,96718.79765319824,16133.333333333334,0,0.3999999999999999,8080151.406402588,3547,5378,400,3269,400,2411,400,400,400,400,400,400,2926,400,400,400,4878,400,400,400,400,3142,400,400,400,2514,2458,400,400,400,5058,5045,5,0,47.36842346191406,4.761904716491699,0,0,45,45,50,45,47.36842346191406,45,0,100,0,0,47.36842346191406,0,47.619049072265625,0,47.619049072265625,47.36842346191406,47.619049072265625,5.263157844543457,0,0,0,50,45,0,47.36842346191406,0,20475,15889,86656,67,48,20475,13174,84486,69,48,66718990336,8589930496,22944759808,524288
199,1790686165500,444431.6565246582,3050,0,0.2124999999999999,91738.18939208984,16133.333333333334,0,0.3999999999999999,93265.95701599121,16133.333333333334,0,0.3999999999999999,95924.10530090332,16133.333333333334,0,0.3999999999999999,98885.27830505371,16133.333333333334,0,0.3999999999999999,90493.90902709961,16133.333333333334,0,0.3999999999999999,88370.66456604004,16133.333333333334,0,0.3999999999999999,140750.8158416748,3050,0,0.2124999999999999,145752.30213928223,3050,0,0.2124999999999999,146066.1060333252,3050,0,0.2124999999999999,357690.84938049316,3050,0,0.2124999999999999,141525.62831115723,3050,0,0.2124999999999999,135667.34994506836,3050,0,0.2124999999999999,135736.9708251953,3050,0,0.2124999999999999,94566.36190795898,16133.333333333334,0,0.3999999999999999,96718.95135498047,16133.333333333334,0,0.3999999999999999,8080171.5606536865,3547,5378,400,3269,400,2411,400,400,400,400,400,400,2926,400,400,400,4878,400,400,400,400,3142,400,400,400,2514,2458,400,400,400,5058,5045,5.263157844543457,0,47.619049072265625,0,0,0,50,47.36842346191406,45,50,45,50,0,100,0,0,45,0,47.36842346191406,0,47.36842346191406,47.619049072265625,47.36842346191406,0,0,0,0,45,47.36842346191406,0,45,0,20475,15889,85726,65,46,20475,13174,85040,70,56,66718990336,8589930496,22944759808,524288
199,1790686165700,444432.0372467041,3050,0,0.21875,91738.34782409668,16133.333333333334,0,0.3999999999999999,93266.11964416504,16133.333333333334,0,0.3999999999999999,95924.28584289551,16133.333333333334,0,0.3999999999999999,98885.44396972656,16133.333333333334,0,0.3999999999999999,90494.07206726074,16133.333333333334,0,0.3999999999999999,88370.8236694336,16133.333333333334,0,0.3999999999999999,140751.10720825195,3050,0,0.21875,145752.59855651855,3050,0,0.21875,146066.5103149414,3050,0,0.21875,357693.14210510254,3050,0,0.21875,141525.9100036621,3050,0,0.21875,135667.6703338623,3050,0,0.21875,135737.28677368164,3050,0,0.21875,94566.52058410645,16133.333333333334,0,0.3999999999999999,96719.10922241211,16133.333333333334,0,0.3999999999999999,8080192.113800049,3547,5378,400,3269,400,2411,400,400,400,400,400,400,2926,400,400,400,4878,400,400,400,400,3142,400,400,400,2514,2458,400,400,400,5058,5045,22.72727394104004,0,47.36842346191406,0,9.523809432983398,0,45,47.619049072265625,50,45,47.619049072265625,45,0,100,0,0,47.619049072265625,0,47.619049072265625,0,47.619049072265625,45,47.619049072265625,14.285715103149414,0,0,0,50,47.619049072265625,0,50,0,20475,15889,85759,66,47,20475,13174,84875,69,55,66718990336,8589930496,22949687296,524288
199,1790686165900,444432.3745727539,3050,0,0.2124999999999999,91738.50555419922,48800,2,0.65625,93266.2788848877,48800,2,0.65625,95924.44311523438,48800,2,0.65625,98885.60064697266,48800,2,0.65625,90494.22966003418,48800,2,0.65625,88370.98037719727,48800,2,0.65625,140751.38928222656,3050,2,0.2124999999999999,145752.88319396973,3050,0,0.2124999999999999,146066.77745056152,3050,2,0.2124999999999999,357695.438873291,3050,0,0.2124999999999999,141526.17672729492,3050,2,0.2124999999999999,135667.94737243652,3050,2,0.2124999999999999,135737.55436706543,3050,2,0.2124999999999999,94566.67835998535,48800,2,0.65625,96719.26516723633,48800,2,0.65625,8080212.352233887,3547,5378,400,3269,400,2411,400,400,400,400,400,400,2926,400,400,400,4878,400,400,400,400,3142,400,400,400,2514,2458,400,400,400,5058,5045,15.000000953674316,4.761904716491699,47.619049072265625,0,0,0,50,47.36842346191406,45,50,47.36842346191406,45,0,100,0,0,21.052631378173828,0,47.36842346191406,0,47.36842346191406,50,47.36842346191406,5,0,0,4.761904716491699,45,47.36842346191406,25,47.619049072265625,0,20475,15889,86836,67,47,20475,13174,84293,68,45,66718990336,8589930496,22944808960,524288
199,1790686166100,444432.73567199707,3050,0,0.2124999999999999,91738.68620300293,16133.333333333334,2,0.4125000000000001,93266.45779418945,16133.333333333334,0,0.4125000000000001,95924.66133117676,16133.333333333334,0,0.4125000000000001,98885.77749633789,16133.333333333334,2,0.4125000000000001,90494.40249633789,16133.333333333334,0,0.4125000000000001,88371.15530395508,16133.333333333334,0,0.4125000000000001,140751.68537902832,3050,2,0.2124999999999999,145753.19204711914,3050,0,0.2124999999999999,146067.06169128418,3050,2,0.2124999999999999,357697.7196960449,3050,0,0.2124999999999999,141526.46617126465,3050,0,0.2124999999999999,135668.24281311035,3050,0,0.2124999999999999,135737.84063720703,3050,2,0.2124999999999999,94566.85241699219,16133.333333333334,0,0.4125000000000001,96719.44416809082,16133.333333333334,0,0.4125000000000001,8080233.03326416,3547,5378,400,3269,400,2411,400,400,400,400,400,400,2926,400,400,400,4878,400,400,400,400,3142,400,400,400,2514,2458,400,400,400,5058,5045,15.000000953674316,4.761904716491699,47.619049072265625,0,0,0,50,47.36842346191406,45,50,47.36842346191406,45,0,100,0,0,21.052631378173828,0,47.36842346191406,0,47.36842346191406,50,47.36842346191406,5,0,0,4.761904716491699,45,47.36842346191406,25,47.619049072265625,0,20475,15889,86848,67,48,20475,13174,84415,68,44,66718990336,8589930496,22971387904,524288
199,1790686166300,444433.1204986572,3050,0,0.20625000000000004,91738.87600708008,16133.333333333334,0,0.5875,93266.6646118164,16133.333333333334,2,0.5875,95924.89596557617,16133.333333333334,2,0.5875,98886.02920532227,16133.333333333334,0,0.5875,90494.60032653809,16133.333333333334,2,0.5875,88371.37092590332,16133.333333333334,2,0.5875,140752.02046203613,3050,2,0.20625000000000004,145753.56387329102,3050,0,0.20625000000000004,146067.37442016602,3050,0,0.20625000000000004,357700.0089111328,3050,0,0.20625000000000004,141526.80171203613,3050,2,0.20625000000000004,135668.57954406738,3050,2,0.20625000000000004,135738.15365600586,3050,2,0.20625000000000004,94567.03471374512,16133.333333333334,2,0.5875,96719.6516418457,16133.333333333334,2,0.5875,8080254.53112793,3547,5378,400,3269,400,2411,400,400,400,400,400,400,2926,400,400,400,4878,400,400,400,400,3142,400,400,400,2514,2458,400,400,400,5058,5045,12.820513725280762,27.5,38.46154022216797,0,5,7.500000476837158,52.499996185302734,48.780487060546875,53.84615707397461,29.268291473388672,53.658538818359375,7.500000476837158,2.5,100,2.4390242099761963,27.5,7.317072868347168,0,53.658538818359375,17.5,52.499996185302734,52.499996185302734,52.499996185302734,47.5,0,0,0,47.5,34.14634323120117,47.5,53.84615707397461,0,20475,15889,86431,67,47,20475,13174,85236,70,52,66718990336,8589930496,22948061184,524288
199,1790686166500,444433.4889984131,3050,0,0.20625000000000004,91739.04731750488,48800,2,0.60625,93266.8383178711,48800,2,0.60625,95925.06736755371,48800,2,0.60625,98886.20153808594,48800,2,0.60625,90494.77085876465,48800,2,0.60625,88371.60432434082,48800,2,0.60625,140752.32244873047,3050,2,0.20625000000000004,145753.86358642578,3050,0,0.20625000000000004,146067.65864562988,3050,2,0.20625000000000004,357702.2879180908,3050,0,0.20625000000000004,141527.17987060547,3050,2,0.20625000000000004,135668.8758392334,3050,2,0.20625000000000004,135738.44036865234,3050,2,0.20625000000000004,94567.20530700684,48800,2,0.60625,96719.82168579102,48800,2,0.60625,8080275.118362427,3547,5378,400,3269,400,2411,400,400,400,400,400,400,2926,400,400,400,4878,400,400,400,400,3142,400,400,400,2514,2458,400,400,400,5058,5045,10,52.6315803527832,0,0,0,0,50,52.6315803527832,52.38095474243164,0,52.6315803527832,0,0,100,0,52.38095474243164,0,0,50,55,52.38095474243164,52.6315803527832,52.38095474243164,50,0,0,0,50,0,55,50,0,20475,15889,86054,65,48,20475,13174,85190,69,57,66718990336,8589930496,22948061184,524288
199,1790686166700,444433.8762359619,3050,2,0.2124999999999999,91739.21867370605,48800,2,0.93125,93267.01219177246,48800,2,0.93125,95925.23825073242,48800,2,0.93125,98886.37214660645,48800,2,0.93125,90494.94160461426,48800,2,0.93125,88371.8381652832,48800,2,0.93125,140752.62030029297,3050,2,0.2124999999999999,145754.16751098633,3050,2,0.2124999999999999,146067.94094848633,3050,2,0.2124999999999999,357704.56591796875,3050,0,0.2124999999999999,141527.551071167,3050,2,0.2124999999999999,135669.16607666016,3050,2,0.2124999999999999,135738.72456359863,3050,2,0.2124999999999999,94567.37620544434,48800,2,0.93125,96719.99189758301,48800,2,0.93125,8080295.823501587,3547,5378,400,3269,400,2411,400,400,400,400,400,400,2926,400,400,400,4878,400,400,400,400,3142,400,400,400,2514,2458,400,400,400,5058,5045,10.526315689086914,52.38095474243164,0,0,50,0,55,52.38095474243164,52.6315803527832,0,52.38095474243164,0,0,100,0,52.6315803527832,0,0,55,50,55,4.761904716491699,52.6315803527832,55,0,0,0,55,0,52.38095474243164,55,0,20475,15889,86439,66,47,20475,13174,84527,68,52,66718990336,8589930496,22948061184,524288
199,1790686166900,444434.26194763184,3050,0,0.21875,91739.37942504883,16133.333333333334,0,0.3999999999999999,93267.17565917969,16133.333333333334,0,0.3999999999999999,95925.40106201172,16133.333333333334,0,0.3999999999999999,98886.53189086914,16133.333333333334,0,0.3999999999999999,90495.10168457031,16133.333333333334,0,0.3999999999999999,88372.05693054199,16133.333333333334,0,0.3999999999999999,140752.89476013184,3050,0,0.21875,145754.45205688477,3050,0,0.21875,146068.21418762207,3050,0,0.21875,357706.8457183838,3050,0,0.21875,141527.9069519043,3050,0,0.21875,135669.44276428223,3050,0,0.21875,135738.9980621338,3050,0,0.21875,94567.53663635254,16133.333333333334,0,0.3999999999999999,96720.15151977539,16133.333333333334,0,0.3999999999999999,8080316.136367798,3547,5378,400,3269,400,2411,400,400,400,400,400,400,2926,400,400,400,4878,400,400,400,400,3142,400,400,400,2514,2458,400,400,400,5058,5045,10.526315689086914,52.38095474243164,0,0,50,0,55,52.38095474243164,52.6315803527832,0,52.38095474243164,0,0,100,0,52.6315803527832,0,0,55,50,55,4.761904716491699,52.6315803527832,55,0,0,0,55,0,52.38095474243164,55,0,20475,15889,86952,68,47,20475,13174,84257,68,44,66718990336,8589930496,22941278208,524288
199,1790686167100,444434.6186981201,3050,0,0.21875,91739.53346252441,16133.333333333334,0,0.3999999999999999,93267.33193969727,16133.333333333334,0,0.3999999999999999,95925.55484008789,16133.333333333334,0,0.3999999999999999,98886.6851196289,16133.333333333334,0,0.3999999999999999,90495.25492858887,16133.333333333334,0,0.3999999999999999,88372.26644897461,16133.333333333334,0,0.3999999999999999,140753.1686553955,3050,0,0.21875,145754.72540283203,3050,0,0.21875,146068.48289489746,3050,0,0.21875,357709.13160705566,3050,0,0.21875,141528.24713134766,3050,0,0.21875,135669.70794677734,3050,0,0.21875,135739.26124572754,3050,0,0.21875,94567.6900177002,16133.333333333334,0,0.3999999999999999,96720.30429077148,16133.333333333334,0,0.3999999999999999,8080336.402175903,3547,5378,400,3269,400,2411,400,400,400,400,400,400,2926,400,400,400,4878,400,400,400,400,3142,400,400,400,2514,2458,400,400,400,5058,5045,15.000000953674316,48.71794891357422,0,0,48.71794891357422,0,47.5,48.71794891357422,48.780487060546875,0,48.71794891357422,0,0,100,0,48.780487060546875,0,0,47.5,50,47.5,0,48.780487060546875,47.5,0,0,0,47.5,0,48.71794891357422,47.5,0,20475,15889,86953,67,47,20475,13174,84576,68,46,66718990336,8589930496,22931013632,524288
199,1790686167300,444434.9599456787,3050,0,0.21875,91739.69561767578,16133.333333333334,0,0.3999999999999999,93267.48776245117,16133.333333333334,0,0.3999999999999999,95925.7096862793,16133.333333333334,0,0.3999999999999999,98886.89546203613,16133.333333333334,0,0.3999999999999999,90495.4221496582,16133.333333333334,0,0.3999999999999999,88372.48637390137,16133.333333333334,0,0.3999999999999999,140753.435256958,3050,0,0.21875,145755.0005493164,3050,0,0.21875,146068.74899291992,3050,0,0.21875,357711.41247558594,3050,0,0.21875,141528.58380126953,3050,0,0.21875,135669.9705810547,3050,0,0.21875,135739.5188140869,3050,0,0.21875,94567.86198425293,16133.333333333334,0,0.3999999999999999,96720.484375,16133.333333333334,0,0.3999999999999999,8080356.873718262,3547,5378,400,3269,400,2411,400,400,400,400,400,400,2926,400,400,400,4878,400,400,400,400,3142,400,400,400,2514,2458,400,400,400,5058,5045,10,47.619049072265625,0,0,45,15.789472579956055,50,47.619049072265625,45,0,47.619049072265625,0,0,100,0,45,0,0,47.36842346191406,45,47.36842346191406,0,47.36842346191406,47.619049072265625,0,0,0,50,0,45,50,5,20475,15889,86033,65,45,20475,13174,85141,70,55,66718990336,8589930496,22908747776,524288
199,1790686167500,444435.2834472656,3050,0,0.21875,91739.85093688965,16133.333333333334,0,0.3999999999999999,93267.64231872559,16133.333333333334,0,0.3999999999999999,95925.8671875,16133.333333333334,0,0.3999999999999999,98887.05009460449,16133.333333333334,0,0.3999999999999999,90495.57974243164,16133.333333333334,0,0.3999999999999999,88372.69758605957,16133.333333333334,0,0.3999999999999999,140753.70739746094,3050,0,0.21875,145755.2759552002,3050,0,0.21875,146069.01293945313,3050,0,0.21875,357713.6943359375,3050,0,0.21875,141528.92553710938,3050,0,0.21875,135670.23866271973,3050,0,0.21875,135739.77893066406,3050,0,0.21875,94568.01657104492,16133.333333333334,0,0.3999999999999999,96720.63891601563,16133.333333333334,0,0.3999999999999999,8080377.089859009,3547,5378,400,3269,400,2411,400,400,400,400,400,400,2926,400,400,400,4878,400,400,400,400,3142,400,400,400,2514,2458,400,400,400,5058,5045,10,47.36842346191406,0,0,50,0,45,45,50,0,47.36842346191406,0,0,100,0,47.36842346191406,0,0,47.619049072265625,50,47.619049072265625,0,47.619049072265625,47.36842346191406,0,0,0,45,0,47.619049072265625,45,0,20475,15889,85960,66,47,20475,13174,85028,69,56,66718990336,8589930496,22908563456,524288
199,1790686167700,444435.6164550781,3050,2,0.2124999999999999,91740.00715637207,48800,2,0.65,93267.79754638672,48800,2,0.65,95926.02633666992,48800,2,0.65,98887.20532226563,48800,2,0.65,90495.73921203613,48800,2,0.65,88372.91276550293,48800,2,0.65,140753.98057556152,3050,2,0.2124999999999999,145755.55865478516,3050,2,0.2124999999999999,146069.27925109863,3050,2,0.2124999999999999,357715.98823547363,3050,0,0.2124999999999999,141529.27030944824,3050,2,0.2124999999999999,135670.50831604004,3050,2,0.2124999999999999,135740.04592895508,3050,2,0.2124999999999999,94568.17234802246,48800,2,0.65,96720.79409790039,48800,2,0.65,8080397.441040039,3547,5378,400,3269,400,2411,400,400,400,400,400,400,2926,400,400,400,4878,400,400,400,400,3142,400,400,400,2514,2458,400,400,400,5058,5045,15.000000953674316,47.619049072265625,0,0,45,0,47.619049072265625,50,45,0,45,0,0,100,0,47.619049072265625,0,0,47.36842346191406,45,47.36842346191406,0,47.36842346191406,47.619049072265625,0,0,0,47.36842346191406,0,47.36842346191406,47.619049072265625,0,20475,15889,86772,66,47,20475,13174,84197,68,46,66718990336,8589930496,22908559360,524288
199,1790686167900,444435.9501647949,3050,2,0.20625000000000004,91740.17924499512,48800,2,0.925,93267.9681854248,48800,2,0.925,95926.20133972168,48800,2,0.925,98887.37567138672,48800,2,0.925,90495.91325378418,48800,2,0.925,88373.14610290527,48800,2,0.925,140754.33543395996,3050,2,0.20625000000000004,145755.86457824707,3050,0,0.20625000000000004,146069.60134887695,3050,2,0.20625000000000004,357718.2723083496,3050,0,0.20625000000000004,141529.64715576172,3050,0,0.20625000000000004,135670.71534729004,3050,0,0.20625000000000004,135740.3341369629,3050,2,0.20625000000000004,94568.34196472168,48800,2,0.925,96720.9644165039,48800,2,0.925,8080417.977111816,3547,5378,400,3269,400,2411,400,400,400,400,400,400,2926,400,400,400,4878,400,400,400,400,3142,400,400,400,2514,2458,400,400,400,5058,5045,10,52.6315803527832,0,25,55,0,52.6315803527832,50,55,0,55,52.6315803527832,0,100,0,0,0,0,52.38095474243164,55,28.571430206298828,0,52.38095474243164,21.052631378173828,0,0,0,52.38095474243164,33.333335876464844,52.38095474243164,52.6315803527832,0,20475,15889,86899,67,48,20475,13174,84246,68,44,66718990336,8589930496,22891753472,524288
199,1790686168101,444436.24949645996,3050,2,0.20625000000000004,91740.35401916504,48800,2,0.56875,93268.14059448242,48800,2,0.56875,95926.37797546387,48800,2,0.56875,98887.54737854004,48800,2,0.56875,90496.08842468262,48800,2,0.93125,88373.38551330566,16133.333333333334,2,0.93125,140754.70429992676,3050,0,0.20625000000000004,145756.17031860352,3050,2,0.20625000000000004,146069.88891601563,3050,2,0.20625000000000004,357720.5588378906,3050,0,0.20625000000000004,141530.03184509277,3050,2,0.20625000000000004,135671.04064941406,3050,2,0.20625000000000004,135740.63511657715,3050,0,0.20625000000000004,94568.51443481445,48800,2,0.56875,96721.13674926758,48800,2,0.56875,8080438.712005615,3547,5378,400,3269,400,2411,400,400,400,400,400,400,2926,400,400,400,4878,400,400,400,400,3142,400,400,400,2514,2458,400,400,400,5058,5045,0,5,0,55,50,0,55,55,50,52.38095474243164,52.38095474243164,52.38095474243164,0,100,0,0,5,0,55,50,0,0,52.6315803527832,0,0,0,0,55,52.6315803527832,52.6315803527832,52.38095474243164,0,20475,15889,86453,67,48,20475,13174,85054,71,53,66718990336,8589930496,22897004544,524288
199,1790686168300,444436.54846191406,3050,2,0.20625000000000004,91740.53033447266,16133.333333333334,2,0.40625,93268.3143157959,16133.333333333334,2,0.40625,95926.57763671875,16133.333333333334,0,0.40625,98887.74104309082,16133.333333333334,0,0.40625,90496.26388549805,16133.333333333334,2,0.40625,88373.62608337402,16133.333333333334,2,0.40625,140755.0895690918,3050,2,0.20625000000000004,145756.47637939453,3050,2,0.20625000000000004,146070.24755859375,3050,0,0.20625000000000004,357722.8191833496,3050,0,0.20625000000000004,141530.40879821777,3050,2,0.20625000000000004,135671.33549499512,3050,2,0.20625000000000004,135740.92098999023,3050,2,0.20625000000000004,94568.69177246094,16133.333333333334,2,0.40625,96721.32260131836,16133.333333333334,2,0.40625,8080459.447311401,3547,5378,400,3269,400,2411,400,400,400,400,400,400,2926,400,400,400,4878,400,400,400,400,3142,400,400,400,2514,2458,400,400,400,5058,5045,0,5,0,55,50,0,55,55,50,52.38095474243164,52.38095474243164,52.38095474243164,0,100,0,0,5,0,55,50,0,0,52.6315803527832,0,0,0,0,55,52.6315803527832,52.6315803527832,52.38095474243164,0,20475,15889,85855,65,47,20475,13174,85217,70,55,66718990336,8589930496,22938263552,524288
199,1790686168501,444436.9454803467,3050,2,0.20625000000000004,91740.7056274414,48800,2,0.925,93268.48747253418,48800,2,0.925,95926.75932312012,48800,2,0.925,98887.95323181152,48800,2,0.925,90496.44612121582,48800,2,0.925,88373.86853027344,48800,2,0.925,140755.47483825684,3050,2,0.20625000000000004,145756.78953552246,3050,0,0.20625000000000004,146070.60760498047,3050,0,0.20625000000000004,357725.10330200195,3050,0,0.20625000000000004,141530.7829437256,3050,0,0.20625000000000004,135671.62675476074,3050,2,0.20625000000000004,135741.20783996582,3050,2,0.20625000000000004,94568.87063598633,48800,2,0.925,96721.52378845215,48800,2,0.925,8080480.538208008,3547,5378,400,3269,400,2411,400,400,400,400,400,400,2926,400,400,400,4878,400,400,400,400,3142,400,400,400,2514,2458,400,400,400,5058,5045,7.692307949066162,0,0,52.499996185302734,56.09756088256836,4.878048419952393,52.499996185302734,52.499996185302734,55,53.84615707397461,52.499996185302734,52.499996185302734,0,100,0,48.71794891357422,0,0,52.499996185302734,52.499996185302734,0,0,53.658538818359375,10,0,0,0,52.499996185302734,5,53.658538818359375,55,2.5,20475,15889,86260,66,47,20475,13174,84567,68,50,66718990336,8589930496,22938263552,524288
199,1790686168701,444437.24757385254,3050,0,0.21875,91740.86904907227,16133.333333333334,0,0.3999999999999999,93268.65344238281,16133.333333333334,0,0.3999999999999999,95926.92250061035,16133.333333333334,0,0.3999999999999999,98888.11553955078,16133.333333333334,0,0.3999999999999999,90496.60885620117,16133.333333333334,0,0.3999999999999999,88374.09436035156,16133.333333333334,0,0.3999999999999999,140755.82592773438,3050,0,0.21875,145757.09756469727,3050,0,0.21875,146070.97805786133,3050,0,0.21875,357727.3787689209,3050,0,0.21875,141531.13780212402,3050,0,0.21875,135671.90341186523,3050,0,0.21875,135741.47605895996,3050,0,0.21875,94569.03335571289,16133.333333333334,0,0.3999999999999999,96721.68649291992,16133.333333333334,0,0.3999999999999999,8080500.849182129,3547,5378,400,3269,400,2411,400,400,400,400,400,400,2926,400,400,400,4878,400,400,400,400,3142,400,400,400,2514,2458,400,400,400,5058,5045,7.692307949066162,0,0,52.499996185302734,56.09756088256836,4.878048419952393,52.499996185302734,52.499996185302734,55,53.84615707397461,52.499996185302734,52.499996185302734,0,100,0,48.71794891357422,0,0,52.499996185302734,52.499996185302734,0,0,53.658538818359375,10,0,0,0,52.499996185302734,5,53.658538818359375,55,2.5,20475,15889,86945,68,48,20475,13174,84250,68,46,66718990336,8589930496,22920138752,524288
199,1790686168901,444437.6081390381,3050,0,0.21875,91741.02210998535,16133.333333333334,0,0.3999999999999999,93268.80592346191,16133.333333333334,0,0.3999999999999999,95927.07586669922,16133.333333333334,0,0.3999999999999999,98888.26809692383,16133.333333333334,0,0.3999999999999999,90496.76170349121,16133.333333333334,0,0.3999999999999999,88374.30540466309,16133.333333333334,0,0.3999999999999999,140756.1836090088,3050,0,0.21875,145757.38613891602,3050,0,0.21875,146071.23738098145,3050,0,0.21875,357729.6764831543,3050,0,0.21875,141531.48207092285,3050,0,0.21875,135672.1727294922,3050,0,0.21875,135741.73735046387,3050,0,0.21875,94569.18603515625,16133.333333333334,0,0.3999999999999999,96721.83874511719,16133.333333333334,0,0.3999999999999999,8080521.05909729,3547,5378,400,3269,400,2411,400,400,400,400,400,400,2926,400,400,400,4878,400,400,400,400,3142,400,400,400,2514,2458,400,400,400,5058,5045,9.756096839904785,0,0,47.5,48.71794891357422,0,48.780487060546875,48.780487060546875,47.5,47.5,48.71794891357422,50,2.4390242099761963,100,0,50,17.5,0,47.5,50,0,0,47.5,9.756096839904785,0,0,0,47.5,0,30.76923179626465,47.5,0,20475,15889,86926,67,48,20475,13174,84624,69,47,66718990336,8589930496,22917308416,524288
199,1790686169101,444437.94844055176,3050,0,0.21875,91741.17376708984,16133.333333333334,0,0.3999999999999999,93268.95651245117,16133.333333333334,0,0.3999999999999999,95927.22756958008,16133.333333333334,0,0.3999999999999999,98888.41883850098,16133.333333333334,0,0.3999999999999999,90496.91250610352,16133.333333333334,0,0.3999999999999999,88374.51426696777,16133.333333333334,0,0.3999999999999999,140756.535446167,3050,0,0.21875,145757.66938781738,3050,0,0.21875,146071.5,3050,0,0.21875,357731.96000671387,3050,0,0.21875,141531.81777954102,3050,0,0.21875,135672.4387512207,3050,0,0.21875,135741.9812927246,3050,0,0.21875,94569.33772277832,16133.333333333334,0,0.3999999999999999,96721.98931884766,16133.333333333334,0,0.3999999999999999,8080541.1633758545,3547,5378,400,3269,400,2411,400,400,400,400,400,400,2926,400,400,400,4878,400,400,400,400,3142,400,400,400,2514,2458,400,400,400,5058,5045,5.263157844543457,5,0,50,47.619049072265625,0,47.36842346191406,47.36842346191406,45,47.619049072265625,47.619049072265625,45,0,100,0,35,35,0,50,45,0,0,47.36842346191406,0,0,0,0,50,14.285715103149414,9.523809432983398,47.619049072265625,0,20475,15889,85917,65,45,20475,13174,85249,70,55,66718990336,8589930496,22917046272,524288
199,1790686169301,444438.2750091553,3050,0,0.21875,91741.32717895508,16133.333333333334,0,0.3999999999999999,93269.10969543457,16133.333333333334,0,0.3999999999999999,95927.38131713867,16133.333333333334,0,0.3999999999999999,98888.57177734375,16133.333333333334,0,0.3999999999999999,90497.06634521484,16133.333333333334,0,0.3999999999999999,88374.7262878418,16133.333333333334,0,0.3999999999999999,140756.8853302002,3050,0,0.21875,145757.95114135742,3050,0,0.21875,146071.76219177246,3050,0,0.21875,357734.2446594238,3050,0,0.21875,141532.16104125977,3050,0,0.21875,135672.70457458496,3050,0,0.21875,135742.23886108398,3050,0,0.21875,94569.49102783203,16133.333333333334,0,0.3999999999999999,96722.14236450195,16133.333333333334,0,0.3999999999999999,8080561.361816406,3547,5378,400,3269,400,2411,400,400,400,400,400,400,2926,400,400,400,4878,400,400,400,400,3142,400,400,400,2514,2458,400,400,400,5058,5045,14.285715103149414,0,0,45,45,0,45,45,50,47.36842346191406,47.36842346191406,50,0,100,10,5,0,0,45,47.619049072265625,0,0,47.619049072265625,0,0,0,0,35,42.105262756347656,50,47.36842346191406,0,20475,15889,85882,66,47,20475,13174,85069,69,55,66718990336,8589930496,22917046272,524288
199,1790686169501,444438.6422729492,3050,0,0.2124999999999999,91741.49311828613,16133.333333333334,0,0.63125,93269.26829528809,16133.333333333334,0,0.63125,95927.53877258301,16133.333333333334,0,0.63125,98888.77238464355,16133.333333333334,0,0.63125,90497.23310852051,16133.333333333334,0,0.63125,88374.94374084473,16133.333333333334,0,0.63125,140757.2497253418,3050,0,0.2124999999999999,145758.23390197754,3050,0,0.2124999999999999,146072.03385925293,3050,0,0.2124999999999999,357736.53367614746,3050,0,0.2124999999999999,141532.50596618652,3050,0,0.2124999999999999,135672.97256469727,3050,0,0.2124999999999999,135742.49786376953,3050,0,0.2124999999999999,94569.6556854248,16133.333333333334,0,0.63125,96722.32968139648,16133.333333333334,0,0.63125,8080582.020690918,3547,5378,400,3269,400,2411,400,400,400,400,400,400,2926,400,400,400,4878,400,400,400,400,3142,400,400,400,2514,2458,400,400,400,5058,5045,15.789472579956055,0,0,50,47.36842346191406,10.526315689086914,50,50,45,47.619049072265625,47.619049072265625,45,0,100,47.36842346191406,47.36842346191406,0,0,52.38095474243164,47.36842346191406,0,0,47.36842346191406,0,0,0,0,0,0,45,47.619049072265625,0,20475,15889,86813,66,47,20475,13174,84157,68,45,66718990336,8589930496,22918004736,524288
199,1790686169701,444439.00535583496,3050,0,0.20625000000000004,91741.66583251953,48800,2,0.925,93269.44331359863,48800,2,0.925,95927.71221923828,48800,2,0.925,98888.9443359375,48800,2,0.925,90497.40510559082,48800,2,0.925,88375.18255615234,48800,2,0.925,140757.63681030273,3050,2,0.20625000000000004,145758.54580688477,3050,0,0.20625000000000004,146072.32550048828,3050,2,0.20625000000000004,357738.8257904053,3050,0,0.20625000000000004,141532.8887939453,3050,2,0.20625000000000004,135673.26916503906,3050,2,0.20625000000000004,135742.78477478027,3050,0,0.20625000000000004,94569.82786560059,48800,2,0.925,96722.50451660156,48800,2,0.925,8080602.7088012695,3547,5378,400,3269,400,2411,400,400,400,400,400,400,2926,400,400,400,4878,400,400,400,400,3142,400,400,400,2514,2458,400,400,400,5058,5045,15.789472579956055,0,0,50,47.36842346191406,10.526315689086914,50,50,45,47.619049072265625,47.619049072265625,45,0,100,47.36842346191406,47.36842346191406,0,0,52.38095474243164,47.36842346191406,0,0,47.36842346191406,0,0,0,0,0,0,45,47.619049072265625,0,20475,15889,86916,68,48,20475,13174,84203,68,44,66718990336,8589930496,22918000640,524288
199,1790686169901,444439.35748291016,3050,0,0.20625000000000004,91741.8370513916,48800,2,0.93125,93269.61782836914,48800,2,0.93125,95927.88357543945,48800,2,0.93125,98889.11529541016,48800,2,0.93125,90497.5754699707,48800,2,0.93125,88375.41893005371,48800,2,0.93125,140758.01524353027,3050,2,0.20625000000000004,145758.91804504395,3050,0,0.20625000000000004,146072.6138458252,3050,2,0.20625000000000004,357741.1117553711,3050,0,0.20625000000000004,141533.2646331787,3050,2,0.20625000000000004,135673.56187438965,3050,2,0.20625000000000004,135743.0694885254,3050,2,0.20625000000000004,94569.99851989746,48800,2,0.93125,96722.67874145508,48800,2,0.93125,8080623.335571289,3547,5378,400,3269,400,2411,400,400,400,400,400,400,2926,400,400,400,4878,400,400,400,400,3142,400,400,400,2514,2458,400,400,400,5058,5045,5.263157844543457,0,0,55,52.6315803527832,0,55,55,50,52.38095474243164,55,52.38095474243164,0,100,52.6315803527832,52.6315803527832,0,0,52.38095474243164,52.6315803527832,0,0,52.6315803527832,0,0,0,0,0,0,52.38095474243164,52.38095474243164,0,20475,15889,86384,67,48,20475,13174,85067,71,52,66718990336,8589930496,22915641344,524288
200,1790686170101,444439.7236175537,3050,0,0.20625000000000004,91742.00791931152,48800,2,0.925,93269.791015625,48800,2,0.925,95928.05595397949,48800,2,0.925,98889.28634643555,48800,2,0.925,90497.74584960938,48800,2,0.925,88375.65475463867,48800,2,0.925,140758.38859558105,3050,2,0.20625000000000004,145759.29150390625,3050,0,0.20625000000000004,146072.90036010742,3050,2,0.20625000000000004,357743.39462280273,3050,0,0.20625000000000004,141533.63764953613,3050,2,0.20625000000000004,135673.853225708,3050,2,0.20625000000000004,135743.35237121582,3050,2,0.20625000000000004,94570.16903686523,48800,2,0.925,96722.85186767578,48800,2,0.925,8080643.980056763,3547,5378,400,3269,400,2411,400,400,400,400,400,400,2926,400,400,400,4878,400,400,400,400,3142,400,400,400,2514,2458,400,400,400,5058,5045,10,0,0,50,55,0,52.38095474243164,52.38095474243164,55,52.6315803527832,52.6315803527832,55,0,100,52.38095474243164,52.38095474243164,0,0,52.6315803527832,55,4.761904716491699,0,52.38095474243164,0,0,0,0,0,0,55,52.6315803527832,0,20475,15889,85840,65,47,20475,13174,85174,70,56,66718990336,8589930496,22916902912,524288
25,1790686170301,444439.9279022217,48800,2,1.14375,91742.01647949219,48800,2,1.14375,93269.7985534668,48800,2,1.14375,95928.06576538086,48800,2,1.14375,98889.29527282715,48800,2,1.14375,90497.75570678711,48800,2,1.14375,88375.66342163086,48800,2,1.14375,140758.42539978027,48800,2,1.14375,145759.35995483398,48800,2,1.14375,146072.93240356445,48800,2,1.14375,357743.8229980469,48800,2,1.14375,141533.66842651367,48800,2,1.14375,135673.88436889648,48800,2,1.14375,135743.37907409668,48800,2,1.14375,94570.17671203613,48800,2,1.14375,96722.85989379883,48800,2,1.14375,8080657.169952393,3547,5378,400,3269,400,2411,400,400,400,400,400,400,2926,400,400,400,4878,400,400,400,400,3142,400,400,400,2514,2458,400,400,400,5058,5045,27.272727966308594,0,0,0,0,0,4.761904716491699,4.761904716491699,0,0,4.761904716491699,4.761904716491699,0,15.789472579956055,0,0,0,0,0,0,0,0,0,0,0,0,0,0,0,0,0,0,20475,15889,79798,64,0,20475,13174,78434,66,0,66718990336,8589930496,22889873408,524288
