Delta,Time,CORE0_ENERGY (J),CORE0_FREQ (MHZ),CORE0_PSTATE,CORE0_VOLT (V),CORE10_ENERGY (J),CORE10_FREQ (MHZ),CORE10_PSTATE,CORE10_VOLT (V),CORE11_ENERGY (J),CORE11_FREQ (MHZ),CORE11_PSTATE,CORE11_VOLT (V),CORE12_ENERGY (J),CORE12_FREQ (MHZ),CORE12_PSTATE,CORE12_VOLT (V),CORE13_ENERGY (J),CORE13_FREQ (MHZ),CORE13_PSTATE,CORE13_VOLT (V),CORE14_ENERGY (J),CORE14_FREQ (MHZ),CORE14_PSTATE,CORE14_VOLT (V),CORE15_ENERGY (J),CORE15_FREQ (MHZ),CORE15_PSTATE,CORE15_VOLT (V),CORE1_ENERGY (J),CORE1_FREQ (MHZ),CORE1_PSTATE,CORE1_VOLT (V),CORE2_ENERGY (J),CORE2_FREQ (MHZ),CORE2_PSTATE,CORE2_VOLT (V),CORE3_ENERGY (J),CORE3_FREQ (MHZ),CORE3_PSTATE,CORE3_VOLT (V),CORE4_ENERGY (J),CORE4_FREQ (MHZ),CORE4_PSTATE,CORE4_VOLT (V),CORE5_ENERGY (J),CORE5_FREQ (MHZ),CORE5_PSTATE,CORE5_VOLT (V),CORE6_ENERGY (J),CORE6_FREQ (MHZ),CORE6_PSTATE,CORE6_VOLT (V),CORE7_ENERGY (J),CORE7_FREQ (MHZ),CORE7_PSTATE,CORE7_VOLT (V),CORE8_ENERGY (J),CORE8_FREQ (MHZ),CORE8_PSTATE,CORE8_VOLT (V),CORE9_ENERGY (J),CORE9_FREQ (MHZ),CORE9_PSTATE,CORE9_VOLT (V),CPU_ENERGY (J),CPU_FREQUENCY_0,CPU_FREQUENCY_1,CPU_FREQUENCY_10,CPU_FREQUENCY_11,CPU_FREQUENCY_12,CPU_FREQUENCY_13,CPU_FREQUENCY_14,CPU_FREQUENCY_15,CPU_FREQUENCY_16,CPU_FREQUENCY_17,CPU_FREQUENCY_18,CPU_FREQUENCY_19,CPU_FREQUENCY_2,CPU_FREQUENCY_20,CPU_FREQUENCY_21,CPU_FREQUENCY_22,CPU_FREQUENCY_23,CPU_FREQUENCY_24,CPU_FREQUENCY_25,CPU_FREQUENCY_26,CPU_FREQUENCY_27,CPU_FREQUENCY_28,CPU_FREQUENCY_29,CPU_FREQUENCY_3,CPU_FREQUENCY_30,CPU_FREQUENCY_31,CPU_FREQUENCY_4,CPU_FREQUENCY_5,CPU_FREQUENCY_6,CPU_FREQUENCY_7,CPU_FREQUENCY_8,CPU_FREQUENCY_9,CPU_USAGE_0,CPU_USAGE_1,CPU_USAGE_10,CPU_USAGE_11,CPU_USAGE_12,CPU_USAGE_13,CPU_USAGE_14,CPU_USAGE_15,CPU_USAGE_16,CPU_USAGE_17,CPU_USAGE_18,CPU_USAGE_19,CPU_USAGE_2,CPU_USAGE_20,CPU_USAGE_21,CPU_USAGE_22,CPU_USAGE_23,CPU_USAGE_24,CPU_USAGE_25,CPU_USAGE_26,CPU_USAGE_27,CPU_USAGE_28,CPU_USAGE_29,CPU_USAGE_3,CPU_USAGE_30,CPU_USAGE_31,CPU_USAGE_4,CPU_USAGE_5,CPU_USAGE_6,CPU_USAGE_7,CPU_USAGE_8,CPU_USAGE_9,GPU0_MEMORY_TOTAL,GPU0_MEMORY_USED,GPU0_POWER (mWatts),GPU0_TEMPERATURE,GPU0_USAGE,GPU1_MEMORY_TOTAL,GPU1_MEMORY_USED,GPU1_POWER (mWatts),GPU1_TEMPERATURE,GPU1_USAGE,TOTAL_MEMORY,TOTAL_SWAP,USED_MEMORY,USED_SWAP
0,1791346835803,968503.6472320557,3050,0,0.30000000000000004,98041.98908996582,48800,2,0.93125,97177.77491760254,48800,2,0.93125,98503.0728302002,48800,2,0.93125,107807.96997070313,48800,2,0.93125,97465.89576721191,48800,2,0.93125,104779.53665161133,16133.333333333334,2,0.925,167671.1711578369,3050,2,0.30000000000000004,169554.18312072754,3050,2,0.30000000000000004,166950.16110229492,3050,2,0.30000000000000004,366444.6265106201,3050,2,0.30000000000000004,160093.02101135254,3050,2,0.30000000000000004,158836.14471435547,3050,2,0.30000000000000004,154255.92111206055,3050,2,0.30000000000000004,100536.70983886719,48800,2,0.93125,102350.41567993164,48800,2,0.93125,12569860.536560059,5387,400,4371,2904,3306,2503,2507,400,5397,5394,400,3236,400,400,400,400,400,2889,400,400,400,400,400,4867,400,2493,2522,400,3254,400,400,400,0,0,0,3.7037036418914795,0,0,0,0,3.7037036418914795,0,0,3.7037036418914795,0,0,0,0,0,3.7037036418914795,0,0,0,0,0,0,3.846153974533081,3.7037036418914795,0,0,0,0,0,0,20475,15905,8825,49,0,20475,13200,12165,50,0,66718994432,8589930496,32775729152,524288
200,1791346835803,968503.7055206299,3050,0,0.30000000000000004,98041.98919677734,48800,2,0.925,97177.77500915527,48800,2,0.925,98503.0757446289,48800,2,0.925,107807.97004699707,48800,2,0.925,97465.89584350586,48800,2,0.925,104779.53672790527,48800,2,0.925,167671.17196655273,3050,2,0.30000000000000004,169554.1836090088,3050,2,0.30000000000000004,166950.16180419922,3050,2,0.30000000000000004,366444.62715148926,3050,2,0.30000000000000004,160093.0216217041,3050,2,0.30000000000000004,158836.14532470703,3050,2,0.30000000000000004,154255.92170715332,3050,2,0.30000000000000004,100536.70994567871,48800,2,0.925,102350.41577148438,48800,2,0.925,12569862.646331787,5387,400,4371,2904,3306,2503,2507,400,5397,5394,400,3236,400,400,400,400,400,2889,400,400,400,400,400,4867,400,2493,2522,400,3254,400,400,400,0,0,0,3.7037036418914795,0,0,0,0,3.7037036418914795,0,0,3.7037036418914795,0,0,0,0,0,3.7037036418914795,0,0,0,0,0,0,3.846153974533081,3.7037036418914795,0,0,0,0,0,0,20475,15905,8825,49,0,20475,13200,12165,50,0,66718994432,8589930496,32775729152,524288
200,1791346836004,968503.7761077881,48800,2,1.1375,98041.98921203613,48800,2,1.14375,97177.77502441406,48800,2,1.14375,98503.07577514648,48800,2,1.14375,107807.97006225586,48800,2,1.14375,97465.89590454102,48800,2,0.93125,104779.53674316406,48800,2,0.93125,167671.17277526855,48800,2,1.1375,169554.1842803955,48800,2,1.1375,166950.16261291504,48800,2,1.1375,366444.6277770996,48800,2,1.1375,160093.02224731445,48800,2,1.1375,158836.1459350586,48800,2,1.1375,154255.92227172852,48800,2,1.1375,100536.7099609375,48800,2,1.14375,102350.41578674316,48800,2,1.14375,12569872.200119019,5387,400,4371,2904,3306,2503,2507,400,5397,5394,400,3236,400,400,400,400,400,2889,400,400,400,400,400,4867,400,2493,2522,400,3254,400,400,400,31.034481048583984,0,0,0,0,0,0,0,0,0,0,0,0,0,0,0,0,0,0,0,0,0,0,0,0,0,0,0,0,0,0,0,20475,15905,8825,49,0,20475,13200,12165,50,0,66718994432,8589930496,32775729152,524288
200,1791346836204,968503.8443145752,48800,2,1.16875,98041.98922729492,48800,2,0.975,97177.77503967285,48800,2,0.975,98503.07582092285,48800,2,0.975,107807.97007751465,48800,2,0.975,97465.8959197998,48800,2,0.975,104779.53677368164,48800,2,0.975,167671.17416381836,48800,2,1.16875,169554.18490600586,48800,2,1.16875,166950.16368103027,48800,2,1.16875,366444.62843322754,48800,2,1.16875,160093.02284240723,48800,2,1.16875,158836.14654541016,48800,2,1.16875,154255.9228515625,48800,2,1.16875,100536.70997619629,48800,2,0.975,102350.41580200195,48800,2,0.975,12569881.580123901,5387,400,4371,2904,3306,2503,2507,400,5397,5394,400,3236,400,400,400,400,400,2889,400,400,400,400,400,4867,400,2493,2522,400,3254,400,400,400,10.526315689086914,0,0,0,0,0,0,0,0,0,0,0,0,0,0,0,0,0,0,0,0,0,0,0,0,0,0,0,0,0,0,0,20475,15905,8825,49,0,20475,13200,12165,50,0,66718994432,8589930496,32775729152,524288
200,1791346836404,968503.9125366211,48800,2,1.16875,98041.98924255371,48800,2,1.05625,97177.77507019043,48800,2,1.05625,98503.07586669922,48800,2,1.05625,107807.97009277344,48800,2,1.05625,97465.8959350586,48800,2,1.05625,104779.53678894043,48800,2,1.05625,167671.1749572754,48800,2,1.16875,169554.1855316162,48800,2,1.16875,166950.16499328613,48800,2,1.16875,366444.6290588379,48800,2,1.16875,160093.0234222412,48800,2,1.16875,158836.14715576172,48800,2,1.16875,154255.92343139648,3050,2,1.0437500000000002,100536.71000671387,48800,2,1.05625,102350.41581726074,48800,2,1.05625,12569891.105255127,5387,400,4371,2904,3306,2503,2507,400,5397,5394,400,3236,400,400,400,400,400,2889,400,400,400,400,400,4867,400,2493,2522,400,3254,400,400,400,10,0,0,0,0,0,0,0,0,0,0,0,0,0,0,0,0,0,0,0,0,0,0,0,0,0,0,0,0,0,0,0,20475,15905,8825,49,0,20475,13200,12165,50,0,66718994432,8589930496,32778256384,524288
200,1791346836605,968503.9809570313,48800,2,1.13125,98041.98928833008,48800,2,1.1375,97177.77513122559,48800,2,1.1375,98503.07595825195,48800,2,1.1375,107807.97016906738,48800,2,1.1375,97465.89599609375,48800,2,1.1375,104779.53684997559,48800,2,0.93125,167671.1761932373,48800,2,1.13125,169554.18615722656,48800,2,1.13125,166950.16598510742,48800,2,1.13125,366444.6297302246,48800,2,1.13125,160093.02401733398,48800,2,1.13125,158836.14776611328,48800,2,1.13125,154255.92402648926,48800,2,1.13125,100536.71006774902,48800,2,1.1375,102350.41586303711,48800,2,1.1375,12569900.543075562,5387,400,4371,2904,3306,2503,2507,400,5397,5394,400,3236,400,400,400,400,400,2889,400,400,400,400,400,4867,400,2493,2522,400,3254,400,400,400,15.000000953674316,0,0,0,0,0,0,0,0,0,0,0,0,0,0,0,0,0,0,0,0,0,0,0,0,0,0,0,0,0,0,0,20475,15905,8825,49,0,20475,13200,12165,50,0,66718994432,8589930496,32778256384,524288
200,1791346836805,968504.0451660156,48800,2,1.16875,98041.98931884766,48800,2,0.96875,97177.77516174316,48800,2,0.96875,98503.07600402832,48800,2,0.96875,107807.97019958496,48800,2,0.96875,97465.89602661133,48800,2,0.96875,104779.53689575195,48800,2,0.96875,167671.17738342285,48800,2,1.16875,169554.18670654297,48800,2,1.16875,166950.1669921875,48800,2,1.16875,366444.6303100586,48800,2,1.16875,160093.0245666504,48800,2,1.16875,158836.14833068848,48800,2,1.16875,154255.92457580566,48800,2,1.16875,100536.71011352539,48800,2,1.16875,102350.41598510742,48800,2,0.96875,12569909.991012573,5387,400,4371,2904,3306,2503,2507,400,5397,5394,400,3236,400,400,400,400,400,2889,400,400,400,400,400,4867,400,2493,2522,400,3254,400,400,400,10,0,0,0,0,0,0,0,0,0,0,0,4.761904716491699,0,0,0,0,0,0,0,0,0,0,0,0,0,0,0,0,0,0,0,20475,15905,9033,49,0,20475,13200,12202,49,0,66718994432,8589930496,32778256384,524288
200,1791346837005,968504.1119537354,48800,2,1.16875,98041.98931884766,48800,2,1.0375,97177.77516174316,48800,2,1.0375,98503.07601928711,48800,2,1.0375,107807.9711303711,48800,2,1.0375,97465.89604187012,48800,2,1.0375,104779.53689575195,48800,2,1.0375,167671.1781616211,48800,2,1.16875,169554.18731689453,48800,2,1.16875,166950.16806030273,48800,2,1.16875,366444.63093566895,48800,2,1.16875,160093.02514648438,48800,2,1.16875,158836.14892578125,48800,2,1.16875,154255.92517089844,48800,2,1.16875,100536.71012878418,48800,2,1.0375,102350.41598510742,48800,2,1.0375,12569919.554397583,5387,400,4371,2904,3306,2503,2507,400,5397,5394,400,3236,400,400,400,400,400,2889,400,400,400,400,400,4867,400,2493,2522,400,3254,400,400,400,15.000000953674316,0,0,0,0,0,0,0,0,0,0,0,0,0,0,0,0,0,0,0,0,0,0,0,0,0,0,0,0,0,0,0,20475,15905,9033,49,0,20475,13200,12202,49,0,66718994432,8589930496,32778256384,524288
200,1791346837206,968504.1824188232,48800,2,1.175,98041.98933410645,48800,2,1.11875,97177.77517700195,48800,2,1.11875,98503.07608032227,48800,2,1.11875,107807.97116088867,48800,2,1.11875,97465.8960723877,48800,2,0.93125,104779.53692626953,48800,2,0.93125,167671.1795501709,3050,2,1.10625,169554.18800354004,3050,2,1.10625,166950.16926574707,3050,2,1.10625,366444.63160705566,3050,2,1.10625,160093.02577209473,3050,2,1.10625,158836.14958190918,3050,2,1.10625,154255.9257965088,3050,2,1.10625,100536.71014404297,48800,2,1.11875,102350.41600036621,48800,2,1.11875,12569929.027526855,5387,400,4371,2904,3306,2503,2507,400,5397,5394,400,3236,400,400,400,400,400,2889,400,400,400,400,400,4867,400,2493,2522,400,3254,400,400,400,15.000000953674316,0,0,0,0,0,0,0,0,0,0,0,0,0,0,0,0,0,0,0,0,0,0,0,0,0,0,0,0,0,0,0,20475,15905,9033,49,0,20475,13200,12202,49,0,66718994432,8589930496,32778252288,524288
200,1791346837406,968504.250793457,48800,2,1.16875,98041.98934936523,48800,2,0.95625,97177.77519226074,48800,2,0.95625,98503.07612609863,48800,2,0.95625,107807.97117614746,48800,2,0.95625,97465.89608764648,48800,2,0.95625,104779.53694152832,48800,2,0.95625,167671.18077087402,48800,2,1.16875,169554.18865966797,48800,2,1.16875,166950.17013549805,48800,2,1.16875,366444.6322937012,48800,2,1.16875,160093.02641296387,48800,2,1.16875,158836.1502380371,48800,2,1.16875,154255.92642211914,48800,2,1.16875,100536.71015930176,48800,2,1.16875,102350.416015625,48800,2,1.16875,12569938.452819824,5387,400,4371,2904,3306,2503,2507,400,5397,5394,400,3236,400,400,400,400,400,2889,400,400,400,400,400,4867,400,2493,2522,400,3254,400,400,400,10,0,0,0,0,0,0,0,0,0,0,0,0,0,0,0,0,0,0,0,0,0,0,0,0,0,0,0,0,0,0,0,20475,15905,9033,49,0,20475,13200,12202,49,0,66718994432,8589930496,32778133504,524288
199,1791346837606,968504.3199462891,48800,2,1.175,98041.98936462402,48800,2,1.0375,97177.77520751953,48800,2,1.0375,98503.076171875,48800,2,1.0375,107807.97120666504,48800,2,1.0375,97465.89610290527,48800,2,1.0375,104779.53695678711,48800,2,1.0375,167671.18161010742,48800,2,1.175,169554.18934631348,48800,2,1.175,166950.1729888916,48800,2,1.175,366444.63302612305,48800,2,1.175,160093.027053833,48800,2,1.175,158836.15092468262,48800,2,1.175,154255.92706298828,48800,2,1.175,100536.71017456055,48800,2,1.0375,102350.41603088379,48800,2,1.0375,12569948.082977295,5387,400,4371,2904,3306,2503,2507,400,5397,5394,400,3236,400,400,400,400,400,2889,400,400,400,400,400,4867,400,2493,2522,400,3254,400,400,400,15.000000953674316,0,0,0,0,0,0,0,0,0,0,0,0,0,0,0,0,0,0,0,0,0,0,0,0,0,0,0,0,0,0,0,20475,15905,9033,49,0,20475,13200,12202,49,0,66718994432,8589930496,32778133504,524288
199,1791346837806,968504.3882598877,48800,2,1.175,98041.98954772949,16133.333333333334,2,0.99375,97177.77537536621,16133.333333333334,2,0.99375,98503.07638549805,16133.333333333334,2,0.99375,107807.9714050293,16133.333333333334,2,0.99375,97465.89628601074,16133.333333333334,2,0.99375,104779.53715515137,16133.333333333334,0,0.99375,167671.1831817627,48800,2,1.175,169554.19007873535,48800,2,1.175,166950.173828125,48800,2,1.175,366444.6338195801,48800,2,1.175,160093.02778625488,48800,2,1.175,158836.15168762207,48800,2,1.175,154255.92781066895,48800,2,1.175,100536.71032714844,48800,2,1.16875,102350.41619873047,48800,2,1.16875,12569957.87486267,5387,400,4371,2904,3306,2503,2507,400,5397,5394,400,3236,400,400,400,400,400,2889,400,400,400,400,400,4867,400,2493,2522,400,3254,400,400,400,10.526315689086914,0,0,0,0,0,0,0,0,0,0,0,0,0,0,0,0,0,0,0,0,0,0,0,0,0,0,0,0,0,0,0,20475,15905,9168,48,0,20475,13200,12201,49,0,66718994432,8589930496,32778133504,524288
200,1791346838006,968504.458114624,48800,2,1.05625,98041.98960876465,48800,2,0.9812500000000001,97177.77543640137,48800,2,0.9812500000000001,98503.07647705078,48800,2,0.9812500000000001,107807.97145080566,48800,2,0.9812500000000001,97465.8963470459,48800,2,0.9812500000000001,104779.53721618652,48800,2,0.9812500000000001,167671.1845855713,48800,2,1.05625,169554.1906890869,48800,2,1.05625,166950.17477416992,48800,2,1.05625,366444.6344604492,3050,2,0.96875,160093.02836608887,3050,2,0.96875,158836.15228271484,3050,2,0.96875,154255.92839050293,3050,2,0.96875,100536.7103881836,48800,2,0.9812500000000001,102350.41625976563,48800,2,0.9812500000000001,12569967.405914307,5387,400,4371,2904,3306,2503,2507,400,5397,5394,400,3236,400,400,400,400,400,2889,400,400,400,400,400,4867,400,2493,2522,400,3254,400,400,400,14.285715103149414,0,0,0,0,0,0,0,0,0,0,0,0,0,0,0,0,0,0,0,0,0,0,0,0,0,0,0,0,0,0,0,20475,15905,9168,48,0,20475,13200,12201,49,0,66718994432,8589930496,32778129408,524288
200,1791346838207,968504.5293426514,48800,2,0.96875,98041.98963928223,48800,2,0.9812500000000001,97177.77546691895,48800,2,0.9812500000000001,98503.07653808594,48800,2,0.9812500000000001,107807.97148132324,48800,2,0.925,97465.89639282227,48800,2,0.925,104779.53726196289,48800,2,0.925,167671.18608093262,48800,2,0.96875,169554.19136047363,48800,2,0.96875,166950.17568969727,48800,2,0.96875,366444.63511657715,48800,2,0.96875,160093.02899169922,48800,2,0.96875,158836.15292358398,48800,2,0.96875,154255.92901611328,48800,2,0.96875,100536.71040344238,48800,2,0.9812500000000001,102350.4162902832,48800,2,0.9812500000000001,12569976.868728638,5387,400,4371,2904,3306,2503,2507,400,5397,5394,400,3236,400,400,400,400,400,2889,400,400,400,400,400,4867,400,2493,2522,400,3254,400,400,400,15.000000953674316,0,0,0,0,0,0,0,0,0,0,0,0,0,0,0,0,0,0,0,0,0,0,0,0,0,0,0,0,0,0,0,20475,15905,9168,48,0,20475,13200,12201,49,0,66718994432,8589930496,32778129408,524288
200,1791346838407,968504.6006011963,48800,2,1.05625,98041.98965454102,48800,2,0.94375,97177.77549743652,48800,2,0.94375,98503.0765838623,48800,2,0.94375,107807.97149658203,48800,2,0.94375,97465.89640808105,48800,2,0.94375,104779.53729248047,48800,2,0.94375,167671.18727111816,48800,2,1.05625,169554.19207763672,48800,2,1.05625,166950.17721557617,48800,2,1.05625,366444.635848999,48800,2,1.05625,160093.02967834473,48800,2,1.05625,158836.15364074707,48800,2,1.05625,154255.9297027588,48800,2,1.05625,100536.71041870117,48800,2,0.94375,102350.41630554199,48800,2,0.94375,12569986.406448364,5387,400,4371,2904,3306,2503,2507,400,5397,5394,400,3236,400,400,400,400,400,2889,400,400,400,400,400,4867,400,2493,2522,400,3254,400,400,400,10.526315689086914,0,0,0,0,0,0,0,0,0,0,0,0,0,0,0,0,0,0,0,0,0,0,0,0,0,0,0,0,0,0,0,20475,15905,9168,48,0,20475,13200,12201,49,0,66718994432,8589930496,32778129408,524288
200,1791346838607,968504.6709442139,48800,2,1.16875,98041.9896850586,48800,2,1.0375,97177.7755279541,48800,2,1.0375,98503.07666015625,48800,2,1.0375,107807.97161865234,48800,2,1.0375,97465.89643859863,48800,2,1.0375,104779.53733825684,48800,2,1.0375,167671.18814086914,48800,2,1.16875,169554.19273376465,48800,2,1.16875,166950.17822265625,48800,2,1.16875,366444.63652038574,48800,2,1.16875,160093.03031921387,48800,2,1.16875,158836.1542816162,48800,2,1.16875,154255.93034362793,3050,2,1.025,100536.71046447754,48800,2,1.0375,102350.41633605957,48800,2,1.0375,12569995.904846191,5387,400,4371,2904,3306,2503,2507,400,5397,5394,400,3236,400,400,400,400,400,2889,400,400,400,400,400,4867,400,2493,2522,400,3254,400,400,400,10,0,0,0,0,0,0,0,0,0,0,0,0,0,0,0,0,0,0,0,0,0,0,0,0,0,0,0,0,0,0,0,20475,15905,9168,48,0,20475,13200,12201,49,0,66718994432,8589930496,32778129408,524288
200,1791346838808,968504.7386474609,48800,2,1.16875,98041.98974609375,48800,2,1.10625,97177.77558898926,48800,2,1.10625,98503.07676696777,48800,2,1.10625,107807.9716796875,48800,2,1.10625,97465.89649963379,48800,2,1.10625,104779.53741455078,48800,2,0.93125,167671.19151306152,48800,2,1.16875,169554.19366455078,3050,2,1.09375,166950.17910766602,3050,2,1.09375,366444.6371765137,3050,2,1.09375,160093.03092956543,3050,2,1.09375,158836.15492248535,3050,2,1.09375,154255.9309539795,3050,2,1.09375,100536.7105102539,48800,2,1.10625,102350.4164276123,48800,2,1.10625,12570005.394302368,5387,400,4371,2904,3306,2503,2507,400,5397,5394,400,3236,400,400,400,400,400,2889,400,400,400,400,400,4867,400,2493,2522,400,3254,400,400,400,15.000000953674316,0,0,0,4.761904716491699,0,0,0,0,0,0,0,0,0,0,4.761904716491699,0,0,0,0,0,0,0,0,0,0,0,0,0,0,0,0,20475,15905,9117,48,0,20475,13200,12234,49,0,66718994432,8589930496,32778129408,524288
200,1791346839008,968504.8116912842,48800,2,1.14375,98041.98977661133,48800,2,1.13125,97177.77560424805,48800,2,0.93125,98503.07681274414,48800,2,0.93125,107807.97171020508,48800,2,0.93125,97465.89653015137,48800,2,0.93125,104779.53744506836,48800,2,0.93125,167671.19274902344,48800,2,1.14375,169554.19453430176,48800,2,1.14375,166950.18016052246,48800,2,1.14375,366444.63787841797,48800,2,1.14375,160093.03155517578,48800,2,1.14375,158836.1555480957,48800,2,1.14375,154255.93161010742,48800,2,1.14375,100536.71054077148,48800,2,1.13125,102350.4164428711,48800,2,1.13125,12570014.95979309,5387,400,4371,2904,3306,2503,2507,400,5397,5394,400,3236,400,400,400,400,400,2889,400,400,400,400,400,4867,400,2493,2522,400,3254,400,400,400,14.285715103149414,0,0,0,0,0,0,0,0,0,0,0,0,0,0,0,0,0,0,0,0,0,0,0,0,0,0,0,0,0,0,0,20475,15905,9117,48,0,20475,13200,12234,49,0,66718994432,8589930496,32778125312,524288
200,1791346839208,968504.8834533691,48800,2,1.16875,98041.9898071289,48800,2,1.0375,97177.77563476563,48800,2,1.0375,98503.0768737793,48800,2,1.0375,107807.97174072266,48800,2,1.0375,97465.89659118652,48800,2,1.0375,104779.53749084473,48800,2,1.0375,167671.1951751709,48800,2,1.16875,169554.19526672363,48800,2,1.16875,166950.18132019043,48800,2,1.16875,366444.63862609863,48800,2,1.16875,160093.0322418213,48800,2,1.16875,158836.1562347412,48800,2,1.16875,154255.93228149414,48800,2,1.16875,100536.71058654785,48800,2,1.0375,102350.41647338867,48800,2,1.0375,12570024.537231445,5387,400,4371,2904,3306,2503,2507,400,5397,5394,400,3236,400,400,400,400,400,2889,400,400,400,400,400,4867,400,2493,2522,400,3254,400,400,400,10.526315689086914,0,0,0,0,0,0,0,0,0,0,0,0,0,0,0,0,0,0,0,0,0,0,0,0,0,0,0,0,0,0,0,20475,15905,9117,48,0,20475,13200,12234,49,0,66718994432,8589930496,32778125312,524288
200,1791346839409,968504.9508514404,3050,2,1.1125,98041.9898223877,48800,2,1.11875,97177.77565002441,48800,2,1.11875,98503.07691955566,48800,2,1.11875,107807.97177124023,48800,2,0.925,97465.8966217041,48800,2,0.925,104779.5375366211,48800,2,0.925,167671.19662475586,3050,2,1.1125,169554.19590759277,3050,2,1.1125,166950.18258666992,3050,2,1.1125,366444.63928222656,3050,2,1.1125,160093.03285217285,3050,2,1.1125,158836.15684509277,3050,2,1.1125,154255.9328918457,3050,2,1.1125,100536.71060180664,48800,2,1.11875,102350.41648864746,48800,2,1.11875,12570034.024780273,5387,400,4371,2904,3306,2503,2507,400,5397,5394,400,3236,400,400,400,400,400,2889,400,400,400,400,400,4867,400,2493,2522,400,3254,400,400,400,19.047618865966797,0,0,0,0,0,0,0,0,0,0,0,0,0,0,0,0,0,0,0,0,0,0,0,0,0,0,0,0,0,0,0,20475,15905,9117,48,0,20475,13200,12234,49,0,66718994432,8589930496,32775933952,524288
200,1791346839609,968504.9925994873,48800,2,1.1375,98041.98985290527,48800,2,1.13125,97177.77568054199,48800,2,0.93125,98503.07698059082,48800,2,0.93125,107807.9718170166,48800,2,0.93125,97465.89665222168,48800,2,0.93125,104779.53758239746,48800,2,0.93125,167671.22268676758,48800,2,1.1375,169554.2180480957,48800,2,1.1375,166950.1837463379,48800,2,1.1375,366444.6400756836,48800,2,1.1375,160093.03353881836,48800,2,1.1375,158836.15753173828,48800,2,1.1375,154255.93356323242,48800,2,1.1375,100536.71063232422,48800,2,1.13125,102350.41651916504,48800,2,1.13125,12570043.57244873,5387,400,4371,2904,3306,2503,2507,400,5397,5394,400,3236,400,400,400,400,400,2889,400,400,400,400,400,4867,400,2493,2522,400,3254,400,400,400,0,5,0,0,0,0,0,0,0,0,0,0,0,0,0,0,0,0,0,0,0,0,0,0,0,0,0,0,0,0,0,0,20475,15905,9117,48,0,20475,13200,12234,49,0,66718994432,8589930496,32760840192,524288
200,1791346839809,968504.9934234619,48800,2,1.16875,98041.98986816406,48800,2,1.0437500000000002,97177.77569580078,48800,2,1.0437500000000002,98503.07702636719,48800,2,1.0437500000000002,107807.97183227539,48800,2,1.0437500000000002,97465.89666748047,48800,2,1.0437500000000002,104779.53759765625,48800,2,1.0437500000000002,167671.22358703613,48800,2,1.16875,169554.22784423828,48800,2,1.16875,166950.18464660645,48800,2,1.16875,366444.7046203613,48800,2,1.16875,160093.03411865234,48800,2,1.16875,158836.15811157227,48800,2,1.16875,154255.93412780762,48800,2,1.16875,100536.7106628418,48800,2,1.0437500000000002,102350.41653442383,48800,2,1.0437500000000002,12570053.027801514,5387,400,4371,2904,3306,2503,2507,400,5397,5394,400,3236,400,400,400,400,400,2889,400,400,400,400,400,4867,400,2493,2522,400,3254,400,400,400,0,0,0,0,0,0,0,0,0,0,0,0,0,0,0,0,0,0,0,0,0,0,0,0,0,0,14.285715103149414,0,0,0,0,0,20475,15905,9088,48,0,20475,13200,12228,49,0,66718994432,8589930496,32778375168,524288
200,1791346840010,968504.9947052002,3050,2,1.11875,98041.98988342285,48800,2,1.1125,97177.77571105957,48800,2,1.1125,98503.07707214355,48800,2,1.1125,107807.97186279297,48800,2,1.1125,97465.89669799805,48800,2,1.1125,104779.53762817383,48800,2,0.93125,167671.224609375,3050,2,1.11875,169554.22842407227,3050,2,1.11875,166950.1856689453,3050,2,1.11875,366444.7741546631,3050,0,1.11875,160093.03469848633,3050,2,1.11875,158836.15869140625,3050,2,1.11875,154255.9347076416,3050,2,1.11875,100536.71067810059,48800,2,1.1125,102350.41654968262,48800,2,1.1125,12570062.48612976,5387,400,4371,2904,3306,2503,2507,400,5397,5394,400,3236,400,400,400,400,400,2889,400,400,400,400,400,4867,400,2493,2522,400,3254,400,400,400,0,0,0,0,0,0,0,0,0,0,0,0,0,0,0,0,0,0,0,0,0,0,0,0,0,0,10.526315689086914,0,0,0,0,0,20475,15905,9088,48,0,20475,13200,12228,49,0,66718994432,8589930496,32778375168,524288
200,1791346840210,968504.9962310791,48800,2,1.16875,98041.98991394043,48800,2,0.95625,97177.77574157715,48800,2,0.95625,98503.07713317871,48800,2,0.95625,107807.97189331055,48800,2,0.95625,97465.89674377441,48800,2,0.95625,104779.5376586914,48800,2,0.95625,167671.22647094727,48800,2,1.16875,169554.22903442383,48800,2,1.16875,166950.18676757813,48800,2,1.16875,366444.8441619873,48800,2,1.16875,160093.0352783203,48800,2,1.16875,158836.15927124023,48800,2,1.16875,154255.93530273438,48800,2,1.16875,100536.71070861816,48800,2,1.16875,102350.4165802002,48800,2,1.16875,12570071.886245728,5387,400,4371,2904,3306,2503,2507,400,5397,5394,400,3236,400,400,400,400,400,2889,400,400,400,400,400,4867,400,2493,2522,400,3254,400,400,400,0,0,0,0,0,0,0,0,0,0,0,0,0,0,0,0,0,0,0,0,0,0,0,0,0,0,15.000000953674316,0,0,0,0,0,20475,15905,9088,48,0,20475,13200,12228,49,0,66718994432,8589930496,32778375168,524288
200,1791346840410,968504.9970397949,48800,2,1.16875,98041.98994445801,48800,2,1.0375,97177.77577209473,48800,2,1.0375,98503.07717895508,48800,2,1.0375,107807.97192382813,48800,2,1.0375,97465.89677429199,48800,2,1.0375,104779.53771972656,48800,2,1.0375,167671.2272796631,48800,2,1.16875,169554.22966003418,48800,2,1.16875,166950.1880645752,48800,2,1.16875,366444.9122161865,48800,2,1.16875,160093.03590393066,48800,2,1.16875,158836.1598968506,48800,2,1.16875,154255.93592834473,48800,2,1.16875,100536.71075439453,48800,2,1.0375,102350.41661071777,48800,2,1.0375,12570081.420440674,5387,400,4371,2904,3306,2503,2507,400,5397,5394,400,3236,400,400,400,400,400,2889,400,400,400,400,400,4867,400,2493,2522,400,3254,400,400,400,0,0,0,0,0,0,0,0,0,0,0,0,0,0,0,0,0,0,0,0,0,0,0,0,0,0,14.285715103149414,0,0,0,0,0,20475,15905,9088,48,0,20475,13200,12228,49,0,66718994432,8589930496,32777912320,524288
200,1791346840611,968504.9985198975,3050,2,1.10625,98041.98997497559,48800,2,1.1125,97177.7758026123,48800,2,1.1125,98503.07723999023,48800,2,1.1125,107807.97198486328,48800,2,1.1125,97465.89682006836,48800,2,0.93125,104779.53776550293,48800,2,0.93125,167671.22805786133,3050,2,1.10625,169554.23027038574,3050,2,1.10625,166950.18893432617,3050,2,1.10625,366444.98162841797,3050,0,1.10625,160093.03649902344,3050,2,1.10625,158836.16050720215,3050,2,1.10625,154255.9365234375,3050,2,1.10625,100536.71078491211,48800,2,1.1125,102350.41664123535,48800,2,1.1125,12570090.917617798,5387,400,4371,2904,3306,2503,2507,400,5397,5394,400,3236,400,400,400,400,400,2889,400,400,400,400,400,4867,400,2493,2522,400,3254,400,400,400,0,0,0,0,0,0,0,0,0,0,0,0,0,0,0,0,0,0,0,0,0,0,0,0,0,0,10.526315689086914,0,0,0,0,0,20475,15905,9088,48,0,20475,13200,12228,49,0,66718994432,8589930496,32777912320,524288
200,1791346840811,968505.0001525879,48800,2,1.125,98041.99002075195,48800,2,1.13125,97177.77584838867,48800,2,0.93125,98503.07731628418,48800,2,0.93125,107807.97203063965,48800,2,0.93125,97465.89686584473,48800,2,0.93125,104779.5378112793,48800,2,0.93125,167671.22993469238,48800,2,1.125,169554.23094177246,48800,2,1.125,166950.1901702881,48800,2,1.125,366445.05281066895,48800,2,1.125,160093.03715515137,48800,2,1.125,158836.16117858887,48800,2,1.125,154255.93717956543,48800,2,1.125,100536.71084594727,48800,2,1.13125,102350.41677856445,48800,2,1.13125,12570100.456497192,5387,400,4371,2904,3306,2503,2507,400,5397,5394,400,3236,400,400,400,400,400,2889,400,400,400,400,400,4867,400,2493,2522,400,3254,400,400,400,0,0,0,0,0,0,0,0,0,0,0,0,0,0,0,0,0,0,0,0,0,0,0,0,0,0,14.285715103149414,0,0,0,0,0,20475,15905,9052,48,0,20475,13200,12199,49,0,66718994432,8589930496,32777707520,524288
200,1791346841011,968505.0010070801,48800,2,1.16875,98041.99003601074,48800,2,1.05,97177.77586364746,48800,2,1.05,98503.07736206055,48800,2,1.05,107807.97204589844,48800,2,1.05,97465.89688110352,48800,2,1.05,104779.53782653809,48800,2,1.05,167671.2305908203,48800,2,1.16875,169554.2315673828,48800,2,1.16875,166950.19120788574,48800,2,1.16875,366445.1181488037,48800,2,1.16875,160093.03778076172,48800,2,1.16875,158836.16180419922,48800,2,1.16875,154255.93826293945,48800,2,1.16875,100536.71087646484,48800,2,1.05,102350.41679382324,48800,2,1.05,12570110.009857178,5387,400,4371,2904,3306,2503,2507,400,5397,5394,400,3236,400,400,400,400,400,2889,400,400,400,400,400,4867,400,2493,2522,400,3254,400,400,400,0,0,0,0,0,0,0,0,0,0,0,0,0,0,0,0,0,0,0,0,0,0,0,0,0,0,10.526315689086914,0,0,0,0,0,20475,15905,9052,48,0,20475,13200,12199,49,0,66718994432,8589930496,32777707520,524288
200,1791346841212,968505.0024871826,3050,2,1.10625,98041.99006652832,48800,2,1.11875,97177.77589416504,48800,2,1.11875,98503.07743835449,48800,2,1.11875,107807.9720916748,48800,2,1.11875,97465.89692687988,48800,2,0.93125,104779.53787231445,48800,2,0.93125,167671.23120117188,3050,2,1.10625,169554.2321472168,3050,2,1.10625,166950.19219970703,3050,2,1.10625,366445.1862335205,3050,0,1.10625,160093.0383758545,3050,2,1.10625,158836.1623840332,3050,2,1.10625,154255.93884277344,3050,2,1.10625,100536.71090698242,48800,2,1.11875,102350.41682434082,48800,2,1.11875,12570119.571472168,5387,400,4371,2904,3306,2503,2507,400,5397,5394,400,3236,400,400,400,400,400,2889,400,400,400,400,400,4867,400,2493,2522,400,3254,400,400,400,0,0,0,0,0,0,0,0,0,0,0,0,0,0,0,0,0,0,0,0,0,0,0,0,0,0,14.285715103149414,0,0,0,0,0,20475,15905,9052,48,0,20475,13200,12199,49,0,66718994432,8589930496,32777707520,524288
200,1791346841412,968505.0037689209,48800,2,1.16875,98041.99008178711,48800,2,0.95625,97177.77592468262,48800,2,0.95625,98503.07748413086,48800,2,0.95625,107807.9721069336,48800,2,0.95625,97465.89694213867,48800,2,0.95625,104779.53788757324,48800,2,0.95625,167671.2335510254,48800,2,1.16875,169554.232711792,48800,2,1.16875,166950.19326782227,48800,2,1.16875,366445.25326538086,48800,2,1.16875,160093.03910827637,48800,2,1.16875,158836.1629486084,48800,2,1.16875,154255.94468688965,48800,2,1.16875,100536.71092224121,48800,2,1.16875,102350.41683959961,48800,2,1.16875,12570129.090042114,5387,400,4371,2904,3306,2503,2507,400,5397,5394,400,3236,400,400,400,400,400,2889,400,400,400,400,400,4867,400,2493,2522,400,3254,400,400,400,0,0,0,0,0,0,0,0,0,0,0,0,0,0,0,0,0,0,0,0,0,0,0,0,0,0,10.526315689086914,0,0,0,0,0,20475,15905,9052,48,0,20475,13200,12199,49,0,66718994432,8589930496,32770072576,524288
200,1791346841612,968505.0048828125,48800,2,1.16875,98041.99011230469,48800,2,1.025,97177.7759399414,48800,2,1.025,98503.07754516602,48800,2,1.025,107807.97213745117,48800,2,1.025,97465.89697265625,48800,2,1.025,104779.53790283203,48800,2,1.025,167671.23431396484,48800,2,1.16875,169554.23344421387,48800,2,1.16875,166950.19778442383,48800,2,1.16875,366445.3187713623,48800,2,1.16875,160093.03984069824,48800,2,1.16875,158836.16366577148,48800,2,1.16875,154255.94564819336,48800,2,1.16875,100536.71095275879,48800,2,1.025,102350.41683959961,48800,2,1.025,12570138.655700684,5387,400,4371,2904,3306,2503,2507,400,5397,5394,400,3236,400,400,400,400,400,2889,400,400,400,400,400,4867,400,2493,2522,400,3254,400,400,400,0,0,0,0,0,0,0,0,0,0,0,0,4.761904716491699,0,0,0,0,0,0,0,0,0,0,0,0,0,19.047618865966797,0,0,0,0,0,20475,15905,9052,48,0,20475,13200,12199,49,0,66718994432,8589930496,32779104256,524288
200,1791346841813,968505.006439209,48800,2,1.16875,98041.99028015137,48800,2,1.10625,97177.77610778809,48800,2,1.10625,98503.07781982422,48800,2,1.10625,107807.97264099121,48800,2,1.10625,97465.89715576172,48800,2,1.10625,104779.5380859375,48800,2,0.93125,167671.23498535156,3050,2,1.09375,169554.234085083,3050,2,1.09375,166950.19869995117,3050,2,1.09375,366445.3858947754,3050,0,1.09375,160093.04051208496,3050,2,1.09375,158836.1643218994,3050,2,1.09375,154255.94631958008,3050,2,1.09375,100536.71110534668,48800,2,1.10625,102350.41700744629,48800,2,1.10625,12570148.418289185,5387,400,4371,2904,3306,2503,2507,400,5397,5394,400,3236,400,400,400,400,400,2889,400,400,400,400,400,4867,400,2493,2522,400,3254,400,400,400,0,0,0,0,0,0,0,0,0,0,0,0,0,0,0,0,0,0,0,0,0,0,0,0,0,0,10,0,0,0,0,0,20475,15905,9073,48,0,20475,13200,12185,49,0,66718994432,8589930496,32779100160,524288
200,1791346842013,968505.0083465576,48800,2,1.13125,98041.99029541016,48800,2,1.13125,97177.77610778809,48800,2,0.93125,98503.07786560059,48800,2,0.93125,107807.97264099121,48800,2,0.93125,97465.89717102051,48800,2,0.93125,104779.53810119629,48800,2,0.93125,167671.2378540039,48800,2,1.13125,169554.23458862305,48800,2,1.13125,166950.1996307373,48800,2,1.13125,366445.45417785645,48800,2,1.13125,160093.0410308838,48800,2,1.13125,158836.16482543945,48800,2,1.13125,154255.9468383789,48800,2,1.13125,100536.71112060547,48800,2,1.13125,102350.41700744629,48800,2,1.13125,12570157.768157959,5387,400,4371,2904,3306,2503,2507,400,5397,5394,400,3236,400,400,400,400,400,2889,400,400,400,400,400,4867,400,2493,2522,400,3254,400,400,400,0,0,0,0,0,0,0,0,0,0,0,0,0,0,0,0,0,0,0,0,0,0,0,0,0,0,10.526315689086914,0,0,0,0,0,20475,15905,9073,48,0,20475,13200,12185,49,0,66718994432,8589930496,32779100160,524288
200,1791346842213,968505.0091705322,48800,2,1.16875,98041.99031066895,48800,2,1.025,97177.77612304688,48800,2,1.025,98503.07789611816,48800,2,1.025,107807.97265625,48800,2,1.025,97465.8971862793,48800,2,1.025,104779.53811645508,48800,2,1.025,167671.23847961426,48800,2,1.16875,169554.2351989746,48800,2,1.16875,166950.20077514648,48800,2,1.16875,366445.5219421387,48800,2,1.16875,160093.04164123535,48800,2,1.16875,158836.16540527344,48800,2,1.16875,154255.9474182129,48800,2,1.16875,100536.71113586426,48800,2,1.025,102350.41702270508,48800,2,1.025,12570167.186920166,5387,400,4371,2904,3306,2503,2507,400,5397,5394,400,3236,400,400,400,400,400,2889,400,400,400,400,400,4867,400,2493,2522,400,3254,400,400,400,0,0,0,0,0,0,0,0,0,0,0,0,0,0,0,0,0,0,0,0,0,0,0,0,0,0,14.285715103149414,0,0,0,0,0,20475,15905,9073,48,0,20475,13200,12185,49,0,66718994432,8589930496,32779100160,524288
200,1791346842414,968505.0105285645,48800,2,1.16875,98041.99034118652,48800,2,1.1,97177.77615356445,48800,2,1.1,98503.0779876709,48800,2,1.1,107807.97270202637,48800,2,1.1,97465.89723205566,48800,2,1.1,104779.53816223145,48800,2,0.93125,167671.2391204834,3050,2,1.10625,169554.2357788086,3050,2,1.10625,166950.20152282715,3050,2,1.10625,366445.58978271484,3050,0,1.10625,160093.0422515869,3050,2,1.10625,158836.16598510742,3050,2,1.10625,154255.9479827881,3050,2,1.10625,100536.71116638184,48800,2,1.1,102350.41705322266,48800,2,1.1,12570176.685699463,5387,400,4371,2904,3306,2503,2507,400,5397,5394,400,3236,400,400,400,400,400,2889,400,400,400,400,400,4867,400,2493,2522,400,3254,400,400,400,0,0,0,0,0,0,0,0,0,0,0,0,0,0,0,0,0,0,0,0,0,0,0,0,0,0,10.526315689086914,0,0,0,0,0,20475,15905,9073,48,0,20475,13200,12185,49,0,66718994432,8589930496,32779100160,524288
200,1791346842614,968505.0120849609,48800,2,1.13125,98041.99038696289,48800,2,1.14375,97177.77619934082,48800,2,0.93125,98503.07806396484,48800,2,0.93125,107807.97276306152,48800,2,0.93125,97465.89727783203,48800,2,0.93125,104779.53820800781,48800,2,0.93125,167671.2398223877,48800,2,1.13125,169554.2364501953,48800,2,1.13125,166950.20262145996,48800,2,1.13125,366445.6621398926,48800,2,1.13125,160093.04292297363,48800,2,1.13125,158836.16664123535,48800,2,1.13125,154255.94863891602,48800,2,1.13125,100536.7112121582,48800,2,1.14375,102350.41709899902,48800,2,1.14375,12570186.123672485,5387,400,4371,2904,3306,2503,2507,400,5397,5394,400,3236,400,400,400,400,400,2889,400,400,400,400,400,4867,400,2493,2522,400,3254,400,400,400,0,0,0,0,0,0,0,0,0,0,0,0,0,0,0,0,0,0,0,0,0,0,0,0,0,0,14.285715103149414,0,0,0,0,0,20475,15905,9073,48,0,20475,13200,12185,49,0,66718994432,8589930496,32779096064,524288
200,1791346842814,968505.0129241943,48800,2,1.175,98041.99044799805,48800,2,1.01875,97177.77626037598,48800,2,1.01875,98503.07817077637,48800,2,1.01875,107807.97282409668,48800,2,1.01875,97465.89733886719,48800,2,1.01875,104779.53826904297,48800,2,1.01875,167671.240524292,48800,2,1.175,169554.23713684082,48800,2,1.175,166950.20370483398,48800,2,1.175,366445.73109436035,48800,2,1.175,160093.04360961914,48800,2,1.175,158836.1672821045,48800,2,1.175,154255.94927978516,48800,2,1.175,100536.71127319336,48800,2,1.01875,102350.41752624512,48800,2,1.01875,12570195.58480835,5387,400,4371,2904,3306,2503,2507,400,5397,5394,400,3236,400,400,400,400,400,2889,400,400,400,400,400,4867,400,2493,2522,400,3254,400,400,400,0,0,0,0,0,0,0,0,0,0,0,0,0,0,0,0,0,0,0,0,0,0,0,0,0,0,10.526315689086914,0,0,0,0,0,20475,15905,9074,48,0,20475,13200,12202,49,0,66718994432,8589930496,32779096064,524288
199,1791346843015,968505.0141296387,48800,2,1.175,98041.99046325684,48800,2,1.10625,97177.77627563477,48800,2,1.10625,98503.07821655273,48800,2,1.10625,107807.97285461426,48800,2,1.10625,97465.89736938477,48800,2,1.10625,104779.53829956055,48800,2,0.93125,167671.24114990234,3050,2,1.1125,169554.2377319336,3050,2,1.1125,166950.20463562012,3050,2,1.1125,366445.80041503906,3050,0,1.1125,160093.0442199707,3050,2,1.1125,158836.16786193848,3050,2,1.1125,154255.94987487793,3050,2,1.1125,100536.71128845215,48800,2,1.10625,102350.4175415039,48800,2,1.10625,12570205.091217041,5387,400,4371,2904,3306,2503,2507,400,5397,5394,400,3236,400,400,400,400,400,2889,400,400,400,400,400,4867,400,2493,2522,400,3254,400,400,400,0,0,0,0,0,0,0,0,0,0,0,0,0,0,0,0,0,0,0,0,0,0,0,0,0,0,14.285715103149414,0,0,0,0,0,20475,15905,9074,48,0,20475,13200,12202,49,0,66718994432,8589930496,32779096064,524288
200,1791346843215,968505.0156860352,48800,2,0.9375,98041.99046325684,16133.333333333334,2,0.95625,97177.77627563477,16133.333333333334,2,0.95625,98503.0782623291,16133.333333333334,0,0.95625,107807.97285461426,16133.333333333334,2,0.95625,97465.89736938477,16133.333333333334,2,0.95625,104779.53829956055,16133.333333333334,2,0.95625,167671.24185180664,48800,2,0.9375,169554.23928833008,48800,2,0.9375,166950.20573425293,48800,2,0.9375,366445.8723297119,48800,2,0.9375,160093.044921875,48800,2,0.9375,158836.16850280762,48800,2,0.9375,154255.95053100586,48800,2,0.9375,100536.71128845215,16133.333333333334,2,0.95625,102350.4175415039,16133.333333333334,2,0.95625,12570214.539657593,5387,400,4371,2904,3306,2503,2507,400,5397,5394,400,3236,400,400,400,400,400,2889,400,400,400,400,400,4867,400,2493,2522,400,3254,400,400,400,0,0,0,0,0,0,0,0,0,0,0,0,0,0,0,0,0,0,0,0,0,0,0,0,0,0,10.526315689086914,0,0,0,0,0,20475,15905,9074,48,0,20475,13200,12202,49,0,66718994432,8589930496,32779096064,524288
200,1791346843415,968505.0164031982,48800,2,1.06875,98041.9905090332,48800,2,0.96875,97177.77633666992,48800,2,0.96875,98503.07833862305,48800,2,0.96875,107807.97290039063,48800,2,0.96875,97465.89741516113,48800,2,0.96875,104779.53834533691,48800,2,0.96875,167671.24250793457,48800,2,1.06875,169554.23989868164,48800,2,1.06875,166950.2068786621,48800,2,1.06875,366445.93865966797,48800,2,1.06875,160093.04556274414,48800,2,1.06875,158836.16911315918,48800,2,1.06875,154255.95114135742,48800,2,1.06875,100536.71133422852,48800,2,1.0625,102350.41758728027,48800,2,0.96875,12570223.972732544,5387,400,4371,2904,3306,2503,2507,400,5397,5394,400,3236,400,400,400,400,400,2889,400,400,400,400,400,4867,400,2493,2522,400,3254,400,400,400,4.761904716491699,0,0,0,0,0,0,0,0,0,0,0,0,0,0,0,0,0,0,0,0,0,0,0,0,0,15.000000953674316,0,0,0,0,0,20475,15905,9074,48,0,20475,13200,12202,49,0,66718994432,8589930496,32769658880,524288
200,1791346843616,968505.0180053711,3050,2,0.7375,98041.99055480957,48800,2,1.00625,97177.77638244629,48800,2,1.00625,98503.07843017578,48800,2,1.00625,107807.97294616699,48800,2,1.00625,97465.8974609375,48800,2,1.00625,104779.53839111328,48800,2,1.00625,167671.24324035645,3050,2,0.7375,169554.2406463623,3050,2,0.7375,166950.2084350586,3050,2,0.7375,366446.0090789795,3050,0,0.7375,160093.04627990723,3050,2,0.7375,158836.16983032227,3050,2,0.7375,154255.9520111084,3050,2,0.7375,100536.71138000488,48800,2,1.00625,102350.41763305664,48800,2,1.00625,12570233.597381592,5387,400,4371,2904,3306,2503,2507,400,5397,5394,400,3236,400,400,400,400,400,2889,400,400,400,400,400,4867,400,2493,2522,400,3254,400,400,400,0,0,0,0,0,0,0,0,0,0,0,0,0,0,0,0,0,0,0,0,0,0,0,0,0,0,14.285715103149414,0,0,0,0,0,20475,15905,9074,48,0,20475,13200,12202,49,0,66718994432,8589930496,32778686464,524288
200,1791346843816,968505.01953125,48800,2,1.025,98041.99063110352,48800,2,0.93125,97177.77645874023,48800,2,0.93125,98503.07856750488,48800,2,0.93125,107807.97303771973,48800,2,0.93125,97465.89753723145,48800,2,0.93125,104779.53846740723,48800,2,0.93125,167671.24397277832,48800,2,1.025,169554.24137878418,48800,2,1.025,166950.2098236084,48800,2,1.025,366446.0797729492,48800,2,1.025,160093.0469970703,48800,2,1.025,158836.17051696777,48800,2,1.025,154255.95277404785,48800,2,1.025,100536.71145629883,48800,2,1.0437500000000002,102350.4176940918,48800,2,1.0437500000000002,12570243.161437988,5387,400,4371,2904,3306,2503,2507,400,5397,5394,400,3236,400,400,400,400,400,2889,400,400,400,400,400,4867,400,2493,2522,400,3254,400,400,400,0,0,0,0,0,0,0,0,0,0,4.761904716491699,0,0,0,0,0,0,0,0,0,0,0,0,0,0,0,10.526315689086914,0,0,0,0,0,20475,15905,9061,48,0,20475,13200,12212,49,0,66718994432,8589930496,32778686464,524288
200,1791346844016,968505.0209960938,48800,2,1.16875,98041.9906463623,48800,2,1.01875,97177.7765045166,48800,2,1.01875,98503.07862854004,48800,2,1.01875,107807.9730682373,48800,2,1.01875,97465.89755249023,48800,2,1.01875,104779.53848266602,48800,2,1.01875,167671.24465942383,48800,2,1.16875,169554.2420501709,48800,2,1.16875,166950.21086120605,48800,2,1.16875,366446.148727417,48800,2,1.16875,160093.04766845703,48800,2,1.16875,158836.1711578369,48800,2,1.16875,154255.95343017578,48800,2,1.16875,100536.7114868164,48800,2,1.01875,102350.41770935059,48800,2,1.01875,12570252.785614014,5387,400,4371,2904,3306,2503,2507,400,5397,5394,400,3236,400,400,400,400,400,2889,400,400,400,400,400,4867,400,2493,2522,400,3254,400,400,400,0,0,0,0,0,0,0,0,0,0,0,0,0,0,0,0,0,0,0,0,0,0,0,0,0,0,14.285715103149414,0,0,0,0,0,20475,15905,9061,48,0,20475,13200,12212,49,0,66718994432,8589930496,32778686464,524288
200,1791346844217,968505.0229797363,48800,2,1.16875,98041.99067687988,48800,2,1.1125,97177.77656555176,48800,2,1.1125,98503.07870483398,48800,2,1.1125,107807.97311401367,48800,2,1.1125,97465.89761352539,48800,2,1.1125,104779.53852844238,48800,2,0.93125,167671.24531555176,3050,2,1.1,169554.24267578125,3050,2,1.1,166950.2119140625,3050,2,1.1,366446.2153930664,3050,0,1.1,160093.04829406738,3050,2,1.1,158836.1717376709,3050,2,1.1,154255.95401000977,3050,2,1.1,100536.71151733398,48800,2,1.1125,102350.41773986816,48800,2,1.1125,12570262.282073975,5387,400,4371,2904,3306,2503,2507,400,5397,5394,400,3236,400,400,400,400,400,2889,400,400,400,400,400,4867,400,2493,2522,400,3254,400,400,400,0,0,0,0,0,0,0,0,0,0,0,0,0,0,0,0,0,0,0,0,0,0,0,0,0,0,10.526315689086914,0,0,0,0,0,20475,15905,9061,48,0,20475,13200,12212,49,0,66718994432,8589930496,32778686464,524288
199,1791346844417,968505.0249023438,48800,2,1.1375,98041.99070739746,48800,2,1.14375,97177.77658081055,48800,2,1.14375,98503.07878112793,48800,2,0.93125,107807.97312927246,48800,2,0.93125,97465.89764404297,48800,2,0.93125,104779.53854370117,48800,2,0.93125,167671.2459564209,48800,2,1.1375,169554.24327087402,48800,2,1.1375,166950.2130126953,48800,2,1.1375,366446.2868347168,48800,2,1.1375,160093.04891967773,48800,2,1.1375,158836.17233276367,48800,2,1.1375,154255.95462036133,48800,2,1.1375,100536.71154785156,48800,2,1.14375,102350.41775512695,48800,2,1.14375,12570271.750839233,5387,400,4371,2904,3306,2503,2507,400,5397,5394,400,3236,400,400,400,400,400,2889,400,400,400,400,400,4867,400,2493,2522,400,3254,400,400,400,0,0,0,0,0,0,0,0,0,0,0,0,0,0,0,0,0,0,0,0,0,0,0,0,0,0,14.285715103149414,0,0,0,0,0,20475,15905,9061,48,0,20475,13200,12212,49,0,66718994432,8589930496,32778682368,524288
200,1791346844617,968505.0263824463,48800,2,1.16875,98041.99073791504,48800,2,0.9625,97177.77661132813,48800,2,0.9625,98503.07885742188,48800,2,0.9625,107807.97317504883,48800,2,0.9625,97465.89767456055,48800,2,0.9625,104779.53857421875,48800,2,0.9625,167671.24656677246,48800,2,1.16875,169554.24383544922,48800,2,1.16875,166950.2140045166,48800,2,1.16875,366446.3550872803,48800,2,1.16875,160093.0495300293,48800,2,1.16875,158836.17289733887,48800,2,1.16875,154255.95518493652,48800,2,1.16875,100536.71159362793,48800,2,1.16875,102350.41780090332,48800,2,0.9625,12570281.088943481,5387,400,4371,2904,3306,2503,2507,400,5397,5394,400,3236,400,400,400,400,400,2889,400,400,400,400,400,4867,400,2493,2522,400,3254,400,400,400,0,0,0,0,0,0,0,0,0,0,0,0,0,0,0,0,0,0,0,0,0,0,0,0,0,0,10.526315689086914,0,0,0,0,0,20475,15905,9061,48,0,20475,13200,12212,49,0,66718994432,8589930496,32778682368,524288
200,1791346844817,968505.0280303955,48800,2,1.16875,98041.99075317383,48800,2,1.0437500000000002,97177.77662658691,48800,2,1.0437500000000002,98503.07890319824,48800,2,1.0437500000000002,107807.97319030762,48800,2,1.0437500000000002,97465.89768981934,48800,2,1.0437500000000002,104779.53858947754,48800,2,1.0437500000000002,167671.24716186523,48800,2,1.16875,169554.2444000244,48800,2,1.16875,166950.21492004395,48800,2,1.16875,366446.41860961914,48800,2,1.16875,160093.05010986328,48800,2,1.16875,158836.17344665527,48800,2,1.16875,154255.95573425293,48800,2,1.16875,100536.71160888672,48800,2,1.0437500000000002,102350.41809082031,48800,2,1.0437500000000002,12570290.534500122,5387,400,4371,2904,3306,2503,2507,400,5397,5394,400,3236,400,400,400,400,400,2889,400,400,400,400,400,4867,400,2493,2522,400,3254,400,400,400,0,0,0,0,0,0,0,0,0,0,0,0,0,0,0,0,0,0,0,0,0,0,0,0,0,0,15.000000953674316,0,0,0,0,0,20475,15905,9106,48,0,20475,13200,12187,49,0,66718994432,8589930496,32778682368,524288
200,1791346845018,968505.030090332,3050,2,1.11875,98041.9907836914,48800,2,1.1125,97177.77665710449,48800,2,1.1125,98503.07901000977,48800,2,1.1125,107807.97325134277,48800,2,1.1125,97465.8977355957,48800,2,0.93125,104779.5386352539,48800,2,0.93125,167671.2477722168,3050,2,1.11875,169554.2449798584,3050,2,1.11875,166950.2158203125,3050,2,1.11875,366446.4886627197,3050,0,1.11875,160093.05072021484,3050,2,1.11875,158836.17402648926,3050,2,1.11875,154255.9563140869,3050,2,1.11875,100536.7116394043,48800,2,1.1125,102350.41812133789,48800,2,1.1125,12570300.000289917,5387,400,4371,2904,3306,2503,2507,400,5397,5394,400,3236,400,400,400,400,400,2889,400,400,400,400,400,4867,400,2493,2522,400,3254,400,400,400,0,0,0,0,0,0,0,0,0,0,0,0,0,0,0,0,0,0,0,0,0,0,0,0,0,0,10,0,0,0,0,0,20475,15905,9106,48,0,20475,13200,12187,49,0,66718994432,8589930496,32778682368,524288
200,1791346845218,968505.0322113037,48800,2,1.16875,98041.9907989502,48800,2,0.96875,97177.77667236328,48800,2,0.96875,98503.07907104492,48800,2,0.96875,107807.97326660156,48800,2,0.96875,97465.89776611328,48800,2,0.96875,104779.5386505127,48800,2,0.96875,167671.24836730957,48800,2,1.16875,169554.2455444336,48800,2,1.16875,166950.21659851074,48800,2,1.16875,366446.55770874023,48800,2,1.16875,160093.05130004883,48800,2,1.16875,158836.17460632324,48800,2,1.16875,154255.95686340332,48800,2,1.16875,100536.71165466309,48800,2,1.16875,102350.41813659668,48800,2,0.96875,12570309.470275879,5387,400,4371,2904,3306,2503,2507,400,5397,5394,400,3236,400,400,400,400,400,2889,400,400,400,400,400,4867,400,2493,2522,400,3254,400,400,400,0,0,0,0,0,0,0,0,0,0,0,0,0,0,0,0,0,0,0,0,0,0,0,0,0,0,15.000000953674316,0,0,0,0,0,20475,15905,9106,48,0,20475,13200,12187,49,0,66718994432,8589930496,32778682368,524288
200,1791346845418,968505.0343780518,48800,2,1.16875,98041.99081420898,48800,2,1.0375,97177.77668762207,48800,2,1.0375,98503.07914733887,48800,2,1.0375,107807.97328186035,48800,2,1.0375,97465.89778137207,48800,2,1.0375,104779.53866577148,48800,2,1.0375,167671.24897766113,48800,2,1.16875,169554.24612426758,48800,2,1.16875,166950.2179107666,48800,2,1.16875,366446.6251220703,48800,2,1.16875,160093.0519104004,48800,2,1.16875,158836.17517089844,48800,2,1.16875,154255.95742797852,48800,2,1.16875,100536.71166992188,48800,2,1.0375,102350.41815185547,48800,2,1.0375,12570318.875030518,5387,400,4371,2904,3306,2503,2507,400,5397,5394,400,3236,400,400,400,400,400,2889,400,400,400,400,400,4867,400,2493,2522,400,3254,400,400,400,0,0,0,0,0,0,0,0,0,0,0,0,0,0,0,0,0,0,0,0,0,0,0,0,0,0,10,0,0,0,0,0,20475,15905,9106,48,0,20475,13200,12187,49,0,66718994432,8589930496,32778678272,524288
200,1791346845619,968505.0364837646,3050,2,1.1125,98041.99084472656,48800,2,1.11875,97177.77671813965,48800,2,1.11875,98503.07922363281,48800,2,1.11875,107807.97334289551,48800,2,1.11875,97465.89782714844,48800,2,1.11875,104779.53871154785,48800,2,0.93125,167671.24964904785,3050,2,1.1125,169554.24673461914,3050,2,1.1125,166950.22218322754,3050,2,1.1125,366446.69415283203,3050,0,1.1125,160093.05253601074,3050,2,1.1125,158836.1757659912,3050,2,1.1125,154255.9580230713,3050,2,1.1125,100536.71170043945,48800,2,1.11875,102350.41818237305,48800,2,1.11875,12570328.271713257,5387,400,4371,2904,3306,2503,2507,400,5397,5394,400,3236,400,400,400,400,400,2889,400,400,400,400,400,4867,400,2493,2522,400,3254,400,400,400,0,0,0,0,0,0,0,0,0,0,0,0,0,0,0,0,0,0,0,0,0,0,0,0,0,0,15.000000953674316,0,0,0,0,0,20475,15905,9106,48,0,20475,13200,12187,49,0,66718994432,8589930496,32778678272,524288
200,1791346845819,968505.0385131836,48800,2,1.16875,98041.99099731445,48800,2,0.95625,97177.77687072754,48800,2,0.95625,98503.07940673828,48800,2,0.95625,107807.97354125977,48800,2,0.95625,97465.89797973633,48800,2,0.95625,104779.53886413574,48800,2,0.95625,167671.25039672852,48800,2,1.16875,169554.24745178223,48800,2,1.16875,166950.22328186035,48800,2,1.16875,366446.76206970215,48800,2,1.16875,160093.0532836914,48800,2,1.16875,158836.17651367188,48800,2,1.16875,154255.95877075195,48800,2,1.16875,100536.71182250977,48800,2,1.16875,102350.41833496094,48800,2,1.16875,12570337.94883728,5387,400,4371,2904,3306,2503,2507,400,5397,5394,400,3236,400,400,400,400,400,2889,400,400,400,400,400,4867,400,2493,2522,400,3254,400,400,400,0,0,0,0,0,0,0,0,0,0,0,0,0,0,0,0,0,0,0,0,0,0,0,0,0,0,10,0,0,0,0,0,20475,15905,9096,47,0,20475,13200,12128,48,0,66718994432,8589930496,32778678272,524288
200,1791346846019,968505.0406341553,48800,2,1.16875,98041.99101257324,48800,2,1.0437500000000002,97177.77687072754,48800,2,1.0437500000000002,98503.07946777344,48800,2,1.0437500000000002,107807.97355651855,48800,2,1.0437500000000002,97465.89797973633,48800,2,1.0437500000000002,104779.53886413574,48800,2,1.0437500000000002,167671.25103759766,48800,2,1.16875,169554.2480316162,48800,2,1.16875,166950.22416687012,48800,2,1.16875,366446.8306732178,48800,2,1.16875,160093.05389404297,48800,2,1.16875,158836.17709350586,48800,2,1.16875,154255.95935058594,48800,2,1.16875,100536.71182250977,48800,2,1.0437500000000002,102350.41833496094,48800,2,1.0437500000000002,12570347.382217407,5387,400,4371,2904,3306,2503,2507,400,5397,5394,400,3236,400,400,400,400,400,2889,400,400,400,400,400,4867,400,2493,2522,400,3254,400,400,400,0,0,0,0,0,0,0,0,0,0,0,0,0,0,0,0,0,0,0,0,0,0,0,0,0,0,19.047618865966797,0,0,0,0,0,20475,15905,9096,47,0,20475,13200,12128,48,0,66718994432,8589930496,32778678272,524288
200,1791346846220,968505.0426483154,3050,2,1.1125,98041.99104309082,48800,2,1.1,97177.77688598633,48800,2,1.1,98503.07955932617,48800,2,1.1,107807.97358703613,48800,2,1.1,97465.8980255127,48800,2,1.1,104779.53889465332,48800,2,0.93125,167671.251663208,3050,2,1.1125,169554.2486114502,3050,2,1.1125,166950.22511291504,3050,2,1.1125,366446.89894104004,3050,0,1.1125,160093.05450439453,3050,2,1.1125,158836.17767333984,3050,2,1.1125,154255.95993041992,3050,2,1.1125,100536.71183776855,48800,2,1.1,102350.41835021973,48800,2,1.1,12570356.849868774,5387,400,4371,2904,3306,2503,2507,400,5397,5394,400,3236,400,400,400,400,400,2889,400,400,400,400,400,4867,400,2493,2522,400,3254,400,400,400,0,0,0,0,0,0,0,0,0,0,0,0,0,0,0,0,0,0,0,0,0,0,0,0,0,0,10.526315689086914,0,0,0,0,0,20475,15905,9096,47,0,20475,13200,12128,48,0,66718994432,8589930496,32778674176,524288
199,1791346846420,968505.0443572998,48800,2,1.16875,98041.99105834961,48800,2,1.16875,97177.77690124512,48800,2,0.95625,98503.07962036133,48800,2,0.95625,107807.97360229492,48800,2,0.95625,97465.89804077148,48800,2,0.95625,104779.53890991211,48800,2,0.95625,167671.25233459473,48800,2,1.16875,169554.2492828369,48800,2,1.16875,166950.2262878418,48800,2,1.16875,366446.967666626,48800,2,1.16875,160093.05522155762,48800,2,1.16875,158836.17832946777,48800,2,1.16875,154255.96058654785,48800,2,1.16875,100536.71185302734,48800,2,1.16875,102350.41836547852,48800,2,1.16875,12570366.341842651,5387,400,4371,2904,3306,2503,2507,400,5397,5394,400,3236,400,400,400,400,400,2889,400,400,400,400,400,4867,400,2493,2522,400,3254,400,400,400,0,0,0,0,0,0,0,0,0,0,0,0,0,0,0,0,0,0,0,0,0,0,0,0,0,0,14.285715103149414,0,0,0,0,0,20475,15905,9096,47,0,20475,13200,12128,48,0,66718994432,8589930496,32769863680,524288
200,1791346846620,968505.0467681885,48800,2,0.91875,98041.9910736084,48800,2,0.58125,97177.7769165039,48800,2,0.58125,98503.0796661377,48800,2,0.58125,107807.9736328125,48800,2,0.58125,97465.89805603027,48800,2,0.58125,104779.5389251709,48800,2,0.58125,167671.25296020508,48800,2,0.91875,169554.24993896484,48800,2,0.91875,166950.22723388672,48800,2,0.91875,366447.03591918945,48800,2,0.91875,160093.0558166504,48800,2,0.91875,158836.17892456055,48800,2,0.91875,154255.96118164063,48800,2,0.91875,100536.71188354492,48800,2,0.58125,102350.4183807373,48800,2,0.58125,12570375.838638306,5387,400,4371,2904,3306,2503,2507,400,5397,5394,400,3236,400,400,400,400,400,2889,400,400,400,400,400,4867,400,2493,2522,400,3254,400,400,400,0,0,0,0,0,0,0,0,0,0,0,0,0,0,0,0,0,0,0,0,0,0,0,0,0,0,10.526315689086914,0,0,0,0,0,20475,15905,9096,47,0,20475,13200,12128,48,0,66718994432,8589930496,32778895360,524288
200,1791346846821,968505.0488433838,48800,2,1.16875,98041.9910736084,48800,2,1.0625,97177.77694702148,48800,2,1.0625,98503.07971191406,48800,2,1.0625,107807.9736328125,48800,2,1.0625,97465.89805603027,48800,2,1.0625,104779.5389251709,48800,2,1.0625,167671.25358581543,48800,2,1.16875,169554.25059509277,48800,2,1.16875,166950.22798156738,48800,2,1.16875,366447.10203552246,48800,2,1.16875,160093.05641174316,48800,2,1.16875,158836.1795349121,48800,2,1.16875,154255.9617767334,3050,2,1.05,100536.71189880371,48800,2,1.0625,102350.4183807373,48800,2,1.0625,12570385.364151001,5387,400,4371,2904,3306,2503,2507,400,5397,5394,400,3236,400,400,400,400,400,2889,400,400,400,400,400,4867,400,2493,2522,400,3254,400,400,400,0,0,0,0,0,0,0,0,0,0,0,0,0,0,0,0,0,0,0,0,0,0,0,0,0,0,14.285715103149414,0,0,0,0,0,20475,15905,9018,47,0,20475,13200,12068,48,0,66718994432,8589930496,32778895360,524288
200,1791346847021,968505.0508728027,48800,2,1.125,98041.99110412598,48800,2,1.13125,97177.77699279785,48800,2,1.13125,98503.07978820801,48800,2,1.13125,107807.97367858887,48800,2,1.13125,97465.89810180664,48800,2,1.13125,104779.53897094727,48800,2,0.93125,167671.2541656494,48800,2,1.125,169554.25117492676,48800,2,1.125,166950.22891235352,48800,2,1.125,366447.1692199707,48800,2,1.125,160093.05696105957,48800,2,1.125,158836.18008422852,48800,2,1.125,154255.9623413086,48800,2,1.125,100536.71194458008,48800,2,1.13125,102350.41841125488,48800,2,1.13125,12570394.821151733,5387,400,4371,2904,3306,2503,2507,400,5397,5394,400,3236,400,400,400,400,400,2889,400,400,400,400,400,4867,400,2493,2522,400,3254,400,400,400,0,0,0,0,0,0,0,0,0,0,0,0,0,0,0,0,0,0,0,0,0,0,0,0,0,0,10.526315689086914,0,0,0,0,0,20475,15905,9018,47,0,20475,13200,12068,48,0,66718994432,8589930496,32778895360,524288
200,1791346847221,968505.0518188477,48800,2,1.16875,98041.99110412598,48800,2,0.96875,97177.77699279785,48800,2,0.96875,98503.07983398438,48800,2,0.96875,107807.97367858887,48800,2,0.96875,97465.89810180664,48800,2,0.96875,104779.53897094727,48800,2,0.96875,167671.2547607422,48800,2,1.16875,169554.2518005371,48800,2,1.16875,166950.22987365723,48800,2,1.16875,366447.2362213135,48800,2,1.16875,160093.05754089355,48800,2,1.16875,158836.1806640625,48800,2,1.16875,154255.96292114258,48800,2,1.16875,100536.71194458008,48800,2,1.16875,102350.41841125488,48800,2,0.96875,12570404.220077515,5387,400,4371,2904,3306,2503,2507,400,5397,5394,400,3236,400,400,400,400,400,2889,400,400,400,400,400,4867,400,2493,2522,400,3254,400,400,400,0,0,0,0,0,0,0,0,0,0,0,0,0,0,0,0,0,0,0,0,0,0,0,0,0,0,14.285715103149414,0,0,0,0,0,20475,15905,9018,47,0,20475,13200,12068,48,0,66718994432,8589930496,32778891264,524288
200,1791346847422,968505.0538787842,48800,2,1.16875,98041.99114990234,48800,2,1.0375,97177.77703857422,48800,2,1.0375,98503.07991027832,48800,2,1.0375,107807.97372436523,48800,2,1.0375,97465.89836120605,48800,2,1.0375,104779.53901672363,48800,2,1.0375,167671.2554321289,48800,2,1.16875,169554.25248718262,48800,2,1.16875,166950.2308959961,48800,2,1.16875,366447.3050842285,48800,2,1.16875,160093.0581817627,48800,2,1.16875,158836.18130493164,48800,2,1.16875,154255.96354675293,3050,2,1.03125,100536.71199035645,48800,2,1.0375,102350.41845703125,48800,2,1.0375,12570413.7399292,5387,400,4371,2904,3306,2503,2507,400,5397,5394,400,3236,400,400,400,400,400,2889,400,400,400,400,400,4867,400,2493,2522,400,3254,400,400,400,0,0,0,0,0,0,0,0,0,0,0,0,0,0,0,0,0,0,0,0,0,0,0,0,0,0,10.526315689086914,0,0,0,0,0,20475,15905,9018,47,0,20475,13200,12068,48,0,66718994432,8589930496,32778891264,524288
200,1791346847622,968505.1206970215,48800,2,1.16875,98041.99118041992,48800,2,1.125,97177.7770690918,48800,2,1.125,98503.07998657227,48800,2,1.125,107807.97456359863,48800,2,1.125,97465.89839172363,48800,2,0.93125,104779.53904724121,48800,2,0.93125,167671.25700378418,3050,2,1.11875,169554.25314331055,3050,2,1.11875,166950.23167419434,3050,2,1.11875,366447.30827331543,3050,2,1.11875,160093.05877685547,3050,2,1.11875,158836.1819000244,3050,2,1.11875,154255.9641418457,3050,2,1.11875,100536.71200561523,48800,2,1.125,102350.41847229004,48800,2,1.125,12570423.307876587,5387,400,4371,2904,3306,2503,2507,400,5397,5394,400,3236,400,400,400,400,400,2889,400,400,400,400,400,4867,400,2493,2522,400,3254,400,400,400,10,0,0,0,0,0,0,0,0,0,0,0,0,0,0,0,0,0,0,0,0,0,0,0,0,0,0,0,0,0,0,0,20475,15905,9018,47,0,20475,13200,12068,48,0,66718994432,8589930496,32795148288,524288
200,1791346847822,968505.1886749268,48800,2,1.16875,98041.99119567871,48800,2,0.9625,97177.77708435059,48800,2,0.9625,98503.08001708984,48800,2,0.9625,107807.97457885742,48800,2,0.9625,97465.89840698242,48800,2,0.9625,104779.5390625,48800,2,0.9625,167671.25790405273,48800,2,1.16875,169554.25379943848,48800,2,1.16875,166950.23272705078,48800,2,1.16875,366447.30891418457,48800,2,1.16875,160093.05937194824,48800,2,1.16875,158836.18251037598,48800,2,1.16875,154255.96473693848,48800,2,1.16875,100536.71202087402,48800,2,1.16875,102350.41848754883,48800,2,1.16875,12570432.760772705,5387,400,4371,2904,3306,2503,2507,400,5397,5394,400,3236,400,400,400,400,400,2889,400,400,400,400,400,4867,400,2493,2522,400,3254,400,400,400,10.526315689086914,0,0,0,0,0,0,0,0,0,0,0,0,0,0,0,0,0,0,0,0,0,0,0,0,0,0,0,0,0,0,0,20475,15905,9001,47,0,20475,13200,12061,48,0,66718994432,8589930496,32795148288,524288
200,1791346848023,968505.257522583,48800,2,1.125,98041.99119567871,48800,2,0.95,97177.77708435059,48800,2,0.95,98503.08006286621,48800,2,0.95,107807.97457885742,48800,2,0.95,97465.89840698242,48800,2,0.95,104779.5390625,48800,2,0.95,167671.26010131836,48800,2,1.125,169554.25444030762,48800,2,1.125,166950.23344421387,48800,2,1.125,366447.3095703125,48800,2,1.125,160093.05996704102,48800,2,1.125,158836.18312072754,3050,2,0.94375,154255.96533203125,3050,2,0.94375,100536.71202087402,48800,2,0.95,102350.41848754883,48800,2,0.95,12570442.234573364,5387,400,4371,2904,3306,2503,2507,400,5397,5394,400,3236,400,400,400,400,400,2889,400,400,400,400,400,4867,400,2493,2522,400,3254,400,400,400,14.285715103149414,0,0,0,0,0,0,0,0,0,0,0,0,0,0,0,0,0,0,0,0,0,0,0,0,0,0,0,0,0,0,0,20475,15905,9001,47,0,20475,13200,12061,48,0,66718994432,8589930496,32795148288,524288
200,1791346848223,968505.325592041,48800,2,1.13125,98041.99124145508,48800,2,1.13125,97177.77713012695,48800,2,1.13125,98503.08015441895,48800,2,1.13125,107807.97462463379,48800,2,1.13125,97465.89845275879,48800,2,1.13125,104779.53910827637,48800,2,0.93125,167671.26152038574,48800,2,1.13125,169554.25509643555,48800,2,1.13125,166950.23434448242,48800,2,1.13125,366447.3101501465,48800,2,1.13125,160093.060546875,48800,2,1.13125,158836.18370056152,48800,2,1.13125,154255.96591186523,48800,2,1.13125,100536.7120513916,48800,2,1.13125,102350.4185180664,48800,2,1.13125,12570451.656738281,5387,400,4371,2904,3306,2503,2507,400,5397,5394,400,3236,400,400,400,400,400,2889,400,400,400,400,400,4867,400,2493,2522,400,3254,400,400,400,10.526315689086914,0,0,0,0,0,0,0,0,0,0,0,0,0,0,0,0,0,0,0,0,0,0,0,0,0,0,0,0,0,0,0,20475,15905,9001,47,0,20475,13200,12061,48,0,66718994432,8589930496,32795144192,524288
199,1791346848423,968505.3937988281,48800,2,1.16875,98041.99124145508,48800,2,0.9812500000000001,97177.77714538574,48800,2,0.9812500000000001,98503.08020019531,48800,2,0.9812500000000001,107807.97462463379,48800,2,0.9812500000000001,97465.89846801758,48800,2,0.9812500000000001,104779.53910827637,48800,2,0.9812500000000001,167671.2625427246,48800,2,1.16875,169554.25567626953,48800,2,1.16875,166950.23526000977,48800,2,1.16875,366447.31077575684,48800,2,1.16875,160093.0611114502,48800,2,1.16875,158836.18426513672,48800,2,1.16875,154255.96649169922,48800,2,1.16875,100536.7120513916,48800,2,1.16875,102350.4185180664,48800,2,0.9812500000000001,12570461.140655518,5387,400,4371,2904,3306,2503,2507,400,5397,5394,400,3236,400,400,400,400,400,2889,400,400,400,400,400,4867,400,2493,2522,400,3254,400,400,400,15.000000953674316,0,0,0,0,0,0,0,0,0,0,0,0,0,0,0,0,0,0,0,0,0,0,0,0,0,0,0,0,0,0,0,20475,15905,9001,47,0,20475,13200,12061,48,0,66718994432,8589930496,32795144192,524288
200,1791346848623,968505.45753479,48800,2,0.91875,98041.99127197266,48800,2,0.41874999999999996,97177.77717590332,48800,2,0.41874999999999996,98503.08027648926,48800,2,0.41874999999999996,107807.97550964355,48800,2,0.41874999999999996,97465.89851379395,48800,2,0.41874999999999996,104779.53913879395,48800,2,0.41874999999999996,167671.26405334473,48800,2,0.91875,169554.2562866211,48800,2,0.91875,166950.2359161377,48800,2,0.91875,366447.3113555908,48800,2,0.91875,160093.06169128418,48800,2,0.91875,158836.1848449707,48800,2,0.91875,154255.9670715332,48800,2,0.91875,100536.71208190918,48800,2,0.41874999999999996,102350.41854858398,48800,2,0.41874999999999996,12570470.590530396,5387,400,4371,2904,3306,2503,2507,400,5397,5394,400,3236,400,400,400,400,400,2889,400,400,400,400,400,4867,400,2493,2522,400,3254,400,400,400,10,0,0,0,0,0,0,0,0,0,0,0,0,0,0,0,0,0,0,0,0,0,0,0,0,0,0,0,0,0,0,0,20475,15905,9001,47,0,20475,13200,12061,48,0,66718994432,8589930496,32795144192,524288
200,1791346848824,968505.5267333984,48800,2,1.16875,98041.99130249023,48800,2,1.08125,97177.7772064209,48800,2,1.08125,98503.08033752441,48800,2,1.08125,107807.97554016113,48800,2,1.08125,97465.89854431152,48800,2,1.08125,104779.53916931152,48800,2,1.08125,167671.2657623291,48800,2,1.16875,169554.2569885254,48800,2,1.16875,166950.23695373535,48800,2,1.16875,366447.3120880127,3050,2,1.06875,160093.06233215332,3050,2,1.06875,158836.18550109863,3050,2,1.06875,154255.96771240234,3050,2,1.06875,100536.71211242676,48800,2,1.08125,102350.41857910156,48800,2,1.08125,12570480.16973877,5387,400,4371,2904,3306,2503,2507,400,5397,5394,400,3236,400,400,400,400,400,2889,400,400,400,400,400,4867,400,2493,2522,400,3254,400,400,400,19.047618865966797,0,0,0,0,0,0,0,0,0,0,0,0,0,0,0,0,0,0,0,0,0,0,0,0,0,0,0,0,0,0,0,20475,15905,8996,47,0,20475,13200,12087,48,0,66718994432,8589930496,32795144192,524288
200,1791346849024,968505.5973815918,48800,2,1.125,98041.99133300781,48800,2,1.1375,97177.77723693848,48800,2,1.1375,98503.08041381836,48800,2,1.1375,107807.97557067871,48800,2,1.1375,97465.8985748291,48800,2,0.93125,104779.5391998291,48800,2,0.93125,167671.26704406738,48800,2,1.125,169554.25762939453,48800,2,1.125,166950.23791503906,48800,2,1.125,366447.31271362305,48800,2,1.125,160093.06294250488,48800,2,1.125,158836.1861114502,48800,2,1.125,154255.9683380127,48800,2,1.125,100536.71212768555,48800,2,1.1375,102350.41860961914,48800,2,1.1375,12570489.656906128,5387,400,4371,2904,3306,2503,2507,400,5397,5394,400,3236,400,400,400,400,400,2889,400,400,400,400,400,4867,400,2493,2522,400,3254,400,400,400,10,0,0,0,0,0,0,0,0,0,0,0,0,0,0,0,0,0,0,0,0,0,0,0,0,0,0,0,0,0,0,0,20475,15905,8996,47,0,20475,13200,12087,48,0,66718994432,8589930496,32795140096,524288
200,1791346849224,968505.6664886475,48800,2,1.16875,98041.99133300781,48800,2,1.025,97177.77723693848,48800,2,1.025,98503.08044433594,48800,2,1.025,107807.9755859375,48800,2,1.025,97465.8985748291,48800,2,1.025,104779.5391998291,48800,2,1.025,167671.26875305176,48800,2,1.16875,169554.25827026367,48800,2,1.16875,166950.23878479004,48800,2,1.16875,366447.3133392334,48800,2,1.16875,160093.06355285645,48800,2,1.16875,158836.18670654297,48800,2,1.16875,154255.96893310547,48800,2,1.16875,100536.71212768555,48800,2,1.025,102350.41860961914,48800,2,1.025,12570499.16708374,5387,400,4371,2904,3306,2503,2507,400,5397,5394,400,3236,400,400,400,400,400,2889,400,400,400,400,400,4867,400,2493,2522,400,3254,400,400,400,10.526315689086914,0,0,0,0,0,0,0,0,0,0,0,0,0,0,0,0,0,0,0,0,0,0,0,0,0,0,0,0,0,0,0,20475,15905,8996,47,0,20475,13200,12087,48,0,66718994432,8589930496,32795140096,524288
200,1791346849425,968505.7363128662,48800,2,1.16875,98041.99136352539,48800,2,1.1,97177.77728271484,48800,2,1.1,98503.08052062988,48800,2,1.1,107807.97563171387,48800,2,1.1,97465.89863586426,48800,2,1.1,104779.53924560547,48800,2,0.93125,167671.27056884766,3050,2,1.0875,169554.2589263916,3050,2,1.0875,166950.2396697998,3050,2,1.0875,366447.3140258789,3050,2,1.0875,160093.064163208,3050,2,1.0875,158836.18733215332,3050,2,1.0875,154255.96954345703,3050,2,1.0875,100536.71215820313,48800,2,1.1,102350.41864013672,48800,2,1.1,12570508.660095215,5387,400,4371,2904,3306,2503,2507,400,5397,5394,400,3236,400,400,400,400,400,2889,400,400,400,400,400,4867,400,2493,2522,400,3254,400,400,400,14.285715103149414,0,0,0,0,0,0,0,0,0,0,0,0,0,0,0,0,0,0,0,0,0,0,0,0,0,0,0,0,0,0,0,20475,15905,8996,47,0,20475,13200,12087,48,0,66718994432,8589930496,32791146496,524288
200,1791346849625,968505.8056945801,48800,2,1.13125,98041.99136352539,48800,2,1.1375,97177.77728271484,48800,2,1.1375,98503.08055114746,48800,2,0.93125,107807.97564697266,48800,2,0.93125,97465.89863586426,48800,2,0.93125,104779.53924560547,48800,2,0.93125,167671.27145385742,48800,2,1.13125,169554.25958251953,48800,2,1.13125,166950.24491882324,48800,2,1.13125,366447.31478881836,48800,2,1.13125,160093.064743042,48800,2,1.13125,158836.1879119873,48800,2,1.13125,154255.9701385498,48800,2,1.13125,100536.71215820313,48800,2,1.1375,102350.41864013672,48800,2,1.1375,12570517.998504639,5387,400,4371,2904,3306,2503,2507,400,5397,5394,400,3236,400,400,400,400,400,2889,400,400,400,400,400,4867,400,2493,2522,400,3254,400,400,400,10.526315689086914,0,0,0,0,0,0,0,0,0,0,0,0,0,0,0,0,0,0,0,0,0,0,0,0,0,0,0,0,0,0,0,20475,15905,8996,47,0,20475,13200,12087,48,0,66718994432,8589930496,32789827584,524288
200,1791346849826,968505.8749847412,48800,2,1.16875,98041.99147033691,48800,2,1.025,97177.77738952637,48800,2,1.025,98503.08068847656,48800,2,1.025,107807.97575378418,48800,2,1.025,97465.89874267578,48800,2,1.025,104779.53935241699,48800,2,1.025,167671.2736968994,48800,2,1.16875,169554.26029968262,48800,2,1.16875,166950.24569702148,48800,2,1.16875,366447.31564331055,48800,2,1.16875,160093.06546020508,48800,2,1.16875,158836.18867492676,48800,2,1.16875,154255.97087097168,48800,2,1.16875,100536.71226501465,48800,2,1.025,102350.41874694824,48800,2,1.025,12570527.689071655,5387,400,4371,2904,3306,2503,2507,400,5397,5394,400,3236,400,400,400,400,400,2889,400,400,400,400,400,4867,400,2493,2522,400,3254,400,400,400,15.000000953674316,0,0,0,0,0,0,0,0,0,0,0,0,0,0,0,0,0,0,0,0,0,0,0,0,0,0,0,0,0,0,0,20475,15905,8946,47,0,20475,13200,12122,48,0,66718994432,8589930496,32789827584,524288
200,1791346850026,968505.9404144287,48800,2,1.16875,98041.99151611328,48800,2,1.1,97177.77742004395,48800,2,1.1,98503.08076477051,48800,2,1.1,107807.97579956055,48800,2,1.1,97465.89880371094,48800,2,1.1,104779.53939819336,48800,2,0.93125,167671.27490234375,48800,2,1.16875,169554.2608947754,3050,2,1.10625,166950.24627685547,3050,2,1.10625,366447.3165435791,3050,2,1.10625,160093.06604003906,3050,2,1.10625,158836.18925476074,3050,2,1.10625,154255.97145080566,3050,2,1.10625,100536.71231079102,48800,2,1.1,102350.41877746582,48800,2,1.1,12570537.154571533,5387,400,4371,2904,3306,2503,2507,400,5397,5394,400,3236,400,400,400,400,400,2889,400,400,400,400,400,4867,400,2493,2522,400,3254,400,400,400,10,0,0,0,0,0,0,0,0,0,0,0,0,0,0,0,0,0,0,0,0,0,0,0,0,0,0,0,0,0,0,0,20475,15905,8946,47,0,20475,13200,12122,48,0,66718994432,8589930496,32789823488,524288
200,1791346850226,968506.0093536377,48800,2,1.1375,98041.99151611328,48800,2,1.13125,97177.77742004395,48800,2,1.13125,98503.08084106445,48800,2,0.93125,107807.97581481934,48800,2,0.93125,97465.89880371094,48800,2,0.93125,104779.53939819336,48800,2,0.93125,167671.275680542,48800,2,1.1375,169554.26155090332,48800,2,1.1375,166950.2469329834,48800,2,1.1375,366447.31761169434,48800,2,1.1375,160093.0666656494,48800,2,1.1375,158836.1898651123,48800,2,1.1375,154255.97206115723,48800,2,1.1375,100536.71231079102,48800,2,1.13125,102350.41877746582,48800,2,1.13125,12570546.565979004,5387,400,4371,2904,3306,2503,2507,400,5397,5394,400,3236,400,400,400,400,400,2889,400,400,400,400,400,4867,400,2493,2522,400,3254,400,400,400,15.000000953674316,0,0,0,0,0,0,0,0,0,0,0,0,0,0,0,0,0,0,0,0,0,0,0,0,0,0,0,0,0,0,0,20475,15905,8946,47,0,20475,13200,12122,48,0,66718994432,8589930496,32789823488,524288
200,1791346850426,968506.0740966797,48800,2,1.16875,98041.99151611328,48800,2,1.025,97177.77742004395,48800,2,1.025,98503.08087158203,48800,2,1.025,107807.97581481934,48800,2,1.025,97465.89883422852,48800,2,1.025,104779.53939819336,48800,2,1.025,167671.27740478516,48800,2,1.16875,169554.26217651367,48800,2,1.16875,166950.24751281738,48800,2,1.16875,366447.31829833984,48800,2,1.16875,160093.0672454834,48800,2,1.16875,158836.1904449463,48800,2,1.16875,154255.97265625,48800,2,1.16875,100536.71231079102,48800,2,1.025,102350.41877746582,48800,2,1.025,12570555.995101929,5387,400,4371,2904,3306,2503,2507,400,5397,5394,400,3236,400,400,400,400,400,2889,400,400,400,400,400,4867,400,2493,2522,400,3254,400,400,400,14.285715103149414,0,0,0,0,0,0,0,0,0,0,0,0,0,0,0,0,0,0,0,0,0,0,4.761904716491699,0,0,0,0,0,0,0,0,20475,15905,8946,47,0,20475,13200,12122,48,0,66718994432,8589930496,32788017152,524288
200,1791346850627,968506.142791748,48800,2,1.16875,98041.99154663086,48800,2,1.1,97177.77745056152,48800,2,1.1,98503.08094787598,48800,2,1.1,107807.9758605957,48800,2,1.1,97465.89888000488,48800,2,1.1,104779.53944396973,48800,2,1.1,167671.2794494629,48800,2,1.16875,169554.26278686523,48800,2,1.16875,166950.24809265137,3050,2,1.1,366447.3191986084,3050,2,1.1,160093.06782531738,3050,2,1.1,158836.19102478027,3050,2,1.1,154255.97323608398,3050,2,1.1,100536.7123413086,48800,2,1.1,102350.4188079834,48800,2,1.1,12570565.532150269,5387,400,4371,2904,3306,2503,2507,400,5397,5394,400,3236,400,400,400,400,400,2889,400,400,400,400,400,4867,400,2493,2522,400,3254,400,400,400,10.526315689086914,0,0,0,0,0,0,0,0,0,0,0,0,0,0,0,0,0,0,0,0,0,0,0,0,0,0,0,0,0,0,0,20475,15905,8946,47,0,20475,13200,12122,48,0,66718994432,8589930496,32788017152,524288
200,1791346850827,968506.2118225098,48800,2,1.1375,98041.99159240723,48800,2,1.1375,97177.77749633789,48800,2,1.1375,98503.08102416992,48800,2,0.93125,107807.97590637207,48800,2,0.93125,97465.89892578125,48800,2,0.93125,104779.5394897461,48800,2,0.93125,167671.2802581787,48800,2,1.1375,169554.26342773438,48800,2,1.1375,166950.2487487793,48800,2,1.1375,366447.32026672363,48800,2,1.1375,160093.06843566895,48800,2,1.1375,158836.19163513184,48800,2,1.1375,154255.97384643555,48800,2,1.1375,100536.71238708496,48800,2,1.1375,102350.41885375977,48800,2,1.1375,12570574.927734375,5387,400,4371,2904,3306,2503,2507,400,5397,5394,400,3236,400,400,400,400,400,2889,400,400,400,400,400,4867,400,2493,2522,400,3254,400,400,400,10,0,0,0,0,0,0,0,0,0,0,0,0,0,0,0,0,0,0,0,0,0,0,0,0,0,0,0,0,0,0,0,20475,15905,8928,47,0,20475,13200,12107,48,0,66718994432,8589930496,32788013056,524288
200,1791346851028,968506.2780609131,48800,2,1.16875,98041.99160766602,48800,2,1.025,97177.77749633789,48800,2,1.025,98503.08106994629,48800,2,1.025,107807.97590637207,48800,2,1.025,97465.89894104004,48800,2,1.025,104779.5394897461,48800,2,1.025,167671.28192138672,48800,2,1.16875,169554.26403808594,48800,2,1.16875,166950.24935913086,48800,2,1.16875,366447.3209838867,48800,2,1.16875,160093.06901550293,48800,2,1.16875,158836.19221496582,48800,2,1.16875,154255.97442626953,48800,2,1.16875,100536.71240234375,48800,2,1.025,102350.41885375977,48800,2,1.025,12570584.350189209,5387,400,4371,2904,3306,2503,2507,400,5397,5394,400,3236,400,400,400,400,400,2889,400,400,400,400,400,4867,400,2493,2522,400,3254,400,400,400,15.000000953674316,4.761904716491699,0,0,0,0,0,0,0,0,0,0,0,0,0,0,0,0,0,0,0,0,0,0,0,0,0,0,0,0,0,0,20475,15905,8928,47,0,20475,13200,12107,48,0,66718994432,8589930496,32788013056,524288
200,1791346851228,968506.3482208252,48800,2,1.16875,98041.9916229248,48800,2,1.09375,97177.77751159668,48800,2,1.09375,98503.08113098145,48800,2,1.09375,107807.97595214844,48800,2,1.09375,97465.89897155762,48800,2,1.09375,104779.53952026367,48800,2,1.09375,167671.28355407715,48800,2,1.16875,169554.26467895508,48800,2,1.1,166950.25,3050,2,1.1,366447.32389831543,3050,2,1.1,160093.0696258545,3050,2,1.1,158836.1928100586,3050,2,1.1,154255.9750366211,3050,2,1.1,100536.71243286133,48800,2,1.09375,102350.41886901855,48800,2,1.09375,12570593.808380127,5387,400,4371,2904,3306,2503,2507,400,5397,5394,400,3236,400,400,400,400,400,2889,400,400,400,400,400,4867,400,2493,2522,400,3254,400,400,400,10,0,0,0,0,0,0,0,0,0,0,0,0,0,0,0,0,0,0,0,0,0,0,0,0,0,0,0,0,0,0,0,20475,15905,8928,47,0,20475,13200,12107,48,0,66718994432,8589930496,32788013056,524288
200,1791346851428,968506.4164123535,48800,2,1.13125,98041.99165344238,48800,2,0.93125,97177.77754211426,48800,2,0.93125,98503.0811920166,48800,2,0.93125,107807.97598266602,48800,2,0.93125,97465.89901733398,48800,2,0.93125,104779.53955078125,48800,2,0.93125,167671.28620910645,48800,2,1.13125,169554.2653503418,48800,2,1.13125,166950.25059509277,48800,2,1.13125,366447.3247528076,48800,2,1.13125,160093.07020568848,48800,2,1.13125,158836.19340515137,48800,2,1.13125,154255.97561645508,48800,2,1.13125,100536.7124633789,48800,2,1.13125,102350.41889953613,48800,2,1.13125,12570603.235061646,5387,400,4371,2904,3306,2503,2507,400,5397,5394,400,3236,400,400,400,400,400,2889,400,400,400,400,400,4867,400,2493,2522,400,3254,400,400,400,15.000000953674316,0,0,0,0,0,0,0,0,0,0,0,0,0,0,0,0,0,0,0,0,0,0,0,0,0,0,0,0,0,0,0,20475,15905,8928,47,0,20475,13200,12107,48,0,66718994432,8589930496,32785604608,524288
200,1791346851629,968506.4869384766,48800,2,1.16875,98041.99165344238,48800,2,1.0375,97177.77754211426,48800,2,1.0375,98503.08123779297,48800,2,1.0375,107807.9759979248,48800,2,1.0375,97465.89901733398,48800,2,1.0375,104779.53955078125,48800,2,1.0375,167671.28770446777,48800,2,1.16875,169554.26600646973,48800,2,1.16875,166950.25119018555,48800,2,1.16875,366447.3256072998,48800,2,1.16875,160093.07078552246,48800,2,1.16875,158836.19398498535,48800,2,1.16875,154255.97619628906,48800,2,1.16875,100536.7124633789,48800,2,1.0375,102350.41889953613,48800,2,1.0375,12570612.73008728,5387,400,4371,2904,3306,2503,2507,400,5397,5394,400,3236,400,400,400,400,400,2889,400,400,400,400,400,4867,400,2493,2522,400,3254,400,400,400,10.526315689086914,0,0,0,0,0,0,0,0,0,0,0,0,0,0,0,0,0,0,0,0,0,0,0,0,0,0,0,0,0,0,0,20475,15905,8928,47,0,20475,13200,12107,48,0,66718994432,8589930496,32786866176,524288
200,1791346851829,968506.5560455322,48800,2,1.16875,98041.99166870117,48800,2,1.09375,97177.77755737305,48800,2,1.09375,98503.08129882813,48800,2,1.09375,107807.97602844238,48800,2,1.09375,97465.89904785156,48800,2,0.93125,104779.53958129883,48800,2,0.93125,167671.28987121582,3050,2,1.10625,169554.26678466797,3050,2,1.10625,166950.251953125,3050,2,1.10625,366447.3265838623,3050,2,1.10625,160093.0714111328,3050,2,1.10625,158836.1946258545,3050,2,1.10625,154255.9768218994,3050,2,1.10625,100536.7124786377,48800,2,1.09375,102350.41891479492,48800,2,1.09375,12570622.27053833,5387,400,4371,2904,3306,2503,2507,400,5397,5394,400,3236,400,400,400,400,400,2889,400,400,400,400,400,4867,400,2493,2522,400,3254,400,400,400,14.285715103149414,0,0,0,0,0,0,0,0,0,0,0,0,0,0,0,0,0,0,0,0,0,0,0,0,0,0,0,0,0,0,0,20475,15905,8945,47,0,20475,13200,12088,48,0,66718994432,8589930496,32786862080,524288
200,1791346852029,968506.6271362305,48800,2,1.13125,98041.99166870117,48800,2,1.13125,97177.77755737305,48800,2,0.925,98503.0813293457,48800,2,0.925,107807.97602844238,48800,2,0.925,97465.89904785156,48800,2,0.925,104779.53958129883,48800,2,0.925,167671.29077148438,48800,2,1.13125,169554.26737976074,48800,2,1.13125,166950.25254821777,48800,2,1.13125,366447.3275909424,48800,2,1.13125,160093.071975708,48800,2,1.13125,158836.1951904297,48800,2,1.13125,154255.9774017334,48800,2,1.13125,100536.7124786377,48800,2,1.13125,102350.41891479492,48800,2,1.13125,12570631.603027344,5387,400,4371,2904,3306,2503,2507,400,5397,5394,400,3236,400,400,400,400,400,2889,400,400,400,400,400,4867,400,2493,2522,400,3254,400,400,400,15.000000953674316,0,0,0,0,0,0,0,0,0,0,0,0,0,0,0,0,0,0,0,0,0,0,0,0,0,0,0,0,0,0,0,20475,15905,8945,47,0,20475,13200,12088,48,0,66718994432,8589930496,32786862080,524288
200,1791346852230,968506.6940002441,48800,2,1.16875,98041.99168395996,48800,2,1.0375,97177.77757263184,48800,2,1.0375,98503.08137512207,48800,2,1.0375,107807.97605895996,48800,2,1.0375,97465.89906311035,48800,2,1.0375,104779.53959655762,48800,2,1.0375,167671.2928161621,48800,2,1.16875,169554.2679901123,48800,2,1.16875,166950.25314331055,48800,2,1.16875,366447.3282775879,48800,2,1.16875,160093.0725402832,48800,2,1.16875,158836.19575500488,48800,2,1.16875,154255.9779663086,48800,2,1.16875,100536.71249389648,48800,2,1.0375,102350.41893005371,48800,2,1.0375,12570640.960128784,5387,400,4371,2904,3306,2503,2507,400,5397,5394,400,3236,400,400,400,400,400,2889,400,400,400,400,400,4867,400,2493,2522,400,3254,400,400,400,14.285715103149414,0,0,0,0,0,0,0,0,0,0,0,0,0,0,0,0,0,0,0,0,0,0,0,0,0,0,0,0,0,0,0,20475,15905,8945,47,0,20475,13200,12088,48,0,66718994432,8589930496,32786862080,524288
200,1791346852430,968506.7503814697,48800,2,1.16875,98041.99171447754,48800,2,1.11875,97177.77760314941,48800,2,1.11875,98503.08145141602,48800,2,1.11875,107807.97610473633,48800,2,1.11875,97465.89910888672,48800,2,1.11875,104779.53964233398,48800,2,0.93125,167671.29414367676,48800,2,1.11875,169554.28450012207,3050,2,1.11875,166950.25379943848,3050,2,1.11875,366447.32928466797,3050,2,1.11875,160093.07315063477,3050,2,1.11875,158836.19636535645,3050,2,1.11875,154255.97856140137,3050,2,1.11875,100536.71252441406,48800,2,1.11875,102350.41896057129,48800,2,1.11875,12570650.481674194,5387,400,4371,2904,3306,2503,2507,400,5397,5394,400,3236,400,400,400,400,400,2889,400,400,400,400,400,4867,400,2493,2522,400,3254,400,400,400,5.263157844543457,0,0,0,0,0,0,0,0,0,0,0,5,0,0,0,0,0,0,0,0,0,0,0,0,0,0,0,0,0,0,0,20475,15905,8945,47,0,20475,13200,12088,48,0,66718994432,8589930496,32785481728,524288
200,1791346852630,968506.818069458,48800,2,1.14375,98041.99172973633,48800,2,0.93125,97177.7776184082,48800,2,0.93125,98503.08151245117,48800,2,0.93125,107807.9761352539,48800,2,0.93125,97465.89912414551,48800,2,0.93125,104779.53965759277,48800,2,0.93125,167671.29487609863,48800,2,1.14375,169554.28511047363,48800,2,1.14375,166950.25440979004,48800,2,1.14375,366447.3303527832,48800,2,1.14375,160093.07373046875,48800,2,1.14375,158836.19694519043,48800,2,1.14375,154255.97915649414,48800,2,1.14375,100536.71253967285,48800,2,1.1375,102350.41897583008,48800,2,1.1375,12570659.98312378,5387,400,4371,2904,3306,2503,2507,400,5397,5394,400,3236,400,400,400,400,400,2889,400,400,400,400,400,4867,400,2493,2522,400,3254,400,400,400,15.000000953674316,0,0,0,0,0,0,0,0,0,0,0,0,0,0,0,0,0,0,0,0,0,0,0,0,0,0,0,0,0,0,0,20475,15905,8945,47,0,20475,13200,12088,48,0,66718994432,8589930496,32785481728,524288
200,1791346852831,968506.8853302002,48800,2,1.16875,98041.99172973633,48800,2,1.0375,97177.7776184082,48800,2,1.0375,98503.08155822754,48800,2,1.0375,107807.9761352539,48800,2,1.0375,97465.89912414551,48800,2,1.0375,104779.53965759277,48800,2,1.0375,167671.2963256836,48800,2,1.16875,169554.28576660156,48800,2,1.16875,166950.25508117676,48800,2,1.16875,366447.3313140869,48800,2,1.16875,160093.07432556152,48800,2,1.16875,158836.1975402832,48800,2,1.16875,154255.9797515869,48800,2,1.16875,100536.71253967285,48800,2,1.0375,102350.41897583008,48800,2,1.0375,12570669.409423828,5387,400,4371,2904,3306,2503,2507,400,5397,5394,400,3236,400,400,400,400,400,2889,400,400,400,400,400,4867,400,2493,2522,400,3254,400,400,400,10,0,0,0,0,0,0,0,0,0,0,0,0,0,0,0,0,0,0,0,0,0,0,0,0,0,0,0,0,0,0,0,20475,15905,8957,47,0,20475,13200,12087,48,0,66718994432,8589930496,32785477632,524288
200,1791346853031,968506.9527893066,48800,2,1.16875,98041.9917602539,48800,2,1.1125,97177.77764892578,48800,2,1.1125,98503.08164978027,48800,2,1.1125,107807.97618103027,48800,2,1.1125,97465.89916992188,48800,2,1.1125,104779.53970336914,48800,2,0.93125,167671.2977294922,3050,2,1.1125,169554.28636169434,3050,2,1.1125,166950.25564575195,3050,2,1.1125,366447.3324584961,3050,2,1.1125,160093.07489013672,3050,2,1.1125,158836.1981048584,3050,2,1.1125,154255.9803314209,3050,2,1.1125,100536.71257019043,48800,2,1.1125,102350.41900634766,48800,2,1.1125,12570678.90512085,5387,400,4371,2904,3306,2503,2507,400,5397,5394,400,3236,400,400,400,400,400,2889,400,400,400,400,400,4867,400,2493,2522,400,3254,400,400,400,15.000000953674316,0,0,0,0,0,0,0,0,0,0,0,0,0,0,0,0,0,0,0,0,0,0,0,0,0,0,0,0,0,0,0,20475,15905,8957,47,0,20475,13200,12087,48,0,66718994432,8589930496,32785477632,524288
200,1791346853231,968507.0183105469,48800,2,1.16875,98041.9917602539,48800,2,0.94375,97177.77764892578,48800,2,0.94375,98503.08168029785,48800,2,0.94375,107807.97619628906,48800,2,0.94375,97465.89916992188,48800,2,0.94375,104779.53970336914,48800,2,0.94375,167671.29849243164,48800,2,1.16875,169554.28700256348,48800,2,1.16875,166950.2562713623,48800,2,1.16875,366447.3337402344,48800,2,1.16875,160093.0754699707,48800,2,1.16875,158836.19868469238,48800,2,1.16875,154255.98092651367,48800,2,1.16875,100536.71257019043,48800,2,1.16875,102350.41900634766,48800,2,1.16875,12570688.299057007,5387,400,4371,2904,3306,2503,2507,400,5397,5394,400,3236,400,400,400,400,400,2889,400,400,400,400,400,4867,400,2493,2522,400,3254,400,400,400,10,0,0,0,0,0,0,0,0,0,0,0,0,0,0,0,0,0,0,0,0,0,0,0,0,0,0,0,0,0,0,0,20475,15905,8957,47,0,20475,13200,12087,48,0,66718994432,8589930496,32785477632,524288
200,1791346853432,968507.0850372314,48800,2,1.16875,98041.9917755127,48800,2,1.0375,97177.77769470215,48800,2,1.0375,98503.08172607422,48800,2,1.0375,107807.97621154785,48800,2,1.0375,97465.89920043945,48800,2,1.0375,104779.53971862793,48800,2,1.0375,167671.30044555664,48800,2,1.16875,169554.28761291504,48800,2,1.16875,166950.25686645508,48800,2,1.16875,366447.3348083496,48800,2,1.16875,160093.07606506348,48800,2,1.16875,158836.19926452637,48800,2,1.16875,154255.98150634766,48800,2,1.16875,100536.71258544922,48800,2,1.0375,102350.41902160645,48800,2,1.0375,12570697.807357788,5387,400,4371,2904,3306,2503,2507,400,5397,5394,400,3236,400,400,400,400,400,2889,400,400,400,400,400,4867,400,2493,2522,400,3254,400,400,400,15.000000953674316,0,0,0,0,0,0,0,0,0,0,0,0,0,0,0,0,0,0,0,0,0,0,4.761904716491699,0,0,4.761904716491699,0,0,0,0,0,20475,15905,8957,47,0,20475,13200,12087,48,0,66718994432,8589930496,32782426112,524288
200,1791346853632,968507.1566619873,48800,2,1.08125,98041.99179077148,48800,2,1.1125,97177.77770996094,48800,2,1.1125,98503.08178710938,48800,2,1.1125,107807.97625732422,48800,2,1.1125,97465.89923095703,48800,2,1.1125,104779.53974914551,48800,2,0.93125,167671.3020172119,3050,2,1.11875,169554.28833007813,3050,2,1.11875,166950.2618408203,3050,2,1.11875,366447.3356781006,3050,2,1.11875,160093.0767364502,3050,2,1.11875,158836.1999359131,3050,2,1.11875,154255.98217773438,3050,2,1.11875,100536.71260070801,48800,2,1.1125,102350.41903686523,48800,2,1.1125,12570707.421188354,5387,400,4371,2904,3306,2503,2507,400,5397,5394,400,3236,400,400,400,400,400,2889,400,400,400,400,400,4867,400,2493,2522,400,3254,400,400,400,10,0,0,0,0,0,0,0,0,0,0,0,0,0,0,0,0,0,0,0,0,0,0,0,0,0,0,0,0,0,0,0,20475,15905,8957,47,0,20475,13200,12087,48,0,66718994432,8589930496,32782680064,524288
200,1791346853832,968507.2269592285,48800,2,1.16875,98041.99194335938,48800,2,0.95625,97177.77786254883,48800,2,0.95625,98503.08197021484,48800,2,0.95625,107807.97640991211,48800,2,0.95625,97465.89938354492,48800,2,0.95625,104779.5399017334,48800,2,0.95625,167671.30294799805,48800,2,1.16875,169554.2890777588,48800,2,1.16875,166950.26287841797,48800,2,1.16875,366447.3364868164,48800,2,1.16875,160093.07745361328,48800,2,1.16875,158836.20068359375,48800,2,1.16875,154255.98289489746,48800,2,1.16875,100536.71273803711,48800,2,1.16875,102350.41918945313,48800,2,1.16875,12570717.108932495,5387,400,4371,2904,3306,2503,2507,400,5397,5394,400,3236,400,400,400,400,400,2889,400,400,400,400,400,4867,400,2493,2522,400,3254,400,400,400,10.526315689086914,0,0,0,0,0,0,0,0,0,0,0,0,0,0,0,0,0,0,0,0,0,0,0,0,0,0,0,0,0,0,0,20475,15905,8917,46,0,20475,13200,12098,48,0,66718994432,8589930496,32782680064,524288
200,1791346854033,968507.2953338623,48800,2,1.175,98041.99194335938,48800,2,1.03125,97177.77786254883,48800,2,1.03125,98503.08200073242,48800,2,1.03125,107807.97640991211,48800,2,1.03125,97465.89938354492,48800,2,1.03125,104779.5399017334,48800,2,1.03125,167671.30409240723,48800,2,1.175,169554.28971862793,48800,2,1.175,166950.26371765137,48800,2,1.175,366447.33714294434,48800,2,1.175,160093.07806396484,48800,2,1.175,158836.2012939453,48800,2,1.175,154255.98350524902,48800,2,1.175,100536.71273803711,48800,2,1.03125,102350.41918945313,48800,2,1.03125,12570726.575515747,5387,400,4371,2904,3306,2503,2507,400,5397,5394,400,3236,400,400,400,400,400,2889,400,400,400,400,400,4867,400,2493,2522,400,3254,400,400,400,15.000000953674316,0,0,0,0,0,0,0,0,0,0,0,0,0,0,0,0,0,0,0,0,0,0,0,0,0,0,0,0,0,0,0,20475,15905,8917,46,0,20475,13200,12098,48,0,66718994432,8589930496,32782680064,524288
200,1791346854233,968507.3653411865,48800,2,1.16875,98041.99197387695,48800,2,1.1125,97177.7779083252,48800,2,1.1125,98503.08204650879,48800,2,1.1125,107807.97647094727,48800,2,1.1125,97465.89942932129,48800,2,1.1125,104779.53994750977,48800,2,1.1125,167671.30516052246,48800,2,1.16875,169554.29034423828,3050,2,1.10625,166950.26448059082,3050,2,1.10625,366447.33779907227,3050,2,1.10625,160093.07865905762,3050,2,1.10625,158836.2018890381,3050,2,1.10625,154255.984085083,3050,2,1.10625,100536.71278381348,48800,2,1.1125,102350.4192199707,48800,2,1.1125,12570736.049575806,5387,400,4371,2904,3306,2503,2507,400,5397,5394,400,3236,400,400,400,400,400,2889,400,400,400,400,400,4867,400,2493,2522,400,3254,400,400,400,10,0,0,0,0,0,0,0,0,0,0,0,0,0,0,0,0,0,0,0,0,0,0,0,0,0,0,0,0,0,0,0,20475,15905,8917,46,0,20475,13200,12098,48,0,66718994432,8589930496,32782680064,524288
200,1791346854433,968507.4348602295,48800,2,1.13125,98041.99198913574,48800,2,1.1375,97177.77793884277,48800,2,0.93125,98503.08209228516,48800,2,0.93125,107807.97648620605,48800,2,0.93125,97465.89945983887,48800,2,0.93125,104779.53996276855,48800,2,0.93125,167671.3059539795,48800,2,1.13125,169554.291015625,48800,2,1.13125,166950.26553344727,48800,2,1.13125,366447.33851623535,48800,2,1.13125,160093.07928466797,48800,2,1.13125,158836.20251464844,48800,2,1.13125,154255.98472595215,48800,2,1.13125,100536.71279907227,48800,2,1.1375,102350.41923522949,48800,2,1.1375,12570745.559005737,5387,400,4371,2904,3306,2503,2507,400,5397,5394,400,3236,400,400,400,400,400,2889,400,400,400,400,400,4867,400,2493,2522,400,3254,400,400,400,19.047618865966797,0,0,0,0,0,0,0,0,0,0,0,0,0,0,0,0,0,0,0,0,0,0,0,0,0,0,0,0,0,0,0,20475,15905,8917,46,0,20475,13200,12098,48,0,66718994432,8589930496,32779673600,524288
200,1791346854634,968507.503112793,48800,2,1.16875,98041.99198913574,48800,2,1.01875,97177.77793884277,48800,2,1.01875,98503.08212280273,48800,2,1.01875,107807.97650146484,48800,2,1.01875,97465.89945983887,48800,2,1.01875,104779.53996276855,48800,2,1.01875,167671.30792236328,48800,2,1.16875,169554.29161071777,48800,2,1.16875,166950.26623535156,48800,2,1.16875,366447.33921813965,48800,2,1.16875,160093.07983398438,48800,2,1.16875,158836.20307922363,48800,2,1.16875,154255.98527526855,48800,2,1.16875,100536.71281433105,48800,2,1.01875,102350.41925048828,48800,2,1.01875,12570754.978179932,5387,400,4371,2904,3306,2503,2507,400,5397,5394,400,3236,400,400,400,400,400,2889,400,400,400,400,400,4867,400,2493,2522,400,3254,400,400,400,10,0,0,0,0,0,0,0,0,0,0,0,0,0,0,0,0,0,0,0,0,0,0,0,0,0,0,0,0,0,0,0,20475,15905,8917,46,0,20475,13200,12098,48,0,66718994432,8589930496,32782249984,524288
200,1791346854834,968507.5700073242,48800,2,1.16875,98041.99203491211,48800,2,1.10625,97177.77798461914,48800,2,1.10625,98503.08219909668,48800,2,1.10625,107807.9765625,48800,2,1.10625,97465.89952087402,48800,2,1.10625,104779.54002380371,48800,2,1.10625,167671.30937194824,48800,2,1.16875,169554.29234313965,3050,2,1.1,166950.26727294922,3050,2,1.1,366447.3399963379,3050,2,1.1,160093.08053588867,3050,2,1.1,158836.20378112793,3050,2,1.1,154255.98597717285,3050,2,1.1,100536.71287536621,48800,2,1.10625,102350.41929626465,48800,2,1.10625,12570764.641708374,5387,400,4371,2904,3306,2503,2507,400,5397,5394,400,3236,400,400,400,400,400,2889,400,400,400,400,400,4867,400,2493,2522,400,3254,400,400,400,15.000000953674316,0,0,0,0,0,0,0,0,0,0,0,0,0,0,0,0,0,0,0,0,0,0,0,0,0,0,0,0,0,0,0,20475,15905,8900,46,0,20475,13200,12137,48,0,66718994432,8589930496,32782249984,524288
200,1791346855034,968507.6405944824,48800,2,1.13125,98041.99206542969,48800,2,1.13125,97177.77801513672,48800,2,1.13125,98503.08227539063,48800,2,0.93125,107807.97659301758,48800,2,0.93125,97465.8995513916,48800,2,0.93125,104779.54005432129,48800,2,0.93125,167671.3106842041,48800,2,1.13125,169554.2929534912,48800,2,1.13125,166950.26832580566,48800,2,1.13125,366447.34063720703,48800,2,1.13125,160093.08111572266,48800,2,1.13125,158836.2043609619,48800,2,1.13125,154255.9865875244,48800,2,1.13125,100536.71290588379,48800,2,1.13125,102350.41932678223,48800,2,1.13125,12570774.081604004,5387,400,4371,2904,3306,2503,2507,400,5397,5394,400,3236,400,400,400,400,400,2889,400,400,400,400,400,4867,400,2493,2522,400,3254,400,400,400,10,0,0,0,0,0,0,0,0,0,0,0,0,0,0,0,0,0,0,0,0,0,0,0,0,0,0,0,0,0,0,0,20475,15905,8900,46,0,20475,13200,12137,48,0,66718994432,8589930496,32782249984,524288
200,1791346855235,968507.7080993652,48800,2,1.16875,98041.99206542969,48800,2,1.03125,97177.77801513672,48800,2,1.03125,98503.0823059082,48800,2,1.03125,107807.97660827637,48800,2,1.03125,97465.8995513916,48800,2,1.03125,104779.54005432129,48800,2,1.03125,167671.31204223633,48800,2,1.16875,169554.29357910156,48800,2,1.16875,166950.26916503906,48800,2,1.16875,366447.3412628174,48800,2,1.16875,160093.08169555664,48800,2,1.16875,158836.2049407959,48800,2,1.16875,154255.9871673584,48800,2,1.16875,100536.71290588379,48800,2,1.03125,102350.41932678223,48800,2,1.03125,12570783.496078491,5387,400,4371,2904,3306,2503,2507,400,5397,5394,400,3236,400,400,400,400,400,2889,400,400,400,400,400,4867,400,2493,2522,400,3254,400,400,400,15.000000953674316,0,0,0,0,0,0,0,0,0,0,0,0,0,0,0,0,0,0,0,0,0,0,0,0,0,0,0,0,0,0,0,20475,15905,8900,46,0,20475,13200,12137,48,0,66718994432,8589930496,32782249984,524288
200,1791346855435,968507.775466919,48800,2,1.16875,98041.99209594727,48800,2,1.1,97177.7780456543,48800,2,1.1,98503.08238220215,48800,2,1.1,107807.97665405273,48800,2,1.1,97465.89962768555,48800,2,1.1,104779.54010009766,48800,2,0.93125,167671.31425476074,48800,2,1.16875,169554.29415893555,3050,2,1.09375,166950.2700805664,3050,2,1.09375,366447.3419189453,3050,2,1.09375,160093.08226013184,3050,2,1.09375,158836.20552062988,3050,2,1.09375,154255.9877319336,3050,2,1.09375,100536.71295166016,48800,2,1.1,102350.4193572998,48800,2,1.1,12570792.962738037,5387,400,4371,2904,3306,2503,2507,400,5397,5394,400,3236,400,400,400,400,400,2889,400,400,400,400,400,4867,400,2493,2522,400,3254,400,400,400,10,0,0,0,0,0,0,0,0,0,0,0,0,0,0,0,0,0,0,0,0,0,0,0,0,0,0,0,0,0,0,0,20475,15905,8900,46,0,20475,13200,12137,48,0,66718994432,8589930496,32779300864,524288
200,1791346855635,968507.8459625244,48800,2,1.1375,98041.99211120605,48800,2,1.13125,97177.77806091309,48800,2,0.93125,98503.08242797852,48800,2,0.93125,107807.97668457031,48800,2,0.93125,97465.89964294434,48800,2,0.93125,104779.54011535645,48800,2,0.93125,167671.31521606445,48800,2,1.1375,169554.2947692871,48800,2,1.1375,166950.27113342285,48800,2,1.1375,366447.3426055908,48800,2,1.1375,160093.0828552246,48800,2,1.1375,158836.20611572266,48800,2,1.1375,154255.98832702637,48800,2,1.1375,100536.71296691895,48800,2,1.13125,102350.4193725586,48800,2,1.13125,12570802.343780518,5387,400,4371,2904,3306,2503,2507,400,5397,5394,400,3236,400,400,400,400,400,2889,400,400,400,400,400,4867,400,2493,2522,400,3254,400,400,400,10.526315689086914,0,0,0,0,0,0,0,0,0,0,0,0,0,0,0,0,0,0,0,0,0,0,0,0,0,0,0,0,0,0,0,20475,15905,8900,46,0,20475,13200,12137,48,0,66718994432,8589930496,32781099008,524288
200,1791346855836,968507.9153442383,48800,2,1.16875,98041.99214172363,48800,2,1.01875,97177.77809143066,48800,2,1.01875,98503.08255004883,48800,2,1.01875,107807.97671508789,48800,2,1.01875,97465.89967346191,48800,2,1.01875,104779.54014587402,48800,2,1.01875,167671.3165283203,48800,2,1.16875,169554.29536437988,48800,2,1.16875,166950.27194213867,48800,2,1.16875,366447.3432312012,48800,2,1.16875,160093.0834350586,48800,2,1.16875,158836.20671081543,48800,2,1.16875,154255.98890686035,48800,2,1.16875,100536.71299743652,48800,2,1.01875,102350.41940307617,48800,2,1.01875,12570811.698226929,5387,400,4371,2904,3306,2503,2507,400,5397,5394,400,3236,400,400,400,400,400,2889,400,400,400,400,400,4867,400,2493,2522,400,3254,400,400,400,14.285715103149414,0,0,0,0,0,0,0,0,0,0,0,0,0,0,0,0,0,0,0,0,0,0,0,0,0,0,0,0,0,0,0,20475,15905,8988,46,0,20475,13200,12138,47,0,66718994432,8589930496,32781099008,524288
200,1791346856036,968507.9831237793,48800,2,1.16875,98041.99215698242,48800,2,1.09375,97177.77810668945,48800,2,1.09375,98503.08261108398,48800,2,1.09375,107807.97674560547,48800,2,1.09375,97465.89970397949,48800,2,1.09375,104779.5401763916,48800,2,1.09375,167671.3180847168,48800,2,1.16875,169554.29600524902,48800,2,1.16875,166950.27293395996,3050,2,1.09375,366447.34394836426,3050,2,1.09375,160093.08407592773,3050,2,1.09375,158836.20735168457,3050,2,1.09375,154255.9895477295,3050,2,1.09375,100536.71301269531,48800,2,1.09375,102350.41941833496,48800,2,1.09375,12570821.20854187,5387,400,4371,2904,3306,2503,2507,400,5397,5394,400,3236,400,400,400,400,400,2889,400,400,400,400,400,4867,400,2493,2522,400,3254,400,400,400,10.526315689086914,0,0,0,0,0,0,0,0,0,0,0,0,0,0,0,0,0,0,0,0,0,0,0,0,0,0,0,0,0,0,0,20475,15905,8988,46,0,20475,13200,12138,47,0,66718994432,8589930496,32781099008,524288
200,1791346856236,968508.0521087646,48800,2,1.13125,98041.99220275879,48800,2,1.13125,97177.77815246582,48800,2,0.93125,98503.08271789551,48800,2,0.93125,107807.97680664063,48800,2,0.93125,97465.89974975586,48800,2,0.93125,104779.54022216797,48800,2,0.93125,167671.31913757324,48800,2,1.13125,169554.2966003418,48800,2,1.13125,166950.2740020752,48800,2,1.13125,366447.3445892334,48800,2,1.13125,160093.0846710205,48800,2,1.13125,158836.20794677734,48800,2,1.13125,154255.99014282227,48800,2,1.13125,100536.71305847168,48800,2,1.13125,102350.41946411133,48800,2,1.13125,12570830.626815796,5387,400,4371,2904,3306,2503,2507,400,5397,5394,400,3236,400,400,400,400,400,2889,400,400,400,400,400,4867,400,2493,2522,400,3254,400,400,400,19.047618865966797,0,0,0,0,0,0,0,0,0,0,0,0,0,0,0,0,0,0,0,0,0,0,0,0,0,0,0,0,0,0,0,20475,15905,8988,46,0,20475,13200,12138,47,0,66718994432,8589930496,32781099008,524288
200,1791346856437,968508.1192016602,48800,2,1.16875,98041.99221801758,48800,2,1.03125,97177.77815246582,48800,2,1.03125,98503.08279418945,48800,2,1.03125,107807.97680664063,48800,2,1.03125,97465.89976501465,48800,2,1.03125,104779.54022216797,48800,2,1.03125,167671.3205871582,48800,2,1.16875,169554.29721069336,48800,2,1.16875,166950.27487182617,48800,2,1.16875,366447.3461151123,48800,2,1.16875,160093.08526611328,48800,2,1.16875,158836.20852661133,48800,2,1.16875,154255.99073791504,48800,2,1.16875,100536.71307373047,48800,2,1.03125,102350.41946411133,48800,2,1.03125,12570840.11177063,5387,400,4371,2904,3306,2503,2507,400,5397,5394,400,3236,400,400,400,400,400,2889,400,400,400,400,400,4867,400,2493,2522,400,3254,400,400,400,10,0,0,0,0,0,0,0,0,0,0,0,0,0,0,0,0,0,0,0,0,0,0,0,0,0,0,0,0,0,0,0,20475,15905,8988,46,0,20475,13200,12138,47,0,66718994432,8589930496,32778264576,524288
200,1791346856637,968508.1895141602,48800,2,1.175,98041.99224853516,48800,2,1.1,97177.77819824219,48800,2,1.1,98503.08288574219,48800,2,1.1,107807.97685241699,48800,2,1.1,97465.8998260498,48800,2,1.1,104779.54026794434,48800,2,1.1,167671.3214111328,48800,2,1.175,169554.29789733887,48800,2,1.175,166950.27592468262,3050,2,1.09375,366447.3468475342,3050,2,1.09375,160093.0859375,3050,2,1.09375,158836.20919799805,3050,2,1.09375,154255.99140930176,3050,2,1.09375,100536.71310424805,48800,2,1.1,102350.4194946289,48800,2,1.1,12570849.666168213,5387,400,4371,2904,3306,2503,2507,400,5397,5394,400,3236,400,400,400,400,400,2889,400,400,400,400,400,4867,400,2493,2522,400,3254,400,400,400,15.000000953674316,0,0,0,0,0,0,0,0,0,0,0,0,0,0,0,0,0,0,0,0,0,0,0,0,0,0,0,0,0,0,0,20475,15905,8988,46,0,20475,13200,12138,47,0,66718994432,8589930496,32783654912,524288
200,1791346856837,968508.2608795166,48800,2,1.1375,98041.99224853516,48800,2,1.1375,97177.77819824219,48800,2,1.1375,98503.08293151855,48800,2,0.93125,107807.97685241699,48800,2,0.93125,97465.8998260498,48800,2,0.93125,104779.54026794434,48800,2,0.93125,167671.3224182129,48800,2,1.1375,169554.29852294922,48800,2,1.1375,166950.27699279785,48800,2,1.1375,366447.34756469727,48800,2,1.1375,160093.08654785156,48800,2,1.1375,158836.2098236084,48800,2,1.1375,154255.99201965332,48800,2,1.1375,100536.71310424805,48800,2,1.1375,102350.4194946289,48800,2,1.1375,12570859.083358765,5387,400,4371,2904,3306,2503,2507,400,5397,5394,400,3236,400,400,400,400,400,2889,400,400,400,400,400,4867,400,2493,2522,400,3254,400,400,400,10,0,0,0,0,0,0,0,0,0,0,0,0,0,0,0,0,0,0,0,0,0,0,0,0,0,0,0,0,0,0,0,20475,15905,9000,46,0,20475,13200,12124,47,0,66718994432,8589930496,32783654912,524288
200,1791346857038,968508.3310546875,48800,2,1.175,98041.99227905273,48800,2,1.0437500000000002,97177.77822875977,48800,2,1.0437500000000002,98503.0830078125,48800,2,1.0437500000000002,107807.97688293457,48800,2,1.0437500000000002,97465.89985656738,48800,2,1.0437500000000002,104779.54029846191,48800,2,1.0437500000000002,167671.3236541748,48800,2,1.175,169554.29919433594,48800,2,1.175,166950.27787780762,48800,2,1.175,366447.34828186035,48800,2,1.175,160093.0872039795,48800,2,1.175,158836.21049499512,48800,2,1.175,154255.99267578125,48800,2,1.175,100536.71313476563,48800,2,1.0437500000000002,102350.41952514648,48800,2,1.0437500000000002,12570868.597457886,5387,400,4371,2904,3306,2503,2507,400,5397,5394,400,3236,400,400,400,400,400,2889,400,400,400,400,400,4867,400,2493,2522,400,3254,400,400,400,15.000000953674316,0,0,0,0,0,0,0,0,0,0,0,4.761904716491699,0,0,0,0,0,0,0,0,0,0,4.761904716491699,0,0,0,0,0,0,0,0,20475,15905,9000,46,0,20475,13200,12124,47,0,66718994432,8589930496,32783654912,524288
199,1791346857238,968508.3997497559,48800,2,1.08125,98041.99230957031,48800,2,1.125,97177.77825927734,48800,2,1.125,98503.08309936523,48800,2,1.125,107807.97694396973,48800,2,1.125,97465.89990234375,48800,2,0.93125,104779.54034423828,48800,2,0.93125,167671.32440185547,3050,2,1.09375,169554.29983520508,3050,2,1.09375,166950.279006958,3050,2,1.09375,366447.34899902344,3050,2,1.09375,160093.0880126953,3050,2,1.09375,158836.21110534668,3050,2,1.09375,154255.9932861328,3050,2,1.09375,100536.7131652832,48800,2,1.125,102350.41955566406,48800,2,1.125,12570878.192687988,5387,400,4371,2904,3306,2503,2507,400,5397,5394,400,3236,400,400,400,400,400,2889,400,400,400,400,400,4867,400,2493,2522,400,3254,400,400,400,10,0,0,0,0,0,0,0,0,0,0,0,0,0,0,0,0,0,0,0,0,0,0,0,0,0,0,0,0,0,0,0,20475,15905,9000,46,0,20475,13200,12124,47,0,66718994432,8589930496,32783654912,524288
200,1791346857438,968508.4697418213,3050,2,1.08125,98041.9923248291,48800,2,1.075,97177.77828979492,48800,2,1.075,98503.08316040039,48800,2,1.075,107807.97695922852,48800,2,0.93125,97465.89991760254,48800,2,0.93125,104779.54035949707,48800,2,0.93125,167671.32655334473,3050,2,1.08125,169554.300491333,3050,2,1.08125,166950.28004455566,3050,2,1.08125,366447.3497314453,3050,2,1.08125,160093.08866882324,3050,2,1.08125,158836.2117767334,3050,2,1.08125,154255.99394226074,3050,2,1.08125,100536.71318054199,48800,2,1.075,102350.41957092285,48800,2,1.075,12570887.708877563,5387,400,4371,2904,3306,2503,2507,400,5397,5394,400,3236,400,400,400,400,400,2889,400,400,400,400,400,4867,400,2493,2522,400,3254,400,400,400,15.000000953674316,0,0,0,0,0,0,0,0,0,0,0,0,0,0,0,0,0,0,0,0,0,0,0,0,0,4.761904716491699,0,0,0,0,0,20475,15905,9000,46,0,20475,13200,12124,47,0,66718994432,8589930496,32783048704,524288
199,1791346857638,968508.542755127,48800,2,1.025,98041.99234008789,48800,2,0.95,97177.77830505371,48800,2,0.95,98503.08323669434,48800,2,0.95,107807.9769897461,48800,2,0.95,97465.89994812012,48800,2,0.95,104779.54037475586,48800,2,0.95,167671.32858276367,48800,2,1.025,169554.3012084961,48800,2,1.025,166950.28421020508,48800,2,1.025,366447.3507080078,48800,2,1.025,160093.08935546875,48800,2,1.025,158836.2124786377,48800,2,1.025,154255.99462890625,48800,2,1.025,100536.71319580078,48800,2,1.0437500000000002,102350.41958618164,48800,2,0.95,12570897.290023804,5387,400,4371,2904,3306,2503,2507,400,5397,5394,400,3236,400,400,400,400,400,2889,400,400,400,400,400,4867,400,2493,2522,400,3254,400,400,400,10.526315689086914,0,0,0,0,0,0,0,0,0,0,0,0,0,0,0,0,0,0,0,0,0,0,0,0,0,0,0,0,0,0,0,20475,15905,9000,46,0,20475,13200,12124,47,0,66718994432,8589930496,32783048704,524288
200,1791346857839,968508.6127929688,48800,2,1.16875,98041.99247741699,48800,2,0.96875,97177.77844238281,48800,2,0.96875,98503.0834197998,48800,2,0.96875,107807.9771270752,48800,2,0.96875,97465.90008544922,48800,2,0.96875,104779.54051208496,48800,2,0.96875,167671.32960510254,48800,2,1.16875,169554.30194091797,48800,2,1.16875,166950.28540039063,48800,2,1.16875,366447.3515472412,48800,2,1.16875,160093.09008789063,48800,2,1.16875,158836.21322631836,48800,2,1.16875,154255.99536132813,48800,2,1.16875,100536.7133178711,48800,2,0.96875,102350.41972351074,48800,2,0.96875,12570906.941833496,5387,400,4371,2904,3306,2503,2507,400,5397,5394,400,3236,400,400,400,400,400,2889,400,400,400,400,400,4867,400,2493,2522,400,3254,400,400,400,14.285715103149414,0,0,0,0,0,0,0,0,0,0,0,0,0,0,0,0,0,0,0,0,0,0,0,0,0,0,0,0,0,0,0,20475,15905,9086,46,0,20475,13200,12126,47,0,66718994432,8589930496,32783048704,524288
200,1791346858039,968508.6185455322,48800,2,1.16875,98041.99249267578,48800,2,1.0625,97177.7784576416,48800,2,1.0625,98503.08348083496,48800,2,1.0625,107807.97714233398,48800,2,1.0625,97465.90010070801,48800,2,1.0625,104779.54054260254,48800,2,1.0625,167671.33128356934,48800,2,1.16875,169554.33984375,48800,2,1.16875,166950.3084411621,48800,2,1.16875,366447.3675689697,48800,2,1.16875,160093.09072875977,48800,2,1.16875,158836.2138671875,48800,2,1.16875,154255.99600219727,3050,2,1.05,100536.71333312988,48800,2,1.0625,102350.41973876953,48800,2,1.0625,12570916.40951538,5387,400,4371,2904,3306,2503,2507,400,5397,5394,400,3236,400,400,400,400,400,2889,400,400,400,400,400,4867,400,2493,2522,400,3254,400,400,400,0,0,0,0,0,0,0,0,0,0,0,0,5,0,0,0,0,0,0,0,0,0,0,5,0,0,0,0,0,0,0,0,20475,15905,9086,46,0,20475,13200,12126,47,0,66718994432,8589930496,32778915840,524288
200,1791346858239,968508.6202392578,48800,2,1.125,98041.99253845215,48800,2,1.125,97177.77850341797,48800,2,1.125,98503.08358764648,48800,2,1.125,107807.97720336914,48800,2,1.125,97465.90014648438,48800,2,1.125,104779.5405883789,48800,2,0.925,167671.3319091797,48800,2,1.125,169554.34043884277,48800,2,1.125,166950.30987548828,48800,2,1.125,366447.43434143066,48800,2,1.125,160093.09133911133,48800,2,1.125,158836.21446228027,48800,2,1.125,154255.99659729004,48800,2,1.125,100536.71336364746,48800,2,1.125,102350.41976928711,48800,2,1.125,12570925.7684021,5387,400,4371,2904,3306,2503,2507,400,5397,5394,400,3236,400,400,400,400,400,2889,400,400,400,400,400,4867,400,2493,2522,400,3254,400,400,400,0,0,0,0,0,0,0,0,0,0,0,0,0,0,0,0,0,0,0,0,0,0,0,0,0,0,10.526315689086914,0,0,0,0,0,20475,15905,9086,46,0,20475,13200,12126,47,0,66718994432,8589930496,32796446720,524288
200,1791346858440,968508.6225128174,48800,2,1.16875,98041.99256896973,48800,2,0.975,97177.77853393555,48800,2,0.975,98503.08367919922,48800,2,0.975,107807.97723388672,48800,2,0.975,97465.90017700195,48800,2,0.975,104779.54061889648,48800,2,0.975,167671.33276367188,48800,2,1.16875,169554.34106445313,48800,2,1.16875,166950.31094360352,48800,2,1.16875,366447.50259399414,48800,2,1.16875,160093.0919494629,48800,2,1.16875,158836.21507263184,48800,2,1.16875,154255.9972076416,48800,2,1.16875,100536.71339416504,48800,2,0.975,102350.41979980469,48800,2,0.975,12570935.200897217,5387,400,4371,2904,3306,2503,2507,400,5397,5394,400,3236,400,400,400,400,400,2889,400,400,400,400,400,4867,400,2493,2522,400,3254,400,400,400,0,0,0,0,0,0,0,0,0,0,0,0,0,0,0,0,0,0,0,0,0,0,0,0,0,0,14.285715103149414,0,0,0,0,0,20475,15905,9086,46,0,20475,13200,12126,47,0,66718994432,8589930496,32794103808,524288
200,1791346858640,968508.624420166,48800,2,1.16875,98041.99258422852,48800,2,1.05625,97177.77854919434,48800,2,1.05625,98503.0837097168,48800,2,1.05625,107807.97724914551,48800,2,1.05625,97465.90020751953,48800,2,1.05625,104779.54063415527,48800,2,1.05625,167671.33338928223,48800,2,1.16875,169554.34169006348,48800,2,1.16875,166950.3123474121,48800,2,1.16875,366447.5683288574,48800,2,1.16875,160093.09254455566,48800,2,1.16875,158836.2156829834,48800,2,1.05625,154255.99780273438,3050,2,1.05625,100536.71342468262,48800,2,1.05625,102350.41981506348,48800,2,1.05625,12570944.613494873,5387,400,4371,2904,3306,2503,2507,400,5397,5394,400,3236,400,400,400,400,400,2889,400,400,400,400,400,4867,400,2493,2522,400,3254,400,400,400,0,0,0,0,0,0,0,0,0,0,0,0,0,0,0,0,0,0,0,0,0,0,0,0,0,0,10.526315689086914,0,0,0,0,0,20475,15905,9086,46,0,20475,13200,12126,47,0,66718994432,8589930496,32794103808,524288
200,1791346858840,968508.6252441406,48800,2,1.13125,98041.9926147461,48800,2,1.1375,97177.77857971191,48800,2,1.1375,98503.08378601074,48800,2,1.1375,107807.97727966309,48800,2,1.1375,97465.90023803711,48800,2,1.1375,104779.54066467285,48800,2,0.93125,167671.33401489258,48800,2,1.13125,169554.34228515625,48800,2,1.13125,166950.31428527832,48800,2,1.13125,366447.6351623535,48800,2,1.13125,160093.09313964844,48800,2,1.13125,158836.21627807617,48800,2,1.13125,154255.99839782715,48800,2,1.13125,100536.7134399414,48800,2,1.1375,102350.41983032227,48800,2,1.1375,12570953.911941528,5387,400,4371,2904,3306,2503,2507,400,5397,5394,400,3236,400,400,400,400,400,2889,400,400,400,400,400,4867,400,2493,2522,400,3254,400,400,400,0,0,0,0,0,0,0,0,0,0,0,0,0,0,0,0,0,0,0,0,0,0,0,0,0,0,10,0,0,0,0,0,20475,15905,8989,46,0,20475,13200,12075,47,0,66718994432,8589930496,32794103808,524288
200,1791346859041,968508.6277313232,48800,2,1.16875,98041.9926147461,48800,2,0.96875,97177.77857971191,48800,2,0.96875,98503.08381652832,48800,2,0.96875,107807.97727966309,48800,2,0.96875,97465.90023803711,48800,2,0.96875,104779.54066467285,48800,2,0.96875,167671.33460998535,48800,2,1.16875,169554.34288024902,48800,2,1.16875,166950.31497192383,48800,2,1.16875,366447.7038116455,48800,2,1.16875,160093.09371948242,48800,2,1.16875,158836.21685791016,48800,2,1.16875,154255.99899291992,48800,2,1.16875,100536.7134399414,48800,2,0.96875,102350.41983032227,48800,2,0.96875,12570963.266921997,5387,400,4371,2904,3306,2503,2507,400,5397,5394,400,3236,400,400,400,400,400,2889,400,400,400,400,400,4867,400,2493,2522,400,3254,400,400,400,0,0,0,0,0,0,0,0,0,0,0,0,0,0,0,0,0,0,0,0,0,0,0,0,0,0,15.000000953674316,0,0,0,0,0,20475,15905,8989,46,0,20475,13200,12075,47,0,66718994432,8589930496,32794103808,524288
200,1791346859241,968508.6290588379,48800,2,1.16875,98041.9926147461,48800,2,1.05,97177.77857971191,48800,2,1.05,98503.08383178711,48800,2,1.05,107807.97729492188,48800,2,1.05,97465.90023803711,48800,2,1.05,104779.54066467285,48800,2,1.05,167671.3352203369,48800,2,1.16875,169554.3434753418,48800,2,1.16875,166950.31671142578,48800,2,1.16875,366447.77180480957,48800,2,1.16875,160093.0943145752,48800,2,1.16875,158836.21743774414,48800,2,1.16875,154255.9995727539,48800,2,1.16875,100536.7134552002,48800,2,1.05,102350.41983032227,48800,2,1.05,12570972.674362183,5387,400,4371,2904,3306,2503,2507,400,5397,5394,400,3236,400,400,400,400,400,2889,400,400,400,400,400,4867,400,2493,2522,400,3254,400,400,400,0,0,0,0,0,0,0,0,0,0,0,0,0,0,0,0,0,0,0,0,0,0,0,0,0,0,10,0,0,0,0,0,20475,15905,8989,46,0,20475,13200,12075,47,0,66718994432,8589930496,32794099712,524288
200,1791346859441,968508.6305541992,3050,2,1.11875,98041.99263000488,48800,2,1.125,97177.77861022949,48800,2,1.125,98503.08387756348,48800,2,1.125,107807.97732543945,48800,2,0.93125,97465.90026855469,48800,2,0.93125,104779.54069519043,48800,2,0.93125,167671.3358154297,3050,2,1.11875,169554.344039917,3050,2,1.11875,166950.31832885742,3050,2,1.11875,366447.83921813965,3050,0,1.11875,160093.0948791504,3050,2,1.11875,158836.21800231934,3050,2,1.11875,154256.0001373291,3050,2,1.11875,100536.71347045898,48800,2,1.125,102350.41984558105,48800,2,1.125,12570982.026733398,5387,400,4371,2904,3306,2503,2507,400,5397,5394,400,3236,400,400,400,400,400,2889,400,400,400,400,400,4867,400,2493,2522,400,3254,400,400,400,0,0,0,0,0,0,0,0,0,0,0,0,0,0,0,0,0,0,0,0,0,0,0,0,0,0,15.000000953674316,0,0,0,0,0,20475,15905,8989,46,0,20475,13200,12075,47,0,66718994432,8589930496,32792764416,524288
200,1791346859641,968508.6338653564,48800,2,1.16875,98041.99263000488,48800,2,0.95625,97177.77861022949,48800,2,0.95625,98503.08389282227,48800,2,0.95625,107807.97732543945,48800,2,0.95625,97465.90029907227,48800,2,0.95625,104779.54069519043,48800,2,0.95625,167671.33641052246,48800,2,1.16875,169554.34461975098,48800,2,1.16875,166950.3192138672,48800,2,1.16875,366447.90756225586,48800,2,1.16875,160093.0954284668,48800,2,1.16875,158836.21855163574,48800,2,1.16875,154256.0006866455,48800,2,1.16875,100536.71347045898,48800,2,1.16875,102350.41984558105,48800,2,0.95625,12570991.356124878,5387,400,4371,2904,3306,2503,2507,400,5397,5394,400,3236,400,400,400,400,400,2889,400,400,400,400,400,4867,400,2493,2522,400,3254,400,400,400,0,0,0,0,0,0,0,0,0,0,0,0,0,0,0,0,0,0,0,0,0,0,0,0,0,0,14.285715103149414,0,0,0,0,0,20475,15905,8989,46,0,20475,13200,12075,47,0,66718994432,8589930496,32792764416,524288
200,1791346859842,968508.635925293,48800,2,1.16875,98041.99264526367,48800,2,1.0375,97177.77862548828,48800,2,1.0375,98503.08395385742,48800,2,1.0375,107807.97734069824,48800,2,1.0375,97465.90031433105,48800,2,1.0375,104779.54071044922,48800,2,1.0375,167671.3370513916,48800,2,1.16875,169554.34526062012,48800,2,1.16875,166950.32205200195,48800,2,1.16875,366447.97438049316,48800,2,1.16875,160093.09603881836,48800,2,1.16875,158836.2191772461,48800,2,1.16875,154256.00129699707,48800,2,1.16875,100536.71348571777,48800,2,1.0375,102350.41986083984,48800,2,1.0375,12571000.800567627,5387,400,4371,2904,3306,2503,2507,400,5397,5394,400,3236,400,400,400,400,400,2889,400,400,400,400,400,4867,400,2493,2522,400,3254,400,400,400,0,4.761904716491699,0,0,0,0,0,0,0,0,0,0,0,0,0,0,0,0,0,0,0,0,0,0,0,0,15.000000953674316,0,0,0,0,0,20475,15905,8954,46,0,20475,13200,12037,47,0,66718994432,8589930496,32792764416,524288
200,1791346860042,968508.6377105713,3050,2,1.1125,98041.99266052246,48800,2,1.125,97177.77864074707,48800,2,1.125,98503.08401489258,48800,2,1.125,107807.97737121582,48800,2,1.125,97465.90034484863,48800,2,0.93125,104779.5407409668,48800,2,0.93125,167671.3376312256,3050,2,1.1125,169554.3458251953,3050,2,1.1125,166950.3235168457,3050,2,1.1125,366448.0411376953,3050,0,1.1125,160093.09660339355,3050,2,1.1125,158836.2197418213,3050,2,1.1125,154256.00186157227,3050,2,1.1125,100536.71350097656,48800,2,1.125,102350.41987609863,48800,2,1.125,12571010.075897217,5387,400,4371,2904,3306,2503,2507,400,5397,5394,400,3236,400,400,400,400,400,2889,400,400,400,400,400,4867,400,2493,2522,400,3254,400,400,400,0,0,0,0,0,0,0,0,0,0,0,0,0,0,0,0,0,0,0,0,0,0,0,0,0,0,10,0,0,0,0,0,20475,15905,8954,46,0,20475,13200,12037,47,0,66718994432,8589930496,32792764416,524288
200,1791346860242,968508.6410827637,48800,2,1.16875,98041.99267578125,48800,2,0.95625,97177.77865600586,48800,2,0.95625,98503.08407592773,48800,2,0.95625,107807.97738647461,48800,2,0.95625,97465.90036010742,48800,2,0.95625,104779.54075622559,48800,2,0.95625,167671.338180542,48800,2,1.16875,169554.34637451172,48800,2,1.16875,166950.3250732422,48800,2,1.16875,366448.10900878906,48800,2,1.16875,160093.09713745117,48800,2,1.16875,158836.2202911377,48800,2,1.16875,154256.00239562988,48800,2,1.16875,100536.71351623535,48800,2,1.16875,102350.41989135742,48800,2,1.16875,12571019.367523193,5387,400,4371,2904,3306,2503,2507,400,5397,5394,400,3236,400,400,400,400,400,2889,400,400,400,400,400,4867,400,2493,2522,400,3254,400,400,400,0,0,0,0,0,0,0,0,0,0,0,0,0,0,0,0,0,0,0,0,0,0,0,0,0,0,15.000000953674316,0,0,0,0,0,20475,15905,8954,46,0,20475,13200,12037,47,0,66718994432,8589930496,32792760320,524288
200,1791346860443,968508.6439208984,48800,2,1.16875,98041.99267578125,48800,2,1.0437500000000002,97177.77867126465,48800,2,1.0437500000000002,98503.08410644531,48800,2,1.0437500000000002,107807.97738647461,48800,2,1.0437500000000002,97465.90036010742,48800,2,1.0437500000000002,104779.54075622559,48800,2,1.0437500000000002,167671.33880615234,48800,2,1.16875,169554.3469543457,48800,2,1.16875,166950.32655334473,48800,2,1.16875,366448.17712402344,48800,2,1.16875,160093.09771728516,48800,2,1.16875,158836.22087097168,48800,2,1.16875,154256.00297546387,3050,2,1.0437500000000002,100536.71353149414,48800,2,1.0437500000000002,102350.41989135742,48800,2,1.0437500000000002,12571028.831100464,5387,400,4371,2904,3306,2503,2507,400,5397,5394,400,3236,400,400,400,400,400,2889,400,400,400,400,400,4867,400,2493,2522,400,3254,400,400,400,0,0,0,0,0,0,0,0,0,0,0,0,0,0,0,0,0,0,0,0,0,0,0,0,0,0,10.526315689086914,0,0,0,0,0,20475,15905,8954,46,0,20475,13200,12037,47,0,66718994432,8589930496,32789454848,524288
200,1791346860643,968508.6460266113,3050,2,1.1125,98041.99269104004,48800,2,1.1125,97177.77870178223,48800,2,1.1125,98503.08416748047,48800,2,1.1125,107807.97741699219,48800,2,1.1125,97465.900390625,48800,2,0.925,104779.54078674316,48800,2,0.925,167671.33938598633,3050,2,1.1125,169554.3475189209,3050,2,1.1125,166950.32815551758,3050,2,1.1125,366448.24252319336,3050,0,1.1125,160093.09828186035,3050,2,1.1125,158836.22143554688,3050,2,1.1125,154256.00354003906,3050,2,1.1125,100536.71354675293,48800,2,1.1125,102350.41990661621,48800,2,1.1125,12571038.182769775,5387,400,4371,2904,3306,2503,2507,400,5397,5394,400,3236,400,400,400,400,400,2889,400,400,400,400,400,4867,400,2493,2522,400,3254,400,400,400,0,0,0,0,0,0,0,0,0,0,0,0,0,0,0,0,0,0,0,0,0,0,0,0,0,0,10,0,0,0,0,0,20475,15905,8954,46,0,20475,13200,12037,47,0,66718994432,8589930496,32790716416,524288
200,1791346860843,968508.6486053467,48800,2,1.16875,98041.99270629883,48800,2,0.95,97177.77870178223,48800,2,0.95,98503.08421325684,48800,2,0.95,107807.97741699219,48800,2,0.95,97465.90040588379,48800,2,0.95,104779.54078674316,48800,2,0.95,167671.33995056152,48800,2,1.16875,169554.3480834961,48800,2,1.16875,166950.32971191406,48800,2,1.16875,366448.31018066406,48800,2,1.16875,160093.09883117676,48800,2,1.16875,158836.22200012207,48800,2,1.16875,154256.00408935547,48800,2,1.16875,100536.71356201172,48800,2,1.16875,102350.41990661621,48800,2,1.16875,12571047.465499878,5387,400,4371,2904,3306,2503,2507,400,5397,5394,400,3236,400,400,400,400,400,2889,400,400,400,400,400,4867,400,2493,2522,400,3254,400,400,400,0,0,0,0,0,0,0,0,0,0,0,0,0,0,0,0,0,0,0,0,0,0,0,0,0,0,15.000000953674316,0,0,0,0,0,20475,15905,8919,46,0,20475,13200,12046,47,0,66718994432,8589930496,32790716416,524288
200,1791346861044,968508.6521911621,48800,2,1.16875,98041.99272155762,48800,2,1.025,97177.77870178223,48800,2,1.025,98503.08427429199,48800,2,1.025,107807.97741699219,48800,2,1.025,97465.90042114258,48800,2,1.025,104779.54078674316,48800,2,1.025,167671.3405609131,48800,2,1.16875,169554.3486328125,48800,2,1.16875,166950.3307952881,48800,2,1.16875,366448.37677001953,48800,2,1.16875,160093.09938049316,48800,2,1.16875,158836.22254943848,48800,2,1.16875,154256.00465393066,48800,2,1.16875,100536.71357727051,48800,2,1.025,102350.41990661621,48800,2,1.025,12571056.770889282,5387,400,4371,2904,3306,2503,2507,400,5397,5394,400,3236,400,400,400,400,400,2889,400,400,400,400,400,4867,400,2493,2522,400,3254,400,400,400,4.761904716491699,0,0,0,0,0,0,0,0,0,0,0,0,0,0,0,0,0,0,0,0,0,0,0,0,0,10,0,0,0,0,0,20475,15905,8919,46,0,20475,13200,12046,47,0,66718994432,8589930496,32790712320,524288
200,1791346861244,968508.6531829834,48800,2,1.16875,98041.9927520752,48800,2,1.10625,97177.7787322998,48800,2,1.10625,98503.08435058594,48800,2,1.10625,107807.97746276855,48800,2,1.10625,97465.90046691895,48800,2,1.10625,104779.54083251953,48800,2,1.10625,167671.34112548828,3050,2,1.10625,169554.34922790527,3050,2,1.10625,166950.33209228516,3050,2,1.10625,366448.44288635254,3050,0,1.10625,160093.09992980957,3050,2,1.10625,158836.22312927246,3050,2,1.10625,154256.00520324707,3050,2,1.10625,100536.71360778809,48800,2,1.10625,102350.41993713379,48800,2,1.10625,12571066.232315063,5387,400,4371,2904,3306,2503,2507,400,5397,5394,400,3236,400,400,400,400,400,2889,400,400,400,400,400,4867,400,2493,2522,400,3254,400,400,400,0,0,0,0,4.761904716491699,0,0,0,0,0,0,0,0,0,0,0,0,0,0,0,0,0,0,0,0,0,15.000000953674316,0,0,0,0,0,20475,15905,8919,46,0,20475,13200,12046,47,0,66718994432,8589930496,32790712320,524288
200,1791346861444,968508.6563110352,48800,2,1.1375,98041.99278259277,48800,2,1.1375,97177.77876281738,48800,2,0.93125,98503.08447265625,48800,2,0.93125,107807.97749328613,48800,2,0.93125,97465.90049743652,48800,2,0.93125,104779.54086303711,48800,2,0.93125,167671.34173583984,48800,2,1.1375,169554.34979248047,48800,2,1.1375,166950.334274292,48800,2,1.1375,366448.5122833252,48800,2,1.1375,160093.10076904297,48800,2,1.1375,158836.22370910645,48800,2,1.1375,154256.00576782227,48800,2,1.1375,100536.71363830566,48800,2,1.1375,102350.41996765137,48800,2,1.1375,12571075.627029419,5387,400,4371,2904,3306,2503,2507,400,5397,5394,400,3236,400,400,400,400,400,2889,400,400,400,400,400,4867,400,2493,2522,400,3254,400,400,400,0,0,0,0,0,0,0,0,0,0,0,0,0,0,0,0,0,0,0,0,0,0,0,0,0,0,14.285715103149414,0,0,0,0,0,20475,15905,8919,46,0,20475,13200,12046,47,0,66718994432,8589930496,32789094400,524288
200,1791346861645,968508.6585388184,48800,2,1.16875,98041.99278259277,48800,2,1.03125,97177.77876281738,48800,2,1.03125,98503.08450317383,48800,2,1.03125,107807.97749328613,48800,2,1.03125,97465.90049743652,48800,2,1.03125,104779.54086303711,48800,2,1.03125,167671.34233093262,48800,2,1.16875,169554.35040283203,48800,2,1.16875,166950.34240722656,48800,2,1.16875,366448.5798034668,48800,2,1.16875,160093.10134887695,48800,2,1.16875,158836.22428894043,48800,2,1.16875,154256.00634765625,48800,2,1.16875,100536.71363830566,48800,2,1.03125,102350.41996765137,48800,2,1.03125,12571085.004226685,5387,400,4371,2904,3306,2503,2507,400,5397,5394,400,3236,400,400,400,400,400,2889,400,400,400,400,400,4867,400,2493,2522,400,3254,400,400,400,0,0,0,0,0,0,0,0,0,0,0,0,0,0,0,0,0,0,0,0,0,0,0,0,0,0,10.526315689086914,0,0,0,0,0,20475,15905,8919,46,0,20475,13200,12046,47,0,66718994432,8589930496,32789094400,524288
200,1791346861845,968508.6594238281,48800,2,1.16875,98041.99291992188,48800,2,1.1125,97177.77890014648,48800,2,1.1125,98503.08467102051,48800,2,1.1125,107807.97764587402,48800,2,1.1125,97465.90065002441,48800,2,1.1125,104779.541015625,48800,2,0.93125,167671.34301757813,3050,2,1.09375,169554.35110473633,3050,2,1.09375,166950.34355163574,3050,2,1.09375,366448.6479034424,3050,0,1.09375,160093.10205078125,3050,2,1.09375,158836.22500610352,3050,2,1.09375,154256.00704956055,3050,2,1.09375,100536.71374511719,48800,2,1.1125,102350.42010498047,48800,2,1.1125,12571094.652145386,5387,400,4371,2904,3306,2503,2507,400,5397,5394,400,3236,400,400,400,400,400,2889,400,400,400,400,400,4867,400,2493,2522,400,3254,400,400,400,0,0,0,0,0,0,0,0,0,0,0,0,0,0,0,0,0,0,0,0,0,0,0,0,0,0,14.285715103149414,0,0,0,0,0,20475,15905,8810,45,0,20475,13200,12122,47,0,66718994432,8589930496,32789094400,524288
200,1791346862045,968508.6615447998,48800,2,1.13125,98041.99291992188,48800,2,1.1375,97177.77890014648,48800,2,0.93125,98503.08470153809,48800,2,0.93125,107807.97764587402,48800,2,0.93125,97465.90065002441,48800,2,0.93125,104779.541015625,48800,2,0.93125,167671.34355163574,48800,2,1.13125,169554.35162353516,48800,2,1.13125,166950.3444671631,48800,2,1.13125,366448.71589660645,48800,2,1.13125,160093.10256958008,48800,2,1.13125,158836.22552490234,48800,2,1.13125,154256.00756835938,48800,2,1.13125,100536.71374511719,48800,2,1.1375,102350.42010498047,48800,2,1.1375,12571103.956222534,5387,400,4371,2904,3306,2503,2507,400,5397,5394,400,3236,400,400,400,400,400,2889,400,400,400,400,400,4867,400,2493,2522,400,3254,400,400,400,0,0,0,0,0,0,0,0,0,0,0,0,0,0,0,0,0,0,0,0,0,0,0,0,0,0,10.526315689086914,0,0,0,0,0,20475,15905,8810,45,0,20475,13200,12122,47,0,66718994432,8589930496,32789090304,524288
200,1791346862246,968508.6628723145,48800,2,1.16875,98041.99293518066,48800,2,1.025,97177.77890014648,48800,2,1.025,98503.08473205566,48800,2,1.025,107807.97764587402,48800,2,1.025,97465.9006652832,48800,2,1.025,104779.541015625,48800,2,1.025,167671.34411621094,48800,2,1.16875,169554.35220336914,48800,2,1.16875,166950.34533691406,48800,2,1.16875,366448.7787017822,48800,2,1.16875,160093.10311889648,48800,2,1.16875,158836.22607421875,48800,2,1.16875,154256.00811767578,48800,2,1.16875,100536.71376037598,48800,2,1.025,102350.42010498047,48800,2,1.025,12571113.267105103,5387,400,4371,2904,3306,2503,2507,400,5397,5394,400,3236,400,400,400,400,400,2889,400,400,400,400,400,4867,400,2493,2522,400,3254,400,400,400,0,0,0,0,0,0,0,0,0,0,0,0,0,0,0,0,0,0,0,0,0,0,0,0,0,0,14.285715103149414,0,0,0,0,0,20475,15905,8810,45,0,20475,13200,12122,47,0,66718994432,8589930496,32789090304,524288
200,1791346862446,968508.6636199951,48800,2,1.16875,98041.99296569824,48800,2,1.1,97177.77894592285,48800,2,1.1,98503.08479309082,48800,2,1.1,107807.97769165039,48800,2,1.1,97465.90071105957,48800,2,1.1,104779.54106140137,48800,2,1.1,167671.3447418213,48800,2,1.09375,169554.3528137207,3050,2,1.09375,166950.3464050293,3050,2,1.09375,366448.8481903076,3050,0,1.09375,160093.10372924805,3050,2,1.09375,158836.2266845703,3050,2,1.09375,154256.00872802734,3050,2,1.09375,100536.71380615234,48800,2,1.1,102350.42013549805,48800,2,1.1,12571122.6663208,5387,400,4371,2904,3306,2503,2507,400,5397,5394,400,3236,400,400,400,400,400,2889,400,400,400,400,400,4867,400,2493,2522,400,3254,400,400,400,0,0,0,0,0,0,0,0,0,0,0,0,0,0,0,0,0,0,0,0,0,0,0,0,0,0,15.000000953674316,0,0,0,0,0,20475,15905,8810,45,0,20475,13200,12122,47,0,66718994432,8589930496,32779419648,524288
200,1791346862646,968508.6656341553,48800,2,1.13125,98041.99299621582,48800,2,1.1375,97177.77897644043,48800,2,0.93125,98503.08483886719,48800,2,0.93125,107807.97772216797,48800,2,0.93125,97465.90074157715,48800,2,0.93125,104779.54109191895,48800,2,0.93125,167671.34533691406,48800,2,1.13125,169554.3533935547,48800,2,1.13125,166950.34757995605,48800,2,1.13125,366448.9176635742,48800,2,1.13125,160093.10430908203,48800,2,1.13125,158836.2272644043,48800,2,1.13125,154256.00930786133,48800,2,1.13125,100536.71383666992,48800,2,1.1375,102350.42016601563,48800,2,1.1375,12571132.046020508,5387,400,4371,2904,3306,2503,2507,400,5397,5394,400,3236,400,400,400,400,400,2889,400,400,400,400,400,4867,400,2493,2522,400,3254,400,400,400,0,0,0,0,0,0,0,0,0,0,0,0,0,0,0,0,0,0,0,0,0,0,0,0,0,0,10.526315689086914,0,0,0,0,0,20475,15905,8810,45,0,20475,13200,12122,47,0,66718994432,8589930496,32787419136,524288
200,1791346862847,968508.6669769287,48800,2,1.05,98041.99299621582,48800,2,1.025,97177.77897644043,48800,2,1.025,98503.08486938477,48800,2,1.025,107807.97772216797,48800,2,1.025,97465.90074157715,48800,2,1.025,104779.54109191895,48800,2,1.025,167671.34591674805,48800,2,1.05,169554.35397338867,48800,2,1.05,166950.3486480713,48800,2,1.05,366448.9839935303,48800,2,1.05,160093.10488891602,48800,2,1.05,158836.2278289795,48800,2,1.05,154256.00987243652,48800,2,1.05,100536.71383666992,48800,2,1.025,102350.42016601563,48800,2,1.025,12571141.370269775,5387,400,4371,2904,3306,2503,2507,400,5397,5394,400,3236,400,400,400,400,400,2889,400,400,400,400,400,4867,400,2493,2522,400,3254,400,400,400,0,0,0,0,0,0,0,0,0,0,0,0,0,0,0,0,0,0,0,0,0,0,0,0,0,0,10,0,0,0,0,0,20475,15905,8835,45,0,20475,13200,12165,47,0,66718994432,8589930496,32787415040,524288
200,1791346863047,968508.668182373,3050,2,1.1125,98041.99301147461,48800,2,1.1125,97177.77899169922,48800,2,1.1125,98503.08491516113,48800,2,1.1125,107807.97775268555,48800,2,1.1125,97465.90077209473,48800,2,0.93125,104779.54112243652,48800,2,0.93125,167671.3465270996,3050,2,1.1125,169554.3546142578,3050,2,1.1125,166950.35014343262,3050,2,1.1125,366449.0501098633,3050,0,1.1125,160093.1054840088,3050,2,1.1125,158836.22842407227,3050,2,1.1125,154256.0104827881,3050,2,1.1125,100536.71385192871,48800,2,1.1125,102350.42018127441,48800,2,1.1125,12571150.759033203,5387,400,4371,2904,3306,2503,2507,400,5397,5394,400,3236,400,400,400,400,400,2889,400,400,400,400,400,4867,400,2493,2522,400,3254,400,400,400,0,0,0,0,0,0,0,0,0,0,0,0,0,0,0,0,0,0,0,0,0,0,0,0,0,0,15.000000953674316,0,0,0,0,0,20475,15905,8835,45,0,20475,13200,12165,47,0,66718994432,8589930496,32787415040,524288
200,1791346863248,968508.6698760986,48800,2,1.125,98041.9930267334,48800,2,0.93125,97177.77900695801,48800,2,0.93125,98503.08494567871,48800,2,0.93125,107807.97776794434,48800,2,0.93125,97465.90078735352,48800,2,0.93125,104779.54113769531,48800,2,0.93125,167671.34712219238,48800,2,1.125,169554.3552093506,48800,2,1.125,166950.35090637207,48800,2,1.125,366449.12007141113,48800,2,1.125,160093.10606384277,48800,2,1.125,158836.22900390625,48800,2,1.125,154256.01107788086,48800,2,1.125,100536.7138671875,48800,2,1.1375,102350.4201965332,48800,2,1.1375,12571160.170898438,5387,400,4371,2904,3306,2503,2507,400,5397,5394,400,3236,400,400,400,400,400,2889,400,400,400,400,400,4867,400,2493,2522,400,3254,400,400,400,0,0,0,0,0,0,0,0,0,0,0,0,0,0,0,0,0,0,0,0,0,0,0,0,0,0,14.285715103149414,0,0,0,0,0,20475,15905,8835,45,0,20475,13200,12165,47,0,66718994432,8589930496,32787415040,524288
200,1791346863448,968508.6713409424,48800,2,1.16875,98041.9930267334,48800,2,1.025,97177.77900695801,48800,2,1.025,98503.08497619629,48800,2,1.025,107807.97776794434,48800,2,1.025,97465.90078735352,48800,2,1.025,104779.54113769531,48800,2,1.025,167671.34771728516,48800,2,1.16875,169554.35577392578,48800,2,1.16875,166950.3523864746,48800,2,1.16875,366449.18629455566,48800,2,1.16875,160093.10662841797,48800,2,1.16875,158836.22956848145,48800,2,1.16875,154256.01164245605,48800,2,1.16875,100536.71388244629,48800,2,1.025,102350.4201965332,48800,2,1.025,12571169.446472168,5387,400,4371,2904,3306,2503,2507,400,5397,5394,400,3236,400,400,400,400,400,2889,400,400,400,400,400,4867,400,2493,2522,400,3254,400,400,400,0,0,0,0,0,0,0,0,0,0,0,0,0,0,0,0,0,0,0,0,0,0,0,0,0,0,15.000000953674316,0,0,0,0,0,20475,15905,8835,45,0,20475,13200,12165,47,0,66718994432,8589930496,32786178048,524288
200,1791346863648,968508.6723175049,48800,2,1.16875,98041.99304199219,48800,2,1.1,97177.7790222168,48800,2,1.1,98503.08502197266,48800,2,1.1,107807.97779846191,48800,2,1.1,97465.9008178711,48800,2,1.1,104779.54116821289,48800,2,0.93125,167671.34832763672,3050,2,1.10625,169554.35635375977,3050,2,1.10625,166950.35331726074,3050,2,1.10625,366449.2551574707,3050,0,1.10625,160093.10719299316,3050,2,1.10625,158836.23013305664,3050,2,1.10625,154256.01220703125,3050,2,1.10625,100536.71389770508,48800,2,1.1,102350.42021179199,48800,2,1.1,12571178.878570557,5387,400,4371,2904,3306,2503,2507,400,5397,5394,400,3236,400,400,400,400,400,2889,400,400,400,400,400,4867,400,2493,2522,400,3254,400,400,400,0,0,0,0,0,0,0,0,0,0,0,0,0,0,0,0,0,0,0,0,0,0,0,0,0,0,10,0,0,0,0,0,20475,15905,8835,45,0,20475,13200,12165,47,0,66718994432,8589930496,32786178048,524288
200,1791346863849,968508.6739959717,48800,2,0.9625,98041.99304199219,48800,2,1.075,97177.7790222168,48800,2,1.075,98503.08506774902,48800,2,0.93125,107807.97779846191,48800,2,0.93125,97465.9008178711,48800,2,0.93125,104779.54116821289,48800,2,0.93125,167671.3488922119,48800,2,0.9625,169554.35690307617,48800,2,0.9625,166950.3539276123,48800,2,0.9625,366449.3271484375,48800,2,0.9625,160093.1078338623,48800,2,0.9625,158836.23069763184,48800,2,0.9625,154256.01277160645,48800,2,0.9625,100536.71389770508,48800,2,1.075,102350.42021179199,48800,2,1.075,12571188.239379883,5387,400,4371,2904,3306,2503,2507,400,5397,5394,400,3236,400,400,400,400,400,2889,400,400,400,400,400,4867,400,2493,2522,400,3254,400,400,400,0,0,0,0,0,0,0,0,0,0,0,0,0,0,0,0,0,0,0,0,0,0,0,0,0,0,15.000000953674316,0,0,0,0,0,20475,15905,8867,45,0,20475,13200,12110,47,0,66718994432,8589930496,32786427904,524288
200,1791346864049,968508.6754150391,48800,2,1.16875,98041.99304199219,48800,2,1.0375,97177.7790222168,48800,2,1.0375,98503.08511352539,48800,2,1.0375,107807.97779846191,48800,2,1.0375,97465.9008178711,48800,2,1.0375,104779.54116821289,48800,2,1.0375,167671.34951782227,48800,2,1.16875,169554.35748291016,48800,2,1.16875,166950.35452270508,48800,2,1.16875,366449.3930053711,48800,2,1.16875,160093.10864257813,48800,2,1.16875,158836.23126220703,48800,2,1.16875,154256.01333618164,48800,2,1.16875,100536.71391296387,48800,2,1.0375,102350.42021179199,48800,2,1.0375,12571197.645233154,5387,400,4371,2904,3306,2503,2507,400,5397,5394,400,3236,400,400,400,400,400,2889,400,400,400,400,400,4867,400,2493,2522,400,3254,400,400,400,0,0,0,0,0,0,0,0,0,0,0,0,0,0,0,0,0,0,0,0,0,0,0,0,0,0,10,0,0,0,0,0,20475,15905,8867,45,0,20475,13200,12110,47,0,66718994432,8589930496,32786427904,524288
200,1791346864249,968508.6763763428,3050,2,1.0875,98041.99307250977,48800,2,1.1,97177.77905273438,48800,2,1.1,98503.08518981934,48800,2,1.1,107807.97784423828,48800,2,1.1,97465.90086364746,48800,2,0.93125,104779.54121398926,48800,2,0.93125,167671.35009765625,3050,2,1.0875,169554.35806274414,3050,2,1.0875,166950.35511779785,3050,2,1.0875,366449.45906066895,3050,0,1.0875,160093.10961914063,3050,2,1.0875,158836.23182678223,3050,2,1.0875,154256.01390075684,3050,2,1.0875,100536.71394348145,48800,2,1.1,102350.42024230957,48800,2,1.1,12571207.057907104,5387,400,4371,2904,3306,2503,2507,400,5397,5394,400,3236,400,400,400,400,400,2889,400,400,400,400,400,4867,400,2493,2522,400,3254,400,400,400,0,0,0,0,0,0,0,0,0,0,0,0,0,0,0,0,0,0,0,0,0,0,0,0,0,0,15.000000953674316,0,0,0,0,0,20475,15905,8867,45,0,20475,13200,12110,47,0,66718994432,8589930496,32786427904,524288
200,1791346864450,968508.6779937744,48800,2,1.16875,98041.99308776855,48800,2,0.94375,97177.77906799316,48800,2,0.94375,98503.0852355957,48800,2,0.94375,107807.97785949707,48800,2,0.94375,97465.90087890625,48800,2,0.94375,104779.54124450684,48800,2,0.94375,167671.3507232666,48800,2,1.16875,169554.3586730957,48800,2,1.16875,166950.35577392578,48800,2,1.16875,366449.52854919434,48800,2,1.16875,160093.11032104492,48800,2,1.16875,158836.23245239258,48800,2,1.16875,154256.0145263672,48800,2,1.16875,100536.71395874023,48800,2,1.16875,102350.42025756836,48800,2,1.16875,12571216.552474976,5387,400,4371,2904,3306,2503,2507,400,5397,5394,400,3236,400,400,400,400,400,2889,400,400,400,400,400,4867,400,2493,2522,400,3254,400,400,400,0,0,0,0,0,0,0,0,0,0,0,0,0,0,0,0,0,0,0,0,0,0,0,0,0,0,10,0,0,0,0,0,20475,15905,8867,45,0,20475,13200,12110,47,0,66718994432,8589930496,32785342464,524288
199,1791346864650,968508.6792602539,48800,2,1.16875,98041.99310302734,48800,2,1.0375,97177.77909851074,48800,2,1.0375,98503.08528137207,48800,2,1.0375,107807.97787475586,48800,2,1.0375,97465.90090942383,48800,2,1.0375,104779.54125976563,48800,2,1.0375,167671.351272583,48800,2,1.16875,169554.35920715332,48800,2,1.16875,166950.35633850098,48800,2,1.16875,366449.59495544434,48800,2,1.16875,160093.11116027832,48800,2,1.16875,158836.2329864502,48800,2,1.16875,154256.0150604248,48800,2,1.16875,100536.71397399902,48800,2,1.0375,102350.42027282715,48800,2,1.0375,12571225.929351807,5387,400,4371,2904,3306,2503,2507,400,5397,5394,400,3236,400,400,400,400,400,2889,400,400,400,400,400,4867,400,2493,2522,400,3254,400,400,400,0,0,0,0,0,0,0,0,0,0,0,0,0,0,0,0,0,0,0,0,0,0,0,0,0,0,15.000000953674316,0,0,0,0,0,20475,15905,8867,45,0,20475,13200,12110,47,0,66718994432,8589930496,32785342464,524288
200,1791346864850,968508.6801300049,48800,2,0.575,98041.99311828613,48800,2,0.925,97177.77911376953,48800,2,0.925,98503.08532714844,48800,2,0.925,107807.97792053223,48800,2,0.925,97465.9009399414,48800,2,0.925,104779.5412902832,48800,2,0.925,167671.351852417,48800,2,0.575,169554.35981750488,48800,2,0.575,166950.35697937012,48800,2,0.575,366449.66258239746,48800,2,0.575,160093.11213684082,48800,2,0.575,158836.2335510254,3050,2,0.48124999999999996,154256.015625,3050,2,0.48124999999999996,100536.71398925781,48800,2,0.925,102350.42028808594,48800,2,0.925,12571235.30418396,5387,400,4371,2904,3306,2503,2507,400,5397,5394,400,3236,400,400,400,400,400,2889,400,400,400,400,400,4867,400,2493,2522,400,3254,400,400,400,0,0,0,0,0,0,0,0,0,0,0,0,0,0,0,0,0,0,0,0,0,0,0,0,0,0,10,0,0,0,0,0,20475,15905,8854,45,0,20475,13200,12069,47,0,66718994432,8589930496,32785338368,524288
200,1791346865050,968508.681137085,48800,2,1.125,98041.99314880371,48800,2,1.13125,97177.77914428711,48800,2,1.13125,98503.0853881836,48800,2,1.13125,107807.9779510498,48800,2,1.13125,97465.90097045898,48800,2,0.925,104779.54132080078,48800,2,0.925,167671.35249328613,48800,2,1.125,169554.36041259766,48800,2,1.125,166950.35760498047,48800,2,1.125,366449.7322845459,48800,2,1.125,160093.11317443848,48800,2,1.125,158836.23414611816,48800,2,1.125,154256.01622009277,48800,2,1.125,100536.7140045166,48800,2,1.13125,102350.42030334473,48800,2,1.13125,12571244.66242981,5387,400,4371,2904,3306,2503,2507,400,5397,5394,400,3236,400,400,400,400,400,2889,400,400,400,400,400,4867,400,2493,2522,400,3254,400,400,400,4.761904716491699,0,0,0,0,0,0,0,0,0,0,0,0,0,0,0,0,0,0,0,0,0,0,0,0,0,19.047618865966797,0,0,0,0,0,20475,15905,8854,45,0,20475,13200,12069,47,0,66718994432,8589930496,32785338368,524288
200,1791346865251,968508.6828308105,48800,2,1.175,98041.9931640625,48800,2,0.99375,97177.77914428711,48800,2,0.99375,98503.08544921875,48800,2,0.99375,107807.9779510498,48800,2,0.99375,97465.90097045898,48800,2,0.99375,104779.54132080078,48800,2,0.99375,167671.35311889648,48800,2,1.175,169554.3610534668,48800,2,1.175,166950.35829162598,48800,2,1.175,366449.7974700928,48800,2,1.175,160093.11405944824,48800,2,1.175,158836.23477172852,48800,2,1.175,154256.01684570313,48800,2,1.175,100536.71401977539,48800,2,0.99375,102350.42030334473,48800,2,0.99375,12571254.123001099,5387,400,4371,2904,3306,2503,2507,400,5397,5394,400,3236,400,400,400,400,400,2889,400,400,400,400,400,4867,400,2493,2522,400,3254,400,400,400,0,0,0,0,0,0,0,0,0,0,0,0,0,0,0,0,0,0,0,0,0,0,0,0,0,0,10.526315689086914,0,0,0,0,0,20475,15905,8854,45,0,20475,13200,12069,47,0,66718994432,8589930496,32785338368,524288
200,1791346865451,968508.6838226318,48800,2,1.16875,98041.99319458008,48800,2,1.05,97177.77935791016,48800,2,1.05,98503.0855102539,48800,2,1.05,107807.9779663086,48800,2,1.05,97465.90100097656,48800,2,1.05,104779.54133605957,48800,2,1.05,167671.35371398926,48800,2,1.16875,169554.36164855957,48800,2,1.16875,166950.35891723633,48800,2,1.16875,366449.86138916016,48800,2,1.16875,160093.11499023438,48800,2,1.16875,158836.2353668213,48800,2,1.05,154256.0174255371,3050,2,1.05,100536.71405029297,48800,2,1.05,102350.42031860352,48800,2,1.05,12571263.555862427,5387,400,4371,2904,3306,2503,2507,400,5397,5394,400,3236,400,400,400,400,400,2889,400,400,400,400,400,4867,400,2493,2522,400,3254,400,400,400,0,0,0,0,0,0,0,0,0,0,0,0,0,0,0,0,0,0,0,0,0,0,0,0,0,0,10,0,0,0,0,0,20475,15905,8854,45,0,20475,13200,12069,47,0,66718994432,8589930496,32776134656,524288
200,1791346865651,968508.6851806641,48800,2,1.11875,98041.99322509766,48800,2,1.11875,97177.77938842773,48800,2,1.11875,98503.08557128906,48800,2,1.11875,107807.97799682617,48800,2,1.11875,97465.90103149414,48800,2,1.11875,104779.54136657715,48800,2,0.93125,167671.35430908203,48800,2,1.11875,169554.36225891113,48800,2,1.11875,166950.36514282227,48800,2,1.11875,366449.9319458008,48800,2,1.11875,160093.11590576172,48800,2,1.11875,158836.23594665527,48800,2,1.11875,154256.0180053711,48800,2,1.11875,100536.71406555176,48800,2,1.11875,102350.4203338623,48800,2,1.11875,12571272.859375,5387,400,4371,2904,3306,2503,2507,400,5397,5394,400,3236,400,400,400,400,400,2889,400,400,400,400,400,4867,400,2493,2522,400,3254,400,400,400,0,0,0,0,0,0,0,0,0,0,0,0,0,0,0,0,0,0,0,0,0,0,0,0,0,0,15.000000953674316,0,0,0,0,0,20475,15905,8854,45,0,20475,13200,12069,47,0,66718994432,8589930496,32784130048,524288
200,1791346865852,968508.688583374,48800,2,1.16875,98041.99334716797,48800,2,0.9625,97177.77951049805,48800,2,0.9625,98503.08570861816,48800,2,0.9625,107807.97811889648,48800,2,0.9625,97465.90116882324,48800,2,0.9625,104779.54148864746,48800,2,0.9625,167671.35499572754,48800,2,1.16875,169554.362991333,48800,2,1.16875,166950.3659210205,48800,2,1.16875,366449.9981536865,48800,2,1.16875,160093.11686706543,48800,2,1.16875,158836.23666381836,48800,2,1.16875,154256.0187072754,48800,2,1.16875,100536.71415710449,48800,2,0.9625,102350.42045593262,48800,2,0.9625,12571282.49067688,5387,400,4371,2904,3306,2503,2507,400,5397,5394,400,3236,400,400,400,400,400,2889,400,400,400,400,400,4867,400,2493,2522,400,3254,400,400,400,0,0,0,0,0,0,0,0,0,0,0,0,0,0,0,0,0,0,0,0,0,0,0,0,0,0,10,0,0,0,0,0,20475,15905,8872,45,0,20475,13200,12078,47,0,66718994432,8589930496,32784130048,524288
200,1791346866052,968508.6899719238,48800,2,1.16875,98041.99334716797,48800,2,1.05625,97177.77951049805,48800,2,1.05625,98503.08573913574,48800,2,1.05625,107807.97811889648,48800,2,1.05625,97465.90116882324,48800,2,1.05625,104779.54148864746,48800,2,1.05625,167671.35563659668,48800,2,1.16875,169554.36358642578,48800,2,1.16875,166950.36656188965,48800,2,1.16875,366450.0639190674,48800,2,1.16875,160093.11779785156,48800,2,1.16875,158836.23725891113,48800,2,1.16875,154256.01930236816,48800,2,1.16875,100536.71417236328,48800,2,1.05625,102350.42045593262,48800,2,1.05625,12571291.914260864,5387,400,4371,2904,3306,2503,2507,400,5397,5394,400,3236,400,400,400,400,400,2889,400,400,400,400,400,4867,400,2493,2522,400,3254,400,400,400,0,0,0,0,0,0,0,0,0,0,0,0,0,0,0,0,0,0,0,0,0,0,0,0,0,0,15.000000953674316,0,0,0,0,0,20475,15905,8872,45,0,20475,13200,12078,47,0,66718994432,8589930496,32784130048,524288
200,1791346866252,968508.6911621094,3050,2,1.11875,98041.99339294434,48800,2,1.13125,97177.77955627441,48800,2,1.13125,98503.08584594727,48800,2,1.13125,107807.97817993164,48800,2,1.13125,97465.9012298584,48800,2,0.93125,104779.54154968262,48800,2,0.93125,167671.35627746582,3050,2,1.11875,169554.3642425537,3050,2,1.11875,166950.36721801758,3050,2,1.11875,366450.1329803467,3050,0,1.11875,160093.1188659668,3050,2,1.11875,158836.23788452148,3050,2,1.11875,154256.01992797852,3050,2,1.11875,100536.71421813965,48800,2,1.13125,102350.42050170898,48800,2,1.13125,12571301.34072876,5387,400,4371,2904,3306,2503,2507,400,5397,5394,400,3236,400,400,400,400,400,2889,400,400,400,400,400,4867,400,2493,2522,400,3254,400,400,400,0,0,0,0,0,0,0,0,0,0,0,0,0,0,0,0,0,0,0,0,0,0,0,0,0,0,14.285715103149414,0,0,0,0,0,20475,15905,8872,45,0,20475,13200,12078,47,0,66718994432,8589930496,32784130048,524288
200,1791346866453,968508.6928863525,48800,2,1.16875,98041.99340820313,48800,2,0.9625,97177.7795715332,48800,2,0.9625,98503.08590698242,48800,2,0.9625,107807.97819519043,48800,2,0.9625,97465.90124511719,48800,2,0.9625,104779.5415649414,48800,2,0.9625,167671.35691833496,48800,2,1.16875,169554.36486816406,48800,2,1.16875,166950.3678741455,48800,2,1.16875,366450.203994751,48800,2,1.16875,160093.1197052002,48800,2,1.16875,158836.23851013184,48800,2,1.16875,154256.02055358887,48800,2,1.16875,100536.71423339844,48800,2,1.16875,102350.42051696777,48800,2,0.9625,12571310.82460022,5387,400,4371,2904,3306,2503,2507,400,5397,5394,400,3236,400,400,400,400,400,2889,400,400,400,400,400,4867,400,2493,2522,400,3254,400,400,400,0,0,0,0,0,0,0,0,0,0,0,0,0,0,0,0,0,0,0,0,0,0,0,0,0,0,10.526315689086914,0,0,0,0,0,20475,15905,8872,45,0,20475,13200,12078,47,0,66718994432,8589930496,32783298560,524288
200,1791346866653,968508.6942749023,48800,2,1.16875,98041.99345397949,48800,2,1.0375,97177.77961730957,48800,2,1.0375,98503.08615112305,48800,2,1.0375,107807.9782409668,48800,2,1.0375,97465.90129089355,48800,2,1.0375,104779.54162597656,48800,2,1.0375,167671.35758972168,48800,2,1.16875,169554.36553955078,48800,2,1.16875,166950.36856079102,48800,2,1.16875,366450.27056884766,48800,2,1.16875,160093.12092590332,48800,2,1.16875,158836.23918151855,3050,2,1.025,154256.0212249756,3050,2,1.025,100536.7142944336,48800,2,1.0375,102350.42056274414,48800,2,1.0375,12571320.422409058,5387,400,4371,2904,3306,2503,2507,400,5397,5394,400,3236,400,400,400,400,400,2889,400,400,400,400,400,4867,400,2493,2522,400,3254,400,400,400,0,0,0,0,0,0,0,0,0,0,0,0,0,0,0,0,0,0,0,0,0,0,0,0,0,0,14.285715103149414,0,0,0,0,0,20475,15905,8872,45,0,20475,13200,12078,47,0,66718994432,8589930496,32783294464,524288
200,1791346866853,968508.6963348389,3050,2,1.10625,98041.99349975586,48800,2,1.11875,97177.77964782715,48800,2,1.11875,98503.08618164063,48800,2,1.11875,107807.97828674316,48800,2,0.925,97465.90133666992,48800,2,0.925,104779.54165649414,48800,2,0.925,167671.3582458496,3050,2,1.10625,169554.36624145508,3050,2,1.10625,166950.36932373047,3050,2,1.10625,366450.3391418457,3050,0,1.10625,160093.1219482422,3050,2,1.10625,158836.2398223877,3050,2,1.10625,154256.02186584473,3050,2,1.10625,100536.71430969238,48800,2,1.11875,102350.42057800293,48800,2,1.11875,12571330.046539307,5387,400,4371,2904,3306,2503,2507,400,5397,5394,400,3236,400,400,400,400,400,2889,400,400,400,400,400,4867,400,2493,2522,400,3254,400,400,400,4.761904716491699,0,0,0,0,0,0,0,0,0,0,4.761904716491699,0,0,0,0,0,0,0,0,0,0,0,0,0,0,10.526315689086914,0,0,0,0,0,20475,15905,8869,45,0,20475,13200,12096,46,0,66718994432,8589930496,32783294464,524288
200,1791346867054,968508.6981048584,48800,2,1.16875,98041.99354553223,48800,2,0.95625,97177.77967834473,48800,2,0.95625,98503.08628845215,48800,2,0.95625,107807.97831726074,48800,2,0.95625,97465.9013671875,48800,2,0.95625,104779.54168701172,48800,2,0.95625,167671.35891723633,48800,2,1.16875,169554.366897583,48800,2,1.16875,166950.3699951172,48800,2,1.16875,366450.4106903076,48800,2,1.16875,160093.12274169922,48800,2,1.16875,158836.24047851563,48800,2,1.16875,154256.02252197266,48800,2,1.16875,100536.71434020996,48800,2,0.95625,102350.42060852051,48800,2,0.95625,12571339.58708191,5387,400,4371,2904,3306,2503,2507,400,5397,5394,400,3236,400,400,400,400,400,2889,400,400,400,400,400,4867,400,2493,2522,400,3254,400,400,400,0,0,0,0,0,0,0,0,0,0,0,0,0,0,0,0,0,0,0,0,0,0,0,0,0,0,15.000000953674316,0,0,0,0,0,20475,15905,8869,45,0,20475,13200,12096,46,0,66718994432,8589930496,32783294464,524288
199,1791346867254,968508.6992340088,48800,2,1.16875,98041.99354553223,48800,2,1.03125,97177.77967834473,48800,2,1.03125,98503.08631896973,48800,2,1.03125,107807.97831726074,48800,2,1.03125,97465.9013671875,48800,2,1.03125,104779.54168701172,48800,2,1.03125,167671.3599395752,48800,2,1.16875,169554.36752319336,48800,2,1.16875,166950.3706665039,48800,2,1.16875,366450.47438049316,48800,2,1.16875,160093.12370300293,48800,2,1.16875,158836.2410888672,48800,2,1.16875,154256.02313232422,3050,2,1.01875,100536.71434020996,48800,2,1.03125,102350.42060852051,48800,2,1.03125,12571349.190002441,5387,400,4371,2904,3306,2503,2507,400,5397,5394,400,3236,400,400,400,400,400,2889,400,400,400,400,400,4867,400,2493,2522,400,3254,400,400,400,0,0,0,0,0,0,0,0,0,0,0,0,0,0,0,0,0,0,0,0,0,0,0,0,0,0,10,0,0,0,0,0,20475,15905,8869,45,0,20475,13200,12096,46,0,66718994432,8589930496,32783294464,524288
200,1791346867454,968508.7012786865,48800,2,1.16875,98041.9935760498,48800,2,1.03125,97177.7797241211,48800,2,1.03125,98503.08641052246,48800,2,1.03125,107807.97836303711,48800,2,1.03125,97465.90141296387,48800,2,1.03125,104779.54174804688,48800,2,1.03125,167671.3606262207,48800,2,1.16875,169554.36822509766,48800,2,1.16875,166950.3713684082,48800,2,1.16875,366450.5443572998,48800,2,1.16875,160093.1247406006,48800,2,1.16875,158836.2417602539,48800,2,1.16875,154256.02378845215,48800,2,1.16875,100536.71437072754,48800,2,1.03125,102350.42063903809,48800,2,1.03125,12571358.71018982,5387,400,4371,2904,3306,2503,2507,400,5397,5394,400,3236,400,400,400,400,400,2889,400,400,400,400,400,4867,400,2493,2522,400,3254,400,400,400,0,0,0,0,0,0,0,0,0,0,0,0,0,0,0,0,0,0,0,0,0,0,0,0,0,0,10.526315689086914,0,0,0,0,0,20475,15905,8869,45,0,20475,13200,12096,46,0,66718994432,8589930496,32782569472,524288
200,1791346867654,968508.7026519775,3050,2,1.1125,98041.99360656738,48800,2,1.11875,97177.77975463867,48800,2,1.11875,98503.0864868164,48800,2,1.11875,107807.97840881348,48800,2,1.11875,97465.90145874023,48800,2,0.93125,104779.54179382324,48800,2,0.93125,167671.36126708984,3050,2,1.1125,169554.3688812256,3050,2,1.1125,166950.37202453613,3050,2,1.1125,366450.61128234863,3050,0,1.1125,160093.1256866455,3050,2,1.1125,158836.24238586426,3050,2,1.1125,154256.0244140625,3050,2,1.1125,100536.71440124512,48800,2,1.11875,102350.42066955566,48800,2,1.11875,12571368.238464355,5387,400,4371,2904,3306,2503,2507,400,5397,5394,400,3236,400,400,400,400,400,2889,400,400,400,400,400,4867,400,2493,2522,400,3254,400,400,400,0,0,0,0,0,0,0,0,0,0,0,0,0,0,0,0,0,0,0,0,0,0,0,0,0,0,14.285715103149414,0,0,0,0,0,20475,15905,8799,45,0,20475,13200,12096,46,0,66718994432,8589930496,32782565376,524288
200,1791346867855,968508.7043609619,48800,2,1.16875,98041.99363708496,48800,2,0.95625,97177.77978515625,48800,2,0.95625,98503.08653259277,48800,2,0.95625,107807.97845458984,48800,2,0.95625,97465.9015045166,48800,2,0.95625,104779.54182434082,48800,2,0.95625,167671.36195373535,48800,2,1.16875,169554.36959838867,48800,2,1.16875,166950.3727722168,48800,2,1.16875,366450.68257141113,48800,2,1.16875,160093.12661743164,48800,2,1.16875,158836.24307250977,48800,2,1.16875,154256.02508544922,48800,2,1.16875,100536.7144317627,48800,2,1.16875,102350.42070007324,48800,2,0.95625,12571377.865722656,5387,400,4371,2904,3306,2503,2507,400,5397,5394,400,3236,400,400,400,400,400,2889,400,400,400,400,400,4867,400,2493,2522,400,3254,400,400,400,0,0,0,0,0,0,0,0,0,0,0,0,0,0,0,0,0,0,0,0,0,0,0,0,0,0,15.000000953674316,0,0,0,0,0,20475,15905,8799,45,0,20475,13200,12086,46,0,66718994432,8589930496,32782565376,524288
200,1791346868055,968508.7052764893,48800,2,1.16875,98041.99365234375,48800,2,1.0375,97177.77978515625,48800,2,1.0375,98503.08654785156,48800,2,1.0375,107807.97845458984,48800,2,1.0375,97465.9015045166,48800,2,1.0375,104779.54182434082,48800,2,1.0375,167671.3625946045,48800,2,1.16875,169554.37022399902,48800,2,1.16875,166950.37341308594,48800,2,1.16875,366450.74938964844,48800,2,1.16875,160093.12760925293,48800,2,1.16875,158836.24369812012,48800,2,1.16875,154256.02571105957,48800,2,1.16875,100536.7144317627,48800,2,1.0375,102350.42070007324,48800,2,1.0375,12571387.299758911,5387,400,4371,2904,3306,2503,2507,400,5397,5394,400,3236,400,400,400,400,400,2889,400,400,400,400,400,4867,400,2493,2522,400,3254,400,400,400,0,0,0,0,0,0,0,0,0,0,0,0,0,0,0,0,0,0,0,0,0,0,0,0,0,0,14.285715103149414,0,0,0,0,0,20475,15905,8799,45,0,20475,13200,12086,46,0,66718994432,8589930496,32782565376,524288
200,1791346868255,968508.7063903809,3050,2,1.10625,98041.99366760254,48800,2,1.1125,97177.77980041504,48800,2,1.1125,98503.08656311035,48800,2,1.1125,107807.97848510742,48800,2,1.1125,97465.90153503418,48800,2,0.93125,104779.5418548584,48800,2,0.93125,167671.36318969727,3050,2,1.10625,169554.3708343506,3050,2,1.10625,166950.3740081787,3050,2,1.10625,366450.8151550293,3050,0,1.10625,160093.12850952148,3050,2,1.10625,158836.2442932129,3050,2,1.10625,154256.02629089355,3050,2,1.10625,100536.71444702148,48800,2,1.1125,102350.42071533203,48800,2,1.1125,12571396.764587402,5387,400,4371,2904,3306,2503,2507,400,5397,5394,400,3236,400,400,400,400,400,2889,400,400,400,400,400,4867,400,2493,2522,400,3254,400,400,400,0,0,0,0,0,0,0,0,0,0,0,0,0,0,0,0,0,0,0,0,0,0,0,0,0,0,10.526315689086914,0,0,0,0,0,20475,15905,8799,45,0,20475,13200,12086,46,0,66718994432,8589930496,32782565376,524288
200,1791346868456,968508.7078857422,48800,2,1.13125,98041.99366760254,48800,2,1.13125,97177.77980041504,48800,2,0.93125,98503.08657836914,48800,2,0.93125,107807.97848510742,48800,2,0.93125,97465.90153503418,48800,2,0.93125,104779.5418548584,48800,2,0.93125,167671.36378479004,48800,2,1.13125,169554.37142944336,48800,2,1.13125,166950.37461853027,48800,2,1.13125,366450.8854980469,48800,2,1.13125,160093.1294708252,48800,2,1.13125,158836.24488830566,48800,2,1.13125,154256.02687072754,48800,2,1.13125,100536.71444702148,48800,2,1.13125,102350.42071533203,48800,2,1.13125,12571406.219985962,5387,400,4371,2904,3306,2503,2507,400,5397,5394,400,3236,400,400,400,400,400,2889,400,400,400,400,400,4867,400,2493,2522,400,3254,400,400,400,0,0,0,0,0,0,0,0,0,0,0,0,0,0,0,0,0,0,0,0,0,0,0,0,0,0,10,0,0,0,0,0,20475,15905,8799,45,0,20475,13200,12086,46,0,66718994432,8589930496,32773668864,524288
200,1791346868656,968508.7091522217,48800,2,1.16875,98041.99366760254,48800,2,1.01875,97177.77980041504,48800,2,1.01875,98503.08659362793,48800,2,1.01875,107807.97848510742,48800,2,1.01875,97465.90153503418,48800,2,1.01875,104779.5418548584,48800,2,1.01875,167671.3643951416,48800,2,1.16875,169554.37202453613,48800,2,1.16875,166950.37522888184,48800,2,1.16875,366450.9483642578,48800,2,1.16875,160093.13026428223,48800,2,1.16875,158836.24548339844,48800,2,1.16875,154256.0274658203,48800,2,1.16875,100536.71444702148,48800,2,1.01875,102350.42071533203,48800,2,1.01875,12571415.674743652,5387,400,4371,2904,3306,2503,2507,400,5397,5394,400,3236,400,400,400,400,400,2889,400,400,400,400,400,4867,400,2493,2522,400,3254,400,400,400,0,0,0,0,0,0,0,0,0,0,0,0,0,0,0,0,0,0,0,0,0,0,0,0,0,0,15.000000953674316,0,0,0,0,0,20475,15905,8714,45,0,20475,13200,12086,46,0,66718994432,8589930496,32781668352,524288
200,1791346868856,968508.7100219727,48800,2,1.16875,98041.99368286133,48800,2,1.09375,97177.77981567383,48800,2,1.09375,98503.0866394043,48800,2,1.09375,107807.97853088379,48800,2,1.09375,97465.90156555176,48800,2,1.09375,104779.54188537598,48800,2,0.93125,167671.36500549316,3050,2,1.09375,169554.37265014648,3050,2,1.09375,166950.37588500977,3050,2,1.09375,366451.01835632324,3050,0,1.09375,160093.13116455078,3050,2,1.09375,158836.2460784912,3050,2,1.09375,154256.0280609131,3050,2,1.09375,100536.71446228027,48800,2,1.09375,102350.42073059082,48800,2,1.09375,12571425.265579224,5387,400,4371,2904,3306,2503,2507,400,5397,5394,400,3236,400,400,400,400,400,2889,400,400,400,400,400,4867,400,2493,2522,400,3254,400,400,400,0,0,0,0,0,0,0,0,0,0,0,0,0,0,0,0,0,0,0,0,0,0,0,0,0,0,10.526315689086914,0,0,0,0,0,20475,15905,8714,45,0,20475,13200,12051,46,0,66718994432,8589930496,32781668352,524288
200,1791346869057,968508.7116699219,48800,2,1.13125,98041.99368286133,48800,2,1.1375,97177.77981567383,48800,2,0.93125,98503.08665466309,48800,2,0.93125,107807.97853088379,48800,2,0.93125,97465.90156555176,48800,2,0.93125,104779.54188537598,48800,2,0.93125,167671.36563110352,48800,2,1.13125,169554.37327575684,48800,2,1.13125,166950.3765258789,48800,2,1.13125,366451.0878753662,48800,2,1.13125,160093.13200378418,48800,2,1.13125,158836.24668884277,48800,2,1.13125,154256.02868652344,48800,2,1.13125,100536.71446228027,48800,2,1.1375,102350.42073059082,48800,2,1.1375,12571434.745513916,5387,400,4371,2904,3306,2503,2507,400,5397,5394,400,3236,400,400,400,400,400,2889,400,400,400,400,400,4867,400,2493,2522,400,3254,400,400,400,0,0,0,0,0,0,0,0,0,0,0,0,0,0,0,0,0,0,0,0,0,0,0,0,0,0,18.18181800842285,0,0,0,0,0,20475,15905,8714,45,0,20475,13200,12051,46,0,66718994432,8589930496,32781668352,524288
200,1791346869257,968508.7129516602,48800,2,1.16875,98041.99369812012,48800,2,1.025,97177.77981567383,48800,2,1.025,98503.08666992188,48800,2,1.025,107807.97853088379,48800,2,1.025,97465.90156555176,48800,2,1.025,104779.54188537598,48800,2,1.025,167671.3662109375,48800,2,1.16875,169554.37385559082,48800,2,1.16875,166950.3771057129,48800,2,1.16875,366451.15074157715,48800,2,1.16875,160093.13288879395,48800,2,1.16875,158836.24725341797,48800,2,1.16875,154256.02925109863,48800,2,1.16875,100536.71447753906,48800,2,1.025,102350.42073059082,48800,2,1.025,12571444.216201782,5387,400,4371,2904,3306,2503,2507,400,5397,5394,400,3236,400,400,400,400,400,2889,400,400,400,400,400,4867,400,2493,2522,400,3254,400,400,400,0,0,0,0,0,0,0,0,0,0,0,0,0,0,0,0,0,0,0,0,0,0,0,0,0,0,10.526315689086914,0,0,0,0,0,20475,15905,8714,45,0,20475,13200,12051,46,0,66718994432,8589930496,32781668352,524288
200,1791346869457,968508.7138519287,48800,2,1.16875,98041.9937133789,48800,2,1.1,97177.77983093262,48800,2,1.1,98503.08668518066,48800,2,1.1,107807.97856140137,48800,2,1.1,97465.90159606934,48800,2,1.1,104779.54191589355,48800,2,1.1,167671.36682128906,48800,2,1.09375,169554.37446594238,3050,2,1.09375,166950.37776184082,3050,2,1.09375,366451.21688842773,3050,0,1.09375,160093.1337890625,3050,2,1.09375,158836.24784851074,3050,2,1.09375,154256.0298461914,3050,2,1.09375,100536.71449279785,48800,2,1.1,102350.42074584961,48800,2,1.1,12571453.703536987,5387,400,4371,2904,3306,2503,2507,400,5397,5394,400,3236,400,400,400,400,400,2889,400,400,400,400,400,4867,400,2493,2522,400,3254,400,400,400,0,0,0,0,0,0,0,0,0,0,0,0,0,0,0,0,0,0,0,0,0,0,0,0,0,0,14.285715103149414,0,0,0,0,0,20475,15905,8714,45,0,20475,13200,12051,46,0,66718994432,8589930496,32781107200,524288
200,1791346869658,968508.7152404785,48800,2,1.1375,98041.99374389648,48800,2,1.13125,97177.7798614502,48800,2,0.93125,98503.08673095703,48800,2,0.93125,107807.97859191895,48800,2,0.93125,97465.90162658691,48800,2,0.93125,104779.54194641113,48800,2,0.93125,167671.3674468994,48800,2,1.1375,169554.37551879883,48800,2,1.1375,166950.38468933105,48800,2,1.1375,366451.28926086426,48800,2,1.1375,160093.13481140137,48800,2,1.1375,158836.2484588623,48800,2,1.1375,154256.03045654297,48800,2,1.1375,100536.71452331543,48800,2,1.13125,102350.42077636719,48800,2,1.13125,12571463.135131836,5387,400,4371,2904,3306,2503,2507,400,5397,5394,400,3236,400,400,400,400,400,2889,400,400,400,400,400,4867,400,2493,2522,400,3254,400,400,400,0,0,0,0,0,0,0,0,0,0,0,0,0,0,0,0,0,0,0,0,0,0,0,0,0,0,10.526315689086914,0,0,0,0,0,20475,15905,8627,45,0,20475,13200,12051,46,0,66718994432,8589930496,32781107200,524288
200,1791346869858,968508.716583252,48800,2,1.16875,98041.99388122559,48800,2,1.0375,97177.7799987793,48800,2,1.0375,98503.08688354492,48800,2,1.0375,107807.97872924805,48800,2,1.0375,97465.90176391602,48800,2,1.0375,104779.54208374023,48800,2,1.0375,167671.36807250977,48800,2,1.16875,169554.37617492676,48800,2,1.16875,166950.38537597656,48800,2,1.16875,366451.35791015625,48800,2,1.16875,160093.1358795166,48800,2,1.16875,158836.24909973145,48800,2,1.16875,154256.03108215332,48800,2,1.16875,100536.71463012695,48800,2,1.0375,102350.42091369629,48800,2,1.0375,12571472.713500977,5387,400,4371,2904,3306,2503,2507,400,5397,5394,400,3236,400,400,400,400,400,2889,400,400,400,400,400,4867,400,2493,2522,400,3254,400,400,400,0,0,0,0,0,0,0,0,0,0,0,0,0,0,0,0,0,0,0,0,0,0,0,0,0,0,14.285715103149414,0,0,0,0,0,20475,15905,8627,45,0,20475,13200,12000,46,0,66718994432,8589930496,32781107200,524288
200,1791346870058,968508.717590332,48800,2,1.16875,98041.99389648438,48800,2,1.10625,97177.78001403809,48800,2,1.10625,98503.08692932129,48800,2,1.10625,107807.97875976563,48800,2,1.10625,97465.9017944336,48800,2,1.10625,104779.54211425781,48800,2,0.93125,167671.36868286133,3050,2,1.1,169554.37675476074,3050,2,1.1,166950.38597106934,3050,2,1.1,366451.4272003174,3050,0,1.1,160093.13681030273,3050,2,1.1,158836.24967956543,3050,2,1.1,154256.0316619873,3050,2,1.1,100536.71464538574,48800,2,1.10625,102350.42092895508,48800,2,1.10625,12571482.213104248,5387,400,4371,2904,3306,2503,2507,400,5397,5394,400,3236,400,400,400,400,400,2889,400,400,400,400,400,4867,400,2493,2522,400,3254,400,400,400,0,0,0,0,0,0,0,0,0,0,0,0,0,0,0,0,0,0,0,0,0,0,0,0,0,0,10.526315689086914,0,0,0,0,0,20475,15905,8627,45,0,20475,13200,12000,46,0,66718994432,8589930496,32781107200,524288
200,1791346870259,968508.7189788818,48800,2,1.14375,98041.99389648438,48800,2,1.125,97177.78001403809,48800,2,0.93125,98503.08692932129,48800,2,0.93125,107807.97875976563,48800,2,0.93125,97465.9017944336,48800,2,0.93125,104779.54211425781,48800,2,0.93125,167671.3692626953,48800,2,1.14375,169554.37886047363,48800,2,1.14375,166950.3865661621,48800,2,1.14375,366451.4944458008,48800,2,1.14375,160093.13761901855,48800,2,1.14375,158836.2502593994,48800,2,1.14375,154256.0322418213,48800,2,1.14375,100536.71464538574,48800,2,1.125,102350.42092895508,48800,2,1.125,12571491.697891235,5387,400,4371,2904,3306,2503,2507,400,5397,5394,400,3236,400,400,400,400,400,2889,400,400,400,400,400,4867,400,2493,2522,400,3254,400,400,400,0,0,0,0,0,0,0,0,0,0,0,0,0,0,0,0,0,0,0,0,0,0,0,0,0,0,14.285715103149414,0,0,0,0,0,20475,15905,8627,45,0,20475,13200,12000,46,0,66718994432,8589930496,32781107200,524288
200,1791346870459,968508.7202301025,48800,2,1.16875,98041.99389648438,48800,2,1.025,97177.78002929688,48800,2,1.025,98503.08692932129,48800,2,1.025,107807.97875976563,48800,2,1.025,97465.9017944336,48800,2,1.025,104779.54211425781,48800,2,1.025,167671.36987304688,48800,2,1.16875,169554.3794555664,48800,2,1.16875,166950.38717651367,48800,2,1.16875,366451.5619812012,48800,2,1.16875,160093.13842773438,48800,2,1.16875,158836.2508544922,48800,2,1.16875,154256.03283691406,48800,2,1.16875,100536.71464538574,48800,2,1.025,102350.42092895508,48800,2,1.025,12571501.108657837,5387,400,4371,2904,3306,2503,2507,400,5397,5394,400,3236,400,400,400,400,400,2889,400,400,400,400,400,4867,400,2493,2522,400,3254,400,400,400,0,0,0,0,0,0,0,0,0,0,0,0,0,0,0,0,0,0,0,0,0,0,0,0,0,0,15.000000953674316,0,0,0,0,0,20475,15905,8627,45,0,20475,13200,12000,46,0,66718994432,8589930496,32780615680,524288
200,1791346870659,968508.7213745117,48800,2,1.16875,98041.99395751953,48800,2,1.1125,97177.78005981445,48800,2,1.1125,98503.08699035645,48800,2,1.1125,107807.97880554199,48800,2,1.1125,97465.90184020996,48800,2,1.1125,104779.54216003418,48800,2,0.93125,167671.37046813965,3050,2,1.09375,169554.38006591797,3050,2,1.09375,166950.38780212402,3050,2,1.09375,366451.63076782227,3050,0,1.09375,160093.1393585205,3050,2,1.09375,158836.25143432617,3050,2,1.09375,154256.03341674805,3050,2,1.09375,100536.71467590332,48800,2,1.1125,102350.42095947266,48800,2,1.1125,12571510.563446045,5387,400,4371,2904,3306,2503,2507,400,5397,5394,400,3236,400,400,400,400,400,2889,400,400,400,400,400,4867,400,2493,2522,400,3254,400,400,400,0,0,0,0,0,0,0,0,0,0,0,0,0,0,0,0,0,0,0,0,0,0,0,0,0,0,10,0,0,0,0,0,20475,15905,8533,45,0,20475,13200,12000,46,0,66718994432,8589930496,32780615680,524288
200,1791346870860,968508.7231445313,48800,2,1.1375,98041.9940032959,48800,2,1.1375,97177.78009033203,48800,2,0.93125,98503.08703613281,48800,2,0.93125,107807.97885131836,48800,2,0.93125,97465.90187072754,48800,2,0.93125,104779.54219055176,48800,2,0.93125,167671.37117004395,48800,2,1.1375,169554.3807373047,48800,2,1.1375,166950.3885192871,48800,2,1.1375,366451.7026824951,48800,2,1.1375,160093.14031982422,48800,2,1.1375,158836.2521057129,48800,2,1.1375,154256.03410339355,48800,2,1.1375,100536.7147064209,48800,2,1.1375,102350.42098999023,48800,2,1.1375,12571520.117843628,5387,400,4371,2904,3306,2503,2507,400,5397,5394,400,3236,400,400,400,400,400,2889,400,400,400,400,400,4867,400,2493,2522,400,3254,400,400,400,0,0,0,0,0,0,0,0,0,0,0,0,0,0,0,0,0,0,0,0,0,0,0,0,0,0,15.000000953674316,0,0,0,0,0,20475,15905,8533,45,0,20475,13200,11958,46,0,66718994432,8589930496,32780615680,524288
200,1791346871060,968508.7244415283,48800,2,1.16875,98041.99401855469,48800,2,1.025,97177.78010559082,48800,2,1.025,98503.0870513916,48800,2,1.025,107807.97885131836,48800,2,1.025,97465.90187072754,48800,2,1.025,104779.54219055176,48800,2,1.025,167671.3717803955,48800,2,1.16875,169554.38133239746,48800,2,1.16875,166950.38914489746,48800,2,1.16875,366451.7685852051,48800,2,1.16875,160093.14128112793,48800,2,1.16875,158836.25270080566,48800,2,1.16875,154256.03469848633,48800,2,1.16875,100536.7147064209,48800,2,1.025,102350.42098999023,48800,2,1.025,12571529.56930542,5387,400,4371,2904,3306,2503,2507,400,5397,5394,400,3236,400,400,400,400,400,2889,400,400,400,400,400,4867,400,2493,2522,400,3254,400,400,400,0,0,0,0,0,0,0,0,0,0,0,0,0,0,0,0,0,0,0,0,0,0,0,0,0,0,10.526315689086914,0,0,0,0,0,20475,15905,8533,45,0,20475,13200,11958,46,0,66718994432,8589930496,32780615680,524288
200,1791346871260,968508.7261810303,48800,2,1.16875,98041.99411010742,48800,2,1.11875,97177.78016662598,48800,2,1.11875,98503.08715820313,48800,2,1.11875,107807.9789276123,48800,2,1.11875,97465.90196228027,48800,2,1.11875,104779.5422668457,48800,2,0.93125,167671.3724975586,3050,2,1.10625,169554.38244628906,3050,2,1.10625,166950.38989257813,3050,2,1.10625,366451.85900878906,3050,0,1.10625,160093.14241027832,3050,2,1.10625,158836.25340270996,3050,2,1.10625,154256.03540039063,3050,2,1.10625,100536.7162475586,48800,2,1.11875,102350.42106628418,48800,2,1.11875,12571539.243469238,5387,400,4371,2904,3306,2503,2507,400,5397,5394,400,3236,400,400,400,400,400,2889,400,400,400,400,400,4867,400,2493,2522,400,3254,400,400,400,0,0,0,0,0,0,0,0,0,0,0,0,0,0,0,0,0,0,0,0,0,0,0,0,0,0,18.18181800842285,0,0,0,0,0,20475,15905,8533,45,0,20475,13200,11958,46,0,66718994432,8589930496,32780611584,524288
200,1791346871461,968508.7280731201,48800,2,1.175,98041.99412536621,48800,2,0.94375,97177.78016662598,48800,2,0.94375,98503.08715820313,48800,2,0.94375,107807.9789276123,48800,2,0.94375,97465.90196228027,48800,2,0.94375,104779.5422668457,48800,2,0.94375,167671.3730621338,48800,2,1.175,169554.38302612305,48800,2,1.175,166950.3904724121,48800,2,1.175,366451.92782592773,48800,2,1.175,160093.14320373535,48800,2,1.175,158836.25393676758,48800,2,1.175,154256.03594970703,48800,2,1.175,100536.7162475586,48800,2,1.16875,102350.42106628418,48800,2,1.16875,12571548.638626099,5387,400,4371,2904,3306,2503,2507,400,5397,5394,400,3236,400,400,400,400,400,2889,400,400,400,400,400,4867,400,2493,2522,400,3254,400,400,400,4.761904716491699,0,0,0,0,0,0,0,0,0,0,0,0,0,0,0,0,0,0,0,0,0,0,0,0,0,10.526315689086914,0,0,0,0,0,20475,15905,8533,45,0,20475,13200,11958,46,0,66718994432,8589930496,32771928064,524288
200,1791346871661,968508.7288818359,48800,2,1.16875,98041.99415588379,48800,2,1.03125,97177.78018188477,48800,2,1.03125,98503.0871887207,48800,2,1.03125,107807.9789428711,48800,2,1.03125,97465.90197753906,48800,2,1.03125,104779.54228210449,48800,2,1.03125,167671.37364196777,48800,2,1.16875,169554.3836669922,48800,2,1.16875,166950.39114379883,48800,2,1.16875,366451.99394226074,48800,2,1.16875,160093.1439666748,48800,2,1.16875,158836.25450134277,48800,2,1.16875,154256.03651428223,48800,2,1.16875,100536.71626281738,48800,2,1.03125,102350.42108154297,48800,2,1.03125,12571558.054992676,5387,400,4371,2904,3306,2503,2507,400,5397,5394,400,3236,400,400,400,400,400,2889,400,400,400,400,400,4867,400,2493,2522,400,3254,400,400,400,0,0,0,0,0,0,0,0,0,0,0,0,0,0,0,0,0,0,0,0,0,0,0,0,0,0,14.285715103149414,0,0,0,0,0,20475,15905,8572,45,0,20475,13200,11958,46,0,66718994432,8589930496,32779927552,524288
200,1791346871861,968508.7306213379,3050,2,1.1125,98041.99418640137,48800,2,1.1125,97177.78019714355,48800,2,1.1125,98503.08721923828,48800,2,1.1125,107807.97898864746,48800,2,1.1125,97465.90200805664,48800,2,1.1125,104779.54231262207,48800,2,0.93125,167671.37425231934,3050,2,1.1125,169554.38429260254,3050,2,1.1125,166950.39178466797,3050,2,1.1125,366452.0620727539,3050,0,1.1125,160093.14492797852,3050,2,1.1125,158836.25511169434,3050,2,1.1125,154256.037109375,3050,2,1.1125,100536.71627807617,48800,2,1.1125,102350.42109680176,48800,2,1.1125,12571567.625274658,5387,400,4371,2904,3306,2503,2507,400,5397,5394,400,3236,400,400,400,400,400,2889,400,400,400,400,400,4867,400,2493,2522,400,3254,400,400,400,0,0,0,0,0,0,0,0,0,0,0,0,0,0,0,0,0,0,0,0,0,0,0,0,0,0,10.526315689086914,0,0,0,0,0,20475,15905,8572,44,0,20475,13200,11933,46,0,66718994432,8589930496,32779927552,524288
200,1791346872062,968508.7321624756,48800,2,1.125,98041.99420166016,48800,2,1.1375,97177.78019714355,48800,2,0.93125,98503.08723449707,48800,2,0.93125,107807.97898864746,48800,2,0.93125,97465.90200805664,48800,2,0.93125,104779.54231262207,48800,2,0.93125,167671.37483215332,48800,2,1.125,169554.3848876953,48800,2,1.125,166950.3924255371,48800,2,1.125,366452.13201904297,48800,2,1.125,160093.14575195313,48800,2,1.125,158836.25567626953,48800,2,1.125,154256.0376739502,48800,2,1.125,100536.71627807617,48800,2,1.1375,102350.42109680176,48800,2,1.1375,12571577.006515503,5387,400,4371,2904,3306,2503,2507,400,5397,5394,400,3236,400,400,400,400,400,2889,400,400,400,400,400,4867,400,2493,2522,400,3254,400,400,400,0,0,0,0,0,0,0,0,0,0,0,0,0,0,0,0,0,0,0,0,0,0,0,0,0,0,14.285715103149414,0,0,0,0,0,20475,15905,8572,44,0,20475,13200,11933,46,0,66718994432,8589930496,32779927552,524288
200,1791346872262,968508.7334289551,48800,2,1.16875,98041.99423217773,48800,2,1.0437500000000002,97177.78021240234,48800,2,1.0437500000000002,98503.08728027344,48800,2,1.0437500000000002,107807.97900390625,48800,2,1.0437500000000002,97465.90202331543,48800,2,1.0437500000000002,104779.54232788086,48800,2,1.0437500000000002,167671.37545776367,48800,2,1.16875,169554.38554382324,48800,2,1.16875,166950.3931274414,48800,2,1.16875,366452.1993865967,48800,2,1.16875,160093.14659118652,48800,2,1.16875,158836.2562866211,48800,2,1.16875,154256.03828430176,48800,2,1.16875,100536.71630859375,48800,2,1.0437500000000002,102350.42111206055,48800,2,1.0437500000000002,12571586.56414795,5387,400,4371,2904,3306,2503,2507,400,5397,5394,400,3236,400,400,400,400,400,2889,400,400,400,400,400,4867,400,2493,2522,400,3254,400,400,400,0,0,0,0,0,0,0,0,0,0,0,0,0,0,0,0,0,0,0,0,0,0,0,0,0,0,10.526315689086914,0,0,0,0,0,20475,15905,8572,44,0,20475,13200,11933,46,0,66718994432,8589930496,32779923456,524288
200,1791346872462,968508.7350463867,3050,2,1.10625,98041.99424743652,48800,2,1.10625,97177.78022766113,48800,2,1.10625,98503.08731079102,48800,2,1.10625,107807.97903442383,48800,2,1.10625,97465.90205383301,48800,2,0.93125,104779.54235839844,48800,2,0.93125,167671.37606811523,3050,2,1.10625,169554.3861694336,3050,2,1.10625,166950.39378356934,3050,2,1.10625,366452.2682647705,3050,0,1.10625,160093.14726257324,3050,2,1.10625,158836.25688171387,3050,2,1.10625,154256.03887939453,3050,2,1.10625,100536.71632385254,48800,2,1.10625,102350.42112731934,48800,2,1.10625,12571596.041183472,5387,400,4371,2904,3306,2503,2507,400,5397,5394,400,3236,400,400,400,400,400,2889,400,400,400,400,400,4867,400,2493,2522,400,3254,400,400,400,0,0,0,0,0,0,0,0,0,0,0,0,0,0,0,0,0,0,0,0,0,0,0,0,0,0,10,0,0,0,0,0,20475,15905,8572,44,0,20475,13200,11933,46,0,66718994432,8589930496,32779550720,524288
200,1791346872663,968508.7364959717,48800,2,1.16875,98041.99424743652,48800,2,0.94375,97177.78022766113,48800,2,0.94375,98503.0873260498,48800,2,0.94375,107807.97903442383,48800,2,0.94375,97465.90205383301,48800,2,0.94375,104779.54235839844,48800,2,0.94375,167671.37670898438,48800,2,1.16875,169554.38679504395,48800,2,1.16875,166950.39443969727,48800,2,1.16875,366452.3348083496,48800,2,1.16875,160093.14813232422,48800,2,1.16875,158836.257522583,48800,2,1.16875,154256.03950500488,48800,2,1.16875,100536.71632385254,48800,2,1.16875,102350.42112731934,48800,2,1.16875,12571605.444839478,5387,400,4371,2904,3306,2503,2507,400,5397,5394,400,3236,400,400,400,400,400,2889,400,400,400,400,400,4867,400,2493,2522,400,3254,400,400,400,0,0,0,0,0,0,0,0,0,0,0,0,0,0,0,0,0,0,0,0,0,0,0,0,0,0,15.000000953674316,0,0,0,0,0,20475,15905,8602,44,0,20475,13200,11933,46,0,66718994432,8589930496,32779550720,524288
200,1791346872863,968508.7373199463,48800,2,1.16875,98041.99424743652,48800,2,1.03125,97177.78022766113,48800,2,1.03125,98503.0873413086,48800,2,1.03125,107807.97904968262,48800,2,1.03125,97465.90205383301,48800,2,1.03125,104779.54235839844,48800,2,1.03125,167671.37731933594,48800,2,1.16875,169554.3874053955,48800,2,1.16875,166950.3950805664,48800,2,1.16875,366452.39781188965,48800,2,1.16875,160093.14910888672,48800,2,1.16875,158836.25811767578,48800,2,1.16875,154256.04010009766,48800,2,1.16875,100536.71632385254,48800,2,1.03125,102350.42112731934,48800,2,1.03125,12571614.970870972,5387,400,4371,2904,3306,2503,2507,400,5397,5394,400,3236,400,400,400,400,400,2889,400,400,400,400,400,4867,400,2493,2522,400,3254,400,400,400,0,0,0,0,0,0,0,0,0,0,0,0,0,0,0,0,0,0,0,0,0,0,0,0,0,0,10,0,0,0,0,0,20475,15905,8602,44,0,20475,13200,11938,46,0,66718994432,8589930496,32779550720,524288
200,1791346873063,968508.7389221191,3050,2,1.10625,98041.99426269531,48800,2,1.1125,97177.78024291992,48800,2,1.1125,98503.08738708496,48800,2,1.1125,107807.9790802002,48800,2,1.1125,97465.90208435059,48800,2,0.93125,104779.54238891602,48800,2,0.93125,167671.3779296875,3050,2,1.10625,169554.38801574707,3050,2,1.10625,166950.39570617676,3050,2,1.10625,366452.46368408203,3050,0,1.10625,160093.14978027344,3050,2,1.10625,158836.25871276855,3050,2,1.10625,154256.04071044922,3050,2,1.10625,100536.71633911133,48800,2,1.1125,102350.42114257813,48800,2,1.1125,12571624.455718994,5387,400,4371,2904,3306,2503,2507,400,5397,5394,400,3236,400,400,400,400,400,2889,400,400,400,400,400,4867,400,2493,2522,400,3254,400,400,400,0,0,0,0,0,0,0,0,0,0,0,0,0,0,0,0,0,0,0,0,0,0,0,0,0,0,15.000000953674316,0,0,0,0,0,20475,15905,8602,44,0,20475,13200,11938,46,0,66718994432,8589930496,32779546624,524288
199,1791346873264,968508.740737915,48800,2,1.16875,98041.99426269531,48800,2,1.1375,97177.78024291992,48800,2,0.93125,98503.08740234375,48800,2,0.93125,107807.9790802002,48800,2,0.93125,97465.90208435059,48800,2,0.93125,104779.54238891602,48800,2,0.93125,167671.37855529785,48800,2,1.16875,169554.38862609863,48800,2,1.16875,166950.3963470459,48800,2,1.16875,366452.53341674805,48800,2,1.16875,160093.15061950684,48800,2,1.16875,158836.25930786133,48800,2,1.16875,154256.041305542,48800,2,1.16875,100536.71633911133,48800,2,1.1375,102350.42114257813,48800,2,1.1375,12571634.038482666,5387,400,4371,2904,3306,2503,2507,400,5397,5394,400,3236,400,400,400,400,400,2889,400,400,400,400,400,4867,400,2493,2522,400,3254,400,400,400,0,0,0,0,0,0,0,0,0,0,0,0,0,0,0,0,0,0,0,0,0,0,0,0,0,0,10.526315689086914,0,0,0,0,0,20475,15905,8602,44,0,20475,13200,11938,46,0,66718994432,8589930496,32779546624,524288
200,1791346873464,968508.7431945801,3050,2,0.4750000000000001,98041.99426269531,48800,2,0.925,97177.78024291992,48800,2,0.925,98503.08741760254,48800,2,0.925,107807.9790802002,48800,2,0.925,97465.90208435059,48800,2,0.925,104779.54238891602,48800,2,0.925,167671.379196167,3050,2,0.4750000000000001,169554.3892364502,3050,2,0.54375,166950.39794921875,3050,0,0.54375,366452.59869384766,3050,0,0.54375,160093.15147399902,3050,2,0.54375,158836.2599182129,3050,2,0.54375,154256.04191589355,3050,2,0.54375,100536.71635437012,48800,2,0.925,102350.42115783691,48800,2,0.925,12571643.5075531,5387,400,4371,2904,3306,2503,2507,400,5397,5394,400,3236,400,400,400,400,400,2889,400,400,400,400,400,4867,400,2493,2522,400,3254,400,400,400,0,0,0,0,0,0,0,0,0,0,0,0,0,9.523809432983398,0,0,0,0,0,0,0,0,0,0,0,0,5,0,0,0,0,0,20475,15905,8602,44,0,20475,13200,11938,46,0,66718994432,8589930496,32765747200,524288
200,1791346873664,968508.7441101074,48800,2,1.175,98041.9942779541,48800,2,1.05625,97177.78024291992,48800,2,1.05625,98503.08743286133,48800,2,1.05625,107807.9790802002,48800,2,1.05625,97465.90208435059,48800,2,1.05625,104779.54238891602,48800,2,1.05625,167671.37982177734,48800,2,1.175,169554.38983154297,48800,2,1.175,166950.40005493164,48800,2,1.175,366452.6672515869,48800,2,1.175,160093.15242004395,48800,2,1.175,158836.26049804688,48800,2,1.175,154256.04249572754,3050,2,1.05,100536.71635437012,48800,2,1.05625,102350.42115783691,48800,2,1.05625,12571652.9947052,5387,400,4371,2904,3306,2503,2507,400,5397,5394,400,3236,400,400,400,400,400,2889,400,400,400,400,400,4867,400,2493,2522,400,3254,400,400,400,0,0,0,0,0,0,0,0,0,0,0,0,0,10.526315689086914,0,0,0,0,0,0,0,0,0,0,0,0,0,0,0,0,0,0,20475,15905,8611,44,0,20475,13200,11938,46,0,66718994432,8589930496,32783036416,524288
200,1791346873865,968508.7454528809,3050,2,1.11875,98041.99446105957,48800,2,1.13125,97177.78042602539,48800,2,1.13125,98503.08763122559,48800,2,1.13125,107807.97927856445,48800,2,0.93125,97465.90226745605,48800,2,0.93125,104779.54257202148,48800,2,0.93125,167671.38047790527,3050,2,1.11875,169554.39051818848,3050,2,1.11875,166950.40086364746,3050,2,1.11875,366452.73628234863,3050,0,1.11875,160093.1533050537,3050,2,1.11875,158836.26113891602,3050,2,1.11875,154256.04313659668,3050,2,1.11875,100536.71649169922,48800,2,1.13125,102350.4213256836,48800,2,1.13125,12571662.713043213,5387,400,4371,2904,3306,2503,2507,400,5397,5394,400,3236,400,400,400,400,400,2889,400,400,400,400,400,4867,400,2493,2522,400,3254,400,400,400,0,0,0,0,0,0,0,0,0,0,0,0,0,10,0,0,0,0,0,0,0,0,0,0,0,0,0,0,0,0,0,0,20475,15905,8611,44,0,20475,13200,11892,46,0,66718994432,8589930496,32783036416,524288
200,1791346874065,968508.7469024658,48800,2,1.175,98041.99446105957,48800,2,0.95,97177.78042602539,48800,2,0.95,98503.08763122559,48800,2,0.95,107807.97927856445,48800,2,0.95,97465.90226745605,48800,2,0.95,104779.54257202148,48800,2,0.95,167671.38107299805,48800,2,1.175,169554.39111328125,48800,2,1.175,166950.40147399902,48800,2,1.175,366452.80529785156,48800,2,1.175,160093.15419006348,48800,2,1.175,158836.26171875,48800,2,1.175,154256.04371643066,48800,2,1.175,100536.71649169922,48800,2,1.175,102350.4213256836,48800,2,0.95,12571672.125167847,5387,400,4371,2904,3306,2503,2507,400,5397,5394,400,3236,400,400,400,400,400,2889,400,400,400,400,400,4867,400,2493,2522,400,3254,400,400,400,0,0,0,0,0,0,0,0,0,0,0,0,0,15.000000953674316,0,0,0,0,0,0,0,0,0,0,0,0,0,0,0,0,0,0,20475,15905,8611,44,0,20475,13200,11892,46,0,66718994432,8589930496,32783032320,524288
200,1791346874265,968508.7477874756,48800,2,1.16875,98041.99447631836,48800,2,1.0437500000000002,97177.78042602539,48800,2,1.0437500000000002,98503.08766174316,48800,2,1.0437500000000002,107807.97927856445,48800,2,1.0437500000000002,97465.90228271484,48800,2,1.0437500000000002,104779.54257202148,48800,2,1.0437500000000002,167671.3816833496,48800,2,1.16875,169554.3917236328,48800,2,1.16875,166950.40211486816,48800,2,1.16875,366452.8706665039,48800,2,1.16875,160093.15519714355,48800,2,1.16875,158836.26231384277,3050,2,1.0437500000000002,154256.04431152344,3050,2,1.0437500000000002,100536.71650695801,48800,2,1.0437500000000002,102350.4213256836,48800,2,1.0437500000000002,12571681.67276001,5387,400,4371,2904,3306,2503,2507,400,5397,5394,400,3236,400,400,400,400,400,2889,400,400,400,400,400,4867,400,2493,2522,400,3254,400,400,400,0,0,0,0,0,0,0,0,0,0,0,0,0,10.526315689086914,0,0,0,0,0,0,0,0,0,0,0,0,0,0,0,0,0,0,20475,15905,8611,44,0,20475,13200,11892,46,0,66718994432,8589930496,32783032320,524288
200,1791346874466,968508.7493591309,3050,2,1.11875,98041.99452209473,48800,2,1.11875,97177.78047180176,48800,2,1.11875,98503.08772277832,48800,2,1.11875,107807.97932434082,48800,2,1.11875,97465.90232849121,48800,2,0.93125,104779.54261779785,48800,2,0.93125,167671.38223266602,3050,2,1.11875,169554.392288208,3050,2,1.11875,166950.40269470215,3050,2,1.11875,366452.9394836426,3050,0,1.11875,160093.1559753418,3050,2,1.11875,158836.26286315918,3050,2,1.11875,154256.04484558105,3050,2,1.11875,100536.71653747559,48800,2,1.11875,102350.42137145996,48800,2,1.11875,12571691.197692871,5387,400,4371,2904,3306,2503,2507,400,5397,5394,400,3236,400,400,400,400,400,2889,400,400,400,400,400,4867,400,2493,2522,400,3254,400,400,400,0,0,0,0,0,0,0,0,0,0,0,0,0,18.18181800842285,0,0,0,0,0,0,0,0,0,0,0,0,0,0,0,0,0,0,20475,15905,8611,44,0,20475,13200,11892,46,0,66718994432,8589930496,32774467584,524288
200,1791346874666,968508.7509155273,48800,2,1.16875,98041.99452209473,48800,2,0.95,97177.78047180176,48800,2,0.95,98503.08773803711,48800,2,0.95,107807.97932434082,48800,2,0.95,97465.90232849121,48800,2,0.95,104779.54261779785,48800,2,0.95,167671.3827972412,48800,2,1.16875,169554.3928375244,48800,2,1.16875,166950.4033050537,48800,2,1.16875,366453.00914001465,48800,2,1.16875,160093.15682983398,48800,2,1.16875,158836.26342773438,48800,2,1.16875,154256.04539489746,48800,2,1.16875,100536.71653747559,48800,2,1.16875,102350.42137145996,48800,2,0.95,12571700.626220703,5387,400,4371,2904,3306,2503,2507,400,5397,5394,400,3236,400,400,400,400,400,2889,400,400,400,400,400,4867,400,2493,2522,400,3254,400,400,400,0,0,0,0,0,0,0,0,0,0,0,0,0,10.526315689086914,0,0,0,0,0,0,0,0,0,0,0,0,0,0,0,0,0,0,20475,15905,8592,44,0,20475,13200,11892,46,0,66718994432,8589930496,32776015872,524288
200,1791346874866,968508.7517242432,48800,2,1.16875,98041.99453735352,48800,2,1.0375,97177.78050231934,48800,2,1.0375,98503.0877532959,48800,2,1.0375,107807.9793548584,48800,2,1.0375,97465.90234375,48800,2,1.0375,104779.54263305664,48800,2,1.0375,167671.38339233398,48800,2,1.16875,169554.39346313477,48800,2,1.16875,166950.40396118164,48800,2,1.16875,366453.0763244629,48800,2,1.16875,160093.15785217285,48800,2,1.16875,158836.26400756836,48800,2,1.16875,154256.04597473145,48800,2,1.16875,100536.71655273438,48800,2,1.0375,102350.42138671875,48800,2,1.0375,12571710.216766357,5387,400,4371,2904,3306,2503,2507,400,5397,5394,400,3236,400,400,400,400,400,2889,400,400,400,400,400,4867,400,2493,2522,400,3254,400,400,400,0,0,0,0,0,0,0,0,0,0,0,0,0,14.285715103149414,0,0,0,0,0,0,0,0,0,4.761904716491699,0,0,0,0,0,0,0,0,20475,15905,8592,44,0,20475,13200,11867,46,0,66718994432,8589930496,32776011776,524288
200,1791346875067,968508.7535705566,3050,2,1.0875,98041.9945526123,48800,2,1.1,97177.78051757813,48800,2,1.1,98503.08778381348,48800,2,1.1,107807.97938537598,48800,2,1.1,97465.90238952637,48800,2,0.93125,104779.54266357422,48800,2,0.93125,167671.38401794434,3050,2,1.0875,169554.39408874512,3050,2,1.0875,166950.40464782715,3050,2,1.0875,366453.14405822754,3050,0,1.0875,160093.15855407715,3050,2,1.0875,158836.26461791992,3050,2,1.0875,154256.0466003418,3050,2,1.0875,100536.71656799316,48800,2,1.1,102350.42140197754,48800,2,1.1,12571719.875732422,5387,400,4371,2904,3306,2503,2507,400,5397,5394,400,3236,400,400,400,400,400,2889,400,400,400,400,400,4867,400,2493,2522,400,3254,400,400,400,0,0,0,0,0,0,0,0,0,0,0,0,0,10.526315689086914,0,0,0,0,0,0,0,0,0,0,0,0,0,0,0,0,0,0,20475,15905,8592,44,0,20475,13200,11867,46,0,66718994432,8589930496,32776011776,524288
200,1791346875267,968508.7551422119,48800,2,1.15,98041.9945526123,48800,2,1.14375,97177.78051757813,48800,2,0.93125,98503.08779907227,48800,2,0.93125,107807.97938537598,48800,2,0.93125,97465.90238952637,48800,2,0.93125,104779.54266357422,48800,2,0.93125,167671.38458251953,48800,2,1.15,169554.39463806152,48800,2,1.15,166950.40522766113,48800,2,1.15,366453.2141113281,48800,2,1.15,160093.15939331055,48800,2,1.15,158836.26516723633,48800,2,1.15,154256.047164917,48800,2,1.15,100536.71656799316,48800,2,1.14375,102350.42140197754,48800,2,1.14375,12571729.40663147,5387,400,4371,2904,3306,2503,2507,400,5397,5394,400,3236,400,400,400,400,400,2889,400,400,400,400,400,4867,400,2493,2522,400,3254,400,400,400,0,0,0,0,0,0,0,0,0,0,0,0,0,14.285715103149414,0,0,0,0,0,0,0,0,0,0,0,0,0,0,0,0,0,0,20475,15905,8592,44,0,20475,13200,11867,46,0,66718994432,8589930496,32776011776,524288
200,1791346875467,968508.756072998,48800,2,1.175,98041.9945526123,48800,2,1.01875,97177.78053283691,48800,2,1.01875,98503.08781433105,48800,2,1.01875,107807.97938537598,48800,2,1.01875,97465.90238952637,48800,2,1.01875,104779.54266357422,48800,2,1.01875,167671.38513183594,48800,2,1.175,169554.39517211914,48800,2,1.175,166950.40579223633,48800,2,1.175,366453.27952575684,48800,2,1.175,160093.16032409668,48800,2,1.175,158836.26570129395,48800,2,1.175,154256.0476989746,48800,2,1.175,100536.71656799316,48800,2,1.01875,102350.42140197754,48800,2,1.01875,12571738.84173584,5387,400,4371,2904,3306,2503,2507,400,5397,5394,400,3236,400,400,400,400,400,2889,400,400,400,400,400,4867,400,2493,2522,400,3254,400,400,400,0,0,0,0,0,0,0,0,0,0,0,0,0,10.526315689086914,0,0,0,0,0,0,0,0,0,0,0,0,0,0,0,0,0,0,20475,15905,8592,44,0,20475,13200,11867,46,0,66718994432,8589930496,32776011776,524288
200,1791346875668,968508.7577056885,48800,2,1.175,98041.99458312988,48800,2,1.1,97177.78056335449,48800,2,1.1,98503.08787536621,48800,2,1.1,107807.97943115234,48800,2,1.1,97465.90243530273,48800,2,0.93125,104779.54270935059,48800,2,0.93125,167671.38716125488,3050,2,1.09375,169554.39585876465,3050,2,1.09375,166950.4065246582,3050,2,1.09375,366453.34870910645,3050,0,1.09375,160093.16107177734,3050,2,1.09375,158836.26635742188,3050,2,1.09375,154256.04835510254,3050,2,1.09375,100536.71659851074,48800,2,1.1,102350.42143249512,48800,2,1.1,12571748.49154663,5387,400,4371,2904,3306,2503,2507,400,5397,5394,400,3236,400,400,400,400,400,2889,400,400,400,400,400,4867,400,2493,2522,400,3254,400,400,400,0,0,0,0,0,0,0,0,0,0,0,0,0,14.285715103149414,0,0,0,0,0,0,0,0,0,0,0,0,0,0,0,0,0,0,20475,15905,8610,44,0,20475,13200,11867,46,0,66718994432,8589930496,32776011776,524288
200,1791346875868,968508.7593231201,48800,2,1.1375,98041.99458312988,48800,2,1.125,97177.78056335449,48800,2,0.93125,98503.08787536621,48800,2,0.93125,107807.97943115234,48800,2,0.93125,97465.90243530273,48800,2,0.93125,104779.54270935059,48800,2,0.93125,167671.38772583008,48800,2,1.1375,169554.39642333984,48800,2,1.1375,166950.40713500977,48800,2,1.1375,366453.4175720215,48800,2,1.1375,160093.16191101074,48800,2,1.1375,158836.26690673828,48800,2,1.1375,154256.04891967773,48800,2,1.1375,100536.71659851074,48800,2,1.125,102350.42143249512,48800,2,1.125,12571757.919845581,5387,400,4371,2904,3306,2503,2507,400,5397,5394,400,3236,400,400,400,400,400,2889,400,400,400,400,400,4867,400,2493,2522,400,3254,400,400,400,0,0,0,0,0,0,0,0,0,0,0,0,0,10.526315689086914,0,0,0,0,0,0,0,0,0,0,0,0,0,0,0,0,0,0,20475,15905,8610,44,0,20475,13200,11914,46,0,66718994432,8589930496,32776007680,524288
200,1791346876068,968508.7603607178,48800,2,1.0125000000000002,98041.9947052002,48800,2,1.025,97177.78057861328,48800,2,1.025,98503.08790588379,48800,2,1.025,107807.97944641113,48800,2,1.025,97465.90246582031,48800,2,1.025,104779.54272460938,48800,2,1.025,167671.38827514648,48800,2,1.0125000000000002,169554.39697265625,48800,2,1.0125000000000002,166950.40771484375,48800,2,1.0125000000000002,366453.4816894531,48800,2,1.0125000000000002,160093.16268920898,48800,2,1.0125000000000002,158836.2674407959,48800,2,1.0125000000000002,154256.04945373535,48800,2,1.0125000000000002,100536.71661376953,48800,2,1.025,102350.4214477539,48800,2,1.025,12571767.308441162,5387,400,4371,2904,3306,2503,2507,400,5397,5394,400,3236,400,400,400,400,400,2889,400,400,400,400,400,4867,400,2493,2522,400,3254,400,400,400,0,0,0,0,0,0,0,0,0,0,0,0,0,14.285715103149414,0,0,0,0,0,0,0,0,0,0,0,0,0,0,0,0,0,0,20475,15905,8610,44,0,20475,13200,11914,46,0,66718994432,8589930496,32776007680,524288
200,1791346876269,968508.761795044,48800,2,1.16875,98041.99473571777,48800,2,1.10625,97177.78059387207,48800,2,1.10625,98503.08793640137,48800,2,1.10625,107807.97947692871,48800,2,1.10625,97465.90249633789,48800,2,0.93125,104779.54275512695,48800,2,0.93125,167671.3888244629,3050,2,1.10625,169554.39756774902,3050,2,1.10625,166950.40829467773,3050,2,1.10625,366453.5490722656,3050,0,1.10625,160093.16343688965,3050,2,1.10625,158836.2679901123,3050,2,1.10625,154256.05000305176,3050,2,1.10625,100536.71664428711,48800,2,1.10625,102350.4214630127,48800,2,1.10625,12571776.901733398,5387,400,4371,2904,3306,2503,2507,400,5397,5394,400,3236,400,400,400,400,400,2889,400,400,400,400,400,4867,400,2493,2522,400,3254,400,400,400,0,0,0,0,0,0,0,0,0,0,0,0,0,10.526315689086914,0,0,0,0,0,0,0,0,0,0,0,0,0,0,0,0,0,0,20475,15905,8610,44,0,20475,13200,11914,46,0,66718994432,8589930496,32776007680,524288
200,1791346876469,968508.7632598877,48800,2,1.125,98041.99475097656,48800,2,1.13125,97177.78059387207,48800,2,0.93125,98503.08793640137,48800,2,0.93125,107807.97947692871,48800,2,0.93125,97465.90249633789,48800,2,0.93125,104779.54275512695,48800,2,0.93125,167671.3893737793,48800,2,1.125,169554.39810180664,48800,2,1.125,166950.40884399414,48800,2,1.125,366453.618560791,48800,2,1.125,160093.16413879395,48800,2,1.125,158836.26852416992,48800,2,1.125,154256.05053710938,48800,2,1.125,100536.71664428711,48800,2,1.13125,102350.4214630127,48800,2,1.13125,12571786.325454712,5387,400,4371,2904,3306,2503,2507,400,5397,5394,400,3236,400,400,400,400,400,2889,400,400,400,400,400,4867,400,2493,2522,400,3254,400,400,400,4.761904716491699,0,0,0,0,0,0,0,0,0,0,0,0,14.285715103149414,0,0,0,0,0,0,0,0,0,0,0,0,0,0,0,0,0,0,20475,15905,8610,44,0,20475,13200,11914,46,0,66718994432,8589930496,32776007680,524288
200,1791346876669,968508.7642211914,48800,2,1.175,98041.99478149414,48800,2,1.025,97177.78060913086,48800,2,1.025,98503.08796691895,48800,2,1.025,107807.9794921875,48800,2,1.025,97465.90251159668,48800,2,1.025,104779.54277038574,48800,2,1.025,167671.3899230957,48800,2,1.175,169554.39865112305,48800,2,1.175,166950.40942382813,48800,2,1.175,366453.68380737305,48800,2,1.175,160093.1650543213,48800,2,1.175,158836.26905822754,48800,2,1.175,154256.051071167,48800,2,1.175,100536.7166595459,48800,2,1.025,102350.42149353027,48800,2,1.025,12571795.70298767,5387,400,4371,2904,3306,2503,2507,400,5397,5394,400,3236,400,400,400,400,400,2889,400,400,400,400,400,4867,400,2493,2522,400,3254,400,400,400,0,0,0,0,0,0,0,0,0,0,0,0,0,10.526315689086914,0,0,0,0,0,0,0,0,0,0,0,0,0,0,0,0,0,0,20475,15905,8658,44,0,20475,13200,11914,46,0,66718994432,8589930496,32776007680,524288
200,1791346876870,968508.7662200928,48800,2,1.16875,98041.9948425293,48800,2,1.1,97177.78067016602,48800,2,1.1,98503.08804321289,48800,2,1.1,107807.97955322266,48800,2,1.1,97465.90257263184,48800,2,0.93125,104779.5428314209,48800,2,0.93125,167671.39059448242,48800,2,1.16875,169554.39932250977,3050,2,1.09375,166950.41012573242,3050,2,1.09375,366453.7506866455,3050,0,1.09375,160093.16610717773,3050,2,1.09375,158836.26972961426,3050,0,1.09375,154256.05172729492,3050,2,1.09375,100536.71670532227,48800,2,1.1,102350.42153930664,48800,2,1.1,12571805.428833008,5387,400,4371,2904,3306,2503,2507,400,5397,5394,400,3236,400,400,400,400,400,2889,400,400,400,400,400,4867,400,2493,2522,400,3254,400,400,400,0,0,0,0,0,0,0,0,0,0,0,0,0,14.285715103149414,0,0,0,0,0,0,0,0,0,0,0,0,0,0,0,0,0,0,20475,15905,8658,44,0,20475,13200,11914,46,0,66718994432,8589930496,32776003584,524288
200,1791346877070,968508.7680511475,48800,2,1.14375,98041.99487304688,48800,2,1.14375,97177.7806854248,48800,2,0.93125,98503.08807373047,48800,2,0.93125,107807.97956848145,48800,2,0.93125,97465.90260314941,48800,2,0.93125,104779.54284667969,48800,2,0.93125,167671.3913116455,48800,2,1.14375,169554.40002441406,48800,2,1.14375,166950.41122436523,48800,2,1.14375,366453.8205871582,48800,2,1.14375,160093.16691589355,48800,2,1.14375,158836.27299499512,48800,2,1.14375,154256.05256652832,48800,2,1.14375,100536.71672058105,48800,2,1.14375,102350.42155456543,48800,2,1.14375,12571815.128372192,5387,400,4371,2904,3306,2503,2507,400,5397,5394,400,3236,400,400,400,400,400,2889,400,400,400,400,400,4867,400,2493,2522,400,3254,400,400,400,0,0,0,0,0,0,0,0,0,0,0,0,0,10.526315689086914,0,0,0,0,0,0,0,0,0,0,0,0,0,0,0,0,0,0,20475,15905,8658,44,0,20475,13200,11914,46,0,66718994432,8589930496,32776003584,524288
199,1791346877270,968508.7689056396,48800,2,1.0125000000000002,98041.99490356445,48800,2,1.0375,97177.7807006836,48800,2,1.0375,98503.08810424805,48800,2,1.0375,107807.97958374023,48800,2,1.0375,97465.9026184082,48800,2,1.0375,104779.54286193848,48800,2,1.0375,167671.39190673828,48800,2,1.0125000000000002,169554.40063476563,48800,2,1.0125000000000002,166950.4122314453,48800,2,1.0125000000000002,366453.8851776123,48800,2,1.0125000000000002,160093.16749572754,48800,2,1.0125000000000002,158836.2735748291,48800,2,1.0125000000000002,154256.0531463623,48800,2,1.0125000000000002,100536.71673583984,48800,2,1.0375,102350.42156982422,48800,2,1.0375,12571824.734329224,5387,400,4371,2904,3306,2503,2507,400,5397,5394,400,3236,400,400,400,400,400,2889,400,400,400,400,400,4867,400,2493,2522,400,3254,400,400,400,0,0,0,0,0,0,0,0,0,0,0,0,0,14.285715103149414,0,0,0,0,0,0,0,0,0,0,0,0,0,0,0,0,0,0,20475,15905,8658,44,0,20475,13200,11914,46,0,66718994432,8589930496,32776003584,524288
200,1791346877470,968508.7703399658,48800,2,1,98041.99496459961,16133.333333333334,2,0.93125,97177.78076171875,16133.333333333334,2,0.93125,98503.08818054199,16133.333333333334,0,0.93125,107807.97964477539,16133.333333333334,2,0.93125,97465.90267944336,16133.333333333334,2,0.93125,104779.54292297363,16133.333333333334,2,0.93125,167671.39265441895,48800,2,1,169554.40133666992,48800,2,1,166950.41557312012,48800,2,1,366453.95251464844,48800,2,1,160093.16818237305,48800,2,1,158836.27424621582,48800,2,1,154256.05381774902,48800,2,1,100536.71678161621,16133.333333333334,2,0.93125,102350.42161560059,16133.333333333334,2,0.93125,12571834.334777832,5387,400,4371,2904,3306,2503,2507,400,5397,5394,400,3236,400,400,400,400,400,2889,400,400,400,400,400,4867,400,2493,2522,400,3254,400,400,400,0,0,0,0,0,0,0,0,0,0,0,0,0,10.526315689086914,0,0,0,0,0,0,0,0,0,0,0,0,0,0,0,0,0,0,20475,15905,8658,44,0,20475,13200,11914,46,0,66718994432,8589930496,32775999488,524288
200,1791346877671,968508.7716369629,48800,2,1.16875,98041.99502563477,16133.333333333334,2,0.9875,97177.78080749512,16133.333333333334,2,0.9875,98503.08827209473,16133.333333333334,0,0.9875,107807.97967529297,16133.333333333334,2,0.9875,97465.90272521973,16133.333333333334,2,0.9875,104779.54296875,16133.333333333334,2,0.9875,167671.3932952881,48800,2,1.16875,169554.40194702148,48800,2,1.16875,166950.4167175293,48800,2,1.16875,366454.01931762695,48800,2,0.975,160093.16877746582,3050,2,0.975,158836.2748413086,3050,2,0.975,154256.0544128418,3050,2,0.975,100536.71682739258,16133.333333333334,2,0.9875,102350.42166137695,16133.333333333334,2,0.9875,12571843.74784851,5387,400,4371,2904,3306,2503,2507,400,5397,5394,400,3236,400,400,400,400,400,2889,400,400,400,400,400,4867,400,2493,2522,400,3254,400,400,400,0,0,0,0,0,0,0,0,0,0,0,0,0,10.526315689086914,0,0,0,0,0,0,0,0,0,0,0,0,0,0,0,0,0,0,20475,15905,8677,44,0,20475,13200,11914,46,0,66718994432,8589930496,32775995392,524288
200,1791346877871,968508.7730407715,48800,2,1.16875,98041.99520874023,48800,2,1.16875,97177.7809753418,48800,2,1.16875,98503.0884399414,48800,2,1.16875,107807.97984313965,48800,2,1.16875,97465.9028930664,48800,2,1.16875,104779.54313659668,48800,2,1.16875,167671.39414978027,48800,2,1.16875,169554.4026031494,48800,2,1.16875,166950.41801452637,48800,2,1.16875,366454.0888366699,48800,2,1.16875,160093.16944885254,48800,2,1.16875,158836.2755126953,48800,2,1.16875,154256.05506896973,48800,2,1.16875,100536.71696472168,48800,2,1.16875,102350.42182922363,48800,2,1.16875,12571853.39730835,5387,400,4371,2904,3306,2503,2507,400,5397,5394,400,3236,400,400,400,400,400,2889,400,400,400,400,400,4867,400,2493,2522,400,3254,400,400,400,0,0,0,0,0,0,0,0,0,0,0,0,0,18.18181800842285,0,0,0,0,0,0,0,0,0,0,0,0,0,0,0,0,0,0,20475,15905,8677,44,0,20475,13200,11903,46,0,66718994432,8589930496,32775995392,524288
200,1791346878071,968508.7743835449,48800,2,1.16875,98041.99523925781,48800,2,1.0375,97177.78100585938,48800,2,1.0375,98503.08850097656,48800,2,1.0375,107807.97987365723,48800,2,1.0375,97465.90292358398,48800,2,1.0375,104779.54316711426,48800,2,1.0375,167671.39472961426,48800,2,1.16875,169554.4031829834,48800,2,1.16875,166950.41891479492,48800,2,1.16875,366454.1567993164,48800,2,1.16875,160093.17002868652,48800,2,1.16875,158836.2760772705,48800,2,1.16875,154256.05563354492,48800,2,1.16875,100536.71699523926,48800,2,1.0375,102350.42185974121,48800,2,1.0375,12571862.837310791,5387,400,4371,2904,3306,2503,2507,400,5397,5394,400,3236,400,400,400,400,400,2889,400,400,400,400,400,4867,400,2493,2522,400,3254,400,400,400,0,0,0,0,0,0,0,0,0,0,0,0,0,10.526315689086914,0,0,0,0,0,0,0,0,0,0,0,0,0,0,0,0,0,0,20475,15905,8677,44,0,20475,13200,11903,46,0,66718994432,8589930496,32775995392,524288
200,1791346878272,968508.775970459,3050,2,1.125,98041.9952545166,48800,2,1.11875,97177.78102111816,48800,2,1.11875,98503.08860778809,48800,2,1.11875,107807.9799041748,48800,2,1.11875,97465.90295410156,48800,2,1.11875,104779.54319763184,48800,2,1.11875,167671.3956298828,3050,2,1.125,169554.40376281738,3050,2,1.125,166950.41958618164,3050,2,1.125,366454.22525024414,3050,0,1.125,160093.17059326172,3050,2,1.125,158836.2766418457,3050,2,1.125,154256.05619812012,3050,2,1.125,100536.71701049805,48800,2,1.11875,102350.421875,48800,2,1.11875,12571872.27810669,5387,400,4371,2904,3306,2503,2507,400,5397,5394,400,3236,400,400,400,400,400,2889,400,400,400,400,400,4867,400,2493,2522,400,3254,400,400,400,0,0,0,0,0,0,0,0,0,0,0,0,0,14.285715103149414,0,0,0,0,0,0,0,0,0,0,0,0,0,0,0,0,0,0,20475,15905,8677,44,0,20475,13200,11903,46,0,66718994432,8589930496,32774012928,524288
200,1791346878472,968508.77684021,48800,2,1.16875,98041.99531555176,48800,2,0.95,97177.78108215332,48800,2,0.95,98503.08876037598,48800,2,0.95,107807.97994995117,48800,2,0.95,97465.90299987793,48800,2,0.95,104779.5432434082,48800,2,0.95,167671.3962249756,48800,2,1.16875,169554.40435791016,48800,2,1.16875,166950.42053222656,48800,2,1.16875,366454.2951812744,48800,2,1.16875,160093.1711730957,48800,2,1.16875,158836.2772216797,48800,2,1.16875,154256.0567779541,48800,2,1.16875,100536.71705627441,48800,2,1.16875,102350.42192077637,48800,2,0.95,12571881.770736694,5387,400,4371,2904,3306,2503,2507,400,5397,5394,400,3236,400,400,400,400,400,2889,400,400,400,400,400,4867,400,2493,2522,400,3254,400,400,400,0,0,0,0,0,0,0,0,0,0,0,0,0,10.526315689086914,0,0,0,0,0,0,0,0,0,0,0,0,0,0,0,0,0,0,20475,15905,8677,44,0,20475,13200,11903,46,0,66718994432,8589930496,32779374592,524288
200,1791346878672,968508.7776794434,48800,2,1.16875,98041.99534606934,48800,2,1.0437500000000002,97177.78109741211,48800,2,1.0437500000000002,98503.08888244629,48800,2,1.0437500000000002,107807.97996520996,48800,2,1.0437500000000002,97465.90301513672,48800,2,1.0437500000000002,104779.54325866699,48800,2,1.0437500000000002,167671.39682006836,48800,2,1.16875,169554.40493774414,48800,2,1.16875,166950.42140197754,48800,2,1.16875,366454.361038208,48800,2,1.16875,160093.1717529297,48800,2,1.16875,158836.27780151367,48800,2,1.16875,154256.0573577881,48800,2,1.16875,100536.7170715332,48800,2,1.0437500000000002,102350.42193603516,48800,2,1.0437500000000002,12571891.18119812,5387,400,4371,2904,3306,2503,2507,400,5397,5394,400,3236,400,400,400,400,400,2889,400,400,400,400,400,4867,400,2493,2522,400,3254,400,400,400,0,0,0,0,0,0,0,0,0,0,0,0,0,10,0,0,0,0,0,0,0,0,0,0,0,0,0,0,0,0,0,0,20475,15905,8695,44,0,20475,13200,11903,46,0,66718994432,8589930496,32779370496,524288
200,1791346878873,968508.7795715332,3050,2,1.10625,98041.99537658691,48800,2,1.1125,97177.78112792969,48800,2,1.1125,98503.08912658691,48800,2,1.1125,107807.98001098633,48800,2,1.1125,97465.90306091309,48800,2,0.93125,104779.54330444336,48800,2,0.93125,167671.39739990234,3050,2,1.10625,169554.40550231934,3050,2,1.10625,166950.42218017578,3050,2,1.10625,366454.4282531738,3050,0,1.10625,160093.17233276367,3050,2,1.10625,158836.27836608887,3050,2,1.10625,154256.05792236328,3050,2,1.10625,100536.71710205078,48800,2,1.1125,102350.42196655273,48800,2,1.1125,12571900.610946655,5387,400,4371,2904,3306,2503,2507,400,5397,5394,400,3236,400,400,400,400,400,2889,400,400,400,400,400,4867,400,2493,2522,400,3254,400,400,400,0,0,0,0,0,0,0,0,0,0,0,0,0,15.000000953674316,0,0,0,0,0,0,0,0,0,0,0,0,0,0,0,0,0,0,20475,15905,8695,44,0,20475,13200,11914,46,0,66718994432,8589930496,32779370496,524288
200,1791346879073,968508.7810211182,48800,2,1.16875,98041.99537658691,48800,2,0.95625,97177.78112792969,48800,2,0.95625,98503.0891418457,48800,2,0.95625,107807.98001098633,48800,2,0.95625,97465.90306091309,48800,2,0.95625,104779.54330444336,48800,2,0.95625,167671.39799499512,48800,2,1.16875,169554.40608215332,48800,2,1.16875,166950.42309570313,48800,2,1.16875,366454.4951019287,48800,2,1.16875,160093.17291259766,48800,2,1.16875,158836.27896118164,48800,2,1.16875,154256.05851745605,48800,2,1.16875,100536.71710205078,48800,2,1.16875,102350.42196655273,48800,2,1.16875,12571910.033172607,5387,400,4371,2904,3306,2503,2507,400,5397,5394,400,3236,400,400,400,400,400,2889,400,400,400,400,400,4867,400,2493,2522,400,3254,400,400,400,0,0,0,0,0,0,0,0,0,0,0,0,0,10,0,0,0,0,0,0,0,0,0,0,0,0,0,0,0,0,0,0,20475,15905,8695,44,0,20475,13200,11914,46,0,66718994432,8589930496,32779370496,524288
200,1791346879273,968508.7818756104,48800,2,0.925,98041.9953918457,48800,2,1.025,97177.78112792969,48800,2,1.025,98503.08917236328,48800,2,1.025,107807.98001098633,48800,2,1.025,97465.90306091309,48800,2,1.025,104779.54330444336,48800,2,1.025,167671.39854431152,48800,2,0.925,169554.40663146973,48800,2,0.925,166950.42402648926,48800,2,0.925,366454.5602722168,48800,2,0.925,160093.17344665527,48800,2,0.925,158836.27949523926,48800,2,1.03125,154256.05905151367,3050,2,1.03125,100536.71710205078,48800,2,1.025,102350.42196655273,48800,2,1.025,12571919.508850098,5387,400,4371,2904,3306,2503,2507,400,5397,5394,400,3236,400,400,400,400,400,2889,400,400,400,400,400,4867,400,2493,2522,400,3254,400,400,400,0,0,0,0,0,0,0,0,0,0,0,0,0,15.000000953674316,0,0,0,0,0,0,0,0,0,0,0,0,0,0,0,0,0,0,20475,15905,8695,44,0,20475,13200,11914,46,0,66718994432,8589930496,32779370496,524288
200,1791346879474,968508.7827453613,3050,2,1.11875,98041.99540710449,48800,2,1.125,97177.78115844727,48800,2,1.125,98503.08921813965,48800,2,1.125,107807.9800415039,48800,2,1.125,97465.90309143066,48800,2,0.93125,104779.54333496094,48800,2,0.93125,167671.3992614746,3050,2,1.11875,169554.40733337402,3050,2,1.11875,166950.4250793457,3050,2,1.11875,366454.67652893066,3050,0,1.11875,160093.17414855957,3050,2,1.11875,158836.28019714355,3050,2,1.11875,154256.05975341797,3050,2,1.11875,100536.71711730957,48800,2,1.125,102350.42198181152,48800,2,1.125,12571928.948303223,5387,400,4371,2904,3306,2503,2507,400,5397,5394,400,3236,400,400,400,400,400,2889,400,400,400,400,400,4867,400,2493,2522,400,3254,400,400,400,0,0,0,0,0,0,0,0,0,0,0,0,0,10,0,0,0,0,0,0,0,0,0,0,0,0,0,0,0,0,0,0,20475,15905,8695,44,0,20475,13200,11914,46,0,66718994432,8589930496,32779366400,524288
200,1791346879674,968508.7843322754,48800,2,1.16875,98041.99542236328,48800,2,0.96875,97177.78117370605,48800,2,0.96875,98503.08935546875,48800,2,0.96875,107807.9800567627,48800,2,0.96875,97465.90310668945,48800,2,0.96875,104779.54335021973,48800,2,0.96875,167671.39987182617,48800,2,1.16875,169554.40795898438,48800,2,1.16875,166950.42588806152,48800,2,1.16875,366454.7484588623,48800,2,1.16875,160093.17474365234,48800,2,1.16875,158836.28079223633,48800,2,1.16875,154256.06034851074,48800,2,1.16875,100536.71713256836,48800,2,1.16875,102350.42199707031,48800,2,0.96875,12571938.249694824,5387,400,4371,2904,3306,2503,2507,400,5397,5394,400,3236,400,400,400,400,400,2889,400,400,400,400,400,4867,400,2493,2522,400,3254,400,400,400,0,0,0,0,0,0,0,0,0,0,0,0,0,15.000000953674316,0,0,0,0,0,0,0,0,0,0,0,0,0,0,0,0,0,0,20475,15905,8674,44,0,20475,13200,11914,46,0,66718994432,8589930496,32779366400,524288
200,1791346879874,968508.7852935791,48800,2,1.16875,98041.99545288086,48800,2,1.0375,97177.78118896484,48800,2,1.0375,98503.08984375,48800,2,1.0375,107807.98007202148,48800,2,1.0375,97465.90312194824,48800,2,1.0375,104779.54336547852,48800,2,1.0375,167671.40048217773,48800,2,1.16875,169554.40855407715,48800,2,1.16875,166950.42680358887,48800,2,1.16875,366454.81408691406,48800,2,1.16875,160093.17533874512,48800,2,1.16875,158836.2814025879,48800,2,1.16875,154256.06094360352,48800,2,1.16875,100536.71714782715,48800,2,1.0375,102350.4220123291,48800,2,1.0375,12571947.766799927,5387,400,4371,2904,3306,2503,2507,400,5397,5394,400,3236,400,400,400,400,400,2889,400,400,400,400,400,4867,400,2493,2522,400,3254,400,400,400,0,0,0,0,0,0,0,0,0,0,0,0,0,14.285715103149414,0,0,0,0,0,0,0,0,0,0,0,0,0,0,0,0,0,0,20475,15905,8674,44,0,20475,13200,11920,45,0,66718994432,8589930496,32779366400,524288
200,1791346880075,968508.786895752,3050,2,1.10625,98041.99548339844,48800,2,1.1125,97177.78121948242,48800,2,1.1125,98503.0901184082,48800,2,1.1125,107807.98011779785,48800,2,1.1125,97465.90316772461,48800,2,0.93125,104779.54341125488,48800,2,0.93125,167671.4011077881,3050,2,1.10625,169554.40914916992,3050,2,1.10625,166950.42749023438,3050,2,1.10625,366454.8822479248,3050,0,1.10625,160093.1759338379,3050,2,1.10625,158836.28199768066,3050,2,1.10625,154256.0615386963,3050,2,1.10625,100536.71717834473,48800,2,1.1125,102350.42204284668,48800,2,1.1125,12571957.114349365,5387,400,4371,2904,3306,2503,2507,400,5397,5394,400,3236,400,400,400,400,400,2889,400,400,400,400,400,4867,400,2493,2522,400,3254,400,400,400,0,0,0,0,0,0,0,0,0,0,0,0,0,10.526315689086914,0,0,0,0,0,0,0,0,0,0,0,0,0,0,0,0,0,0,20475,15905,8674,44,0,20475,13200,11920,45,0,66718994432,8589930496,32779366400,524288
200,1791346880275,968508.7881011963,48800,2,1.16875,98041.99549865723,48800,2,0.94375,97177.78123474121,48800,2,0.94375,98503.09053039551,48800,2,0.94375,107807.98013305664,48800,2,0.94375,97465.9031829834,48800,2,0.94375,104779.54342651367,48800,2,0.94375,167671.40170288086,48800,2,1.16875,169554.40975952148,48800,2,1.16875,166950.4284210205,48800,2,1.16875,366454.95137023926,48800,2,1.16875,160093.17651367188,48800,2,1.16875,158836.28259277344,48800,2,1.16875,154256.06211853027,48800,2,1.16875,100536.71719360352,48800,2,1.16875,102350.42205810547,48800,2,0.94375,12571966.524261475,5387,400,4371,2904,3306,2503,2507,400,5397,5394,400,3236,400,400,400,400,400,2889,400,400,400,400,400,4867,400,2493,2522,400,3254,400,400,400,0,0,0,0,0,0,0,0,0,0,0,0,0,14.285715103149414,0,0,0,0,0,0,0,0,0,0,0,0,0,0,0,0,0,0,20475,15905,8674,44,0,20475,13200,11920,45,0,66718994432,8589930496,32779366400,524288
200,1791346880475,968508.8564300537,48800,2,1.175,98041.9955444336,48800,2,1.025,97177.78128051758,48800,2,1.025,98503.09065246582,48800,2,1.025,107807.98072814941,48800,2,1.025,97465.90322875977,48800,2,1.025,104779.54347229004,48800,2,1.025,167671.4027557373,48800,2,1.175,169554.4104156494,48800,2,1.175,166950.42945861816,48800,2,1.175,366454.95347595215,48800,2,1.175,160093.1771697998,48800,2,1.175,158836.28324890137,48800,2,1.175,154256.0627746582,48800,2,1.175,100536.71723937988,48800,2,1.025,102350.42210388184,48800,2,1.025,12571976.010864258,5387,400,4371,2904,3306,2503,2507,400,5397,5394,400,3236,400,400,400,400,400,2889,400,400,400,400,400,4867,400,2493,2522,400,3254,400,400,400,15.000000953674316,0,0,0,0,0,0,0,0,0,0,0,0,0,0,0,0,0,0,0,0,0,0,0,0,0,0,0,0,0,0,0,20475,15905,8674,44,0,20475,13200,11920,45,0,66718994432,8589930496,32795168768,524288
200,1791346880676,968508.9272613525,48800,2,1.1625,98041.99560546875,48800,2,1.1,97177.78132629395,48800,2,1.1,98503.09120178223,48800,2,1.1,107807.98078918457,48800,2,1.1,97465.90328979492,48800,2,1.1,104779.5435333252,48800,2,0.93125,167671.40492248535,48800,2,1.1625,169554.4110107422,3050,2,1.09375,166950.43045043945,3050,2,1.09375,366454.9540863037,3050,2,1.09375,160093.17776489258,3050,2,1.09375,158836.28384399414,3050,2,1.09375,154256.06336975098,3050,2,1.09375,100536.71728515625,48800,2,1.1,102350.42225646973,48800,2,1.1,12571985.430007935,5387,400,4371,2904,3306,2503,2507,400,5397,5394,400,3236,400,400,400,400,400,2889,400,400,400,400,400,4867,400,2493,2522,400,3254,400,400,400,14.285715103149414,0,0,0,0,0,0,0,0,0,0,0,0,0,0,0,0,0,0,0,0,0,0,0,0,0,0,0,0,0,0,0,20475,15905,8671,44,0,20475,13200,11920,45,0,66718994432,8589930496,32795168768,524288
199,1791346880876,968508.9995880127,48800,2,1.1375,98041.99562072754,48800,2,1.14375,97177.78134155273,48800,2,1.14375,98503.09164428711,48800,2,0.93125,107807.98080444336,48800,2,0.93125,97465.90330505371,48800,2,0.93125,104779.54354858398,48800,2,0.93125,167671.40614318848,48800,2,1.1375,169554.41166687012,48800,2,1.1375,166950.43183898926,48800,2,1.1375,366454.95475769043,48800,2,1.1375,160093.1784362793,48800,2,1.1375,158836.28448486328,48800,2,1.1375,154256.06401062012,48800,2,1.1375,100536.71730041504,48800,2,1.14375,102350.42227172852,48800,2,1.14375,12571994.961624146,5387,400,4371,2904,3306,2503,2507,400,5397,5394,400,3236,400,400,400,400,400,2889,400,400,400,400,400,4867,400,2493,2522,400,3254,400,400,400,10.526315689086914,0,0,0,0,0,0,0,0,0,0,0,0,0,0,0,0,0,0,0,0,0,0,0,0,0,0,0,0,0,0,0,20475,15905,8671,44,0,20475,13200,11905,45,0,66718994432,8589930496,32795168768,524288
199,1791346881076,968509.0915985107,3050,0,0.94375,98041.99562072754,48800,2,0.95625,97177.78134155273,48800,2,0.93125,98503.0916595459,48800,2,0.93125,107807.98080444336,48800,2,0.93125,97465.90330505371,48800,2,0.93125,104779.54354858398,48800,2,0.93125,167671.4074859619,3050,2,0.94375,169554.41233825684,3050,0,0.94375,166950.43281555176,3050,2,0.94375,366454.95544433594,3050,0,0.94375,160093.17907714844,3050,2,0.94375,158836.28512573242,3050,2,0.94375,154256.06468200684,3050,2,0.94375,100536.71730041504,48800,2,0.95625,102350.42227172852,48800,2,0.95625,12572004.488861084,5387,400,4371,2904,3306,2503,2507,400,5397,5394,400,3236,400,400,400,400,400,2889,400,400,400,400,400,4867,400,2493,2522,400,3254,400,400,400,10,0,0,0,0,0,0,0,0,0,0,0,0,0,0,0,0,0,0,0,0,0,0,0,0,0,0,0,0,0,0,0,20475,15905,8671,44,0,20475,13200,11905,45,0,66718994432,8589930496,32795168768,524288
200,1791346881276,968509.153503418,48800,2,1.13125,98041.99562072754,48800,2,0.93125,97177.78134155273,48800,2,0.93125,98503.09167480469,48800,2,0.93125,107807.98080444336,48800,2,0.93125,97465.90330505371,48800,2,0.93125,104779.54354858398,48800,2,0.93125,167671.40907287598,48800,2,1.13125,169554.42514038086,48800,2,1.13125,166950.4340057373,48800,2,1.13125,366454.9560852051,48800,2,1.13125,160093.1797027588,48800,2,1.13125,158836.28575134277,48800,2,1.13125,154256.0653076172,48800,2,1.13125,100536.71730041504,48800,2,1.125,102350.42227172852,48800,2,1.125,12572013.934585571,5387,400,4371,2904,3306,2503,2507,400,5397,5394,400,3236,400,400,400,400,400,2889,400,400,400,400,400,4867,400,2493,2522,400,3254,400,400,400,10,0,0,0,0,0,0,0,0,0,0,0,5,0,0,0,0,0,0,0,0,0,0,0,0,0,0,0,0,0,0,0,20475,15905,8671,44,0,20475,13200,11905,45,0,66718994432,8589930496,32795168768,524288
200,1791346881476,968509.2207641602,48800,2,1.175,98041.99592590332,48800,2,1.0375,97177.78141784668,48800,2,1.0375,98503.09176635742,48800,2,1.0375,107807.9808959961,48800,2,1.0375,97465.90338134766,48800,2,1.0375,104779.54362487793,48800,2,1.0375,167671.41172790527,48800,2,1.175,169554.4259185791,48800,2,1.175,166950.43733215332,48800,2,1.175,366454.95724487305,48800,2,1.175,160093.18041992188,48800,2,1.175,158836.28646850586,48800,2,1.175,154256.06602478027,48800,2,1.175,100536.71737670898,48800,2,1.0375,102350.42234802246,48800,2,1.0375,12572023.589157104,5387,400,4371,2904,3306,2503,2507,400,5397,5394,400,3236,400,400,400,400,400,2889,400,400,400,400,400,4867,400,2493,2522,400,3254,400,400,400,10.526315689086914,0,0,0,0,0,0,0,0,0,0,0,0,0,0,0,0,0,0,0,0,0,0,0,0,0,0,0,0,0,0,0,20475,15905,8671,44,0,20475,13200,11905,45,0,66718994432,8589930496,32786907136,524288
200,1791346881677,968509.2910461426,48800,2,1.16875,98041.99600219727,48800,2,1.11875,97177.78147888184,48800,2,1.11875,98503.09187316895,48800,2,1.11875,107807.98097229004,48800,2,1.11875,97465.9034576416,48800,2,0.93125,104779.54370117188,48800,2,0.93125,167671.41413879395,3050,2,1.10625,169554.42666625977,3050,2,1.10625,166950.4383544922,3050,2,1.10625,366454.9579925537,3050,2,1.10625,160093.18103027344,3050,2,1.10625,158836.287109375,3050,2,1.10625,154256.06663513184,3050,2,1.10625,100536.71743774414,48800,2,1.11875,102350.42240905762,48800,2,1.11875,12572033.05569458,5387,400,4371,2904,3306,2503,2507,400,5397,5394,400,3236,400,400,400,400,400,2889,400,400,400,400,400,4867,400,2493,2522,400,3254,400,400,400,19.047618865966797,0,0,0,0,0,0,0,0,0,0,0,0,0,0,0,0,0,0,0,0,0,0,0,0,0,0,0,0,0,0,0,20475,15905,8621,44,0,20475,13200,11905,45,0,66718994432,8589930496,32794906624,524288
200,1791346881877,968509.3636474609,48800,2,1.16875,98041.99630737305,48800,2,1.16875,97177.78158569336,48800,2,0.95625,98503.09201049805,48800,2,0.95625,107807.98107910156,48800,2,0.95625,97465.90356445313,48800,2,0.95625,104779.54382324219,48800,2,0.95625,167671.41618347168,48800,2,1.16875,169554.4275817871,48800,2,1.16875,166950.4397125244,48800,2,1.16875,366454.95889282227,48800,2,1.16875,160093.18170166016,48800,2,1.16875,158836.28776550293,48800,2,1.16875,154256.06727600098,48800,2,1.16875,100536.71754455566,48800,2,1.16875,102350.42251586914,48800,2,1.16875,12572042.707015991,5387,400,4371,2904,3306,2503,2507,400,5397,5394,400,3236,400,400,400,400,400,2889,400,400,400,400,400,4867,400,2493,2522,400,3254,400,400,400,10,0,0,0,0,0,0,0,0,0,0,0,0,0,0,0,0,0,0,0,0,0,0,0,0,0,0,0,0,0,0,0,20475,15905,8621,44,0,20475,13200,11888,45,0,66718994432,8589930496,32794906624,524288
200,1791346882077,968509.4299621582,48800,2,1.16875,98041.99633789063,48800,2,1.0375,97177.78160095215,48800,2,1.0375,98503.09204101563,48800,2,1.0375,107807.98109436035,48800,2,1.0375,97465.9035949707,48800,2,1.0375,104779.54383850098,48800,2,1.0375,167671.4181213379,48800,2,1.16875,169554.42832946777,48800,2,1.16875,166950.44065856934,48800,2,1.16875,366454.9596862793,48800,2,1.16875,160093.18228149414,48800,2,1.16875,158836.2883605957,48800,2,1.16875,154256.06785583496,48800,2,1.16875,100536.71755981445,48800,2,1.0375,102350.42253112793,48800,2,1.0375,12572052.125457764,5387,400,4371,2904,3306,2503,2507,400,5397,5394,400,3236,400,400,400,400,400,2889,400,400,400,400,400,4867,400,2493,2522,400,3254,400,400,400,15.000000953674316,0,0,0,0,0,0,0,0,0,0,0,0,0,0,0,0,0,0,0,0,0,0,0,0,0,0,0,0,0,0,0,20475,15905,8621,44,0,20475,13200,11888,45,0,66718994432,8589930496,32794906624,524288
200,1791346882278,968509.500076294,48800,2,1.16875,98041.99638366699,48800,2,1.09375,97177.78163146973,48800,2,1.09375,98503.09210205078,48800,2,1.09375,107807.98114013672,48800,2,1.09375,97465.90364074707,48800,2,1.09375,104779.54388427734,48800,2,0.93125,167671.4207763672,48800,2,1.16875,169554.42921447754,3050,2,1.1,166950.4415283203,3050,2,1.1,366454.960647583,3050,2,1.1,160093.1828765869,3050,2,1.1,158836.28971862793,3050,2,1.1,154256.06843566895,3050,2,1.1,100536.71759033203,48800,2,1.09375,102350.42256164551,48800,2,1.09375,12572061.617416382,5387,400,4371,2904,3306,2503,2507,400,5397,5394,400,3236,400,400,400,400,400,2889,400,400,400,400,400,4867,400,2493,2522,400,3254,400,400,400,10,0,0,0,0,0,0,0,0,0,0,0,0,0,0,0,0,0,0,0,0,0,0,0,0,0,4.761904716491699,0,0,0,0,0,20475,15905,8621,44,0,20475,13200,11888,45,0,66718994432,8589930496,32794902528,524288
200,1791346882478,968509.5739746094,48800,2,1.1375,98041.99644470215,48800,2,1.1375,97177.7816772461,48800,2,0.925,98503.09216308594,48800,2,0.925,107807.98120117188,48800,2,0.925,97465.90368652344,48800,2,0.925,104779.54393005371,48800,2,0.925,167671.422164917,48800,2,1.1375,169554.42987060547,48800,2,1.1375,166950.44233703613,48800,2,1.1375,366454.9613952637,48800,2,1.1375,160093.18350219727,48800,2,1.1375,158836.29090881348,48800,2,1.1375,154256.0690612793,48800,2,1.1375,100536.7176361084,48800,2,1.1375,102350.42260742188,48800,2,1.1375,12572071.11315918,5387,400,4371,2904,3306,2503,2507,400,5397,5394,400,3236,400,400,400,400,400,2889,400,400,400,400,400,4867,400,2493,2522,400,3254,400,400,400,15.000000953674316,0,0,0,0,0,0,0,0,0,0,0,0,0,0,0,0,0,0,0,0,0,0,0,0,0,0,0,0,0,0,0,20475,15905,8621,44,0,20475,13200,11888,45,0,66718994432,8589930496,32792592384,524288
200,1791346882678,968509.6398010254,48800,2,1.16875,98041.99647521973,48800,2,1.025,97177.78169250488,48800,2,1.025,98503.0922088623,48800,2,1.025,107807.98121643066,48800,2,1.025,97465.90370178223,48800,2,1.025,104779.5439453125,48800,2,1.025,167671.42485046387,48800,2,1.16875,169554.43046569824,48800,2,1.16875,166950.4432373047,48800,2,1.16875,366454.9620666504,48800,2,1.16875,160093.18406677246,48800,2,1.16875,158836.29147338867,48800,2,1.16875,154256.0696258545,48800,2,1.16875,100536.71765136719,48800,2,1.025,102350.42265319824,48800,2,1.025,12572080.479949951,5387,400,4371,2904,3306,2503,2507,400,5397,5394,400,3236,400,400,400,400,400,2889,400,400,400,400,400,4867,400,2493,2522,400,3254,400,400,400,10,0,0,0,0,0,0,0,0,0,0,0,0,0,0,0,0,0,0,0,0,0,0,0,0,0,0,0,0,0,0,0,20475,15905,8552,44,0,20475,13200,11888,45,0,66718994432,8589930496,32792592384,524288
200,1791346882879,968509.7081451416,48800,2,1.1375,98041.9965209961,48800,2,0.99375,97177.78172302246,48800,2,0.99375,98503.09225463867,48800,2,0.99375,107807.98127746582,48800,2,0.99375,97465.9037475586,48800,2,0.93125,104779.54399108887,48800,2,0.93125,167671.42723083496,3050,2,1,169554.4313812256,3050,2,1,166950.44409179688,3050,2,1,366454.9627380371,3050,2,1,160093.18464660645,3050,2,1,158836.29205322266,3050,2,1,154256.07022094727,3050,2,1,100536.71768188477,48800,2,0.99375,102350.42268371582,48800,2,0.99375,12572089.978027344,5387,400,4371,2904,3306,2503,2507,400,5397,5394,400,3236,400,400,400,400,400,2889,400,400,400,400,400,4867,400,2493,2522,400,3254,400,400,400,15.000000953674316,0,0,0,0,0,0,0,0,0,0,0,0,0,0,0,0,0,0,0,0,0,0,0,0,0,0,0,0,0,0,0,20475,15905,8552,43,0,20475,13200,11881,45,0,66718994432,8589930496,32792592384,524288
200,1791346883079,968509.77684021,48800,2,1.16875,98041.99655151367,48800,2,0.95625,97177.78173828125,48800,2,0.95625,98503.09228515625,48800,2,0.95625,107807.98129272461,48800,2,0.95625,97465.90377807617,48800,2,0.95625,104779.54400634766,48800,2,0.95625,167671.42860412598,48800,2,1.16875,169554.4326324463,48800,2,1.16875,166950.44508361816,48800,2,1.16875,366454.96409606934,48800,2,1.16875,160093.185256958,48800,2,1.16875,158836.292678833,48800,2,1.16875,154256.07083129883,48800,2,1.16875,100536.71769714355,48800,2,1.16875,102350.42269897461,48800,2,1.16875,12572099.521087646,5387,400,4371,2904,3306,2503,2507,400,5397,5394,400,3236,400,400,400,400,400,2889,400,400,400,400,400,4867,400,2493,2522,400,3254,400,400,400,10,0,0,0,0,0,0,0,0,0,0,0,0,0,0,0,0,0,0,0,0,0,0,0,0,0,4.761904716491699,0,0,0,0,0,20475,15905,8552,43,0,20475,13200,11881,45,0,66718994432,8589930496,32792592384,524288
200,1791346883279,968509.8452453613,48800,2,1.16875,98041.99661254883,48800,2,1.025,97177.78176879883,48800,2,1.025,98503.09233093262,48800,2,1.025,107807.98132324219,48800,2,1.025,97465.90380859375,48800,2,1.025,104779.54403686523,48800,2,1.025,167671.43074035645,48800,2,1.16875,169554.4334564209,48800,2,1.16875,166950.44596862793,48800,2,1.16875,366454.96502685547,48800,2,1.16875,160093.185836792,48800,2,1.16875,158836.293258667,48800,2,1.16875,154256.0714111328,48800,2,1.16875,100536.71772766113,48800,2,1.025,102350.42272949219,48800,2,1.025,12572108.955047607,5387,400,4371,2904,3306,2503,2507,400,5397,5394,400,3236,400,400,400,400,400,2889,400,400,400,400,400,4867,400,2493,2522,400,3254,400,400,400,15.000000953674316,0,0,0,0,0,0,0,0,0,0,0,0,0,0,0,0,0,0,0,0,0,0,0,0,0,0,0,0,0,0,0,20475,15905,8552,43,0,20475,13200,11881,45,0,66718994432,8589930496,32792588288,524288
200,1791346883480,968509.9151611328,48800,2,1.16875,98041.9966583252,48800,2,1.1125,97177.78182983398,48800,2,1.1125,98503.09240722656,48800,2,1.1125,107807.98139953613,48800,2,1.1125,97465.9038696289,48800,2,0.925,104779.54409790039,48800,2,0.925,167671.43313598633,48800,2,1.16875,169554.4343109131,3050,2,1.10625,166950.44682312012,3050,2,1.10625,366454.96670532227,3050,2,1.10625,160093.18644714355,3050,2,1.10625,158836.29386901855,3050,2,1.10625,154256.07202148438,3050,2,1.10625,100536.7177734375,48800,2,1.1125,102350.42277526855,48800,2,1.1125,12572118.513580322,5387,400,4371,2904,3306,2503,2507,400,5397,5394,400,3236,400,400,400,400,400,2889,400,400,400,400,400,4867,400,2493,2522,400,3254,400,400,400,10,0,0,0,0,0,0,0,0,0,0,0,0,0,0,0,0,0,0,0,0,0,0,0,0,0,0,0,0,0,0,0,20475,15905,8552,43,0,20475,13200,11881,45,0,66718994432,8589930496,32784097280,524288
200,1791346883680,968509.986251831,48800,2,1.16875,98041.9966583252,48800,2,0.95625,97177.78182983398,48800,2,0.95625,98503.09243774414,48800,2,0.95625,107807.98139953613,48800,2,0.95625,97465.9038696289,48800,2,0.95625,104779.54409790039,48800,2,0.95625,167671.43460083008,48800,2,1.16875,169554.43510437012,48800,2,1.16875,166950.44776916504,48800,2,1.16875,366454.9676055908,48800,2,1.16875,160093.18705749512,48800,2,1.16875,158836.29446411133,48800,2,1.16875,154256.07263183594,48800,2,1.16875,100536.7177734375,48800,2,1.16875,102350.42277526855,48800,2,1.16875,12572127.838134766,5387,400,4371,2904,3306,2503,2507,400,5397,5394,400,3236,400,400,400,400,400,2889,400,400,400,400,400,4867,400,2493,2522,400,3254,400,400,400,15.000000953674316,0,0,0,0,0,0,0,0,0,0,0,0,0,0,0,0,0,0,0,0,0,0,0,0,0,0,0,0,0,0,0,20475,15905,8536,43,0,20475,13200,11881,45,0,66718994432,8589930496,32789000192,524288
200,1791346883880,968510.053237915,48800,2,1.16875,98041.99667358398,48800,2,1.03125,97177.78184509277,48800,2,1.03125,98503.09246826172,48800,2,1.03125,107807.98143005371,48800,2,1.03125,97465.9038848877,48800,2,1.03125,104779.54411315918,48800,2,1.03125,167671.43672180176,48800,2,1.16875,169554.43634033203,48800,2,1.16875,166950.4483795166,48800,2,1.16875,366454.96922302246,48800,2,1.16875,160093.18798828125,48800,2,1.16875,158836.2950744629,48800,2,1.16875,154256.0732269287,48800,2,1.16875,100536.71780395508,48800,2,1.03125,102350.42279052734,48800,2,1.03125,12572137.255630493,5387,400,4371,2904,3306,2503,2507,400,5397,5394,400,3236,400,400,400,400,400,2889,400,400,400,400,400,4867,400,2493,2522,400,3254,400,400,400,10.526315689086914,0,0,0,0,0,0,0,0,0,0,0,0,0,0,0,0,0,0,0,0,0,0,0,0,0,0,0,0,0,0,0,20475,15905,8536,43,0,20475,13200,11860,45,0,66718994432,8589930496,32789000192,524288
200,1791346884081,968510.1227264404,48800,2,1.16875,98041.99668884277,48800,2,1.1125,97177.78186035156,48800,2,1.1125,98503.0924987793,48800,2,1.1125,107807.98146057129,48800,2,1.1125,97465.90391540527,48800,2,1.1125,104779.54414367676,48800,2,0.93125,167671.43891906738,48800,2,1.16875,169554.43704223633,3050,2,1.1,166950.44898986816,3050,2,1.1,366454.97004699707,3050,2,1.1,160093.1888885498,3050,2,1.1,158836.29568481445,3050,2,1.1,154256.07383728027,3050,2,1.1,100536.71781921387,48800,2,1.1125,102350.42280578613,48800,2,1.1125,12572146.70916748,5387,400,4371,2904,3306,2503,2507,400,5397,5394,400,3236,400,400,400,400,400,2889,400,400,400,400,400,4867,400,2493,2522,400,3254,400,400,400,14.285715103149414,0,0,0,0,0,0,0,0,0,0,0,0,0,0,0,0,0,0,0,0,0,0,0,0,0,0,0,0,0,0,0,20475,15905,8536,43,0,20475,13200,11860,45,0,66718994432,8589930496,32786976768,524288
200,1791346884281,968510.1932373047,48800,2,1.13125,98041.99671936035,48800,2,1.13125,97177.78187561035,48800,2,0.93125,98503.09252929688,48800,2,0.93125,107807.98147583008,48800,2,0.93125,97465.90394592285,48800,2,0.93125,104779.54415893555,48800,2,0.93125,167671.4401397705,48800,2,1.13125,169554.43769836426,48800,2,1.13125,166950.44961547852,48800,2,1.13125,366454.9708099365,48800,2,1.13125,160093.18989562988,48800,2,1.13125,158836.29629516602,48800,2,1.13125,154256.07444763184,48800,2,1.13125,100536.71783447266,48800,2,1.13125,102350.42282104492,48800,2,1.13125,12572156.22921753,5387,400,4371,2904,3306,2503,2507,400,5397,5394,400,3236,400,400,400,400,400,2889,400,400,400,400,400,4867,400,2493,2522,400,3254,400,400,400,15.000000953674316,0,0,0,0,0,0,0,0,0,0,0,0,0,0,0,0,0,0,0,0,0,0,0,0,0,0,0,0,0,0,0,20475,15905,8536,43,0,20475,13200,11860,45,0,66718994432,8589930496,32786976768,524288
200,1791346884481,968510.2633666992,48800,2,1.16875,98041.99671936035,48800,2,1.0125000000000002,97177.78187561035,48800,2,1.0125000000000002,98503.09255981445,48800,2,1.0125000000000002,107807.98149108887,48800,2,1.0125000000000002,97465.90394592285,48800,2,1.0125000000000002,104779.54415893555,48800,2,1.0125000000000002,167671.44288635254,48800,2,1.16875,169554.4383239746,48800,2,1.16875,166950.4502105713,48800,2,1.16875,366454.971572876,48800,2,1.16875,160093.19082641602,48800,2,1.16875,158836.2968902588,48800,2,1.16875,154256.0750427246,48800,2,1.16875,100536.71783447266,48800,2,1.0125000000000002,102350.42282104492,48800,2,1.0125000000000002,12572165.710540771,5387,400,4371,2904,3306,2503,2507,400,5397,5394,400,3236,400,400,400,400,400,2889,400,400,400,400,400,4867,400,2493,2522,400,3254,400,400,400,14.285715103149414,0,0,0,0,0,0,0,0,0,0,0,0,0,0,0,0,0,0,0,0,0,0,0,0,0,0,0,0,0,0,0,20475,15905,8536,43,0,20475,13200,11860,45,0,66718994432,8589930496,32786976768,524288
200,1791346884682,968510.3326263428,48800,2,1.16875,98041.99674987793,48800,2,1.1,97177.78190612793,48800,2,1.1,98503.09260559082,48800,2,1.1,107807.98153686523,48800,2,1.1,97465.90399169922,48800,2,1.1,104779.54420471191,48800,2,1.1,167671.44555664063,48800,2,1.16875,169554.43894958496,3050,2,1.1,166950.45080566406,3050,2,1.1,366454.9722595215,3050,2,1.1,160093.19172668457,3050,2,1.1,158836.29748535156,3050,2,1.1,154256.07563781738,3050,2,1.1,100536.71786499023,48800,2,1.1,102350.4228515625,48800,2,1.1,12572175.159133911,5387,400,4371,2904,3306,2503,2507,400,5397,5394,400,3236,400,400,400,400,400,2889,400,400,400,400,400,4867,400,2493,2522,400,3254,400,400,400,10.526315689086914,0,0,0,0,0,0,0,0,0,0,0,0,0,0,0,0,0,0,0,0,0,0,0,0,0,0,0,0,0,0,0,20475,15905,8589,43,0,20475,13200,11860,45,0,66718994432,8589930496,32786976768,524288
200,1791346884882,968510.4001464844,48800,2,1.15,98041.99682617188,48800,2,1.14375,97177.78196716309,48800,2,0.93125,98503.09268188477,48800,2,0.93125,107807.98161315918,48800,2,0.93125,97465.90405273438,48800,2,0.93125,104779.54426574707,48800,2,0.93125,167671.4475250244,48800,2,1.15,169554.4395904541,48800,2,1.15,166950.45141601563,48800,2,1.15,366454.972946167,48800,2,1.15,160093.19273376465,48800,2,1.15,158836.29808044434,48800,2,1.15,154256.07623291016,48800,2,1.15,100536.71792602539,48800,2,1.14375,102350.42291259766,48800,2,1.14375,12572184.571975708,5387,400,4371,2904,3306,2503,2507,400,5397,5394,400,3236,400,400,400,400,400,2889,400,400,400,400,400,4867,400,2493,2522,400,3254,400,400,400,14.285715103149414,0,0,0,0,0,0,0,0,0,0,0,0,0,0,0,0,0,0,0,0,0,0,0,0,0,0,0,0,0,0,0,20475,15905,8589,43,0,20475,13200,11815,45,0,66718994432,8589930496,32786976768,524288
200,1791346885082,968510.4692230225,48800,2,1.16875,98041.99688720703,48800,2,1.03125,97177.78201293945,48800,2,1.03125,98503.09274291992,48800,2,1.03125,107807.98165893555,48800,2,1.03125,97465.90409851074,48800,2,1.03125,104779.54431152344,48800,2,1.03125,167671.45039367676,48800,2,1.16875,169554.44024658203,48800,2,1.16875,166950.4520263672,48800,2,1.16875,366454.9736480713,48800,2,1.16875,160093.19369506836,48800,2,1.16875,158836.2986907959,48800,2,1.16875,154256.07684326172,48800,2,1.16875,100536.71797180176,48800,2,1.03125,102350.42295837402,48800,2,1.03125,12572194.105957031,5387,400,4371,2904,3306,2503,2507,400,5397,5394,400,3236,400,400,400,400,400,2889,400,400,400,400,400,4867,400,2493,2522,400,3254,400,400,400,10.526315689086914,0,0,0,0,0,0,0,0,0,0,0,0,0,0,0,0,0,0,0,0,0,0,0,0,0,0,0,0,0,0,0,20475,15905,8589,43,0,20475,13200,11815,45,0,66718994432,8589930496,32786972672,524288
200,1791346885283,968510.5375213623,48800,2,1.16875,98041.99691772461,48800,2,1.10625,97177.78204345703,48800,2,1.10625,98503.09280395508,48800,2,1.10625,107807.98170471191,48800,2,1.10625,97465.9041595459,48800,2,1.10625,104779.5443572998,48800,2,0.93125,167671.45306396484,48800,2,1.16875,169554.44087219238,3050,2,1.1,166950.45260620117,3050,2,1.1,366454.974319458,3050,2,1.1,160093.19458007813,3050,2,1.1,158836.29927062988,3050,2,1.1,154256.0774230957,3050,2,1.1,100536.71800231934,48800,2,1.10625,102350.4229888916,48800,2,1.10625,12572203.578643799,5387,400,4371,2904,3306,2503,2507,400,5397,5394,400,3236,400,400,400,400,400,2889,400,400,400,400,400,4867,400,2493,2522,400,3254,400,400,400,14.285715103149414,0,0,0,0,0,0,0,0,0,0,0,0,0,0,0,0,0,0,0,0,0,0,0,0,0,0,0,0,0,0,0,20475,15905,8589,43,0,20475,13200,11815,45,0,66718994432,8589930496,32786972672,524288
200,1791346885483,968510.6084289551,48800,2,1.16875,98041.9969329834,48800,2,0.95,97177.78204345703,48800,2,0.95,98503.09283447266,48800,2,0.95,107807.9817199707,48800,2,0.95,97465.9041595459,48800,2,0.95,104779.5443572998,48800,2,0.95,167671.45518493652,48800,2,1.16875,169554.44157409668,48800,2,1.16875,166950.4552307129,48800,2,1.16875,366454.97509765625,48800,2,1.16875,160093.19561767578,48800,2,1.16875,158836.2999267578,48800,2,1.16875,154256.07809448242,48800,2,1.16875,100536.71800231934,48800,2,1.16875,102350.4229888916,48800,2,1.16875,12572213.276733398,5387,400,4371,2904,3306,2503,2507,400,5397,5394,400,3236,400,400,400,400,400,2889,400,400,400,400,400,4867,400,2493,2522,400,3254,400,400,400,10.526315689086914,0,0,0,0,0,0,0,0,0,0,0,0,0,0,0,0,0,0,0,0,0,0,0,0,0,0,0,0,0,0,0,20475,15905,8589,43,0,20475,13200,11815,45,0,66718994432,8589930496,32786972672,524288
200,1791346885684,968510.6774902344,48800,2,1.1375,98041.99697875977,48800,2,0.95,97177.78207397461,48800,2,0.95,98503.09288024902,48800,2,0.95,107807.98175048828,48800,2,0.95,97465.90419006348,48800,2,0.95,104779.54438781738,48800,2,0.95,167671.4572906494,48800,2,1.1375,169554.44218444824,48800,2,1.1375,166950.4557800293,48800,2,1.1375,366454.9757537842,48800,2,1.1375,160093.19624328613,48800,2,1.1375,158836.30047607422,48800,2,1.1375,154256.07864379883,48800,2,1.1375,100536.71803283691,48800,2,0.95,102350.42301940918,48800,2,0.95,12572222.650543213,5387,400,4371,2904,3306,2503,2507,400,5397,5394,400,3236,400,400,400,400,400,2889,400,400,400,400,400,4867,400,2493,2522,400,3254,400,400,400,15.000000953674316,0,0,0,0,0,0,0,0,0,0,0,0,0,0,0,0,0,0,0,0,0,0,0,0,0,0,0,0,0,0,0,20475,15905,8651,43,0,20475,13200,11815,45,0,66718994432,8589930496,32786972672,524288
200,1791346885884,968510.7452087402,48800,2,1.16875,98041.99714660645,48800,2,1.10625,97177.78224182129,48800,2,1.10625,98503.09309387207,48800,2,1.10625,107807.98194885254,48800,2,1.10625,97465.90437316895,48800,2,0.93125,104779.54457092285,48800,2,0.93125,167671.45930480957,3050,2,1.11875,169554.44291687012,3050,2,1.11875,166950.45721435547,3050,2,1.11875,366454.9765319824,3050,2,1.11875,160093.197265625,3050,2,1.11875,158836.30117797852,3050,2,1.11875,154256.07933044434,3050,2,1.11875,100536.7181854248,48800,2,1.10625,102350.42318725586,48800,2,1.10625,12572232.285552979,5387,400,4371,2904,3306,2503,2507,400,5397,5394,400,3236,400,400,400,400,400,2889,400,400,400,400,400,4867,400,2493,2522,400,3254,400,400,400,10,0,0,0,0,0,0,0,0,0,0,0,0,0,0,0,0,0,0,0,0,0,0,0,0,0,0,0,0,0,0,0,20475,15905,8651,43,0,20475,13200,11796,45,0,66718994432,8589930496,32786972672,524288
200,1791346886084,968510.8157196045,48800,2,1.16875,98041.99716186523,48800,2,0.95,97177.78225708008,48800,2,0.95,98503.09312438965,48800,2,0.95,107807.98196411133,48800,2,0.95,97465.90438842773,48800,2,0.95,104779.54458618164,48800,2,0.95,167671.46029663086,48800,2,1.16875,169554.44358825684,48800,2,1.16875,166950.45783996582,48800,2,1.16875,366454.9772796631,48800,2,1.16875,160093.19834899902,48800,2,1.16875,158836.30180358887,48800,2,1.16875,154256.0799407959,48800,2,1.16875,100536.7182006836,48800,2,1.16875,102350.42320251465,48800,2,1.16875,12572241.691802979,5387,400,4371,2904,3306,2503,2507,400,5397,5394,400,3236,400,400,400,400,400,2889,400,400,400,400,400,4867,400,2493,2522,400,3254,400,400,400,10.526315689086914,0,0,0,0,0,0,0,0,0,0,0,0,0,0,0,0,0,0,0,0,0,0,0,0,0,0,0,0,0,0,0,20475,15905,8651,43,0,20475,13200,11796,45,0,66718994432,8589930496,32786968576,524288
200,1791346886285,968510.884689331,48800,2,1.16875,98041.99719238281,48800,2,1.0375,97177.78228759766,48800,2,1.0375,98503.0931854248,48800,2,1.0375,107807.9819946289,48800,2,1.0375,97465.9044342041,48800,2,1.0375,104779.54461669922,48800,2,1.0375,167671.46229553223,48800,2,1.16875,169554.44427490234,48800,2,1.16875,166950.45845031738,48800,2,1.16875,366454.97802734375,48800,2,1.16875,160093.1990661621,48800,2,1.16875,158836.30242919922,48800,2,1.16875,154256.08055114746,48800,2,1.16875,100536.71823120117,48800,2,1.0375,102350.42323303223,48800,2,1.0375,12572251.162139893,5387,400,4371,2904,3306,2503,2507,400,5397,5394,400,3236,400,400,400,400,400,2889,400,400,400,400,400,4867,400,2493,2522,400,3254,400,400,400,14.285715103149414,0,0,0,0,0,0,0,0,0,0,0,0,0,0,0,0,0,0,0,0,0,0,0,0,0,0,0,0,0,0,0,20475,15905,8651,43,0,20475,13200,11796,45,0,66718994432,8589930496,32786968576,524288
200,1791346886485,968510.9526519775,48800,2,1.16875,98041.99723815918,48800,2,1.1125,97177.78233337402,48800,2,1.1125,98503.09326171875,48800,2,1.1125,107807.98207092285,48800,2,1.1125,97465.90449523926,48800,2,1.1125,104779.54467773438,48800,2,0.925,167671.4637298584,48800,2,1.16875,169554.44494628906,3050,2,1.11875,166950.45904541016,3050,2,1.11875,366454.9787597656,3050,2,1.11875,160093.19998168945,3050,2,1.11875,158836.30303955078,3050,2,1.11875,154256.08116149902,3050,2,1.11875,100536.71827697754,48800,2,1.1125,102350.4232788086,48800,2,1.1125,12572260.700271606,5387,400,4371,2904,3306,2503,2507,400,5397,5394,400,3236,400,400,400,400,400,2889,400,400,400,400,400,4867,400,2493,2522,400,3254,400,400,400,10.526315689086914,0,0,0,0,0,0,0,0,0,0,0,0,0,0,0,0,0,0,0,0,0,0,0,0,0,0,0,0,0,0,0,20475,15905,8651,43,0,20475,13200,11796,45,0,66718994432,8589930496,32778723328,524288
200,1791346886685,968511.0217590332,48800,2,1.175,98041.99726867676,48800,2,1.16875,97177.78234863281,48800,2,1.16875,98503.09329223633,48800,2,1.16875,107807.98208618164,48800,2,1.16875,97465.90451049805,48800,2,1.16875,104779.54469299316,48800,2,1.16875,167671.46466064453,48800,2,1.175,169554.4455718994,48800,2,1.175,166950.45962524414,48800,2,1.175,366454.9794616699,48800,2,1.175,160093.20082092285,48800,2,1.175,158836.30361938477,48800,2,1.175,154256.0817565918,48800,2,1.175,100536.71829223633,48800,2,1.16875,102350.42338562012,48800,2,1.16875,12572270.084152222,5387,400,4371,2904,3306,2503,2507,400,5397,5394,400,3236,400,400,400,400,400,2889,400,400,400,400,400,4867,400,2493,2522,400,3254,400,400,400,18.18181800842285,0,0,0,0,0,0,0,0,0,0,0,0,0,0,0,0,0,0,0,0,0,0,0,0,0,0,0,0,0,0,0,20475,15905,8627,43,0,20475,13200,11796,45,0,66718994432,8589930496,32787755008,524288
200,1791346886886,968511.0859222412,48800,2,1.16875,98041.99740600586,48800,2,1.0375,97177.78240966797,48800,2,1.0375,98503.09336853027,48800,2,1.0375,107807.9821472168,48800,2,1.0375,97465.9045715332,48800,2,1.0375,104779.54475402832,48800,2,1.0375,167671.46633911133,48800,2,1.16875,169554.44618225098,48800,2,1.16875,166950.46017456055,48800,2,1.16875,366454.9800720215,48800,2,1.16875,160093.2015838623,48800,2,1.16875,158836.30416870117,48800,2,1.16875,154256.0822906494,48800,2,1.16875,100536.71835327148,48800,2,1.0375,102350.42344665527,48800,2,1.0375,12572279.40170288,5387,400,4371,2904,3306,2503,2507,400,5397,5394,400,3236,400,400,400,400,400,2889,400,400,400,400,400,4867,400,2493,2522,400,3254,400,400,400,10.526315689086914,0,0,0,0,0,0,0,0,0,0,0,0,0,0,0,0,0,0,0,0,0,0,0,0,0,0,0,0,0,0,0,20475,15905,8627,43,0,20475,13200,11796,45,0,66718994432,8589930496,32787750912,524288
200,1791346887086,968511.1537628174,48800,2,1.16875,98041.99746704102,48800,2,1.1125,97177.78245544434,48800,2,1.1125,98503.09342956543,48800,2,1.1125,107807.98220825195,48800,2,1.1125,97465.90463256836,48800,2,1.1125,104779.54481506348,48800,2,0.93125,167671.4678955078,48800,2,1.11875,169554.4468383789,3050,2,1.11875,166950.4607849121,3050,2,1.11875,366454.98078918457,3050,2,1.11875,160093.20252990723,3050,2,1.11875,158836.30477905273,3050,2,1.11875,154256.08290100098,3050,2,1.11875,100536.71839904785,48800,2,1.1125,102350.42349243164,48800,2,1.1125,12572288.933914185,5387,400,4371,2904,3306,2503,2507,400,5397,5394,400,3236,400,400,400,400,400,2889,400,400,400,400,400,4867,400,2493,2522,400,3254,400,400,400,14.285715103149414,0,0,0,0,0,0,0,0,0,0,0,0,0,0,0,0,0,0,0,0,0,0,0,0,0,0,0,0,0,0,0,20475,15905,8627,43,0,20475,13200,11796,45,0,66718994432,8589930496,32787750912,524288
199,1791346887286,968511.2246551514,48800,2,1.16875,98041.9974822998,48800,2,1.16875,97177.78245544434,48800,2,0.94375,98503.09344482422,48800,2,0.94375,107807.98220825195,48800,2,0.94375,97465.90464782715,48800,2,0.94375,104779.54481506348,48800,2,0.94375,167671.46907043457,48800,2,1.16875,169554.4475250244,48800,2,1.16875,166950.46142578125,48800,2,1.16875,366454.98150634766,48800,2,1.16875,160093.2033996582,48800,2,1.16875,158836.30541992188,48800,2,1.16875,154256.0835571289,48800,2,1.16875,100536.71839904785,48800,2,1.16875,102350.42349243164,48800,2,1.16875,12572298.36958313,5387,400,4371,2904,3306,2503,2507,400,5397,5394,400,3236,400,400,400,400,400,2889,400,400,400,400,400,4867,400,2493,2522,400,3254,400,400,400,10.526315689086914,0,0,0,0,0,0,0,0,0,0,0,0,0,0,0,0,0,0,0,0,0,0,0,0,0,0,0,0,0,0,0,20475,15905,8627,43,0,20475,13200,11796,45,0,66718994432,8589930496,32787750912,524288
199,1791346887486,968511.2948303223,48800,2,1.125,98041.99751281738,48800,2,0.925,97177.78247070313,48800,2,0.925,98503.0934753418,48800,2,0.925,107807.98223876953,48800,2,0.925,97465.90466308594,48800,2,0.925,104779.54483032227,48800,2,0.925,167671.47117614746,48800,2,1.125,169554.44816589355,48800,2,1.125,166950.4620666504,48800,2,1.125,366454.98222351074,48800,2,1.125,160093.20413208008,48800,2,1.125,158836.3062133789,48800,2,1.125,154256.08418273926,48800,2,1.125,100536.71842956543,48800,2,1.1375,102350.42350769043,48800,2,1.1375,12572307.848831177,5387,400,4371,2904,3306,2503,2507,400,5397,5394,400,3236,400,400,400,400,400,2889,400,400,400,400,400,4867,400,2493,2522,400,3254,400,400,400,10,0,0,0,0,0,0,0,0,0,0,0,0,0,0,0,0,0,0,0,0,0,0,0,0,0,0,0,0,0,0,0,20475,15905,8627,43,0,20475,13200,11796,45,0,66718994432,8589930496,32787750912,524288
200,1791346887686,968511.3642425537,48800,2,0.46875,98041.99752807617,48800,2,0.925,97177.78247070313,48800,2,0.925,98503.09350585938,48800,2,0.925,107807.98223876953,48800,2,0.925,97465.90466308594,48800,2,0.925,104779.54483032227,48800,2,0.925,167671.47290039063,48800,2,0.46875,169554.44931030273,48800,2,0.46875,166950.4627532959,48800,2,0.46875,366454.9829406738,48800,2,0.46875,160093.20487976074,48800,2,0.46875,158836.30795288086,48800,2,0.46875,154256.08479309082,48800,2,0.46875,100536.71842956543,48800,2,0.925,102350.42350769043,48800,2,0.925,12572317.272079468,5387,400,4371,2904,3306,2503,2507,400,5397,5394,400,3236,400,400,400,400,400,2889,400,400,400,400,400,4867,400,2493,2522,400,3254,400,400,400,15.000000953674316,0,0,0,0,0,0,0,0,0,0,0,0,0,0,0,0,0,0,0,0,0,0,0,0,0,0,0,0,0,0,0,20475,15905,8578,43,0,20475,13200,11796,45,0,66718994432,8589930496,32787750912,524288
200,1791346887887,968511.4290008545,48800,2,1.16875,98041.99758911133,48800,2,1.06875,97177.7825012207,48800,2,1.06875,98503.09355163574,48800,2,1.06875,107807.9822845459,48800,2,1.06875,97465.9047088623,48800,2,1.06875,104779.54486083984,48800,2,1.06875,167671.47450256348,48800,2,1.16875,169554.4503479004,48800,2,1.16875,166950.46333312988,48800,2,1.16875,366454.98359680176,48800,2,1.16875,160093.20556640625,48800,2,1.16875,158836.30946350098,3050,2,1.05625,154256.08535766602,3050,2,1.05625,100536.71849060059,48800,2,1.06875,102350.42353820801,48800,2,1.06875,12572326.71105957,5387,400,4371,2904,3306,2503,2507,400,5397,5394,400,3236,400,400,400,400,400,2889,400,400,400,400,400,4867,400,2493,2522,400,3254,400,400,400,10.526315689086914,0,0,0,0,0,0,0,0,0,0,0,0,0,0,0,0,0,0,0,0,0,0,0,0,0,0,0,0,0,0,0,20475,15905,8578,43,0,20475,13200,11806,45,0,66718994432,8589930496,32787746816,524288
200,1791346888087,968511.4986572266,48800,2,1.13125,98041.99765014648,48800,2,1.11875,97177.78254699707,48800,2,1.11875,98503.09362792969,48800,2,1.11875,107807.98233032227,48800,2,1.11875,97465.90475463867,48800,2,0.93125,104779.54490661621,48800,2,0.93125,167671.4761505127,48800,2,1.13125,169554.4510192871,48800,2,1.13125,166950.46395874023,48800,2,1.13125,366454.9842681885,48800,2,1.13125,160093.20640563965,48800,2,1.13125,158836.31005859375,48800,2,1.13125,154256.0859527588,48800,2,1.13125,100536.71852111816,48800,2,1.11875,102350.42356872559,48800,2,1.11875,12572336.15536499,5387,400,4371,2904,3306,2503,2507,400,5397,5394,400,3236,400,400,400,400,400,2889,400,400,400,400,400,4867,400,2493,2522,400,3254,400,400,400,14.285715103149414,0,0,0,0,0,0,0,0,0,0,0,0,0,0,0,0,0,0,0,0,0,0,0,0,0,0,0,0,0,0,0,20475,15905,8578,43,0,20475,13200,11806,45,0,66718994432,8589930496,32787746816,524288
200,1791346888287,968511.5665130615,48800,2,1.16875,98041.99766540527,48800,2,0.975,97177.78254699707,48800,2,0.975,98503.09364318848,48800,2,0.975,107807.98233032227,48800,2,0.975,97465.90476989746,48800,2,0.975,104779.54490661621,48800,2,0.975,167671.47709655762,48800,2,1.16875,169554.45193481445,48800,2,1.16875,166950.46453857422,48800,2,1.16875,366454.984954834,48800,2,1.16875,160093.20727539063,48800,2,1.16875,158836.31063842773,48800,2,1.16875,154256.08653259277,48800,2,1.16875,100536.71852111816,48800,2,0.975,102350.42356872559,48800,2,0.975,12572345.482070923,5387,400,4371,2904,3306,2503,2507,400,5397,5394,400,3236,400,400,400,400,400,2889,400,400,400,400,400,4867,400,2493,2522,400,3254,400,400,400,15.000000953674316,0,0,0,0,0,0,0,0,0,0,0,0,0,0,0,0,0,0,0,0,0,0,0,0,0,0,0,0,0,0,0,20475,15905,8578,43,0,20475,13200,11806,45,0,66718994432,8589930496,32787746816,524288
200,1791346888488,968511.6271362305,48800,2,1.16875,98041.99771118164,48800,2,1.05625,97177.78276062012,48800,2,1.05625,98503.09368896484,48800,2,1.05625,107807.98237609863,48800,2,1.05625,97465.90480041504,48800,2,1.05625,104779.54493713379,48800,2,1.05625,167671.49249267578,48800,2,1.16875,169554.45390319824,48800,2,1.16875,166950.46514892578,48800,2,1.16875,366454.98571777344,3050,2,1.05,160093.2080078125,3050,2,1.05,158836.3112640381,3050,2,1.05,154256.08715820313,3050,2,1.05,100536.71855163574,48800,2,1.05625,102350.42359924316,48800,2,1.05625,12572355.103683472,5387,400,4371,2904,3306,2503,2507,400,5397,5394,400,3236,400,400,400,400,400,2889,400,400,400,400,400,4867,400,2493,2522,400,3254,400,400,400,10,0,0,0,0,0,0,0,0,0,0,0,0,0,0,0,0,0,0,0,0,0,0,0,0,0,0,0,0,0,0,0,20475,15905,8578,43,0,20475,13200,11806,45,0,66718994432,8589930496,32775335936,524288
200,1791346888688,968511.6282958984,48800,2,1.11875,98041.99775695801,48800,2,1.125,97177.7827911377,48800,2,1.125,98503.09375,48800,2,1.125,107807.98240661621,48800,2,1.125,97465.9048461914,48800,2,1.125,104779.54496765137,48800,2,0.93125,167671.4931793213,48800,2,1.11875,169554.46032714844,48800,2,1.11875,166950.46574401855,48800,2,1.11875,366455.0522766113,48800,2,1.11875,160093.20903015137,48800,2,1.11875,158836.31233215332,48800,2,1.11875,154256.0877532959,48800,2,1.11875,100536.71859741211,48800,2,1.125,102350.42364501953,48800,2,1.125,12572364.553283691,5387,400,4371,2904,3306,2503,2507,400,5397,5394,400,3236,400,400,400,400,400,2889,400,400,400,400,400,4867,400,2493,2522,400,3254,400,400,400,0,0,0,0,0,0,0,0,0,0,0,0,0,0,0,0,0,0,0,0,0,0,0,0,0,0,10,0,0,0,0,0,20475,15905,8568,43,0,20475,13200,11806,45,0,66718994432,8589930496,32789766144,524288
200,1791346888888,968511.6292877197,48800,2,1.16875,98041.9977722168,48800,2,0.96875,97177.78280639648,48800,2,0.96875,98503.09379577637,48800,2,0.96875,107807.98243713379,48800,2,0.96875,97465.9048614502,48800,2,0.96875,104779.54498291016,48800,2,0.96875,167671.49369812012,48800,2,1.16875,169554.46112060547,48800,2,1.16875,166950.4662475586,48800,2,1.16875,366455.1170806885,48800,2,1.16875,160093.2098083496,48800,2,1.16875,158836.31286621094,48800,2,1.16875,154256.08825683594,48800,2,1.16875,100536.7186126709,48800,2,0.96875,102350.42366027832,48800,2,0.96875,12572373.908554077,5387,400,4371,2904,3306,2503,2507,400,5397,5394,400,3236,400,400,400,400,400,2889,400,400,400,400,400,4867,400,2493,2522,400,3254,400,400,400,0,0,0,0,0,0,0,0,0,0,0,0,0,0,0,0,0,0,0,0,0,0,0,0,0,0,19.047618865966797,0,0,0,0,0,20475,15905,8568,43,0,20475,13200,11810,45,0,66718994432,8589930496,32789766144,524288
200,1791346889089,968511.6306152344,48800,2,1.16875,98041.9977722168,48800,2,1.05,97177.78280639648,48800,2,1.05,98503.09382629395,48800,2,1.05,107807.98243713379,48800,2,1.05,97465.9048614502,48800,2,1.05,104779.54498291016,48800,2,1.05,167671.49430847168,48800,2,1.16875,169554.46173095703,48800,2,1.16875,166950.4668121338,48800,2,1.16875,366455.1820678711,48800,2,1.16875,160093.21047973633,48800,2,1.16875,158836.3134613037,48800,2,1.16875,154256.08883666992,3050,2,1.0375,100536.7186126709,48800,2,1.05,102350.42366027832,48800,2,1.05,12572383.392456055,5387,400,4371,2904,3306,2503,2507,400,5397,5394,400,3236,400,400,400,400,400,2889,400,400,400,400,400,4867,400,2493,2522,400,3254,400,400,400,0,0,0,0,0,0,0,0,0,0,0,0,0,0,0,0,0,0,0,0,0,0,0,0,0,0,10.526315689086914,0,0,0,0,0,20475,15905,8568,43,0,20475,13200,11810,45,0,66718994432,8589930496,32789766144,524288
200,1791346889289,968511.6318664551,3050,2,1.13125,98041.99778747559,48800,2,1.1125,97177.78282165527,48800,2,1.1125,98503.09387207031,48800,2,1.1125,107807.98246765137,48800,2,0.93125,97465.90490722656,48800,2,0.93125,104779.54501342773,48800,2,0.93125,167671.49488830566,3050,2,1.13125,169554.4623260498,3050,2,1.13125,166950.46737670898,3050,2,1.13125,366455.249420166,3050,0,1.13125,160093.21139526367,3050,2,1.13125,158836.31405639648,3050,2,1.13125,154256.08938598633,3050,2,1.13125,100536.71862792969,48800,2,1.1125,102350.42367553711,48800,2,1.1125,12572392.792404175,5387,400,4371,2904,3306,2503,2507,400,5397,5394,400,3236,400,400,400,400,400,2889,400,400,400,400,400,4867,400,2493,2522,400,3254,400,400,400,0,0,0,0,0,0,0,0,0,0,0,0,0,0,0,0,0,0,0,0,0,0,0,0,0,0,14.285715103149414,0,0,0,0,0,20475,15905,8568,43,0,20475,13200,11810,45,0,66718994432,8589930496,32789180416,524288
200,1791346889489,968511.6329498291,48800,2,1.16875,98041.99778747559,48800,2,0.95625,97177.78283691406,48800,2,0.95625,98503.09390258789,48800,2,0.95625,107807.98248291016,48800,2,0.95625,97465.90490722656,48800,2,0.95625,104779.54501342773,48800,2,0.95625,167671.49562072754,48800,2,1.16875,169554.46307373047,48800,2,1.16875,166950.4693145752,48800,2,1.16875,366455.3215484619,48800,2,1.16875,160093.21266174316,48800,2,1.16875,158836.31477355957,48800,2,1.16875,154256.09007263184,48800,2,1.16875,100536.71862792969,48800,2,1.16875,102350.42367553711,48800,2,0.95625,12572402.384094238,5387,400,4371,2904,3306,2503,2507,400,5397,5394,400,3236,400,400,400,400,400,2889,400,400,400,400,400,4867,400,2493,2522,400,3254,400,400,400,0,0,0,0,0,0,0,0,0,0,0,0,0,0,0,0,0,0,0,0,0,0,0,0,0,0,10.526315689086914,0,0,0,0,0,20475,15905,8568,43,0,20475,13200,11810,45,0,66718994432,8589930496,32790441984,524288
200,1791346889690,968511.6343078613,48800,2,1.16875,98041.99780273438,48800,2,1.0375,97177.78283691406,48800,2,1.0375,98503.09391784668,48800,2,1.0375,107807.98248291016,48800,2,1.0375,97465.90490722656,48800,2,1.0375,104779.54501342773,48800,2,1.0375,167671.49618530273,48800,2,1.16875,169554.46365356445,48800,2,1.16875,166950.4698638916,48800,2,1.16875,366455.3871459961,48800,2,1.16875,160093.21327209473,48800,2,1.16875,158836.31535339355,48800,2,1.16875,154256.09060668945,48800,2,1.16875,100536.71862792969,48800,2,1.0375,102350.42367553711,48800,2,1.0375,12572411.744857788,5387,400,4371,2904,3306,2503,2507,400,5397,5394,400,3236,400,400,400,400,400,2889,400,400,400,400,400,4867,400,2493,2522,400,3254,400,400,400,4.761904716491699,0,0,0,0,0,0,0,0,0,0,0,0,0,0,0,0,0,0,0,0,0,0,0,0,0,14.285715103149414,0,0,0,0,0,20475,15905,8554,43,0,20475,13200,11810,45,0,66718994432,8589930496,32790437888,524288
200,1791346889890,968511.6359558105,3050,2,1.10625,98041.99797058105,48800,2,1.1125,97177.78298950195,48800,2,1.1125,98503.09423828125,48800,2,1.1125,107807.98265075684,48800,2,1.1125,97465.90507507324,48800,2,0.93125,104779.54518127441,48800,2,0.93125,167671.49786376953,3050,2,1.10625,169554.46446228027,3050,2,1.10625,166950.4709625244,3050,2,1.10625,366455.4557800293,3050,0,1.10625,160093.21488952637,3050,2,1.10625,158836.31605529785,3050,2,1.10625,154256.09127807617,3050,2,1.10625,100536.71876525879,48800,2,1.1125,102350.423828125,48800,2,1.1125,12572421.387893677,5387,400,4371,2904,3306,2503,2507,400,5397,5394,400,3236,400,400,400,400,400,2889,400,400,400,400,400,4867,400,2493,2522,400,3254,400,400,400,0,0,0,0,0,0,0,0,0,0,0,0,0,0,0,0,0,0,0,0,0,0,0,0,0,0,10.526315689086914,0,0,0,0,0,20475,15905,8554,43,0,20475,13200,11788,45,0,66718994432,8589930496,32790437888,524288
200,1791346890090,968511.6374664307,48800,2,1.1375,98041.99797058105,48800,2,0.93125,97177.78298950195,48800,2,0.93125,98503.09425354004,48800,2,0.93125,107807.98265075684,48800,2,0.93125,97465.90507507324,48800,2,0.93125,104779.54518127441,48800,2,0.93125,167671.49848937988,48800,2,1.1375,169554.46508789063,48800,2,1.1375,166950.4715576172,48800,2,1.1375,366455.5255279541,48800,2,1.1375,160093.21589660645,48800,2,1.1375,158836.3166809082,48800,2,1.1375,154256.09188842773,48800,2,1.1375,100536.71876525879,48800,2,1.1375,102350.423828125,48800,2,1.1375,12572430.740966797,5387,400,4371,2904,3306,2503,2507,400,5397,5394,400,3236,400,400,400,400,400,2889,400,400,400,400,400,4867,400,2493,2522,400,3254,400,400,400,0,0,0,0,0,0,0,0,0,0,0,0,0,0,0,0,0,0,0,0,0,0,0,0,0,0,14.285715103149414,0,0,0,0,0,20475,15905,8554,43,0,20475,13200,11788,45,0,66718994432,8589930496,32790437888,524288
200,1791346890291,968511.6393432617,48800,2,1.16875,98041.99797058105,48800,2,1.01875,97177.78298950195,48800,2,1.01875,98503.09428405762,48800,2,1.01875,107807.98265075684,48800,2,1.01875,97465.90509033203,48800,2,1.01875,104779.54518127441,48800,2,1.01875,167671.49913024902,48800,2,1.16875,169554.46572875977,48800,2,1.16875,166950.47216796875,48800,2,1.16875,366455.5924682617,48800,2,1.16875,160093.21675109863,48800,2,1.16875,158836.31730651855,48800,2,1.16875,154256.0924987793,48800,2,1.16875,100536.71878051758,48800,2,1.01875,102350.423828125,48800,2,1.01875,12572440.134735107,5387,400,4371,2904,3306,2503,2507,400,5397,5394,400,3236,400,400,400,400,400,2889,400,400,400,400,400,4867,400,2493,2522,400,3254,400,400,400,0,0,0,0,0,0,0,0,0,0,0,0,0,0,0,0,0,0,0,0,0,0,0,0,0,0,10.526315689086914,0,0,0,0,0,20475,15905,8554,43,0,20475,13200,11788,45,0,66718994432,8589930496,32790437888,524288
200,1791346890491,968511.6407318115,48800,2,1.16875,98041.99800109863,48800,2,1.09375,97177.78300476074,48800,2,1.09375,98503.0943145752,48800,2,1.09375,107807.9826965332,48800,2,1.09375,97465.90512084961,48800,2,1.09375,104779.54521179199,48800,2,0.93125,167671.4997406006,3050,2,1.1,169554.4663696289,3050,2,1.1,166950.47274780273,3050,2,1.1,366455.6586608887,3050,0,1.1,160093.21766662598,3050,2,1.1,158836.3179473877,3050,2,1.1,154256.09310913086,3050,2,1.1,100536.71879577637,48800,2,1.09375,102350.42384338379,48800,2,1.09375,12572449.61114502,5387,400,4371,2904,3306,2503,2507,400,5397,5394,400,3236,400,400,400,400,400,2889,400,400,400,400,400,4867,400,2493,2522,400,3254,400,400,400,0,0,0,0,0,0,0,0,0,0,0,0,0,0,0,0,0,0,0,0,0,0,0,0,0,0,14.285715103149414,0,0,0,0,0,20475,15905,8554,43,0,20475,13200,11788,45,0,66718994432,8589930496,32790437888,524288
200,1791346890691,968511.6425170898,48800,2,1.13125,98041.99801635742,48800,2,1.1375,97177.78300476074,48800,2,0.93125,98503.09432983398,48800,2,0.93125,107807.9826965332,48800,2,0.93125,97465.90512084961,48800,2,0.93125,104779.54521179199,48800,2,0.93125,167671.50036621094,48800,2,1.13125,169554.46701049805,48800,2,1.13125,166950.4733428955,48800,2,1.13125,366455.7310028076,48800,2,1.13125,160093.21867370605,48800,2,1.13125,158836.31857299805,48800,2,1.13125,154256.09371948242,48800,2,1.13125,100536.71879577637,48800,2,1.1375,102350.42387390137,48800,2,1.1375,12572459.038757324,5387,400,4371,2904,3306,2503,2507,400,5397,5394,400,3236,400,400,400,400,400,2889,400,400,400,400,400,4867,400,2493,2522,400,3254,400,400,400,0,0,0,0,0,0,0,0,0,0,0,0,0,0,0,0,0,0,0,0,0,0,0,0,0,0,10.526315689086914,0,0,0,0,0,20475,15905,8505,43,0,20475,13200,11788,45,0,66718994432,8589930496,32790433792,524288
200,1791346890892,968511.6438903809,48800,2,1.16875,98041.99803161621,48800,2,1.025,97177.78300476074,48800,2,1.025,98503.09434509277,48800,2,1.025,107807.98271179199,48800,2,1.025,97465.9051361084,48800,2,1.025,104779.54521179199,48800,2,1.025,167671.5009613037,48800,2,1.16875,169554.46760559082,48800,2,1.16875,166950.4739074707,48800,2,1.16875,366455.79734802246,48800,2,1.16875,160093.2194519043,48800,2,1.16875,158836.3191833496,48800,2,1.16875,154256.0942993164,48800,2,1.16875,100536.71879577637,48800,2,1.025,102350.42387390137,48800,2,1.025,12572468.449691772,5387,400,4371,2904,3306,2503,2507,400,5397,5394,400,3236,400,400,400,400,400,2889,400,400,400,400,400,4867,400,2493,2522,400,3254,400,400,400,0,0,0,0,0,0,0,0,0,0,0,0,0,0,0,0,0,0,0,0,0,0,0,0,0,0,15.000000953674316,0,0,0,0,0,20475,15905,8505,43,0,20475,13200,11787,45,0,66718994432,8589930496,32790433792,524288
200,1791346891092,968511.6452789307,48800,2,1.16875,98041.99810791016,48800,2,1.09375,97177.78305053711,48800,2,1.09375,98503.09440612793,48800,2,1.09375,107807.98277282715,48800,2,1.09375,97465.90519714355,48800,2,1.09375,104779.54527282715,48800,2,1.09375,167671.50158691406,48800,2,1.16875,169554.46824645996,3050,2,1.09375,166950.47450256348,3050,2,1.09375,366455.8656921387,3050,0,1.09375,160093.22039794922,3050,2,1.09375,158836.31980895996,3050,2,1.09375,154256.09489440918,3050,2,1.09375,100536.71884155273,48800,2,1.09375,102350.42391967773,48800,2,1.09375,12572477.995544434,5387,400,4371,2904,3306,2503,2507,400,5397,5394,400,3236,400,400,400,400,400,2889,400,400,400,400,400,4867,400,2493,2522,400,3254,400,400,400,0,0,0,0,0,0,0,0,0,0,0,0,0,0,0,0,0,0,0,0,0,0,0,0,0,0,10,0,0,0,0,0,20475,15905,8505,43,0,20475,13200,11787,45,0,66718994432,8589930496,32790433792,524288
200,1791346891292,968511.6463317871,48800,2,1.1375,98041.99815368652,48800,2,0.93125,97177.78308105469,48800,2,0.93125,98503.09446716309,48800,2,0.93125,107807.98280334473,48800,2,0.93125,97465.90522766113,48800,2,0.93125,104779.54530334473,48800,2,0.93125,167671.502243042,48800,2,1.1375,169554.46891784668,48800,2,1.1375,166950.47514343262,48800,2,1.1375,366455.9350891113,48800,2,1.1375,160093.22132873535,48800,2,1.1375,158836.32048034668,48800,2,1.1375,154256.09553527832,48800,2,1.1375,100536.71887207031,48800,2,1.13125,102350.42395019531,48800,2,1.13125,12572487.44255066,5387,400,4371,2904,3306,2503,2507,400,5397,5394,400,3236,400,400,400,400,400,2889,400,400,400,400,400,4867,400,2493,2522,400,3254,400,400,400,0,0,0,0,0,0,0,0,0,0,0,0,0,0,0,0,0,0,0,0,0,0,0,0,0,0,15.000000953674316,0,0,0,0,0,20475,15905,8505,43,0,20475,13200,11787,45,0,66718994432,8589930496,32789151744,524288
200,1791346891493,968511.6476593018,48800,2,1.16875,98041.99819946289,48800,2,1.01875,97177.78312683105,48800,2,1.01875,98503.09451293945,48800,2,1.01875,107807.9828491211,48800,2,1.01875,97465.90525817871,48800,2,1.01875,104779.5453338623,48800,2,1.01875,167671.50289916992,48800,2,1.16875,169554.4695892334,48800,2,1.16875,166950.47576904297,48800,2,1.16875,366456.0008544922,48800,2,1.16875,160093.22218322754,48800,2,1.16875,158836.3211364746,48800,2,1.16875,154256.09616088867,48800,2,1.16875,100536.71891784668,48800,2,1.01875,102350.42398071289,48800,2,1.01875,12572496.952102661,5387,400,4371,2904,3306,2503,2507,400,5397,5394,400,3236,400,400,400,400,400,2889,400,400,400,400,400,4867,400,2493,2522,400,3254,400,400,400,0,0,0,0,0,0,0,0,0,0,0,0,0,0,0,0,0,0,0,0,0,0,0,0,0,0,10,0,0,0,0,0,20475,15905,8505,43,0,20475,13200,11787,45,0,66718994432,8589930496,32790413312,524288
200,1791346891693,968511.6489105225,48800,2,1.16875,98041.99822998047,48800,2,1.1,97177.78314208984,48800,2,1.1,98503.09455871582,48800,2,1.1,107807.98287963867,48800,2,1.1,97465.90528869629,48800,2,1.1,104779.54536437988,48800,2,0.925,167671.50355529785,3050,2,1.10625,169554.47021484375,3050,2,1.10625,166950.47634887695,3050,2,1.10625,366456.0687561035,3050,0,1.10625,160093.22309875488,3050,2,1.10625,158836.32176208496,3050,2,1.10625,154256.09674072266,3050,2,1.10625,100536.71894836426,48800,2,1.1,102350.42399597168,48800,2,1.1,12572506.363677979,5387,400,4371,2904,3306,2503,2507,400,5397,5394,400,3236,400,400,400,400,400,2889,400,400,400,400,400,4867,400,2493,2522,400,3254,400,400,400,0,0,0,0,0,0,0,0,0,0,0,0,0,0,0,0,0,0,0,0,0,0,0,0,0,0,15.000000953674316,0,0,0,0,0,20475,15905,8469,43,0,20475,13200,11760,45,0,66718994432,8589930496,32788856832,524288
200,1791346891893,968511.6497344971,48800,2,1.1375,98041.99824523926,48800,2,1.13125,97177.78315734863,48800,2,0.93125,98503.09457397461,48800,2,0.93125,107807.98289489746,48800,2,0.93125,97465.90528869629,48800,2,0.93125,104779.54536437988,48800,2,0.93125,167671.5041656494,48800,2,1.1375,169554.4708557129,48800,2,1.1375,166950.47695922852,48800,2,1.1375,366456.140914917,48800,2,1.1375,160093.22415161133,48800,2,1.1375,158836.3224029541,48800,2,1.1375,154256.09735107422,48800,2,1.1375,100536.71894836426,48800,2,1.13125,102350.42399597168,48800,2,1.13125,12572515.864883423,5387,400,4371,2904,3306,2503,2507,400,5397,5394,400,3236,400,400,400,400,400,2889,400,400,400,400,400,4867,400,2493,2522,400,3254,400,400,400,0,0,0,0,0,0,0,0,0,0,0,0,0,0,0,0,0,0,0,0,0,0,0,0,0,0,14.285715103149414,0,0,0,0,0,20475,15905,8469,43,0,20475,13200,11760,45,0,66718994432,8589930496,32788856832,524288
200,1791346892094,968511.650894165,48800,2,1.16875,98041.99826049805,48800,2,1.16875,97177.78315734863,48800,2,1.16875,98503.09460449219,16133.333333333334,2,1.0375,107807.98289489746,16133.333333333334,2,1.0375,97465.90528869629,16133.333333333334,2,1.0375,104779.54536437988,16133.333333333334,2,1.0375,167671.50479125977,48800,2,1.16875,169554.47151184082,48800,2,1.16875,166950.4775543213,48800,2,1.16875,366456.20779418945,48800,2,1.16875,160093.22499084473,48800,2,1.16875,158836.32304382324,48800,2,1.16875,154256.097946167,48800,2,1.16875,100536.71894836426,48800,2,1.16875,102350.42399597168,48800,2,1.16875,12572525.234710693,5387,400,4371,2904,3306,2503,2507,400,5397,5394,400,3236,400,400,400,400,400,2889,400,400,400,400,400,4867,400,2493,2522,400,3254,400,400,400,0,0,0,0,0,0,0,0,0,0,0,0,0,0,0,0,0,0,0,0,0,0,0,0,0,0,10.526315689086914,0,0,0,0,0,20475,15905,8469,43,0,20475,13200,11760,45,0,66718994432,8589930496,32788856832,524288
200,1791346892294,968511.6523284912,3050,2,1.1,98041.9983215332,48800,2,1.11875,97177.783203125,48800,2,1.11875,98503.09468078613,48800,2,1.11875,107807.98294067383,48800,2,1.11875,97465.90536499023,48800,2,0.93125,104779.54539489746,48800,2,0.93125,167671.50541687012,3050,2,1.1,169554.47215270996,3050,2,1.1,166950.47816467285,3050,2,1.1,366456.27516174316,3050,0,1.1,160093.2260131836,3050,2,1.1,158836.3236694336,3050,2,1.1,154256.09855651855,3050,2,1.1,100536.71899414063,48800,2,1.11875,102350.42404174805,48800,2,1.11875,12572534.658126831,5387,400,4371,2904,3306,2503,2507,400,5397,5394,400,3236,400,400,400,400,400,2889,400,400,400,400,400,4867,400,2493,2522,400,3254,400,400,400,0,0,0,0,0,0,0,0,0,0,0,0,0,0,0,0,0,0,0,0,0,0,0,0,0,0,15.000000953674316,0,0,0,0,0,20475,15905,8469,43,0,20475,13200,11760,45,0,66718994432,8589930496,32788856832,524288
200,1791346892494,968511.6532287598,48800,2,1.16875,98041.99835205078,48800,2,1.16875,97177.78321838379,48800,2,0.94375,98503.09474182129,48800,2,0.94375,107807.9829711914,48800,2,0.94375,97465.90539550781,48800,2,0.94375,104779.54541015625,48800,2,0.94375,167671.50602722168,48800,2,1.16875,169554.4727783203,48800,2,1.16875,166950.4787750244,48800,2,1.16875,366456.34356689453,48800,2,1.16875,160093.22717285156,48800,2,1.16875,158836.32429504395,48800,2,1.16875,154256.09916687012,48800,2,1.16875,100536.7190246582,48800,2,1.16875,102350.42405700684,48800,2,1.16875,12572544.14076233,5387,400,4371,2904,3306,2503,2507,400,5397,5394,400,3236,400,400,400,400,400,2889,400,400,400,400,400,4867,400,2493,2522,400,3254,400,400,400,0,0,0,0,0,0,0,0,0,0,0,0,0,0,0,0,0,0,0,0,0,0,0,0,0,0,10,0,0,0,0,0,20475,15905,8469,43,0,20475,13200,11760,45,0,66718994432,8589930496,32788852736,524288
200,1791346892695,968511.6546173096,48800,2,1.16875,98041.99835205078,48800,2,1.0375,97177.78321838379,48800,2,1.0375,98503.09477233887,48800,2,1.0375,107807.9829711914,48800,2,1.0375,97465.90539550781,48800,2,1.0375,104779.54541015625,48800,2,1.0375,167671.5066833496,48800,2,1.16875,169554.4734802246,48800,2,1.16875,166950.47943115234,48800,2,1.16875,366456.41429138184,48800,2,1.16875,160093.2280883789,48800,2,1.16875,158836.3275756836,48800,2,1.16875,154256.09985351563,48800,2,1.16875,100536.7190246582,48800,2,1.0375,102350.42407226563,48800,2,1.0375,12572553.63645935,5387,400,4371,2904,3306,2503,2507,400,5397,5394,400,3236,400,400,400,400,400,2889,400,400,400,400,400,4867,400,2493,2522,400,3254,400,400,400,0,0,0,0,0,0,0,0,0,0,0,0,0,0,0,0,0,0,0,0,0,0,0,0,0,0,19.047618865966797,0,4.761904716491699,0,0,0,20475,15905,8468,43,0,20475,13200,11767,45,0,66718994432,8589930496,32788852736,524288
200,1791346892895,968511.6558837891,3050,2,1.10625,98041.99838256836,48800,2,1.1,97177.78323364258,48800,2,1.1,98503.09481811523,48800,2,1.1,107807.98301696777,48800,2,1.1,97465.90542602539,48800,2,1.1,104779.54544067383,48800,2,0.93125,167671.5072631836,3050,2,1.10625,169554.47407531738,3050,2,1.10625,166950.48001098633,3050,2,1.10625,366456.4797973633,3050,0,1.10625,160093.22904968262,3050,2,1.10625,158836.32817077637,3050,2,1.10625,154256.1004333496,3050,2,1.10625,100536.71903991699,48800,2,1.1,102350.42408752441,48800,2,1.1,12572563.107437134,5387,400,4371,2904,3306,2503,2507,400,5397,5394,400,3236,400,400,400,400,400,2889,400,400,400,400,400,4867,400,2493,2522,400,3254,400,400,400,0,0,0,0,0,0,0,0,0,0,0,0,0,0,0,0,0,0,0,0,0,0,0,0,0,0,10,0,0,0,0,0,20475,15905,8468,43,0,20475,13200,11767,45,0,66718994432,8589930496,32788852736,524288
200,1791346893095,968511.6567077637,48800,2,1.1375,98041.99839782715,48800,2,0.93125,97177.78323364258,48800,2,0.93125,98503.09483337402,48800,2,0.93125,107807.98301696777,48800,2,0.93125,97465.90542602539,48800,2,0.93125,104779.54544067383,48800,2,0.93125,167671.5078277588,48800,2,1.1375,169554.47465515137,48800,2,1.1375,166950.48057556152,48800,2,1.1375,366456.5492858887,48800,2,1.1375,160093.2302093506,48800,2,1.1375,158836.32873535156,48800,2,1.1375,154256.1010131836,48800,2,1.1375,100536.71903991699,48800,2,1.1375,102350.42408752441,48800,2,1.1375,12572572.418869019,5387,400,4371,2904,3306,2503,2507,400,5397,5394,400,3236,400,400,400,400,400,2889,400,400,400,400,400,4867,400,2493,2522,400,3254,400,400,400,0,0,0,0,0,0,0,0,0,0,0,0,0,4.761904716491699,0,0,0,0,0,0,0,0,0,0,0,0,15.000000953674316,0,0,0,0,0,20475,15905,8468,43,0,20475,13200,11767,45,0,66718994432,8589930496,32788852736,524288
200,1791346893296,968511.6580200195,48800,2,1.16875,98041.99842834473,48800,2,1.03125,97177.78324890137,48800,2,1.03125,98503.09487915039,48800,2,1.03125,107807.98303222656,48800,2,1.03125,97465.90544128418,48800,2,1.03125,104779.54545593262,48800,2,1.03125,167671.50843811035,48800,2,1.16875,169554.47528076172,48800,2,1.16875,166950.4811859131,48800,2,1.16875,366456.615814209,48800,2,1.16875,160093.23109436035,48800,2,1.16875,158836.3293609619,48800,2,1.16875,154256.10162353516,48800,2,1.16875,100536.71905517578,48800,2,1.03125,102350.4241027832,48800,2,1.03125,12572581.884185791,5387,400,4371,2904,3306,2503,2507,400,5397,5394,400,3236,400,400,400,400,400,2889,400,400,400,400,400,4867,400,2493,2522,400,3254,400,400,400,0,0,0,0,0,0,0,0,0,0,0,0,0,0,0,0,0,0,0,0,0,0,0,0,0,0,10,0,0,0,0,0,20475,15905,8468,43,0,20475,13200,11767,45,0,66718994432,8589930496,32788852736,524288
199,1791346893496,968511.6590881348,3050,2,1.11875,98041.9984741211,48800,2,1.1125,97177.78327941895,48800,2,1.1125,98503.09495544434,48800,2,1.1125,107807.98309326172,48800,2,1.1125,97465.90550231934,48800,2,0.93125,104779.54550170898,48800,2,0.93125,167671.50909423828,3050,2,1.11875,169554.47596740723,3050,2,1.11875,166950.4832611084,3050,2,1.11875,366456.6868133545,3050,0,1.11875,160093.23197937012,3050,2,1.11875,158836.33004760742,3050,2,1.11875,154256.1022796631,3050,2,1.11875,100536.71908569336,48800,2,1.1125,102350.42413330078,48800,2,1.1125,12572591.449539185,5387,400,4371,2904,3306,2503,2507,400,5397,5394,400,3236,400,400,400,400,400,2889,400,400,400,400,400,4867,400,2493,2522,400,3254,400,400,400,0,0,0,0,0,0,0,0,0,0,0,0,0,0,0,0,0,0,0,0,0,0,0,0,0,0,15.000000953674316,0,0,0,0,0,20475,15905,8468,43,0,20475,13200,11767,45,0,66718994432,8589930496,32780591104,524288
200,1791346893696,968511.6601257324,3050,2,0.4312499999999999,98041.99853515625,16133.333333333334,2,0.4125000000000001,97177.78332519531,16133.333333333334,2,0.4125000000000001,98503.09501647949,16133.333333333334,0,0.4125000000000001,107807.98313903809,16133.333333333334,0,0.4125000000000001,97465.9055480957,16133.333333333334,2,0.4125000000000001,104779.54554748535,16133.333333333334,0,0.4125000000000001,167671.50971984863,3050,2,0.4312499999999999,169554.47662353516,3050,2,0.4312499999999999,166950.48388671875,3050,2,0.4312499999999999,366456.75886535645,3050,0,0.4312499999999999,160093.23309326172,3050,2,0.4312499999999999,158836.33071899414,3050,2,0.4312499999999999,154256.10290527344,3050,2,0.4312499999999999,100536.71910095215,16133.333333333334,2,0.4125000000000001,102350.42417907715,16133.333333333334,2,0.4125000000000001,12572600.99269104,5387,400,4371,2904,3306,2503,2507,400,5397,5394,400,3236,400,400,400,400,400,2889,400,400,400,400,400,4867,400,2493,2522,400,3254,400,400,400,0,0,0,0,0,0,0,0,0,0,0,0,0,0,0,0,0,0,0,0,0,0,0,0,0,0,10.526315689086914,0,0,0,0,0,20475,15905,8484,42,0,20475,13200,11785,45,0,66718994432,8589930496,32788590592,524288
200,1791346893896,968511.6624298096,48800,2,1.16875,98041.99868774414,48800,2,0.9812500000000001,97177.78346252441,48800,2,0.9812500000000001,98503.09518432617,48800,2,0.9812500000000001,107807.98329162598,48800,2,0.9812500000000001,97465.9056854248,48800,2,0.9812500000000001,104779.54582214355,48800,2,0.9812500000000001,167671.51034545898,48800,2,1.16875,169554.47729492188,48800,2,1.16875,166950.4845123291,48800,2,1.16875,366456.825592041,48800,2,1.16875,160093.23429870605,48800,2,1.16875,158836.33135986328,48800,2,1.16875,154256.1035308838,48800,2,1.16875,100536.71925354004,48800,2,0.9812500000000001,102350.42431640625,48800,2,0.9812500000000001,12572610.494781494,5387,400,4371,2904,3306,2503,2507,400,5397,5394,400,3236,400,400,400,400,400,2889,400,400,400,400,400,4867,400,2493,2522,400,3254,400,400,400,0,0,0,0,0,0,0,0,0,0,0,0,0,0,0,0,0,0,0,0,0,0,0,0,0,0,14.285715103149414,0,0,0,0,0,20475,15905,8484,42,0,20475,13200,11785,44,0,66718994432,8589930496,32788590592,524288
200,1791346894097,968511.6636199951,48800,2,1.16875,98041.99871826172,48800,2,1.0625,97177.78346252441,48800,2,1.0625,98503.09519958496,48800,2,1.0625,107807.98329162598,48800,2,1.0625,97465.9056854248,48800,2,1.0625,104779.54582214355,48800,2,1.0625,167671.51104736328,48800,2,1.16875,169554.47790527344,48800,2,1.16875,166950.48510742188,48800,2,1.16875,366456.89239501953,48800,2,1.16875,160093.23518371582,48800,2,1.16875,158836.33197021484,48800,2,1.16875,154256.10412597656,3050,2,1.05625,100536.71925354004,48800,2,1.0625,102350.42431640625,48800,2,1.0625,12572620.00364685,5387,400,4371,2904,3306,2503,2507,400,5397,5394,400,3236,400,400,400,400,400,2889,400,400,400,400,400,4867,400,2493,2522,400,3254,400,400,400,0,0,0,0,0,0,0,0,0,0,0,0,0,0,0,0,0,0,0,0,0,0,0,0,0,0,15.000000953674316,0,0,0,0,0,20475,15905,8484,42,0,20475,13200,11785,44,0,66718994432,8589930496,32788033536,524288
200,1791346894297,968511.6643829346,48800,2,1.13125,98041.99879455566,48800,2,1.125,97177.78350830078,48800,2,1.125,98503.0952758789,48800,2,1.125,107807.98333740234,48800,2,1.125,97465.90573120117,48800,2,1.125,104779.54586791992,48800,2,0.93125,167671.51161193848,48800,2,1.13125,169554.478515625,48800,2,1.13125,166950.48567199707,48800,2,1.13125,366456.96002197266,48800,2,1.13125,160093.23597717285,48800,2,1.13125,158836.33256530762,48800,2,1.13125,154256.10469055176,48800,2,1.13125,100536.71928405762,48800,2,1.125,102350.42434692383,48800,2,1.125,12572629.456542969,5387,400,4371,2904,3306,2503,2507,400,5397,5394,400,3236,400,400,400,400,400,2889,400,400,400,400,400,4867,400,2493,2522,400,3254,400,400,400,0,0,0,0,0,0,0,0,0,0,0,0,0,0,0,0,0,0,0,0,0,0,0,0,0,0,10,0,0,0,0,0,20475,15905,8484,42,0,20475,13200,11785,44,0,66718994432,8589930496,32788029440,524288
200,1791346894497,968511.6660766602,48800,2,1.16875,98041.99882507324,48800,2,0.96875,97177.78350830078,48800,2,0.96875,98503.0952911377,48800,2,0.96875,107807.98333740234,48800,2,0.96875,97465.90574645996,48800,2,0.96875,104779.54586791992,48800,2,0.96875,167671.51217651367,48800,2,1.16875,169554.47911071777,48800,2,1.16875,166950.48625183105,48800,2,1.16875,366457.0280609131,48800,2,1.16875,160093.23666381836,48800,2,1.16875,158836.33317565918,48800,2,1.16875,154256.10527038574,48800,2,1.16875,100536.71928405762,48800,2,1.16875,102350.42434692383,48800,2,0.96875,12572638.957595825,5387,400,4371,2904,3306,2503,2507,400,5397,5394,400,3236,400,400,400,400,400,2889,400,400,400,400,400,4867,400,2493,2522,400,3254,400,400,400,0,0,0,0,0,0,0,0,0,0,0,0,0,0,0,0,0,0,0,0,0,0,0,0,0,0,15.000000953674316,0,0,0,0,0,20475,15905,8484,42,0,20475,13200,11785,44,0,66718994432,8589930496,32788029440,524288
200,1791346894698,968511.6672058105,48800,2,1.16875,98041.99887084961,48800,2,1.0375,97177.78350830078,48800,2,1.0375,98503.09532165527,48800,2,1.0375,107807.98333740234,48800,2,1.0375,97465.90574645996,48800,2,1.0375,104779.54586791992,48800,2,1.0375,167671.51275634766,48800,2,1.16875,169554.47972106934,48800,2,1.16875,166950.48683166504,48800,2,1.16875,366457.0958099365,48800,2,1.16875,160093.23750305176,48800,2,1.16875,158836.33377075195,48800,2,1.16875,154256.10585021973,48800,2,1.16875,100536.7192993164,48800,2,1.0375,102350.42436218262,48800,2,1.0375,12572648.407211304,5387,400,4371,2904,3306,2503,2507,400,5397,5394,400,3236,400,400,400,400,400,2889,400,400,400,400,400,4867,400,2493,2522,400,3254,400,400,400,0,0,0,0,0,0,0,0,0,0,0,0,0,0,0,0,0,0,0,0,0,0,0,0,0,0,14.285715103149414,0,0,0,0,0,20475,15905,8542,42,0,20475,13200,11755,44,0,66718994432,8589930496,32788029440,524288
200,1791346894898,968511.6679229736,3050,2,1.13125,98041.99893188477,48800,2,1.1125,97177.78353881836,48800,2,1.1125,98503.09539794922,48800,2,1.1125,107807.98338317871,48800,2,1.1125,97465.90579223633,48800,2,0.93125,104779.54591369629,48800,2,0.93125,167671.51332092285,3050,2,1.13125,169554.4803161621,3050,2,1.13125,166950.48739624023,3050,2,1.13125,366457.1643371582,3050,0,1.13125,160093.2384338379,3050,2,1.13125,158836.33436584473,3050,2,1.13125,154256.10641479492,3050,2,1.13125,100536.71932983398,48800,2,1.1125,102350.4243927002,48800,2,1.1125,12572657.837280273,5387,400,4371,2904,3306,2503,2507,400,5397,5394,400,3236,400,400,400,400,400,2889,400,400,400,400,400,4867,400,2493,2522,400,3254,400,400,400,0,0,0,0,0,0,0,0,0,0,0,0,0,0,0,0,0,0,0,0,0,0,0,0,0,0,10.526315689086914,0,0,0,0,0,20475,15905,8542,42,0,20475,13200,11755,44,0,66718994432,8589930496,32788029440,524288
200,1791346895098,968511.669845581,48800,2,1.16875,98041.99896240234,48800,2,0.95625,97177.78353881836,48800,2,0.95625,98503.09541320801,48800,2,0.95625,107807.98338317871,48800,2,0.95625,97465.90579223633,48800,2,0.95625,104779.54591369629,48800,2,0.95625,167671.51391601563,48800,2,1.16875,169554.48095703125,48800,2,1.16875,166950.487991333,48800,2,1.16875,366457.23162841797,48800,2,1.16875,160093.23950195313,48800,2,1.16875,158836.33500671387,48800,2,1.16875,154256.1070098877,48800,2,1.16875,100536.71932983398,48800,2,1.16875,102350.4243927002,48800,2,0.95625,12572667.274353027,5387,400,4371,2904,3306,2503,2507,400,5397,5394,400,3236,400,400,400,400,400,2889,400,400,400,400,400,4867,400,2493,2522,400,3254,400,400,400,0,0,0,0,0,0,0,0,0,0,0,0,0,0,0,0,0,0,0,0,0,0,0,0,0,0,15.000000953674316,0,0,0,0,0,20475,15905,8542,42,0,20475,13200,11755,44,0,66718994432,8589930496,32788029440,524288
200,1791346895299,968511.6709899902,48800,2,1.16875,98041.99900817871,48800,2,1.025,97177.78358459473,48800,2,1.025,98503.09548950195,48800,2,1.025,107807.98341369629,48800,2,1.025,97465.9058227539,48800,2,1.025,104779.54594421387,48800,2,1.025,167671.5145111084,48800,2,1.16875,169554.4815979004,48800,2,1.16875,166950.48858642578,48800,2,1.16875,366457.29904174805,48800,2,1.16875,160093.2403564453,48800,2,1.16875,158836.33563232422,48800,2,1.16875,154256.10760498047,48800,2,1.16875,100536.71936035156,48800,2,1.025,102350.42442321777,48800,2,1.025,12572676.750686646,5387,400,4371,2904,3306,2503,2507,400,5397,5394,400,3236,400,400,400,400,400,2889,400,400,400,400,400,4867,400,2493,2522,400,3254,400,400,400,0,0,0,0,0,0,0,0,4.761904716491699,0,0,0,0,0,0,0,0,0,0,0,0,0,0,0,0,0,10,0,0,0,0,0,20475,15905,8542,42,0,20475,13200,11755,44,0,66718994432,8589930496,32788025344,524288
200,1791346895499,968511.6730194092,3050,2,1.1125,98042.00122070313,48800,2,1.11875,97177.78370666504,48800,2,1.11875,98503.09561157227,48800,2,1.11875,107807.98352050781,48800,2,1.11875,97465.90594482422,48800,2,1.11875,104779.54605102539,48800,2,0.93125,167671.51667785645,3050,2,1.1125,169554.48316955566,3050,2,1.1125,166950.49069213867,3050,2,1.1125,366457.3686828613,3050,0,1.1125,160093.2442626953,3050,2,1.1125,158836.33784484863,3050,2,1.1125,154256.10903930664,3050,2,1.1125,100536.72052001953,48800,2,1.11875,102350.42451477051,48800,2,1.11875,12572686.625869751,5387,400,4371,2904,3306,2503,2507,400,5397,5394,400,3236,400,400,400,400,400,2889,400,400,400,400,400,4867,400,2493,2522,400,3254,400,400,400,0,0,0,0,0,0,0,0,0,0,0,0,0,0,0,0,0,0,0,0,0,0,0,0,0,0,15.000000953674316,0,0,0,0,0,20475,15905,8542,42,0,20475,13200,11755,44,0,66718994432,8589930496,32788025344,524288
200,1791346895699,968511.67527771,48800,2,1.16875,98042.0012512207,48800,2,0.95625,97177.78370666504,48800,2,0.95625,98503.09564208984,48800,2,0.95625,107807.98352050781,48800,2,0.95625,97465.90594482422,48800,2,0.95625,104779.54605102539,48800,2,0.95625,167671.517288208,48800,2,1.16875,169554.4838104248,48800,2,1.16875,166950.49130249023,48800,2,1.16875,366457.43740844727,48800,2,1.16875,160093.24528503418,48800,2,1.16875,158836.33850097656,48800,2,1.16875,154256.1096496582,48800,2,1.16875,100536.72052001953,48800,2,1.16875,102350.42451477051,48800,2,1.16875,12572696.113876343,5387,400,4371,2904,3306,2503,2507,400,5397,5394,400,3236,400,400,400,400,400,2889,400,400,400,400,400,4867,400,2493,2522,400,3254,400,400,400,0,0,0,0,0,0,0,0,0,0,0,0,0,0,0,0,0,0,0,0,0,0,0,0,0,0,10,0,0,0,0,0,20475,15905,8562,42,0,20475,13200,11756,44,0,66718994432,8589930496,32788025344,524288
36,1791346895900,968511.6766662598,48800,2,1.16875,98042.00131225586,48800,2,1.03125,97177.7837524414,48800,2,1.03125,98503.09729003906,48800,2,1.03125,107807.98356628418,48800,2,1.03125,97465.90599060059,48800,2,1.03125,104779.54609680176,48800,2,1.03125,167671.51789855957,48800,2,1.16875,169554.4844970703,48800,2,1.16875,166950.4919128418,48800,2,1.16875,366457.5044250488,48800,2,1.16875,160093.24620056152,48800,2,1.16875,158836.33917236328,48800,2,1.16875,154256.11026000977,48800,2,1.16875,100536.72058105469,48800,2,1.03125,102350.42456054688,48800,2,1.03125,12572705.782485962,5387,400,4371,2904,3306,2503,2507,400,5397,5394,400,3236,400,400,400,400,400,2889,400,400,400,400,400,4867,400,2493,2522,400,3254,400,400,400,0,0,0,0,0,0,0,0,0,0,0,0,0,0,0,0,0,0,0,0,0,0,0,0,0,0,15.000000953674316,0,0,0,0,0,20475,15905,8562,42,0,20475,13200,11756,44,0,66718994432,8589930496,32788025344,524288
